seed,load,qos_regime,algorithm,arrived_tasks,completed_tasks,mean_latency_ms,p95_latency_ms,dmr_pct,throughput_tasks_s,energy_j,monetary_cost,run_cost_index,fairness,rejection_rate_pct,network_failure_rate_pct,mean_packet_loss_pct,mean_jitter_ms,p95_jitter_ms,retransmission_bytes,retransmission_overhead_pct,retransmission_energy_j,sla_success_pct,local_pct,fog_pct,cloud_pct,decision_median_us,decision_p95_us,decision_p99_us,cpu_s,cpu_utilization_pct,wall_s,peak_memory_kib,simulator_throughput_tasks_s,policy_seed
10000,low,clean,DT-KF-CostAware,453,452,228.52521000634897,475.81925589746265,0.0,5.022222222222222,99.46669498114082,3.961468080330412,0.26593872186514284,0.5862266499174169,0.0,0.0,0.0756170362487291,2.356499740187919,4.793975504573975,2920.0000000000105,0.06227315351036135,0.00043463533691052156,100.0,0.0,99.33774834437087,0.6622516556291391,196.6,329.58999999999986,646.4260000000008,0.296875,101.4408270590924,0.29265830002259463,nan,1896.4095669152432,
10000,low,clean,DT-OPT,453,452,237.1274195369639,480.4431995771608,0.44150110375275936,5.022222222222222,81.74883966893069,3.324914986804289,0.24200792180597538,0.35357479093980176,0.0,0.0,0.07755510676884757,2.536642398188289,4.904338733030243,5.17559328727657e-11,1.1037688879649601e-15,0.0,99.55849889624724,0.0,100.0,0.0,201.4,392.16,618.9540000000007,0.296875,96.8925834633116,0.3063959999708459,nan,1811.3813497983303,
10000,low,clean,SemiGreedy,453,452,166.4604254975852,272.736554140711,0.0,5.022222222222222,247.47374008696832,8.823023714805924,0.2622981267097764,0.19258882840671582,0.0,0.0,0.06572912109697698,2.6929993315356353,5.279496374197207,1.4210854715202004e-13,3.030666908195937e-18,0.0,100.0,0.0,57.17439293598234,42.82560706401766,205.9,392.8699999999989,734.4000000000015,0.3125,100.97524312897905,0.30948180000996217,nan,1793.320317970668,
10000,low,clean,Fog-only,453,452,218.4309103587481,430.0058902323996,0.0,5.022222222222222,113.52634089037764,4.06565084932115,0.24013156868916422,0.31673074538013146,0.0,0.0,0.06978967753833554,2.3256933472910446,4.626422295456702,1460.0000000000075,0.031136576755180723,0.00020211515534722215,100.0,0.0,100.0,0.0,20.6,37.15999999999999,53.72000000000007,0.171875,101.72110633811937,0.16896689997520298,nan,3284.666997390909,
10000,low,clean,DRL-OO,453,452,239.51906203833326,528.3898225304512,0.44150110375275936,5.022222222222222,83.64183017923477,3.41129666248691,0.2382673242763203,0.3641626739676021,0.0,0.0,0.0746279648793806,2.314086830950405,4.450528555522685,1.503508428868372e-11,3.2064455888713014e-16,0.0,99.55849889624724,0.0,100.0,0.0,258.2,460.25999999999993,712.0520000000004,0.34375,100.84670158153189,0.34086389996809885,nan,1628.215836443642,501
10001,low,clean,DT-KF-CostAware,441,440,212.2279651894791,433.0916282213053,0.45351473922902497,4.888888888888889,94.13652276535609,3.891563587794067,0.26286692065104916,0.5735880616205148,0.0,0.0,0.0775639777238421,2.2587549581277,4.497152000721619,2920.0000000000628,0.11856880950012538,0.00085429036456128,99.54648526077098,0.0,99.77324263038548,0.22675736961451248,199.7,346.05999999999995,512.2159999999998,0.28125,97.45930099309479,0.2885820000083186,nan,1846.9620419313605,
10001,low,clean,DT-OPT,441,440,210.47519532507087,432.47775401953703,0.45351473922902497,4.888888888888889,92.75835518286372,3.71424542746627,0.23735786109871954,0.383506069538208,0.0,0.0,0.07740420369864567,2.2422004130558544,4.2864469395991245,1460.0000000000687,0.059284404750064204,0.00023032037394084688,99.54648526077098,0.0,100.0,0.0,201.7,379.0599999999999,565.9639999999986,0.28125,96.67579629735417,0.2909208000055514,nan,1832.113757386303,
10001,low,clean,SemiGreedy,441,441,162.16043093513744,248.19556398186648,0.0,4.9,216.0873680965979,7.967799618386432,0.25847166177000097,0.2650180742688137,0.0,0.0,0.07053555050348136,2.4299236893177305,4.610459600496287,1460.000000000002,0.0592844047500615,0.000654872182929763,100.0,0.0,57.59637188208617,42.40362811791383,206.0,363.4,667.7879999999988,0.296875,102.16347393498913,0.290588200034108,nan,1834.210748879131,
10001,low,clean,Fog-only,441,440,203.61198904722661,430.97308252112043,0.0,4.888888888888889,94.962411890288,3.7828926120929642,0.23306172026133795,0.34242698664251753,0.0,0.0,0.07776588630358348,2.349564666112804,4.421271857897829,1460.0000000000693,0.05928440475006423,0.00023032037394084688,100.0,0.0,100.0,0.0,20.8,37.14,57.52399999999991,0.171875,104.43395428171813,0.1645777000230737,nan,3238.591862234517,
10001,low,clean,DRL-OO,441,440,219.88686278702724,477.20529984784935,0.45351473922902497,4.888888888888889,79.32169601937474,4.068261522402839,0.23597792094289505,0.33370104798676226,0.0,0.0,0.08216549901548283,2.23858152096742,4.301183704551808,2920.000000000001,0.11856880950012288,0.0008246130200509845,99.54648526077098,0.0,100.0,0.0,264.0,558.96,827.515999999999,0.34375,99.25166412340252,0.3463417999446392,nan,1538.9421666261394,502
10002,low,clean,DT-KF-CostAware,467,465,213.61435220007255,472.3450674212315,0.4282655246252677,5.166666666666667,113.75048541626697,4.298963145885787,0.2706068330081223,0.48805138615862287,0.0,0.0,0.0780741033051311,2.4890314817051156,4.667916448438577,8760.000000000002,0.07211786034211694,0.0008674606490059559,99.57173447537473,0.0,99.14346895074947,0.8565310492505354,209.8,407.6749999999998,747.7359999999948,0.34375,102.92510914518314,0.33398070000112057,nan,1706.6854461892185,
10002,low,clean,DT-OPT,467,466,219.93948236541823,512.675387494235,0.21413276231263384,5.177777777777778,97.91658415399974,3.769545766015511,0.24853203030779059,0.37003629963700363,0.0,0.0,0.07602449579249193,2.3303444966719513,4.34538467257827,7300.000000000015,0.06009821695176422,0.0006605946982876657,99.78586723768737,0.0,99.57173447537473,0.4282655246252677,203.25,381.055,545.8299999999992,0.3125,97.57480552842864,0.32026710000354797,nan,1779.7644528385383,
10002,low,clean,SemiGreedy,467,466,167.22140731828418,278.64555949249024,0.0,5.177777777777778,238.5208329421668,8.704033032309361,0.2706673713196738,0.22030305431657118,0.0,0.0,0.07551182423930033,2.9534473864566504,5.743639682743725,7300.0,0.0600982169517641,0.0006605946982876657,100.0,0.0,59.95717344753747,40.04282655246253,208.8,382.58999999999986,555.2719999999962,0.3125,99.39668596893326,0.3143968000076711,nan,1812.9955520733427,
10002,low,clean,Fog-only,467,465,213.99569953496078,469.0438650144611,0.0,5.166666666666667,107.65753672679514,4.028860763285343,0.25046929384172995,0.3437861712817512,0.0,0.0,0.0790891505643661,2.6006931742159534,5.1162924816484905,14600.000000000015,0.12019643390352831,0.0021137626112930187,100.0,0.0,100.0,0.0,21.3,36.86499999999999,53.416999999999966,0.171875,96.92928038769574,0.17732000001706183,nan,3214.5274077664917,
10002,low,clean,DRL-OO,467,466,222.5994524719925,546.9720487362906,0.21413276231263384,5.177777777777778,95.08506294976345,3.7579081704034025,0.24671508208063347,0.37345619050262274,0.0,0.0,0.0769597661544643,2.522126031962369,4.921366453999803,10220.000000000062,0.08413750373247025,0.001475438785879933,99.78586723768737,0.0,99.57173447537473,0.4282655246252677,258.55,463.37999999999994,769.9199999999998,0.359375,103.54393243151144,0.34707490005530417,nan,1642.2968065658858,503
10003,low,clean,DT-KF-CostAware,439,438,217.8042910775213,430.6082314985243,0.0,4.866666666666666,94.58051305269403,3.7398448686589325,0.2776287769328443,0.8700975031893566,0.0,0.0,0.07637225993568833,2.3172439028061302,4.516200026418869,2920.0000000000036,0.06807164680699691,0.00041974578962994163,100.0,0.0,99.77220956719817,0.22779043280182232,210.3,365.69499999999994,587.9789999999996,0.296875,96.96400989954591,0.30617029999848455,nan,1789.853555366776,
10003,low,clean,DT-OPT,439,438,216.62621344083604,431.0960361630773,0.0,4.866666666666666,78.3962981889041,3.569433669475497,0.24764759634805003,0.35448941579943233,0.0,0.0,0.08310252226392152,2.329815999947056,4.777655922596296,2919.999999999886,0.06807164680699418,0.0007761605209174514,100.0,0.0,100.0,0.0,205.1,387.8849999999999,573.1109999999998,0.28125,93.03801111133602,0.3022958000074141,nan,1812.7939587204314,
10003,low,clean,SemiGreedy,439,438,166.67462228876698,272.08509200382645,0.0,4.866666666666666,219.18365151280992,7.91462439679749,0.27082298494116636,0.2912069479648129,0.0,0.0,0.07136813408516034,2.666289427176903,5.447436189887166,1460.0000000000007,0.03403582340349843,8.33522962376376e-05,100.0,0.0,57.1753986332574,42.8246013667426,199.7,379.0899999999999,604.8869999999989,0.296875,100.28141286723148,0.2960419000010006,nan,1851.0893221471276,
10003,low,clean,Fog-only,439,438,210.51503374837537,423.28214324573514,0.0,4.866666666666666,100.59598345934923,3.56091704542561,0.25718918373966987,0.38367572237688397,0.0,0.0,0.07653903673553897,2.2569044275498413,4.65470430474126,5839.9999999998845,0.13614329361399097,0.0008579025922693511,100.0,0.0,100.0,0.0,21.3,39.289999999999985,58.1,0.171875,98.30883072828284,0.17483169998740777,nan,3134.4430102748506,
10003,low,clean,DRL-OO,439,438,220.41792040896422,471.3653156192811,0.22779043280182232,4.866666666666666,75.8625945582879,3.590799505115148,0.2484452733331563,0.3312955901856764,0.0,0.0,0.08386365970737587,2.4629988472267104,5.0150425015142535,5840.000000000059,0.13614329361399505,0.0016800833364829135,99.77220956719817,0.0,100.0,0.0,258.05,455.4449999999999,596.2569999999995,0.3125,92.94504018526875,0.3362201999989338,nan,1629.8842246888728,504
10004,low,clean,DT-KF-CostAware,460,455,201.43979584183836,431.0103092652659,0.0,5.055555555555555,110.62483344625774,3.5780759047611865,0.25930960873650816,0.7499272325066946,0.0,0.0,0.08051859647670517,2.1120153446064434,4.155228334775514,4380.000000000017,0.17170417174494237,0.0010541427998958881,100.0,0.0,99.78260869565217,0.21739130434782608,207.05,408.9749999999997,657.0440000000016,0.3125,101.74433749652279,0.30714239994995296,nan,1758.142151939914,
10004,low,clean,DT-OPT,460,454,200.2703259137035,466.85043280784834,0.43478260869565216,5.044444444444444,97.92112306335285,3.4642421992497,0.2312715470634877,0.3199684558257371,0.0,0.0,0.08261637019289343,2.050518823228654,3.8475932211953596,4380.000000000002,0.17170417174494176,0.0014287581793816307,99.56521739130434,0.0,100.0,0.0,213.4,384.40999999999974,580.094,0.3125,97.84714367161794,0.31937569996807724,nan,1690.798642645558,
10004,low,clean,SemiGreedy,460,457,159.64070208220306,263.11121028343115,0.0,5.0777777777777775,219.86620702467326,7.941382672336114,0.25186726517552477,0.20125383828045035,0.0,0.0,0.0730931366375923,2.2292154779170645,4.333746331793863,1460.0000000000018,0.05723472391498063,8.277524781204297e-05,100.0,0.0,62.82608695652174,37.17391304347826,209.5,419.9749999999997,679.4550000000002,0.3125,102.32414981947868,0.3054019999690354,nan,1768.1613088805916,
10004,low,clean,Fog-only,460,456,195.02318339521935,414.842426552647,0.0,5.066666666666666,104.33796904431851,3.6999380403020625,0.23073168126261914,0.30434884428936093,0.0,0.0,0.08207581585842146,2.0498644289431045,4.069468402117629,5840.000000000002,0.22893889565992234,0.001593384914944844,100.0,0.0,100.0,0.0,21.9,39.50999999999999,57.393000000000015,0.171875,97.85212105071524,0.17564769997261465,nan,3074.3357304661076,
10004,low,clean,DRL-OO,460,454,206.40761294312304,468.49811920574894,0.21739130434782608,5.044444444444444,92.46371323849914,3.5536194067562374,0.23152889360108855,0.32572060682680154,0.0,0.0,0.08241965999860278,2.071950921675644,3.860693444011351,4380.000000000049,0.1717041717449436,0.0014287581793816307,99.78260869565217,0.0,100.0,0.0,266.5,522.9049999999996,794.7100000000004,0.3125,89.69693630169833,0.34839539998210967,nan,1549.963059293347,505
10005,low,clean,DT-KF-CostAware,427,426,222.7235269678161,541.4167029285409,0.0,4.733333333333333,118.06313596810728,3.938929390664589,0.27382275542009454,0.5703263793716055,0.0,0.0,0.08631854983806261,2.430369218116538,4.6395858150249225,5840.000000000035,0.07017296795486574,0.0014695497022686695,100.0,0.0,99.53161592505855,0.468384074941452,202.05,365.94499999999994,677.1569999999956,0.296875,101.03383777285298,0.2938372000353411,nan,1810.5263728895254,
10005,low,clean,DT-OPT,427,426,229.3465731809467,603.700227407804,0.702576112412178,4.733333333333333,109.52249939863064,3.730088262009137,0.2491403060460267,0.3529541652988166,0.0,0.0,0.087857756619381,2.4823044137082317,4.984085210738828,2920.000000000045,0.0350864839774332,0.00030760481143947643,99.29742388758783,0.0,99.76580796252928,0.234192037470726,203.95,367.28499999999997,586.6009999999957,0.28125,95.78511439762865,0.29362599999876693,nan,1811.828652783589,
10005,low,clean,SemiGreedy,427,426,172.06221623676063,316.83861463338513,0.0,4.733333333333333,237.70435762681043,8.31138183462081,0.2641697958626971,0.21668584969532836,0.0,0.0,0.08130897940428872,2.576216804412736,5.258488922415817,4380.000000000001,0.05262972596614901,0.0002449127088996704,100.0,0.0,59.4847775175644,40.5152224824356,210.9,387.6549999999999,552.3679999999996,0.296875,98.95381445030341,0.3000136999762617,nan,1773.2523549494372,
10005,low,clean,Fog-only,427,426,219.10652413571592,568.484101439796,0.0,4.733333333333333,119.77160661787246,3.6406344201668612,0.24626720771507313,0.33997512139559977,0.0,0.0,0.08880126982946694,2.437638538518072,4.7552958543898125,7299.999999999661,0.08771620994357758,0.00100143805212442,100.0,0.0,100.0,0.0,21.7,34.745,58.51099999999989,0.15625,93.52635977499946,0.1670651999884285,nan,3184.3854976191815,
10005,low,clean,DRL-OO,427,426,243.6752959832361,702.9381322784245,0.0,4.733333333333333,88.53277865907114,3.926942771907134,0.2538483468545435,0.3509902522048584,0.0,0.0,0.08990820245443981,2.431049138896833,4.788139324269254,8759.999999999623,0.10525945193229347,0.0011519800595809185,100.0,0.0,100.0,0.0,262.75,464.045,698.1779999999997,0.328125,100.33173301850782,0.327040100004524,nan,1626.7118313400736,501
10006,low,clean,DT-KF-CostAware,433,432,222.12424803191692,461.4781273012488,0.0,4.8,123.23318079261793,4.0828081446905475,0.27786228645462224,0.4846551288263425,0.0,0.0,0.06962931234392172,2.1581608442598217,3.952406762659973,7.361222742474638e-12,8.795437577969939e-17,0.0,100.0,0.0,99.30715935334872,0.6928406466512702,213.7,372.25,579.4449999999998,0.296875,97.06945874568544,0.3058376999688335,nan,1752.5635330589437,
10006,low,clean,DT-OPT,433,432,230.992565565977,484.2869825325618,0.0,4.8,108.8819082984719,3.7194601727939536,0.24891184119358167,0.38768862593897496,0.0,0.0,0.07094294394375456,2.3011294618536255,4.433436274078278,4380.0000000000055,0.05233371946378256,0.0010497424800300957,100.0,0.0,100.0,0.0,200.4,361.25,548.8499999999998,0.28125,96.40284564353418,0.29174449999118224,nan,1837.224009419887,
10006,low,clean,SemiGreedy,433,432,168.59276011764902,296.37402212558567,0.0,4.8,255.16871666438223,8.523361816384021,0.2796933584172934,0.19902800925350117,0.0,0.0,0.06630548349829792,2.2150550954014383,4.584227077126285,1460.0000000000007,0.017444573154594172,7.921131202794207e-05,100.0,0.0,58.429561200923786,41.570438799076214,219.1,427.025,698.865,0.3125,95.4358164346401,0.32744520000414923,nan,1636.915123486947,
10006,low,clean,Fog-only,433,432,218.9634159871292,455.3269957346558,0.0,4.8,131.79508363319505,3.6976428242311203,0.26114366489641655,0.32097746223066126,0.0,0.0,0.07036219891258458,2.1583482412861645,4.037545093033265,5840.000000000002,0.06977829261837669,0.0007014798044509663,100.0,0.0,100.0,0.0,25.0,52.075,91.69499999999995,0.203125,89.81493149096174,0.2261595000163652,nan,2370.008776819963,
10006,low,clean,DRL-OO,433,432,249.807038570613,600.9857115447312,0.0,4.8,85.43610343875395,3.8566756113657537,0.2495707230365532,0.38959217074718594,0.0,0.0,0.06946608131881346,2.1303190346862877,4.104799716636212,10220.0,0.12211201208215916,0.0022733634076710814,100.0,0.0,100.0,0.0,312.55,724.675,1008.9799999999998,0.4375,98.5451803196403,0.4439587999950163,nan,1207.3192377446217,502
10007,low,clean,DT-KF-CostAware,457,457,227.08094234965398,508.6291305924334,0.0,5.0777777777777775,113.48847403439191,4.645642810001111,0.27175803367508256,0.7468536291017758,0.0,0.0,0.07126323975576575,2.369242911507839,4.5803970672749195,8.782308213994838e-12,2.4851259070220986e-16,0.0,100.0,0.0,99.78118161925602,0.2188183807439825,243.1,464.32000000000033,734.4000000000017,0.359375,93.8169445176581,0.3830597999622114,nan,1485.4077615456686,
10007,low,clean,DT-OPT,457,457,237.4592728750817,533.7328358151402,0.437636761487965,5.0777777777777775,90.3418070010854,4.288989868879768,0.24740750933937128,0.40684658780993344,0.0,0.0,0.07184079620378488,2.506292321608531,4.643190216429127,1460.000000000005,0.04131355602471923,0.0005605103728324054,99.56236323851203,0.0,100.0,0.0,232.4,448.18,647.0280000000016,0.359375,97.99128433611307,0.36674179998226464,nan,1551.5002653843014,
10007,low,clean,SemiGreedy,457,457,171.84694539490775,277.4893179791291,0.0,5.0777777777777775,250.0004798596272,9.385305071036125,0.2705990863047844,0.2670299615624692,0.0,0.0,0.06150930540132865,2.3983228344693632,4.4664360996166925,2920.000000000006,0.08262711204943834,0.000745409551899906,100.0,0.0,55.798687089715536,44.201312910284464,232.2,423.32000000000056,773.2240000000003,0.359375,99.21845535932046,0.3622058000182733,nan,1570.930117550006,
10007,low,clean,Fog-only,457,457,219.83944787936454,509.82280884699657,0.0,5.0777777777777775,114.92260376919525,4.911806015591208,0.24653767680209207,0.35828072462773625,0.0,0.0,0.06982095085849796,2.2570699070299702,4.453657559701167,4380.000000000002,0.12394066807415732,0.0013795315827865584,100.0,0.0,100.0,0.0,24.5,42.860000000000014,82.32400000000091,0.1875,89.66263894432915,0.20911719999276102,nan,2720.9622164972416,
10007,low,clean,DRL-OO,457,457,243.1564177629123,613.2422048423819,0.2188183807439825,5.0777777777777775,86.42502219107372,4.428869554933964,0.24910528458076872,0.3672832341479199,0.0,0.0,0.07096555602515489,2.3373715110917512,4.510357187559098,4380.00000000001,0.12394066807415755,0.0013416652185407915,99.78118161925602,0.0,100.0,0.0,300.1,572.4000000000001,863.5320000000054,0.40625,97.0658980024385,0.4185301000252366,nan,1359.5199006372309,503
10008,low,clean,DT-KF-CostAware,447,446,208.37814625669026,455.6566191967832,0.22371364653243847,4.955555555555556,99.95440386989308,4.126219976310789,0.26571670362654476,0.563099520383693,0.0,0.0,0.07746941704590676,2.1678740487010635,4.066740871626874,1460.0000000000011,0.04027639538399408,0.00022723482807107676,99.77628635346755,0.0,99.10514541387025,0.8948545861297539,233.8,419.63000000000005,725.6870000000011,0.34375,96.54941518259686,0.3560353000066243,nan,1556.025483960979,
10008,low,clean,DT-OPT,447,446,208.84722780088643,491.98608680043776,0.22371364653243847,4.955555555555556,95.20508234655104,3.542142629043916,0.24315547828100137,0.3462250751921577,0.0,0.0,0.07950123180375526,2.076545357525271,3.954381779079804,5839.999999999987,0.16110558153597584,0.001291102330577027,99.77628635346755,0.0,100.0,0.0,225.3,400.08500000000043,630.5980000000006,0.359375,103.99484908841839,0.34557000000495464,nan,1603.148421425636,
10008,low,clean,SemiGreedy,447,446,162.9015765675116,280.2414518701148,0.0,4.955555555555556,221.05711932007205,7.831097495748302,0.264648457595485,0.2153290877958389,0.0,0.0,0.07262717981828393,2.3636499358552308,4.713443521748421,1460.0000000000002,0.04027639538399406,0.00020667337723766677,100.0,0.0,60.85011185682327,39.14988814317673,237.45,494.96000000000004,753.5630000000001,0.390625,103.06352961180964,0.3790138000040315,nan,1461.6882023665291,
10008,low,clean,Fog-only,447,446,204.6290548216974,473.8163089931226,0.0,4.955555555555556,96.70785691741786,3.6083245938059507,0.24245545282842834,0.3301883034101774,0.0,0.0,0.0795322112886284,2.149670940785744,4.0381269203616,5839.999999999986,0.16110558153597582,0.0013325038169477968,100.0,0.0,100.0,0.0,26.0,52.30500000000001,89.4920000000001,0.234375,100.379762069312,0.2334883000003174,nan,2372.7098959530176,
10008,low,clean,DRL-OO,447,446,220.8292430503806,550.8880626526661,0.6711409395973155,4.955555555555556,83.76797099119335,3.965932009187687,0.24087163745697987,0.36546093244752775,0.0,0.0,0.08013507737636509,2.1615936194452186,3.9796532689173656,7299.999999999986,0.20138197691996987,0.0010291785361961636,99.32885906040268,0.0,100.0,0.0,311.5,677.735,1047.554000000002,0.453125,100.67064142901262,0.4501064000069164,nan,1230.8200905196798,504
10009,low,clean,DT-KF-CostAware,442,442,212.42627253140975,430.59367559867883,0.0,4.911111111111111,107.66608697994558,3.8484908711457133,0.2806374495258427,0.648051561993298,0.0,0.0,0.07772468257205073,2.395847395860584,4.473754703251721,2920.0000000000023,0.040919121954117926,0.0006891200871122908,100.0,0.0,99.09502262443439,0.9049773755656109,237.8,416.0200000000001,603.8719999999994,0.359375,99.97788314702683,0.3594545000232756,nan,1527.3143053277977,
10009,low,clean,DT-OPT,442,442,215.63225697000655,430.59367559867883,0.0,4.911111111111111,98.35378575181737,3.267005306534647,0.25530956234238056,0.371163946440295,0.0,0.0,0.07745758922809773,2.2558252670038894,4.333134363830526,2920.000000000002,0.04091912195411792,0.0002718232177757325,100.0,0.0,99.77375565610859,0.22624434389140272,233.5,599.0600000000001,1690.8719999999998,0.40625,88.0843406739443,0.461205700004939,nan,1190.3582284306565,
10009,low,clean,SemiGreedy,442,442,166.31419026886633,259.64883421321866,0.0,4.911111111111111,218.0817590166176,7.715610756033534,0.2760248353505546,0.21450201884253028,0.0,0.0,0.06541139517680271,2.5058327498753754,4.831750175670607,1460.0,0.020459560977058946,8.216493712504547e-05,100.0,0.0,57.69230769230769,42.30769230769231,257.9,496.04,760.8679999999998,0.390625,100.15732872356183,0.3900114000425674,nan,1407.6511608124274,
10009,low,clean,Fog-only,442,442,210.68316043667568,404.24683169099814,0.0,4.911111111111111,107.30381316890436,3.5972763901495575,0.26430877683787807,0.32680057811203594,0.0,0.0,0.07433088647748085,2.387516283341177,4.7599353954683075,2920.0000000000073,0.04091912195411799,0.0004561367540796502,100.0,0.0,100.0,0.0,25.1,45.42,65.07199999999975,0.21875,104.25051385800701,0.20983110001543537,nan,2616.390039224953,
10009,low,clean,DRL-OO,442,442,226.24599648202107,463.0849252993512,0.0,4.911111111111111,90.6642746350074,3.3944360778586384,0.2572111581418278,0.37239996340124437,0.0,0.0,0.07489238681452531,2.2892900934266,4.399864448884735,5840.00000000003,0.08183824390823621,0.0013154086212792682,100.0,0.0,100.0,0.0,294.1,564.66,1020.5999999999997,0.40625,102.19835260271188,0.3975112999905832,nan,1381.092814249571,505
10010,low,clean,DT-KF-CostAware,456,454,214.555228784632,418.63884271611164,0.0,5.044444444444444,115.20212640523965,4.421665278974709,0.26747050299038305,0.66412604292386,0.0,0.0,0.07998556967959344,2.3487841147743085,4.436197294644516,5840.000000000002,0.14051831045018318,0.001102690538153938,100.0,0.0,99.12280701754386,0.8771929824561403,230.4,408.45999999999964,656.3309999999999,0.34375,98.91255180230368,0.34752920002210885,nan,1582.600828836859,
10010,low,clean,DT-OPT,456,454,222.47004642489438,436.9024359701026,0.43859649122807015,5.044444444444444,102.0855345644497,3.906557139693677,0.24213575762308692,0.40809231159121867,0.0,0.0,0.08427539345901285,2.474962191628906,4.889455574714177,2920.000000000061,0.07025915522509303,0.0008242713552266143,99.56140350877193,0.0,100.0,0.0,229.9,490.65999999999985,753.443,0.375,100.57059733046324,0.3728724000393413,nan,1475.035427513461,
10010,low,clean,SemiGreedy,456,455,167.32634027343317,257.19429920587265,0.0,5.055555555555555,245.9929790367546,8.625148582888126,0.27038379890140873,0.21253964381556478,0.0,0.0,0.07372343779532048,2.675553126042464,5.493012431214433,4380.000000000001,0.10538873283763737,0.0002460089048210559,100.0,0.0,58.1140350877193,41.8859649122807,247.7,598.5449999999994,891.9079999999997,0.390625,94.0867175368582,0.4151755000348203,nan,1324.7409829189635,
10010,low,clean,Fog-only,456,455,211.77005033184466,412.68391269105996,0.0,5.055555555555555,123.36956563623063,4.112275900577962,0.24712637054924663,0.3459226162627491,0.0,0.0,0.08056856090785701,2.412571998474863,4.9240698451865965,7300.000000000061,0.17564788806273038,0.001073221597897173,100.0,0.0,100.0,0.0,26.05,52.355,88.42999999999988,0.203125,88.0782868083526,0.23061869997764006,nan,2384.888996656932,
10010,low,clean,DRL-OO,456,454,230.30357025158864,457.3891008216773,0.0,5.044444444444444,87.31388629961371,4.3170117449492995,0.24200356321865232,0.3485268654293599,0.0,0.0,0.07889187075514291,2.310349162937035,4.2165278441733465,5840.000000000009,0.14051831045018334,0.0012185312704332798,100.0,0.0,100.0,0.0,311.0,657.73,1083.975,0.421875,99.0986398796874,0.4257121999980882,nan,1291.9526384314802,501
10011,low,clean,DT-KF-CostAware,455,455,205.86990972331222,409.72894221981943,0.43956043956043955,5.055555555555555,108.56418253960707,3.7105536267976786,0.26862283456498304,0.40739516736368153,0.0,0.0,0.08073503701920129,2.4538190635828285,4.863335819779569,7299.999999999537,0.11127770586222444,0.0005392199185781384,99.56043956043956,0.0,99.12087912087912,0.8791208791208791,230.2,442.17999999999944,786.6390000000002,0.359375,100.97092234210857,0.355919299996458,nan,1550.9133671747875,
10011,low,clean,DT-OPT,455,455,206.7633045851075,437.7577377353564,0.43956043956043955,5.055555555555555,104.77839642275693,3.351779148538464,0.24479627784676627,0.30693216744895285,0.0,0.0,0.08024629935110644,2.4529723125639307,4.901277895109571,7299.999999999536,0.11127770586222444,0.0005392199185781384,99.56043956043956,0.0,99.78021978021978,0.21978021978021978,224.85000000000002,414.245,670.525,0.359375,103.86170461739496,0.34601300000213087,nan,1595.3157829231866,
10011,low,clean,SemiGreedy,455,455,163.60860195980044,263.4201950657209,0.0,5.055555555555555,220.77368202629606,7.577971189829029,0.25986324885204176,0.2040907311556696,0.0,0.0,0.07830852327169596,2.5530137598732128,5.081296662236162,10219.999999999534,0.155788788207117,0.0007085536080079195,100.0,0.0,60.21978021978022,39.78021978021978,230.0,418.1749999999999,690.8850000000001,0.34375,99.3033598569027,0.3461614999687299,nan,1594.6314077384811,
10011,low,clean,Fog-only,455,455,205.13483236771685,402.25971049187905,0.0,5.055555555555555,107.80646628682345,3.3290202365195123,0.24126115655397623,0.30430174856833764,0.0,0.0,0.08054116585266302,2.540134561459983,5.106944190334437,2919.999999999537,0.044511082344885544,0.0007393920216240825,100.0,0.0,100.0,0.0,24.3,42.644999999999996,58.749,0.1875,93.27513627047384,0.20101820002309978,nan,2746.02001180275,
10011,low,clean,DRL-OO,455,455,214.52334919711825,454.5625738325855,0.21978021978021978,5.055555555555555,92.6049983811304,3.6384208263516387,0.2483916580372502,0.3598494371351155,0.0,0.0,0.07839584138618781,2.3396651034049825,4.415500042184386,7299.999999999536,0.11127770586222444,0.0005392199185781384,99.78021978021978,0.0,99.78021978021978,0.21978021978021978,292.75,546.6699999999995,803.7360000000002,0.40625,101.58683004775033,0.39990419999230653,nan,1380.3305892026628,502
10012,low,clean,DT-KF-CostAware,414,413,230.37552592370875,527.6804283040699,0.0,4.588888888888889,115.23077385136995,4.5110003634950235,0.28750268588142214,0.8715462274176408,0.0,0.0,0.08055728591528326,2.3154420642802283,4.695399446028384,8760.00000000007,0.07721083440761635,0.0014043026085225774,100.0,0.0,98.06763285024155,1.932367149758454,230.1,382.73999999999995,608.9039999999987,0.328125,98.5292307183278,0.3330229999846779,nan,1597.4872607131547,
10012,low,clean,DT-OPT,414,413,250.13435863402708,608.5786476293097,0.4830917874396135,4.588888888888889,87.95925385192811,3.6952920705473193,0.257262676743364,0.43436783491647557,0.0,0.0,0.08540690935178048,2.224671337328575,4.328068781680775,10220.000000000016,0.09007930680888517,0.0013788721815693704,99.51690821256038,0.0,99.7584541062802,0.24154589371980675,224.1,457.28000000000003,780.1669999999921,0.3125,92.07340769159869,0.33940310002071783,nan,1567.4576925417762,
10012,low,clean,SemiGreedy,414,413,171.48103136290055,293.1190563378405,0.0,4.588888888888889,243.53840714576887,8.491119258979033,0.28294807306843356,0.20223511495647017,0.0,0.0,0.07184253630308401,2.8684707187509186,5.9882236723748274,5840.000000000001,0.05147388960507717,0.0010078131349672667,100.0,0.0,59.17874396135266,40.82125603864734,238.6,476.61499999999995,789.2279999999987,0.359375,99.20481560806768,0.36225559999002144,nan,1468.5763312276035,
10012,low,clean,Fog-only,414,413,224.1512736614687,543.3468073566365,0.0,4.588888888888889,127.80694224026941,4.109421030084595,0.2734574291895751,0.3240341798507576,0.0,0.0,0.08285368517853815,2.498678035225451,5.098517699156539,10220.000000000038,0.09007930680888537,0.0017107915351655938,100.0,0.0,100.0,0.0,25.4,45.90499999999999,77.71999999999953,0.203125,95.84175362290485,0.21193790005054325,nan,2510.169251809742,
10012,low,clean,DRL-OO,414,413,254.4901306569924,662.9061016377927,0.0,4.588888888888889,85.17677417926946,3.8469873299100596,0.2602801913936365,0.4007501565791721,0.0,0.0,0.07944864386405057,2.3529895682118367,4.784039346089312,11679.999999999536,0.10294777921015023,0.001665095817925573,100.0,0.0,99.51690821256038,0.4830917874396135,308.25,634.7899999999998,956.9219999999915,0.40625,100.12290780432913,0.4057512999861501,nan,1311.1479865083838,503
10013,low,clean,DT-KF-CostAware,488,487,205.55212463129564,406.02850564327383,0.4098360655737705,5.411111111111111,103.70737190095814,4.279267481432304,0.26573885660464786,0.3529998799447746,0.0,0.0,0.07839263407571707,2.694939834675958,5.312362441191343,1460.0000000000018,0.05562027656230125,0.0007388480555923783,99.59016393442623,0.0,99.59016393442623,0.4098360655737705,230.7,454.6599999999998,695.22,0.375,97.9117895829434,0.3829977999557741,nan,1548.311765938278,
10013,low,clean,DT-OPT,488,487,209.5371689437635,415.1338841153684,1.4344262295081966,5.411111111111111,100.30585155380034,4.011490830498751,0.24198277326990086,0.3609966148338468,0.0,0.0,0.07925832499482276,2.6541748319328535,5.322892494100061,9.947598300641403e-13,3.7896449904955624e-17,0.0,98.56557377049181,0.0,100.0,0.0,226.3,422.37999999999994,678.6880000000034,0.375,100.275905811937,0.37396820000139996,nan,1585.696323906097,
10013,low,clean,SemiGreedy,488,487,160.57924723043791,248.11968855359652,0.0,5.411111111111111,227.2387856700371,8.396727462760705,0.26475608987330324,0.19011714391967274,0.0,0.0,0.06683203862996241,2.4897689201892272,5.053014327995544,4.831690603168681e-13,1.840684709669273e-17,0.0,100.0,0.0,58.81147540983606,41.18852459016394,229.9,428.3199999999998,680.0400000000018,0.375,99.96310694770098,0.375138400006108,nan,1580.7499311996448,
10013,low,clean,Fog-only,488,487,202.16813995142317,378.3773671537439,0.0,5.411111111111111,103.46467702364059,4.1643753771814715,0.24434771209426756,0.30220002854201283,0.0,0.0,0.07785531227117838,2.6704308013208373,5.307255193732412,1460.000000000001,0.05562027656230122,0.0007388480555923783,100.0,0.0,100.0,0.0,24.1,43.67999999999999,77.7920000000002,0.21875,102.32721318613464,0.21377500001108274,nan,2773.944567742987,
10013,low,clean,DRL-OO,488,487,215.76451416331685,452.9282346645235,0.819672131147541,5.411111111111111,94.19898878908046,4.338353787921287,0.2494955893185492,0.31802663620077454,0.0,0.0,0.07739204986294211,2.7346814392418204,5.507658426335494,4379.999999999901,0.16686082968689978,0.0012623208232519245,99.18032786885246,0.0,100.0,0.0,291.9,538.9000000000001,887.1760000000027,0.421875,99.14195648142032,0.4255261999787763,nan,1393.568715697357,504
10014,low,clean,DT-KF-CostAware,439,437,223.87407343330963,477.76185935220525,0.0,4.855555555555555,93.70043064772453,4.310960486805172,0.2781022101535219,0.8505851862705593,0.0,0.0,0.07764959847233187,2.5612774530899953,4.993408145659481,5840.000000000018,0.22915997956395323,0.0016735626635789435,100.0,0.0,98.63325740318906,1.366742596810934,229.14999999999998,417.3949999999998,796.6340000000001,0.34375,100.86214763815711,0.3408116999780759,nan,1584.452646533959,
10014,low,clean,DT-OPT,439,437,226.42588227073313,503.7424863803892,0.0,4.855555555555555,81.12707025282221,3.523527503975085,0.2541814334624047,0.41173439467374995,0.0,0.0,0.07632266109396435,2.3392765687142805,4.602170590468144,4380.000000000004,0.17186998467296452,0.0016275210959174012,100.0,0.0,100.0,0.0,225.2,425.1149999999998,601.1400000000002,0.34375,99.35223785729573,0.3459912000107579,nan,1560.733336521882,
10014,low,clean,SemiGreedy,439,438,171.56168058881542,279.38770970817177,0.0,4.866666666666666,218.07068916460577,8.183106536429966,0.2827545531115093,0.21705652452896226,0.0,0.0,0.06457555253707883,2.893510128635866,5.8065252151844025,1460.0000000000005,0.05728999489098815,8.239972893152696e-05,100.0,0.0,55.58086560364465,44.41913439635535,242.75,475.8549999999997,713.0420000000004,0.359375,96.29882903499022,0.3731872999924235,nan,1446.9945788909836,
10014,low,clean,Fog-only,439,437,219.97250118694186,473.1199720160466,0.0,4.855555555555555,85.35038245874841,4.025834678421802,0.2660196399031708,0.34649565267879173,0.0,0.0,0.07379945230504814,2.375155415231161,4.543716223737523,2920.000000000008,0.11457998978197657,0.0009137565386024472,100.0,0.0,100.0,0.0,26.3,53.039999999999964,72.90600000000006,0.21875,93.73277996469047,0.23337619996163994,nan,2313.860625414073,
10014,low,clean,DRL-OO,439,437,227.3930036839944,504.28813886672276,0.0,4.855555555555555,79.43200963960507,3.6392486103840946,0.25852971618282505,0.4279896907216495,0.0,0.0,0.07479419953513732,2.373543650975623,4.559635321621407,4380.000000000003,0.1718699846729645,0.0016540178804956118,100.0,0.0,100.0,0.0,313.8,664.8399999999998,892.557,0.421875,99.90676553316533,0.4222686999710277,nan,1278.8065988245162,505
10015,low,clean,DT-KF-CostAware,450,448,218.28512351542602,476.2338948352392,0.2222222222222222,4.977777777777778,92.40193420856399,3.887664652800514,0.2661368443136673,0.6833226177122377,0.0,0.0,0.08521625791941936,2.488326483940552,4.882761882110065,4379.9999999999945,0.1402335047938726,0.0006022460190687727,99.77777777777777,0.0,99.77777777777777,0.2222222222222222,239.8,498.33999999999986,844.8160000000003,0.375,98.1445446768708,0.3820894999662414,nan,1447.304885501588,
10015,low,clean,DT-OPT,450,448,225.00545165090702,505.1875100320092,0.2222222222222222,4.977777777777778,86.05041871097674,3.138607758763093,0.23465502127195426,0.4003702403370464,0.0,0.0,0.08375817540657594,2.6277342545353037,5.3360606646350295,7299.999999999954,0.23372250798978644,0.0014761147434031363,99.77777777777777,0.0,100.0,0.0,230.9,431.2199999999999,665.4440000000002,0.359375,100.2947374556675,0.35831889999099076,nan,1543.3179774047758,
10015,low,clean,SemiGreedy,450,448,162.9300953518181,255.25474548781906,0.0,4.977777777777778,228.9596915164405,8.272985514253167,0.25939522118971725,0.2004824711659244,0.0,0.0,0.07834361406085429,2.614248447356736,5.336520393541306,1460.0000000000005,0.0467445015979576,8.29858055753788e-05,100.0,0.0,59.111111111111114,40.888888888888886,229.9,442.0999999999999,773.9560000000008,0.34375,97.80228660462359,0.3514743999694474,nan,1573.372057959472,
10015,low,clean,Fog-only,450,448,205.21446119499134,425.94024760547074,0.0,4.977777777777778,103.51468288794266,3.9880585880485055,0.23921251247075556,0.3196575098109169,0.0,0.0,0.08513966500470661,2.64148788456122,5.065099914496669,1460.0000000000077,0.04674450159795784,0.00020804664490902403,100.0,0.0,100.0,0.0,24.2,41.14,56.76000000000003,0.1875,94.14692343204052,0.19915679999394342,nan,2776.706595088982,
10015,low,clean,DRL-OO,450,448,225.02847493768414,532.9029824127568,0.2222222222222222,4.977777777777778,82.80291341205618,3.7776246903095507,0.2415149955986204,0.42598566916833636,0.0,0.0,0.08457541933973065,2.6469058241646533,5.240934952111429,4380.000000000012,0.14023350479387314,0.0006187429293622569,99.77777777777777,0.0,100.0,0.0,293.1,545.8399999999998,854.4280000000002,0.375,95.59313116910073,0.3922875999705866,nan,1409.680040973672,501
10016,low,clean,DT-KF-CostAware,435,435,240.79926549593478,493.3342310476106,0.45977011494252873,4.833333333333333,91.70690893311172,3.742685541309723,0.2867479499909655,0.5735780797785328,0.0,0.0,0.08063188675213828,2.412976450567484,4.853375489250039,7.958078640513122e-12,2.6600230169313646e-16,0.0,99.54022988505747,0.0,98.16091954022988,1.839080459770115,228.9,427.40000000000003,702.95,0.328125,98.41589771208993,0.33340649999445304,nan,1577.6537050379977,
10016,low,clean,DT-OPT,435,435,249.37502912485934,553.2382273846127,0.45977011494252873,4.833333333333333,78.67006137030491,3.0373927393914304,0.258931276576107,0.41830621628791226,0.0,0.0,0.08274686039176167,2.4018999818262867,4.745491122680697,2919.999999999991,0.09760229271796617,0.00039583443539185665,99.54022988505747,0.0,100.0,0.0,220.0,413.3,671.425,0.3125,94.92144452804033,0.32921960001112893,nan,1597.7177542959748,
10016,low,clean,SemiGreedy,435,435,177.15447109830794,281.303395067752,0.0,4.833333333333333,236.6152388613132,8.418177474860755,0.2837966323451026,0.20293310215286808,0.0,0.0,0.071743912012558,2.544769142652076,4.779811453032992,1460.0000000000011,0.04880114635898328,0.0002019310901878376,100.0,0.0,48.735632183908045,51.264367816091955,239.25,564.8,830.275,0.390625,100.78127580208026,0.3875967999920249,nan,1357.080347440492,
10016,low,clean,Fog-only,435,435,245.8693624058685,545.5047188253999,0.0,4.833333333333333,82.72062209120658,2.9762574020443573,0.26414766812501705,0.3697245017584994,0.0,0.0,0.08446074909764062,2.414914235847022,4.733530965060275,1460.0000000000057,0.04880114635898343,0.00018830671151356558,100.0,0.0,100.0,0.0,26.1,53.475,84.9,0.21875,98.83999127450943,0.22131729999091476,nan,2376.6781901893464,
10016,low,clean,DRL-OO,435,435,259.9697438211123,619.8358632211805,0.45977011494252873,4.833333333333333,65.15232511436638,3.3283388372753233,0.2581927144023375,0.43793162503934385,0.0,0.0,0.07897994526850795,2.269997129212654,4.195433714931261,2920.0000000000173,0.09760229271796705,0.0003590515715594119,99.54022988505747,0.0,100.0,0.0,310.0,649.225,897.125,0.40625,99.36406995058505,0.40885000000707805,nan,1286.5354041601904,502
10017,low,clean,DT-KF-CostAware,418,418,223.0281893677467,449.4623705519135,0.4784688995215311,4.644444444444445,99.5749731163053,4.424436907270471,0.28053242532588313,0.7516840923443969,0.0,0.0,0.07841372489502053,2.496977261101997,4.954501784082029,4380.0,0.0622177561805457,0.0008609884885030127,99.52153110047847,0.0,99.04306220095694,0.9569377990430622,236.9,458.79999999999995,762.3079999999999,0.34375,101.28898521402111,0.3393754999851808,nan,1511.5999829757914,
10017,low,clean,DT-OPT,418,418,224.7592626603097,495.97297668465734,0.9569377990430622,4.644444444444445,91.78273357679521,4.190015682799132,0.2602567327301568,0.42654143527149274,0.0,0.0,0.07463344526153351,2.4099476347680353,4.631502832438054,5840.000000000004,0.08295700824072764,0.001036704937353872,99.04306220095694,0.0,99.76076555023923,0.23923444976076555,224.7,432.65999999999997,712.0639999999997,0.328125,99.39663778627455,0.33011680003255606,nan,1553.9954341899838,
10017,low,clean,SemiGreedy,418,418,168.9349050106956,272.55873568972174,0.0,4.644444444444445,222.54410414529124,8.230140630261891,0.2760784729306957,0.19604752667313288,0.0,0.0,0.06842368801040581,2.7616264365782635,5.369058081918287,4380.000000000001,0.062217756180545716,0.0008609884885030127,100.0,0.0,55.26315789473684,44.73684210526316,229.5,466.94,711.0919999999998,0.3125,95.4737499116611,0.3273151000030339,nan,1567.2970785498287,
10017,low,clean,Fog-only,418,418,216.75698143194842,463.83116308441555,0.0,4.644444444444445,100.49701182316129,4.392584120614318,0.2588941162239912,0.32791574079634855,0.0,0.0,0.07291952527989151,2.480533219998254,4.723055686301684,2920.0000000000005,0.04147850412036381,0.00037551057163536785,100.0,0.0,100.0,0.0,24.2,42.71999999999999,82.46799999999999,0.171875,94.5325403569913,0.18181570002343506,nan,2821.538513637035,
10017,low,clean,DRL-OO,418,418,232.9692924392867,523.639903410934,1.1961722488038278,4.644444444444445,84.2988313593893,4.261052514447306,0.2638021380586036,0.3506373619316722,0.0,0.0,0.07128916189798991,2.455602382306592,4.559671990272672,14600.000000000004,0.20739252060181906,0.002315781014552613,98.80382775119617,0.0,100.0,0.0,289.7,549.1599999999993,917.044,0.359375,99.23922349288095,0.36212999996496364,nan,1416.618341616638,503
10018,low,clean,DT-KF-CostAware,437,435,226.68884501798232,462.9830552537498,0.0,4.833333333333333,81.7311826123271,3.897500830191994,0.28086355098989363,0.6952757732730485,0.0,0.0,0.07904461488612516,2.3556890217422204,4.937458657659396,2920.000000000008,0.11254347087918451,0.0004231882672840638,100.0,0.0,99.08466819221968,0.9153318077803204,230.2,509.73999999999995,850.2919999999996,0.375,103.55337182749685,0.3621320999809541,nan,1482.8842845697548,
10018,low,clean,DT-OPT,437,435,237.40179914794604,527.6512170974479,0.6864988558352403,4.833333333333333,69.54403511812669,3.028118375402645,0.2568228205052781,0.37515464162794016,0.0,0.0,0.07739004746550045,2.313775048159095,4.361315605826269,2920.0,0.1125434708791842,0.0007979079059763851,99.31350114416476,0.0,100.0,0.0,225.6,426.52,673.5599999999998,0.34375,101.51023607106328,0.33863579999888316,nan,1585.7744514955923,
10018,low,clean,SemiGreedy,437,436,169.78081895845716,258.7196270649663,0.0,4.844444444444444,220.465874735103,7.997210200104058,0.2752233710995807,0.19557958583506924,0.0,0.0,0.07344911651793068,2.8030296742150678,6.0381967433990456,1460.000000000001,0.05627173543959213,0.00021092737210822379,100.0,0.0,51.7162471395881,48.2837528604119,237.9,538.6999999999998,704.612,0.375,99.5221873511124,0.3768003999721259,nan,1425.1577228679296,
10018,low,clean,Fog-only,437,436,223.9310623824167,472.29938688349154,0.0,4.844444444444444,84.5655705456823,3.4719957280322564,0.2580363160849538,0.3391470655400776,0.0,0.0,0.08070771781204414,2.429047398761047,4.971949722715523,4380.000000000002,0.16881520631877636,0.001037466036976625,100.0,0.0,100.0,0.0,25.9,48.919999999999995,86.44799999999982,0.203125,93.55852167823652,0.21711010002763942,nan,2473.3994407981786,
10018,low,clean,DRL-OO,437,435,238.22621209059744,548.9153372422293,0.2288329519450801,4.833333333333333,62.924168578230514,3.2926304633650645,0.26121639531983537,0.43900452866608514,0.0,0.0,0.07758549719296556,2.2469438011410983,4.222025525783392,1460.0000000000075,0.056271735439592394,0.00022128265756622827,99.77116704805492,0.0,100.0,0.0,314.4,722.8,1212.471999999999,0.40625,92.40367839508492,0.4396470000501722,nan,1221.4344688777996,504
10019,low,clean,DT-KF-CostAware,446,446,224.50418175370285,468.694809447646,0.2242152466367713,4.955555555555556,112.70613921350869,4.48754953100563,0.2755197071609066,0.5713710719909747,0.0,0.0,0.07940593807511717,2.2414324321618087,4.378275878597065,4380.0000000000055,0.05790194292745621,0.00038783370363870473,99.77578475336323,0.0,98.87892376681614,1.1210762331838564,238.1,440.25,726.1600000000002,0.359375,101.80248830709677,0.35301199997775257,nan,1504.1981576645117,
10019,low,clean,DT-OPT,446,446,234.17645263467793,486.29199360209975,0.4484304932735426,4.955555555555556,90.26547893586458,3.578408835239701,0.2542502318683795,0.36924916094924115,0.0,0.0,0.0852660458285356,2.3782985043647322,4.5132801203263515,8760.000000000005,0.11580388585491234,0.0013113896916303644,99.55156950672645,0.0,100.0,0.0,225.8,402.4,666.810000000001,0.328125,98.38494275280422,0.3335114000365138,nan,1592.149473576809,
10019,low,clean,SemiGreedy,446,446,169.95626816148297,275.4586150837133,0.0,4.955555555555556,238.56308082684998,8.687477317197725,0.2712795616574303,0.191403645254501,0.0,0.0,0.07681047106893599,2.648172777230904,5.2474034699244365,2920.0000000000014,0.03860129528497077,0.00015842939291304953,100.0,0.0,55.82959641255606,44.17040358744394,229.4,459.70000000000005,762.8500000000007,0.34375,101.84955836132707,0.3375075999647379,nan,1573.2979051596994,
10019,low,clean,Fog-only,446,446,222.93079360816725,478.01655436100884,0.0,4.955555555555556,107.43234667184507,4.089214176196706,0.2517799207966793,0.316591968219206,0.0,0.0,0.08143020254292531,2.1539888584145306,4.4321631231482215,4380.000000000004,0.05790194292745618,0.0006979310461461045,100.0,0.0,100.0,0.0,24.3,38.650000000000006,80.14000000000033,0.203125,104.43842080139032,0.1944925999850966,nan,2730.1809942418836,
10019,low,clean,DRL-OO,446,446,242.05378992153328,553.4889277986465,0.2242152466367713,4.955555555555556,82.79440537049862,3.824875484059053,0.2538432915409671,0.3353270397842212,0.0,0.0,0.08376681296716283,2.3193338894169884,4.651020597471891,2920.0000000000027,0.0386012952849708,0.000374256994417399,99.77578475336323,0.0,100.0,0.0,292.7,521.35,988.840000000001,0.359375,95.23194990685889,0.3773681000457145,nan,1407.1141676672576,505
10020,low,clean,DT-KF-CostAware,431,431,210.8501124651772,444.9453305105102,0.0,4.788888888888889,106.96927658875356,3.914806668822929,0.27150508127399026,0.5046415207138587,0.0,0.0,0.07914972399366352,2.430243954134497,4.730469290321993,7300.000000000001,0.126310077744718,0.0007446040071002935,100.0,0.0,99.07192575406033,0.9280742459396751,228.8,435.29999999999967,730.022,0.328125,96.28696905685052,0.3407782000140287,nan,1581.6739450405312,
10020,low,clean,DT-OPT,431,431,224.3576626921846,497.8951547113937,0.0,4.788888888888889,82.34892734760545,3.3495764120965887,0.2550326395195329,0.3527232610776078,0.0,0.0,0.07478183311512657,2.3921315927655034,4.737121195811057,8759.999999999534,0.15157209329365354,0.0017142544248351672,100.0,0.0,100.0,0.0,226.3,458.5299999999997,830.51,0.359375,102.73519319022901,0.34980710002128035,nan,1540.8492279522347,
10020,low,clean,SemiGreedy,431,431,167.38501955568,276.76185600346946,0.0,4.788888888888889,231.66239274317718,8.089854657313854,0.2742852290770728,0.20336864178943972,0.0,0.0,0.0692169296718056,2.2802707590512576,4.419884295657749,4380.000000000002,0.07578604664683082,0.0002455979690193012,100.0,0.0,57.07656612529002,42.92343387470998,237.0,504.28999999999996,798.0480000000002,0.359375,96.81782866379895,0.371186799951829,nan,1452.0990511245257,
10020,low,clean,Fog-only,431,431,211.74939510274973,473.1036363969636,0.0,4.788888888888889,113.7048047575426,3.825002413399837,0.25675533315179294,0.33912349753910415,0.0,0.0,0.08185471761353778,2.195152727711794,4.36751813321735,8760.0,0.15157209329366159,0.0020855242965899684,100.0,0.0,100.0,0.0,25.5,47.539999999999985,69.834,0.21875,99.67752326140136,0.21945770003367215,nan,2456.0541731609296,
10020,low,clean,DRL-OO,431,431,234.83170860782425,549.8698378696627,0.0,4.788888888888889,74.34025042152845,3.751687247965567,0.2550209188384368,0.3375656010583395,0.0,0.0,0.07921945134809524,2.2927264295874004,4.205031951122512,4380.000000000001,0.0757860466468308,0.001398568419839978,100.0,0.0,100.0,0.0,314.2,704.6999999999998,1089.1740000000007,0.4375,97.04282239090466,0.4508319000015035,nan,1195.5675718559455,501
10021,low,clean,DT-KF-CostAware,431,428,211.80208135537032,454.3893042791112,0.0,4.7555555555555555,128.32620109260037,4.082897970133647,0.27959198368585325,0.6428340470784353,0.0,0.0,0.07638850712288751,2.2693080911585937,4.296384758666196,5840.000000000001,0.08313341218670342,0.000801723394103698,100.0,0.0,98.83990719257541,1.160092807424594,235.1,457.73999999999967,761.7390000000015,0.359375,101.28132322672872,0.35482850001426414,nan,1521.8619698764105,
10021,low,clean,DT-OPT,431,428,223.94772291123104,485.4673307545703,0.46403712296983757,4.7555555555555555,116.75618650536036,3.3464868392347396,0.2626699342288564,0.4397710686025966,0.0,0.0,0.07945390785999253,2.4864962235629333,4.993727107453147,8760.000000000002,0.12470011828005514,0.0015616458551155944,99.53596287703016,0.0,100.0,0.0,224.2,410.6499999999996,650.7740000000001,0.34375,101.84663127489208,0.3375172999803908,nan,1599.9179894819408,
10021,low,clean,SemiGreedy,431,428,164.00205340857923,258.5759136728356,0.0,4.7555555555555555,238.38236021941734,8.016335923627844,0.2797889275050699,0.20888951756310478,0.0,0.0,0.06774063976970864,2.4292644412426263,4.858049523029981,5840.000000000001,0.08313341218670342,0.0004756632130341101,100.0,0.0,62.64501160092807,37.35498839907193,230.1,462.8399999999997,777.9480000000003,0.328125,94.50291825297386,0.3472114999894984,nan,1555.248026106084,
10021,low,clean,Fog-only,431,428,206.1692805715446,452.6143575326316,0.0,4.7555555555555555,145.3852742641845,3.743913111453545,0.26891793549098325,0.3243526545413338,0.0,0.0,0.07669685152955598,2.344214944373586,4.681653211597813,4379.999999999536,0.06235005914002095,0.0006984186734959782,100.0,0.0,100.0,0.0,25.1,48.12499999999998,74.08400000000006,0.203125,94.60408569629362,0.21471059997566044,nan,2515.01323204916,
10021,low,clean,DRL-OO,431,428,243.87217737824346,583.9056842894621,0.9280742459396751,4.7555555555555555,80.31287830751934,4.28749836999373,0.26279418641743213,0.38112516644474037,0.0,0.0,0.07496063635578112,2.281365771847786,4.496187867366387,7300.000000000074,0.10391676523338031,0.0010378369323040578,99.07192575406033,0.0,100.0,0.0,304.6,557.1449999999999,844.2120000000004,0.390625,98.61097682793341,0.396127299987711,nan,1363.1981436693516,502
10022,low,clean,DT-KF-CostAware,410,410,213.7829648458589,439.0787619147146,0.0,4.555555555555555,103.04959023648847,3.8640517607483793,0.28412910341835734,0.46180888551865645,0.0,0.0,0.08218867717972435,2.405463302421658,5.034874522718325,4379.999999999988,0.1925675943031642,0.0004735323740717131,100.0,0.0,99.26829268292683,0.7317073170731707,231.5,426.66999999999996,622.192,0.328125,101.5901470305089,0.3229890000075102,nan,1569.7129004028347,
10022,low,clean,DT-OPT,410,410,224.84450593100507,435.58848743228236,0.0,4.555555555555555,86.44592673946303,3.359084871244337,0.26051157756334764,0.47336111736877673,0.0,0.0,0.08153566882883077,2.4671912007531915,4.913713679093034,2920.0000000000086,0.1283783962021102,0.0004461824131437291,100.0,0.0,100.0,0.0,226.2,436.67,694.062,0.3125,98.66700091885843,0.31672190001700073,nan,1600.7734229075593,
10022,low,clean,SemiGreedy,410,410,162.91395637670993,267.69184982497455,0.0,4.555555555555555,208.12076596047825,7.339946804776759,0.27260459421203,0.18990957265788322,0.0,0.0,0.07213662671887112,2.4082700289141337,4.934544199702482,2920.0000000000005,0.12837839620210983,0.00016005715159230773,100.0,0.0,60.97560975609756,39.02439024390244,230.7,480.4299999999999,671.24,0.328125,99.92502387175426,0.3283712000120431,nan,1543.9843688527058,
10022,low,clean,Fog-only,410,410,206.86208706789526,426.5134664617398,0.0,4.555555555555555,108.77272756190763,3.7608161090169916,0.26204067381946694,0.2949040026946612,0.0,0.0,0.08342534546922735,2.2979810253673447,4.501075237731319,5839.999999999987,0.25675679240421906,0.00088480951726262,100.0,0.0,100.0,0.0,25.1,46.17,62.831999999999994,0.203125,103.32717311486167,0.19658430002164096,nan,2579.0462409469474,
10022,low,clean,DRL-OO,410,410,232.03164689186485,504.9566717001495,0.24390243902439024,4.555555555555555,81.42482658202697,3.410295601910532,0.26185261017731304,0.4049899776424331,0.0,0.0,0.08262126961851933,2.317386865512137,4.549774609161797,2920.000000000001,0.12837839620210986,0.0004067469111898506,99.7560975609756,0.0,100.0,0.0,305.4,628.04,880.7479999999999,0.390625,98.92355972294138,0.39487560000270605,nan,1283.9486663560006,503
10023,low,clean,DT-KF-CostAware,466,466,204.59566268226726,427.0353782843026,0.0,5.177777777777778,112.66783876736697,4.3536263485210185,0.25835316374335393,0.6276704916503405,0.0,0.0,0.07665646481636389,2.2227125302847184,3.9748604988693956,2920.000000000001,0.08168700449278528,0.00040627528860651184,100.0,0.0,99.57081545064378,0.4291845493562232,238.25,461.06499999999994,661.4609999999964,0.375,100.47208484374906,0.3732379999710247,nan,1495.024622474986,
10023,low,clean,DT-OPT,466,466,211.51821147813916,444.2949736106456,0.4291845493562232,5.177777777777778,105.15457635968157,3.7194761638251506,0.2322656932575246,0.36578940275981026,0.0,0.0,0.07942081540917027,2.2718609519156883,4.303714965124401,8760.000000000005,0.2450610134783559,0.0017460223807588783,99.57081545064378,0.0,100.0,0.0,226.1,417.7599999999996,568.8759999999999,0.328125,93.455455108562,0.3511030999943614,nan,1589.276768017603,
10023,low,clean,SemiGreedy,466,466,164.70690172782153,262.9357560675283,0.0,5.177777777777778,233.89058725254827,8.802396880076353,0.25785301986654036,0.21813294522989188,0.0,0.0,0.06924376419622327,2.8054265908628864,5.276185391985174,5840.000000000001,0.16337400898557053,0.00044604596901857675,100.0,0.0,58.15450643776824,41.84549356223176,230.0,415.44499999999994,781.869999999997,0.34375,96.76349678254124,0.35524760000407696,nan,1570.735453226415,
10023,low,clean,Fog-only,466,466,202.61702506309337,424.72698320595816,0.0,5.177777777777778,106.44590561492393,4.463487485945419,0.23261862800273764,0.356423488011765,0.0,0.0,0.07122044646781618,2.393735113534976,4.600564410005706,8760.000000000007,0.24506101347835593,0.0015732736734643661,100.0,0.0,100.0,0.0,24.3,42.874999999999986,67.23199999999937,0.203125,100.82121205116009,0.20147049997467548,nan,2769.6362498238686,
10023,low,clean,DRL-OO,466,466,214.47983050272268,454.67518168477386,0.2145922746781116,5.177777777777778,96.85061330833024,4.39001812200139,0.23570258623625628,0.33638808337670706,0.0,0.0,0.07466489356479267,2.404451841747164,4.4138729175676845,7300.000000000004,0.20421751123196322,0.0015826547951125589,99.78540772532189,0.0,100.0,0.0,290.6,586.6549999999999,1000.5029999999919,0.40625,100.5932339007361,0.40385419997619465,nan,1381.6867573319569,504
10024,low,clean,DT-KF-CostAware,438,438,231.90362459806605,485.8886422826436,0.0,4.866666666666666,93.27163460827907,4.100055686527314,0.2795337637988386,0.6975734771272813,0.0,0.0,0.0769742618389373,2.434389514067523,4.749894545437291,4380.000000000002,0.0861257510686574,0.0002463757177044862,100.0,0.0,99.08675799086758,0.91324200913242,231.0,442.5299999999998,737.0260000000004,0.34375,99.40731550906986,0.34579950000625104,nan,1532.6800645762044,
10024,low,clean,DT-OPT,438,438,236.2864240388334,505.0470585493847,0.228310502283105,4.866666666666666,84.71164358671373,3.5454285018993583,0.25269459107801484,0.3564177640379299,0.0,0.0,0.07606505231362644,2.3478833132490604,4.735043648794152,1.0459189070388675e-11,2.0566335941925042e-16,0.0,99.77168949771689,0.0,100.0,0.0,239.2,492.78499999999997,677.625000000002,0.34375,96.92427894712138,0.3546582999988459,nan,1494.3961554028897,
10024,low,clean,SemiGreedy,438,438,173.28296504424216,264.4460483964806,0.0,4.866666666666666,232.44962292750125,8.554298551323898,0.2815098017239132,0.21628325854768374,0.0,0.0,0.07242695831705735,2.779168576191139,5.483601553478594,5840.0,0.11483433475820982,0.00045013002282959984,100.0,0.0,53.42465753424658,46.57534246575342,237.6,507.5149999999999,851.9620000000026,0.34375,97.08238828965469,0.3540806999662891,nan,1496.8339139932214,
10024,low,clean,Fog-only,438,438,228.58749181749852,493.0186901518516,0.0,4.866666666666666,91.52955204921197,3.7246995285455164,0.25881921746112424,0.3411457592397644,0.0,0.0,0.07859884128690342,2.4800987058873996,4.5918129971318775,4380.000000000001,0.08612575106865739,0.0006448433737961041,100.0,0.0,100.0,0.0,25.4,50.72499999999993,76.52300000000005,0.203125,93.7253286114777,0.21672369999578223,nan,2445.510112693326,
10024,low,clean,DRL-OO,438,438,239.9678641829991,556.2609580312369,0.228310502283105,4.866666666666666,81.4138234746099,3.703084307990664,0.25755558877850715,0.3544474991131607,0.0,0.0,0.07499270802830521,2.4023283750235187,4.938200508710421,1460.0000000000036,0.028708583689552522,0.00025057151674460625,99.77168949771689,0.0,100.0,0.0,315.7,729.0299999999996,1280.2980000000034,0.421875,96.133578667809,0.4388425000361167,nan,1207.722588300771,505
10025,low,clean,DT-KF-CostAware,452,451,203.1351435572991,412.0684753422801,0.0,5.011111111111111,106.71396312609593,4.1827236039316125,0.2671910589827312,0.8092903225806451,0.0,0.0,0.079799827015201,2.523514121117086,5.186900013170109,5840.000000000007,0.10221607603335826,0.0008971265511558909,100.0,0.0,99.33628318584071,0.6637168141592921,238.9,473.6650000000006,728.6780000000002,0.375,102.36755686416647,0.3663269999669865,nan,1485.0120249095085,
10025,low,clean,DT-OPT,452,451,208.23861603488325,429.81688913856925,0.22123893805309736,5.011111111111111,95.30063837479219,3.892949832837999,0.25105683047153426,0.40441433774992447,0.0,0.0,0.07721394251605244,2.5735838610501185,4.8159129360750015,1460.0000000000077,0.025554019008339673,0.00017690897553950812,99.77876106194691,0.0,100.0,0.0,227.25,422.5500000000002,653.1510000000012,0.359375,102.44625260774922,0.3507936999667436,nan,1550.7690133875637,
10025,low,clean,SemiGreedy,452,452,161.9680732062547,272.14846207472897,0.0,5.022222222222222,223.66496855074968,8.09004964150077,0.2655420790165891,0.2280289341670431,0.0,0.0,0.07796954443959409,2.4866193545434445,4.792455691088592,8760.0,0.1533241140500372,0.0011206025501902736,100.0,0.0,61.283185840707965,38.716814159292035,230.9,466.8500000000002,793.8500000000057,0.359375,100.74425299213348,0.3567200999823399,nan,1525.0051792061388,
10025,low,clean,Fog-only,452,451,196.63641490397788,397.4191519118226,0.0,5.011111111111111,114.41458796198286,4.140541788763053,0.24496057836238994,0.33871714426548366,0.0,0.0,0.0811868350819995,2.3024552002800993,4.584321001770375,2920.000000000002,0.051108038016679104,0.0007372683118076842,100.0,0.0,100.0,0.0,24.2,43.710000000000015,79.78200000000064,0.203125,102.43772795775935,0.19829119998030365,nan,2743.4399512133455,
10025,low,clean,DRL-OO,452,451,212.51456017787729,464.70800446395845,0.0,5.011111111111111,86.69268230385065,3.969905542486909,0.25353891551398666,0.4135444283599811,0.0,0.0,0.07863848679146208,2.5383288819823173,4.599616661707145,4380.000000000001,0.07666205702501863,0.0005397770296694082,100.0,0.0,100.0,0.0,297.3,561.26,993.4210000000018,0.375,95.37834682537769,0.39317100000334904,nan,1383.621884613479,501
10026,low,clean,DT-KF-CostAware,482,481,221.32821867135672,509.76683416736887,0.2074688796680498,5.344444444444444,144.61353522998505,4.896818614816487,0.2662207002854682,0.5815676873904526,0.0,0.0,0.08017238812888502,2.3890351243316648,4.88240042880281,2920.0000000000045,0.06434826337920507,0.00043743385590452394,99.79253112033194,0.0,98.7551867219917,1.2448132780082988,256.8,503.6949999999999,805.9979999999982,0.421875,95.34098682923282,0.4424906999920495,nan,1378.5600465974996,
10026,low,clean,DT-OPT,482,481,229.62398444784822,602.873734692635,0.4149377593360996,5.344444444444444,124.5363610285912,4.038386818378203,0.2457408329642011,0.37873891748189475,0.0,0.0,0.07889427823583071,2.3744697672444706,4.836146877754859,2920.0000000000045,0.06434826337920507,0.0004091048573160413,99.5850622406639,0.0,100.0,0.0,236.6,443.08999999999975,672.4219999999998,0.40625,99.649748002542,0.4076778999879025,nan,1496.2792930843227,
10026,low,clean,SemiGreedy,482,481,169.7926114570755,308.3642422634312,0.0,5.344444444444444,271.84891431166733,9.598656389098945,0.27016423050945687,0.21388790577872158,0.0,0.0,0.0782223797787017,2.6142048095932386,5.088548604688599,7300.0,0.16087065844801243,0.001419474899175315,100.0,0.0,61.20331950207469,38.79668049792531,238.64999999999998,515.1749999999997,749.0219999999979,0.40625,96.87290679320715,0.41936390002956614,nan,1454.5839543103104,
10026,low,clean,Fog-only,482,481,218.6241379828035,567.4147348332409,0.0,5.344444444444444,139.46354184431556,4.512879235931434,0.24734650300502262,0.35379329116866276,0.0,0.0,0.08065065332386574,2.1445836531435676,4.3641124929220805,4380.000000000004,0.09652239506880754,0.0010346194801198786,100.0,0.0,100.0,0.0,26.0,49.664999999999985,78.36499999999995,0.25,97.72186872107967,0.25582809996558353,nan,2384.413596794344,
10026,low,clean,DRL-OO,482,481,236.52976767424175,648.5591643265495,0.6224066390041494,5.344444444444444,118.25264119185795,4.310068573187564,0.24512764273023585,0.3408101276264775,0.0,0.0,0.07751063268211442,2.3144794730112266,4.479495501775989,1460.0000000000334,0.03217413168960322,0.0002012136806451303,99.37759336099585,0.0,100.0,0.0,332.4,845.7849999999997,1264.471999999998,0.53125,93.04674177570662,0.5709496000199579,nan,1068.3955290951726,502
10027,low,clean,DT-KF-CostAware,475,472,214.85167839470122,513.66158215111,0.0,5.2444444444444445,130.79470302814855,4.354437912758228,0.27410456965021684,0.6570337410174654,0.0,0.0,0.07554662624964195,2.382973329189725,4.760102412591964,5839.999999999601,0.06851636608434718,0.0004332111434240525,100.0,0.0,99.57894736842105,0.42105263157894735,265.0,592.62,1014.9920000000008,0.453125,97.09546093346232,0.4666799000115134,nan,1219.2511397768842,
10027,low,clean,DT-OPT,475,472,223.2767406203056,530.7186671081846,0.8421052631578947,5.2444444444444445,120.29241169642977,4.015468634957874,0.2608466495130592,0.4039337414058194,0.0,0.0,0.07590874430715004,2.2351954357446417,4.3434690469599,4380.000000000076,0.051387274563264786,0.0006881709717561859,99.15789473684211,0.0,100.0,0.0,273.8,532.2400000000001,773.0160000000087,0.4375,96.0467803724696,0.45550720003666356,nan,1249.1569835870903,
10027,low,clean,SemiGreedy,475,473,167.3550935654883,293.87322065612375,0.0,5.2555555555555555,254.01703138875473,8.980545719248088,0.273821696007707,0.23339868723893956,0.0,0.0,0.07178754525967102,2.588926985475015,5.392344508967709,5839.999999999535,0.06851636608434641,0.0004919892836399036,100.0,0.0,62.526315789473685,37.473684210526315,251.3,516.6200000000002,808.632000000003,0.40625,101.81132687526386,0.39902240002993494,nan,1425.9851074960034,
10027,low,clean,Fog-only,475,472,212.87221048128248,509.4588772676537,0.0,5.2444444444444445,128.1242296663415,3.919467208573904,0.2571483108292958,0.3630390572039422,0.0,0.0,0.07589451936245716,2.3690116433970982,4.9208028626574505,5840.000000000146,0.06851636608435357,0.000900383759047374,100.0,0.0,100.0,0.0,25.0,44.4,64.4160000000002,0.203125,95.29924315007187,0.21314439998241141,nan,2669.5517219638596,
10027,low,clean,DRL-OO,475,472,235.6332260316601,601.9698232497846,0.631578947368421,5.2444444444444445,99.61017044552861,4.387126517056646,0.26175874095487994,0.3514120586528027,0.0,0.0,0.07786684285970856,2.1407676413377343,3.998984730127355,4380.00000000013,0.05138727456326542,0.0007233155900723925,99.36842105263158,0.0,100.0,0.0,290.0,548.3600000000001,881.2160000000008,0.390625,96.6307800090556,0.4042448999825865,nan,1407.5625939239076,503
10028,low,clean,DT-KF-CostAware,492,492,207.75128538100515,399.94013219835836,0.0,5.466666666666667,148.3523897948004,4.178638452625564,0.2714014951375742,0.5977394941246763,0.0,0.0,0.07300037245653086,2.598027768734712,5.04118375783643,1460.000000000004,0.040535670557165684,0.00020580061730114327,100.0,0.0,99.59349593495935,0.4065040650406504,227.05,445.19999999999965,721.2470000000004,0.375,100.54708338252732,0.3729596000048332,nan,1581.9407785517633,
10028,low,clean,DT-OPT,492,492,223.27570670298624,410.4852156949441,0.4065040650406504,5.466666666666667,131.95165152789997,3.628514896492207,0.24922081421759731,0.39916099414278927,0.0,0.0,0.0730080709559424,2.4665218312527992,4.53566338332961,1460.0000000000032,0.04053567055716566,0.0005342582805188003,99.59349593495935,0.0,100.0,0.0,235.64999999999998,540.0899999999998,769.7180000000002,0.421875,100.2489858079579,0.4208271999959834,nan,1402.0006311512927,
10028,low,clean,SemiGreedy,492,492,164.31463621230694,274.7273834082719,0.0,5.466666666666667,268.0845962845325,9.080241823837484,0.2729113732681427,0.2367539458555451,0.0,0.0,0.0665925308246816,2.8519926278227663,5.556982593689521,3.0127011996228248e-12,8.364511185964954e-17,0.0,100.0,0.0,61.17886178861789,38.82113821138211,247.9,571.53,888.1710000000013,0.421875,97.1572172497473,0.43421889998717234,nan,1358.7616753149846,
10028,low,clean,Fog-only,492,492,204.116251732435,398.70632512319514,0.0,5.466666666666667,156.73152557467287,4.176416196658245,0.2568296416573464,0.3640366707572367,0.0,0.0,0.07028832428591203,2.7210788094127576,5.415608445709252,1460.0000000000125,0.04053567055716591,0.00020580061730114327,100.0,0.0,100.0,0.0,25.8,46.3,77.71800000000005,0.21875,96.76818590142159,0.22605569998268038,nan,2609.9762140269136,
10028,low,clean,DRL-OO,492,492,245.86695816478863,480.76183635743257,0.4065040650406504,5.466666666666667,85.19497370378399,4.51790221892515,0.2505896655900217,0.3964830441847057,0.0,0.0,0.07310682698526326,2.259317939297318,4.468923465019215,2920.0000000000064,0.08107134111433131,0.0008512522121544147,99.59349593495935,0.0,100.0,0.0,301.4,588.33,890.3040000000002,0.40625,93.55001166206156,0.43425970000680536,nan,1358.6340155228634,504
10029,low,clean,DT-KF-CostAware,478,475,224.18549489682155,536.9738930584323,0.20920502092050208,5.277777777777778,118.89947622409085,4.560746995749757,0.2727210697724596,0.523872159144579,0.0,0.0,0.07630789380725102,2.207735404787944,4.529157068394293,7300.000000000015,0.1936924196216262,0.0012980402832378948,99.7907949790795,0.0,99.16317991631799,0.8368200836820083,229.7,434.18999999999994,704.7320000000029,0.359375,98.30775256932873,0.3655612000147812,nan,1551.0398805373047,
10029,low,clean,DT-OPT,478,475,233.23341261364385,558.9611354612159,0.6276150627615062,5.277777777777778,106.51390339232721,3.920759645224528,0.25089173839709233,0.37157777894889393,0.0,0.0,0.07641289843985674,2.0870005771486926,4.270274457269414,4380.000000000013,0.11621545177297585,0.0010217591188342616,99.3723849372385,0.0,100.0,0.0,224.5,454.6699999999998,876.704000000001,0.359375,97.42214564343921,0.3688842999981716,nan,1537.0673135257052,
10029,low,clean,SemiGreedy,478,476,172.59940919088277,316.08889458037095,0.0,5.288888888888889,252.40316910320135,9.33594177305962,0.26723298976154214,0.2687602139355222,0.0,0.0,0.06670166245873456,2.143056000793018,4.228222663049646,1460.0000000000002,0.038738483924325176,8.064921554860119e-05,100.0,0.0,56.48535564853557,43.51464435146443,235.2,488.9299999999999,830.9240000000009,0.34375,92.89312844406909,0.37004890001844615,nan,1532.229929535627,
10029,low,clean,Fog-only,478,475,223.55691075676785,534.2011019602814,0.0,5.277777777777778,109.85918619159264,4.40202107618668,0.24714006923857215,0.37120608868473354,0.0,0.0,0.0761013279685189,2.205287125801561,4.301082495158796,2920.000000000011,0.07747696784865063,0.0004762483345297502,100.0,0.0,100.0,0.0,24.7,43.33999999999999,73.334,0.1875,90.36688957965163,0.20748749998165295,nan,2732.694740888665,
10029,low,clean,DRL-OO,478,475,243.87520770156948,670.1549522114452,0.41841004184100417,5.277777777777778,93.56636422923492,4.47417060243472,0.2500321221911068,0.3836794454949869,0.0,0.0,0.07685091656722381,2.1351296963651736,4.207083172694386,7300.000000000024,0.19369241962162645,0.0018408786318885389,99.581589958159,0.0,100.0,0.0,293.8,595.3299999999996,859.4740000000005,0.40625,98.28751099086126,0.41332819999661297,nan,1371.7912303216822,505
10000,medium,clean,DT-KF-CostAware,867,866,291.4312355818727,654.2812048210121,2.1914648212226067,9.622222222222222,133.77477205127911,8.033459499419838,0.32216906906395426,0.677460652648358,0.0,0.0,0.09733970724484212,3.1775939468762626,6.142830229820486,10220.000000000004,0.17691342165271418,0.00267510375183546,97.80853517877739,0.0,98.50057670126874,1.4994232987312572,238.0,508.9099999999999,736.924,0.75,99.52128932166046,0.753607600054238,nan,1426.4718136104666,
10000,medium,clean,DT-OPT,867,866,304.3127994937415,750.9662823459606,2.9988465974625145,9.622222222222222,109.66041830123794,6.7985302971825625,0.2877996854283451,0.5826041291188644,0.0,0.0,0.0978580373838896,3.0557081811889617,5.905788989561444,8760.000000000004,0.15164007570232643,0.003079977863500422,97.00115340253748,0.0,100.0,0.0,231.8,448.63999999999976,744.3619999999999,0.71875,99.70663014233665,0.7208648000378162,nan,1491.264381259296,
10000,medium,clean,SemiGreedy,867,866,215.43847312443427,366.6740817517719,0.0,9.622222222222222,314.1574291323633,15.286146905796622,0.28549116710867783,0.3077418774727251,0.0,0.0,0.08672021944554732,3.3966699894622847,6.692632169588919,8760.00000000002,0.1516400757023267,0.0023509775840885655,100.0,0.0,64.12918108419838,35.870818915801614,229.2,447.5599999999999,663.3219999999999,0.671875,99.68186371347284,0.6740192999714054,nan,1594.9098194155654,
10000,medium,clean,Fog-only,867,866,288.9207833181488,645.7677116732589,0.0,9.622222222222222,120.47907951676953,7.23717645736095,0.2833494709625314,0.5811738230152137,0.0,0.0,0.09492430026647233,3.151220100989989,5.991494637000552,8760.000000000027,0.15164007570232685,0.002621388997576484,100.0,0.0,100.0,0.0,24.6,43.85999999999999,56.54199999999999,0.390625,99.49197645871705,0.392619599995669,nan,2738.019192143893,
10000,medium,clean,DRL-OO,867,866,302.4521883889496,771.3309613658055,2.422145328719723,9.622222222222222,116.87371972870632,7.14587325589783,0.28413248797668345,0.5078513129879347,0.0,0.0,0.09540997487321343,3.0847609225842803,6.030962704933788,11680.000000000018,0.20218676760310217,0.003074179760956372,97.57785467128028,0.0,98.84659746251442,1.1534025374855825,331.4,686.9499999999999,999.8399999999999,0.875,98.64573497842143,0.8870125000248663,nan,1211.9333154491776,501
10001,medium,clean,DT-KF-CostAware,821,819,271.6703049125553,561.5725465360413,1.0962241169305724,9.1,132.437213598432,8.117534104282182,0.3119025533193452,0.6896406770137157,0.0,0.0,0.10000362894442665,3.0213073199927396,5.832633444124253,7300.000000000035,0.1406446185997313,0.0016664807721739462,98.90377588306943,0.0,98.29476248477467,1.705237515225335,244.5,517.55,839.7759999999996,0.703125,96.72097163540626,0.7269623000174761,nan,1407.225656647404,
10001,medium,clean,DT-OPT,821,816,284.8405899304984,636.4866248877022,1.705237515225335,9.066666666666666,110.79106638772605,7.044640390320986,0.28217753289852543,0.5733337007136362,0.0,0.0,0.09991933791580394,2.992466384455086,5.702167028848908,5840.000000000009,0.11251569487978468,0.0026287231947539763,98.29476248477467,0.0,100.0,0.0,235.7,462.35999999999996,670.5179999999993,0.703125,101.08831046260119,0.6955551999853924,nan,1470.7675250238722,
10001,medium,clean,SemiGreedy,821,819,212.77570555546475,355.91496828581626,0.0,9.1,282.4717865461177,14.237287667091852,0.2808313192661095,0.3285987874914049,0.0,0.0,0.09129953234876272,3.021871366831582,5.744633281433943,2920.0000000000136,0.056257847439892504,0.0009568477137555316,100.0,0.0,63.5809987819732,36.4190012180268,229.7,442.19999999999993,709.09,0.65625,100.96302960651843,0.6499904000083916,nan,1573.8693986661845,
10001,medium,clean,Fog-only,821,816,272.5582545802876,555.9933799473029,0.0,9.066666666666666,111.38532782099819,7.2416784933870595,0.27419105357192697,0.5261387916103013,0.0,0.0,0.09979831391978078,2.9276152320224194,5.786749421172847,8760.000000000011,0.16877354231967695,0.002099205890556105,100.0,0.0,100.0,0.0,24.3,45.379999999999995,66.36799999999998,0.375,99.79283008721336,0.3757784999907017,nan,2722.3484047791803,
10001,medium,clean,DRL-OO,821,816,287.6480172887789,635.5203758324421,1.94884287454324,9.066666666666666,105.73955192451717,7.470963865748966,0.28081312661764063,0.557478933763051,0.0,0.0,0.10015614327409915,2.9959509633012136,5.894096244197818,4380.000000000013,0.08438677115983861,0.0014656159272335369,98.05115712545675,0.0,99.87819732034104,0.1218026796589525,292.2,600.4599999999996,847.1379999999998,0.71875,96.73762374276616,0.7429890999919735,nan,1376.8708047144319,502
10002,medium,clean,DT-KF-CostAware,923,920,281.0539213284756,573.2356117586886,1.8418201516793067,10.222222222222221,165.92702789176465,9.656063912251895,0.3246852532864797,0.7289171873192178,0.0,0.0,0.0991662118916667,3.2036018118434058,6.484959397265,13139.999999999563,0.05413795463263942,0.002070753625699954,98.1581798483207,0.0,97.61646803900325,2.38353196099675,227.8,446.45,755.0700000000003,0.734375,100.29155736730542,0.7322401000419632,nan,1544.5753379734117,
10002,medium,clean,DT-OPT,923,919,308.8897483470505,677.3640994872663,3.5752979414951245,10.21111111111111,125.52731770681315,7.667975703820567,0.29960842043576214,0.6140354093936105,0.0,0.0,0.09915536809789333,3.0870832947475986,6.1025895642456325,13140.000000000013,0.05413795463264127,0.002663555078857496,96.42470205850488,0.0,99.56663055254604,0.4333694474539545,238.1,491.9,843.7200000000001,0.78125,98.2256765313896,0.7953622999484651,nan,1421.993474009621,
10002,medium,clean,SemiGreedy,923,921,222.81102124912897,365.3180086311852,0.0,10.233333333333333,334.7664205923422,16.595345315469615,0.29518226524563035,0.38089585703216444,0.0,0.0,0.0955108528653825,3.539889926031688,6.944188467006868,11679.999999999558,0.04812262634012371,0.001896116192502637,100.0,0.0,65.98049837486457,34.019501625135426,233.9,429.9,728.1800000000021,0.734375,100.46794977911681,0.7309545000316575,nan,1547.2919312365086,
10002,medium,clean,Fog-only,923,920,290.6837687231352,630.8293240259819,0.3250270855904659,10.222222222222221,136.25539436989,8.205125772355203,0.2954596264090822,0.6384879061458987,0.0,0.0,0.09835761922159345,3.2138302486962265,6.4569891489263975,27740.00000000002,0.11429123755779821,0.006123474421216221,99.67497291440954,0.0,100.0,0.0,25.0,43.650000000000006,76.89000000000021,0.390625,93.65978690414661,0.4170679999515414,nan,2711.7880061078995,
10002,medium,clean,DRL-OO,923,919,299.5317616439108,691.9406601515485,2.7085590465872156,10.21111111111111,133.63385501688762,8.14977892596193,0.2972126729812154,0.5809825557900409,0.0,0.0,0.09995698820108412,3.2056093488735224,6.339770486756664,14600.000000000007,0.060153282925156946,0.0028691817290031323,97.29144095341279,0.0,99.0249187432286,0.9750812567713976,294.5,548.65,901.8200000000007,0.8125,98.9316477911503,0.8212740999879315,nan,1377.1285372528123,503
10003,medium,clean,DT-KF-CostAware,871,868,270.52546324626064,560.0993456693927,0.574052812858783,9.644444444444444,146.88122716186672,8.617952248793081,0.32322053164610076,0.8474627641149982,0.0,0.0,0.09837052432044051,3.1438504245753878,5.961424208120359,8760.000000000076,0.09332106665553146,0.0017011771080714133,99.42594718714122,0.0,98.04822043628013,1.9517795637198623,228.85000000000002,438.42499999999984,710.0009999999985,0.6875,99.11770108421615,0.6936197999748401,nan,1542.6318568743459,
10003,medium,clean,DT-OPT,871,868,298.7536774392189,723.5412082135255,4.133180252583237,9.644444444444444,115.06048275616327,7.308108753481827,0.29825958374432116,0.6025737015256553,0.0,0.0,0.10259895278182517,3.044565742107197,6.027798540832552,10220.000000000022,0.10887457776478598,0.0022190821611561347,95.86681974741676,0.0,99.88518943742824,0.1148105625717566,238.4,530.1899999999999,816.4089999999917,0.796875,100.78527459481434,0.7906660999869928,nan,1353.2893341672325,
10003,medium,clean,SemiGreedy,871,869,218.37793301549013,375.3964336953999,0.0,9.655555555555555,305.7944977634214,14.990060788527375,0.298143488846882,0.41563671200572705,0.0,0.0,0.09204548496976177,3.2322055133260603,6.478198560522016,5840.000000000075,0.06221404443702122,0.0005136624171290645,100.0,0.0,64.63834672789896,35.36165327210103,236.9,434.0749999999998,726.0959999999999,0.65625,94.82652490015865,0.6920531999785453,nan,1546.123910753063,
10003,medium,clean,Fog-only,871,868,275.5677935006482,621.4492306060606,0.0,9.644444444444444,128.17794182332327,7.365455781766147,0.2924889007714447,0.6160820587965931,0.0,0.0,0.09768705613026935,3.098164255432869,6.167990013082406,10220.00000000002,0.10887457776478596,0.0032215067386922548,100.0,0.0,100.0,0.0,24.5,45.855,74.58499999999981,0.390625,99.2531336746157,0.39356439997209236,nan,2718.741837615073,
10003,medium,clean,DRL-OO,871,868,294.6362189025668,688.7804122458903,3.0998851894374284,9.644444444444444,113.32257055561674,7.5058486695845845,0.2966320345267055,0.6198143435588515,0.0,0.0,0.10224426683945415,3.12409019831139,6.04720889988803,11680.000000000087,0.12442808887404179,0.003129044849636104,96.90011481056257,0.0,99.65556831228473,0.34443168771526983,292.3,535.3199999999999,856.3439999999982,0.765625,100.68791959547393,0.7603940999833867,nan,1407.1650477342969,504
10004,medium,clean,DT-KF-CostAware,911,908,258.7191944219782,555.4610448668064,0.43907793633369924,10.088888888888889,159.48966227292303,8.002119066122082,0.3005540858594916,0.7733420794206101,0.0,0.0,0.10362762999308459,2.674919081037654,5.103109228961737,13140.000000000005,0.11410697398552044,0.0019023927319510984,99.5609220636663,0.0,98.90230515916575,1.0976948408342482,229.1,418.7299999999999,713.3039999999985,0.6875,98.10904274722532,0.7007508999668062,nan,1562.609480846716,
10004,medium,clean,DT-OPT,911,909,272.41527572037546,593.0460792113834,1.646542261251372,10.1,136.36090571881118,7.206236462695824,0.2748260632168813,0.6073524905117749,0.0,0.0,0.10441610531597331,2.6025469447585694,5.084497391495718,20440.000000000007,0.17749973731080956,0.005310927170765792,98.35345773874863,0.0,99.89023051591657,0.10976948408342481,234.6,540.1899999999999,842.6039999999992,0.78125,99.47049230895097,0.7854088000021875,nan,1394.1784202022568,
10004,medium,clean,SemiGreedy,911,910,213.03915023884838,362.135054577978,0.0,10.11111111111111,313.2573711903402,15.34656605047953,0.27917203636432136,0.38445742687404943,0.0,0.0,0.09468899841933222,2.830831953132355,5.602007361824088,11680.000000000011,0.10142842132046268,0.0014889674692361425,100.0,0.0,66.41053787047201,33.589462129527995,242.9,535.3199999999999,827.9679999999985,0.765625,100.18416220804653,0.7642175999935716,nan,1432.8379770489594,
10004,medium,clean,Fog-only,911,908,261.6466931790495,554.0471813359318,0.0,10.088888888888889,138.68867075851355,7.330292596643716,0.2706014977472767,0.5971122982258943,0.0,0.0,0.10451574145465023,2.5579405835963613,4.899753211266928,23360.000000000007,0.20285684264092524,0.007175032965783593,100.0,0.0,100.0,0.0,25.2,47.85999999999999,75.47799999999994,0.421875,99.36364870441952,0.4245767999673262,nan,2579.0387041502668,
10004,medium,clean,DRL-OO,911,909,273.93379932219966,598.4810684157367,1.4270032930845225,10.1,133.4362220946217,7.416550612852308,0.2754999603624699,0.568300450413109,0.0,0.0,0.10509613899777974,2.6315261554473106,5.095082478046348,18980.000000000025,0.1648211846457519,0.003753658628845991,98.57299670691548,0.0,99.78046103183316,0.21953896816684962,297.9,560.2299999999998,994.0319999999992,0.8125,101.53936172055029,0.8001822999794967,nan,1368.4381671877238,505
10005,medium,clean,DT-KF-CostAware,889,887,262.72164751051054,520.8416445081392,0.7874015748031497,9.855555555555556,171.04040912457978,8.898419310166416,0.3109568918635384,0.6493377815249165,0.0,0.0,0.10913592691299456,3.148932127705392,6.292206678760261,16060.000000000016,0.15012940481636833,0.0028920962283957583,99.21259842519684,0.0,97.75028121484814,2.249718785151856,231.3,451.60499999999973,746.852,0.6875,97.64906503231474,0.7040517999557778,nan,1545.3408400750318,
10005,medium,clean,DT-OPT,889,887,285.86063267701786,644.4105813181546,1.9122609673790776,9.855555555555556,136.89208298869835,7.463108214951299,0.28872493314401043,0.6194102868397131,0.0,0.0,0.11087299288524406,3.1254707506398396,6.098375461314584,20440.00000000001,0.19107378794810506,0.003474836146527681,98.08773903262092,0.0,99.8875140607424,0.1124859392575928,258.0,639.4799999999998,977.6329999999972,0.90625,99.32654139019122,0.9123945999890566,nan,1192.4665051865165,
10005,medium,clean,SemiGreedy,889,888,215.44607381402253,370.568962530396,0.0,9.866666666666667,314.78203753987407,15.005067717045232,0.2841379597445473,0.36292805529374805,0.0,0.0,0.10608653360333717,3.271089524898387,6.572956658756508,14600.000000000018,0.13648127710578942,0.0014533461304437288,100.0,0.0,68.39145106861642,31.608548931383577,254.8,562.8299999999999,891.3239999999995,0.796875,98.18708596800974,0.8115883999853395,nan,1340.581013749893,
10005,medium,clean,Fog-only,889,888,272.5947103384973,584.2437327360798,0.1124859392575928,9.866666666666667,143.59430366340905,7.421855479206286,0.2831406790376778,0.581049057404591,0.0,0.0,0.11167990638065331,3.193762872419874,6.152524919982231,16060.000000000011,0.1501294048163683,0.003659725893224847,99.8875140607424,0.0,100.0,0.0,24.8,43.79499999999996,70.11199999999971,0.40625,98.03706271451563,0.4143841000040993,nan,2625.5833657450585,
10005,medium,clean,DRL-OO,889,886,288.429744986652,682.9448396082494,2.3622047244094486,9.844444444444445,132.83217299876213,7.730118808666532,0.2861634045347161,0.5581956158997919,0.0,0.0,0.11209898606984435,3.150821948229564,5.85719257574171,11680.000000000011,0.10918502168463151,0.0021759178284197446,97.63779527559055,0.0,99.77502812148481,0.2249718785151856,293.7,570.6899999999997,823.9639999999962,0.78125,100.19582592653833,0.7797231000149623,nan,1395.3671501833435,501
10006,medium,clean,DT-KF-CostAware,849,848,282.2346213806165,611.7415516175909,1.2956419316843346,9.422222222222222,157.2955978653646,8.40360092492496,0.3188566418608375,0.6123361734650551,0.0,0.0,0.09052422706761798,2.867587536713308,5.7796741536768375,21900.00000000001,0.10789281779681688,0.003129590251193525,98.70435806831567,0.0,98.11542991755006,1.8845700824499412,228.14999999999998,432.15,636.8450000000004,0.65625,96.83058196815205,0.6777300999965519,nan,1558.142393270378,
10006,medium,clean,DT-OPT,849,848,298.7988025549797,720.0419312479422,1.7667844522968197,9.422222222222222,133.845309233516,7.204408594302104,0.28741592428314017,0.5829993859941343,0.0,0.0,0.09061971773072627,2.871454224036639,5.66190151765246,16059.999999999996,0.07912139971766566,0.0017758264429365248,98.23321554770318,0.0,99.64664310954063,0.35335689045936397,225.2,443.55,695.4250000000005,0.65625,96.12887377295822,0.6826773000066169,nan,1546.8509059694304,
10006,medium,clean,SemiGreedy,849,848,213.3559681404994,375.4859943488252,0.0,9.422222222222222,327.4288250707423,15.06089370687184,0.2912725343518666,0.3096999033531541,0.0,0.0,0.08596957544804973,2.962924787068937,5.926351410979557,17520.000000000015,0.08631425423745354,0.002218420673922233,100.0,0.0,64.78209658421673,35.217903415783276,312.45,850.375,1386.9550000000056,1.015625,95.64336187805749,1.0618875999934971,nan,994.4555337179441,
10006,medium,clean,Fog-only,849,848,287.7353919711728,653.1771840948559,0.11778563015312132,9.422222222222222,139.90756869295925,7.1586188054220745,0.2892768822215038,0.5432612111688626,0.0,0.0,0.09153481423504482,2.813740061538651,5.504890259833691,8760.000000000015,0.0431571271187268,0.002139288730050173,99.88221436984688,0.0,100.0,0.0,27.1,50.15,87.61500000000002,0.421875,97.30572414718638,0.4335562000051141,nan,2435.67039287535,
10006,medium,clean,DRL-OO,849,847,302.16600676600046,779.741127512987,1.5312131919905771,9.411111111111111,125.777430992702,7.357382889074475,0.28518496613712585,0.5464329757060057,0.0,0.0,0.09196003269112465,2.8937800752962084,5.648399852231501,18980.000000000007,0.09350710875724129,0.004091840675494371,98.46878680800943,0.0,99.41107184923439,0.5889281507656066,298.75,590.275,886.0250000000004,0.75,97.41328756748196,0.7699154999572784,nan,1371.579088950146,502
10007,medium,clean,DT-KF-CostAware,930,927,267.31228154752506,550.02185328767,1.1827956989247312,10.3,166.3385793391569,9.974780190864864,0.30964455294161347,0.7249383701711628,0.0,0.0,0.09167231017894079,2.9614093113495628,5.698251713838492,2920.0000000000964,0.041595666757171856,0.0008466302245032527,98.81720430107526,0.0,98.17204301075269,1.8279569892473118,228.4,429.84999999999997,736.2749999999976,0.71875,98.90086906225493,0.7267377999960445,nan,1576.909856630875,
10007,medium,clean,DT-OPT,930,927,292.650535824532,643.0358357369676,2.5806451612903225,10.3,125.27581382201316,8.546563083852945,0.28335277395402536,0.6256581821358884,0.0,0.0,0.09212361432012357,3.0486107994375873,5.866368755146322,5840.000000000012,0.08319133351434113,0.0022189483999776054,97.41935483870968,0.0,100.0,0.0,233.65,485.70000000000005,750.6349999999989,0.75,93.7858261868137,0.7996943999896757,nan,1433.0474241345134,
10007,medium,clean,SemiGreedy,930,928,217.35669714783415,350.8358411190076,0.0,10.311111111111112,322.8586525733985,16.56343595697767,0.2853122199677103,0.39895441991319713,0.0,0.0,0.08232223898079763,3.136370576040172,6.198291749396463,5840.000000000061,0.08319133351434183,0.001749635970064383,100.0,0.0,65.6989247311828,34.30107526881721,245.5,513.7249999999999,780.4899999999996,0.8125,100.76791976060875,0.8063082000007853,nan,1421.2927513311706,
10007,medium,clean,Fog-only,930,927,272.5310385376944,566.6216910630087,0.0,10.3,140.4711632042515,9.041888742430281,0.2762784797244773,0.594204471906756,0.0,0.0,0.09153456812302684,2.9029548789013053,5.750061121547504,8760.000000000018,0.12478700027151171,0.0027237816468217795,100.0,0.0,100.0,0.0,24.8,45.55,67.35499999999963,0.40625,95.85572916878732,0.4238139999797568,nan,2704.0163846752066,
10007,medium,clean,DRL-OO,930,927,289.3333687964296,647.2286090032716,1.8279569892473118,10.3,127.70964761846942,8.802997397390119,0.2819967886092248,0.571341093682682,0.0,0.0,0.09157848965258306,2.9881650022711885,5.726813911438665,4380.0000000000055,0.06239350013575579,0.0018775869520377651,98.17204301075269,0.0,100.0,0.0,293.3,571.2,879.9199999999973,0.828125,99.55164044941233,0.8318546999944374,nan,1377.6444371927732,503
10008,medium,clean,DT-KF-CostAware,909,904,274.07514327791523,577.1864443709197,2.09020902090209,10.044444444444444,158.519365281295,9.628580666590462,0.3195849346188744,0.7119152207335823,0.0,0.0,0.09933648971697584,2.8430314656709363,5.6976941260763025,17520.000000000036,0.1569189993440216,0.0031957514464477192,97.9097909790979,0.0,97.57975797579758,2.42024202420242,227.5,445.2,723.7939999999999,0.71875,99.25431184583145,0.7241499000228941,nan,1545.2601732937098,
10008,medium,clean,DT-OPT,909,904,296.4278944540031,673.5961467129782,3.08030803080308,10.044444444444444,123.29478478966422,7.856339193214575,0.29232585739985456,0.6248651274851793,0.0,0.0,0.10167134930426892,2.716769580197859,5.396377453380094,20440.000000000004,0.1830721659013582,0.005176058857212784,96.91969196919692,0.0,99.8899889988999,0.11001100110011001,226.2,494.14,723.5459999999999,0.734375,98.82856441360524,0.7430797000415623,nan,1505.8949934137772,
10008,medium,clean,SemiGreedy,909,905,217.8176432384538,359.027467571191,0.0,10.055555555555555,322.25312694883445,15.945751257563085,0.29083973330795054,0.35971234997419804,0.0,0.0,0.09439351875668,2.944923816189173,6.144855686381324,16060.000000000015,0.14384241606535295,0.0022461016093296353,100.0,0.0,64.9064906490649,35.09350935093509,241.1,516.68,764.2639999999997,0.75,96.37091545862384,0.7782431000377983,nan,1437.8540586426677,
10008,medium,clean,Fog-only,909,905,280.3322680700669,608.4395717936359,0.0,10.055555555555555,122.91772491142162,7.949760755070874,0.2859386147936394,0.5997933375905887,0.0,0.0,0.10146158859214395,2.7910332584576234,5.528084906197322,18980.00000000047,0.1699955826226939,0.004335287305904134,100.0,0.0,100.0,0.0,25.1,48.1,80.8839999999996,0.4375,101.15461929004374,0.4325061999843456,nan,2587.2461482413473,
10008,medium,clean,DRL-OO,909,905,295.6281623332757,644.7960801303295,2.75027502750275,10.055555555555555,119.26601688212278,8.099764460057777,0.2906394552049495,0.5803754960967082,0.0,0.0,0.10190509474451781,2.7796306777824706,5.618828419463602,17520.000000000477,0.15691899934402553,0.004433379487770384,97.24972497249725,0.0,99.77997799779978,0.22002200220022003,298.7,590.4799999999996,978.6319999999995,0.8125,98.07683695381792,0.8284321000101045,nan,1350.744376016274,504
10009,medium,clean,DT-KF-CostAware,867,865,268.2074054656416,538.4379211214904,0.8073817762399077,9.61111111111111,149.45122822252583,8.267775574391306,0.3271924825597898,0.7107803413099437,0.0,0.0,0.10010835576467682,2.9862896045649325,5.882253850874847,7300.0000000000055,0.1648648966048673,0.0033958368058665373,99.19261822376009,0.0,97.80853517877739,2.1914648212226067,228.5,434.7,711.4200000000022,0.6875,100.95981579067117,0.6809639999992214,nan,1558.0853026022126,
10009,medium,clean,DT-OPT,867,864,290.3158346441242,611.9522040672865,1.9607843137254901,9.6,119.80770784295251,6.564224038847379,0.29942594755505647,0.6188619180262634,0.0,0.0,0.10101196487432341,2.9708895097547563,5.688648258305137,7300.0000000000655,0.16486489660486864,0.0023219334141396392,98.03921568627452,0.0,100.0,0.0,225.2,480.8,781.58,0.71875,101.16296237719108,0.7104873000062071,nan,1493.3412602740834,
10009,medium,clean,SemiGreedy,867,865,213.7020905673857,328.2973210669079,0.0,9.61111111111111,303.2993175993572,14.673328398826175,0.30032216710934456,0.3465898365235776,0.0,0.0,0.08744057182723833,3.2371244154001193,6.270506442946928,1460.0000000000023,0.03297297932097349,0.0007616077388685025,100.0,0.0,62.745098039215684,37.254901960784316,243.2,521.6,765.9600000000008,0.75,100.81868807234325,0.7439097000169568,nan,1426.2483739300824,
10009,medium,clean,Fog-only,867,864,275.3532333571588,564.5761674091116,0.0,9.6,127.28035766548025,7.1000169838946805,0.2990351778913694,0.5875552533151989,0.0,0.0,0.09877791857885918,3.0556026515552603,6.030441472132615,5840.000000000081,0.13189191728389557,0.002188779046826368,100.0,0.0,100.0,0.0,25.2,45.7,59.020000000000024,0.40625,99.68385801840941,0.40753839997341856,nan,2603.43565187772,
10009,medium,clean,DRL-OO,867,864,289.786088667182,607.9276097305396,2.6528258362168398,9.6,120.23330693471371,7.027892683991702,0.3029746681774751,0.6108645272791547,0.0,0.0,0.09794075273944236,3.064525073856864,5.834826385619637,10220.000000000011,0.23081085524681427,0.0037996165047108565,97.34717416378317,0.0,100.0,0.0,298.6,582.3,882.9400000000002,0.78125,101.12137620075441,0.772586399980355,nan,1373.3091859072053,505
10010,medium,clean,DT-KF-CostAware,890,889,260.46168202072215,522.3083128656817,0.5617977528089888,9.877777777777778,170.25500253481158,9.585595069743563,0.3123379804941925,0.7103147541977329,0.0,0.0,0.10347069229726272,3.0523308367772115,5.797421653085479,18980.000000000025,0.16094392850901243,0.0030616493529225025,99.43820224719101,0.0,97.41573033707866,2.5842696629213484,228.5,411.135,723.2869999999997,0.671875,97.02433669537517,0.6924809000338428,nan,1579.8269669914857,
10010,medium,clean,DT-OPT,890,890,288.44267121424974,599.8691868441256,2.4719101123595504,9.88888888888889,132.35166239683014,7.706984158011923,0.285855716070428,0.6322770328650517,0.0,0.0,0.10695426320896088,3.195591561612477,6.301753222697386,16060.000000000002,0.13618332412301037,0.003149168573014944,97.52808988764045,0.0,99.88764044943821,0.11235955056179775,227.4,468.92999999999984,749.698,0.734375,99.94240596086844,0.7347981999628246,nan,1488.8441480332265,
10010,medium,clean,SemiGreedy,890,890,216.63460886831388,344.4500000685724,0.0,9.88888888888889,317.89155993172534,15.4941756696669,0.2881140371526248,0.3466298309420087,0.0,0.0,0.09694450966290229,3.253660692447243,6.189929154187878,14600.000000000016,0.12380302193000954,0.0010941980197650167,100.0,0.0,66.17977528089888,33.82022471910113,247.4,535.5899999999999,768.114,0.796875,100.95343112823709,0.7893490999704227,nan,1385.9520458577742,
10010,medium,clean,Fog-only,890,888,273.7345733988069,549.1098165875215,0.11235955056179775,9.866666666666667,138.7821996086261,7.937299292728973,0.2806648051758382,0.5704826947563375,0.0,0.0,0.10423817421545102,3.09938563744493,5.852520746043885,16059.999999999945,0.1361833241230099,0.003405159643886198,99.88764044943821,0.0,100.0,0.0,25.15,45.9,61.313999999999986,0.375,92.60073231364117,0.40496439998969436,nan,2701.472030696625,
10010,medium,clean,DRL-OO,890,890,289.0029960861153,641.1802458602727,2.359550561797753,9.88888888888889,126.99273019153277,8.191556975031427,0.2843289360167746,0.5842907373563524,0.0,0.0,0.10376243095966779,3.0776137885687906,5.847802120568921,18980.000000000036,0.16094392850901254,0.004664629162166659,97.64044943820225,0.0,99.88764044943821,0.11235955056179775,295.3,561.4849999999999,887.8209999999993,0.765625,97.10863902483733,0.7884211000055075,nan,1387.583361216941,501
10011,medium,clean,DT-KF-CostAware,926,924,277.3060969278385,541.8178643531882,2.591792656587473,10.266666666666667,149.90670507941235,8.81001643043653,0.3271401863375633,0.6039688063479758,0.0,0.0,0.10139930815945208,3.207348240240666,6.167146688670173,14599.999999999543,0.16805939172859494,0.0009458926181700791,97.40820734341253,0.0,98.16414686825054,1.83585313174946,226.9,414.34,687.2319999999988,0.6875,97.68209967988878,0.7038137000054121,nan,1584.2260529901962,
10011,medium,clean,DT-OPT,926,924,296.8648756781075,629.5306764782209,3.239740820734341,10.266666666666667,127.82856715056256,7.613578990948871,0.2990839312030085,0.5705751903519228,0.0,0.0,0.0992141298505963,3.1496526771298456,6.10462342902682,23359.999999999538,0.268895026765755,0.0033369120348732914,96.76025917926566,0.0,99.78401727861771,0.2159827213822894,222.8,418.86,641.9179999999978,0.6875,97.21223588153333,0.7072154999477789,nan,1576.605716478686,
10011,medium,clean,SemiGreedy,926,924,217.23139279080064,347.05260790192585,0.0,10.266666666666667,314.20567545863116,15.245751282863184,0.2881023298594541,0.3474117426139209,0.0,0.0,0.09788629004475954,3.282197870676944,6.323728535438636,23359.99999999954,0.26889502676575505,0.002458071665941449,100.0,0.0,64.47084233261339,35.529157667386606,237.5,502.33999999999975,758.8359999999998,0.765625,100.3971958882139,0.762596000044141,nan,1462.110999710805,
10011,medium,clean,Fog-only,926,924,281.2814895283477,560.8895402602432,0.0,10.266666666666667,125.29675044931639,7.550784923796779,0.2932471543957256,0.5796580342400278,0.0,0.0,0.10020787124489097,3.20756619185735,6.175295988951703,7300.000000000023,0.08402969586430037,0.0022988052048752853,100.0,0.0,100.0,0.0,25.4,44.4,70.56399999999977,0.421875,100.03537844498665,0.42172579996986315,nan,2643.898002160832,
10011,medium,clean,DRL-OO,926,924,294.82398543780965,622.6749727908469,2.4838012958963285,10.266666666666667,123.15716530543673,7.6756497939490975,0.2958034893523609,0.5364224752515583,0.0,0.0,0.10054773508720262,3.2317257863227544,6.1054009237349876,11680.000000000007,0.13444751338288025,0.002596037877911711,97.51619870410367,0.0,99.35205183585313,0.6479481641468683,295.5,577.3799999999997,905.6599999999999,0.8125,99.45196763231176,0.8169773000408895,nan,1364.7870019695706,502
10012,medium,clean,DT-KF-CostAware,860,857,270.4712242601982,557.231135935699,1.0465116279069768,9.522222222222222,160.48158999260056,9.22420458983048,0.3251024026288688,0.8186377032037266,0.0,0.0,0.10537421247968884,3.003149275092119,5.854860202741867,5840.000000000037,0.07351756364808297,0.00037950191267130797,98.95348837209302,0.0,96.86046511627907,3.13953488372093,227.2,425.76,702.6120000000001,0.65625,95.22709467472208,0.6891420999891125,nan,1562.8126623188675,
10012,medium,clean,DT-OPT,860,857,298.80806326256663,683.3551355163463,1.627906976744186,9.522222222222222,116.5295529911199,7.395187248957112,0.2971622623441168,0.6448582190320518,0.0,0.0,0.10750922498453289,2.963753033425341,5.955074440240829,11680.000000000047,0.14703512729616558,0.0026251526402183184,98.37209302325581,0.0,99.4186046511628,0.5813953488372093,217.7,381.82,647.9240000000002,0.640625,100.12273386353695,0.6398397000157274,nan,1683.234097498994,
10012,medium,clean,SemiGreedy,860,857,215.68578951045495,368.48004831896543,0.0,9.522222222222222,313.2773233614916,15.25711261303522,0.30025684983222695,0.3414708998267947,0.0,0.0,0.09411935204516471,3.5864029922185847,7.156291444421119,8760.00000000004,0.11027634547212425,0.0014516402429278724,100.0,0.0,66.51162790697674,33.48837209302326,227.7,373.13999999999993,585.2800000000001,0.640625,99.08289260650281,0.6465546000399627,nan,1665.7525906295184,
10012,medium,clean,Fog-only,860,857,275.6049253225015,613.9997412015297,0.0,9.522222222222222,138.50072625762328,7.842925248018797,0.29624426966881967,0.5741291704449517,0.0,0.0,0.10668722788065416,3.0924886116567825,6.263947942869242,7300.00000000001,0.09189695456010326,0.001347761443920351,100.0,0.0,100.0,0.0,25.5,39.97999999999997,62.08400000000002,0.359375,91.75634213869102,0.3916622999822721,nan,2749.817891711172,
10012,medium,clean,DRL-OO,860,857,289.81866653463914,704.4016382554519,1.1627906976744187,9.522222222222222,127.9138586274164,8.000611266575126,0.29524473801784507,0.5715863908194602,0.0,0.0,0.1044481938924844,3.1874503066307827,6.247982573360367,13140.00000000001,0.16541451820818576,0.0032486568722346516,98.83720930232558,0.0,98.13953488372093,1.8604651162790697,297.4,478.41999999999973,680.5960000000001,0.75,101.5132100454542,0.7388201000285335,nan,1457.7296962527223,503
10013,medium,clean,DT-KF-CostAware,948,942,289.175174509306,565.1869751414174,1.0548523206751055,10.466666666666667,156.80985249022177,9.939332929346598,0.3309668031073513,0.6471204341589248,0.0,0.0,0.10072844322220681,3.176795062519247,6.522066128389611,5840.000000000015,0.04587285317600003,0.0007063562264939866,98.94514767932489,0.0,97.25738396624473,2.742616033755274,220.3,346.07000000000005,487.7470000000007,0.6875,101.64539875175015,0.6763710000086576,nan,1717.9920487204897,
10013,medium,clean,DT-OPT,948,942,318.71077963454,670.5226833244133,3.059071729957806,10.466666666666667,122.88881548880609,8.272121527141223,0.3007448779517758,0.6333803997642387,0.0,0.0,0.10293135337095319,3.255759197521154,6.268490781601183,7300.000000000032,0.057341066470000146,0.001762076396205195,96.94092827004219,0.0,99.89451476793249,0.10548523206751055,226.55,394.0200000000001,546.1280000000005,0.703125,99.02488391743302,0.7100488000432961,nan,1636.5072371492574,
10013,medium,clean,SemiGreedy,948,944,220.67991868474112,358.3870421982701,0.0,10.488888888888889,341.67483260881266,17.1666885364765,0.2933255062477656,0.32701494619520544,0.0,0.0,0.08993500899035896,3.215158396984164,6.354871201234068,4380.000000000007,0.034404639881999995,0.00042717041337372787,100.0,0.0,62.34177215189873,37.65822784810127,228.55,374.13000000000017,511.7570000000026,0.6875,99.93033220029683,0.6879793000407517,nan,1689.0043056981078,
10013,medium,clean,Fog-only,948,943,306.01691292486703,633.6371076203575,0.10548523206751055,10.477777777777778,122.65248903105658,8.33883013942706,0.3000145452292049,0.6282101095845508,0.0,0.0,0.10364939797882458,3.207278764295447,6.39888278491714,13140.000000000022,0.10321391964599999,0.002865392474779256,99.89451476793249,0.0,100.0,0.0,25.3,50.4,68.40300000000077,0.46875,96.31773448027901,0.48667050001677126,nan,2387.65242594313,
10013,medium,clean,DRL-OO,948,943,314.64182350177316,688.9982443680143,2.6371308016877637,10.477777777777778,126.39550902365819,8.761858088364438,0.3006972281181314,0.567625997911899,0.0,0.0,0.10251308016526843,3.2250102920499857,6.20371835273734,13140.000000000242,0.10321391964600173,0.002824933215933587,97.36286919831224,0.0,98.41772151898734,1.5822784810126582,628.55,1582.49,2802.8380000000075,1.5625,85.69342156768937,1.8233605000423267,nan,637.2848375145924,504
10014,medium,clean,DT-KF-CostAware,904,902,285.1462103852213,575.7818136420823,1.1061946902654867,10.022222222222222,152.4146163134852,9.977343515326853,0.3277636618040262,0.8551942559968329,0.11061946902654868,0.0,0.09966305322664012,3.0885861373785284,5.9911957782441805,10220.000000000005,0.0703824805747453,0.001760064746185275,98.89380530973452,0.0,96.570796460177,3.3185840707964602,216.9,283.05,376.82500000000016,0.625,101.99069518319557,0.6128010000102222,nan,1804.8273419618288,
10014,medium,clean,DT-OPT,904,903,312.5080369287196,747.9883844062081,2.9867256637168142,10.033333333333333,115.09896808707185,8.0511189069532,0.30031268171059305,0.6645209403592783,0.0,0.0,0.09983210242940051,3.0422943261440216,6.077411337773891,13140.00000000001,0.09049103784061119,0.0030331371098450844,97.01327433628319,0.0,99.5575221238938,0.4424778761061947,197.6,254.125,329.985,0.5625,100.00817844677447,0.5624539999989793,nan,1966.3830286601342,
10014,medium,clean,SemiGreedy,904,903,228.45857703914945,390.0467682863972,0.0,10.033333333333333,317.3435266842363,16.456741021367527,0.3060646508583551,0.37157019920025064,0.0,0.0,0.08670424233604347,3.5014646172073034,7.007377987322964,7300.000000000005,0.050272798800339545,0.0004757897529196144,100.0,0.0,62.942477876106196,37.057522123893804,202.9,254.375,345.2800000000001,0.5625,101.22907393030182,0.5556703999754973,nan,1990.388546967357,
10014,medium,clean,Fog-only,904,903,297.5115180690971,634.147223953738,0.11061946902654868,10.033333333333333,113.64560172627553,8.516485132222845,0.30121724432638275,0.6282312642147889,0.0,0.0,0.09863982269957304,3.0890525378494744,6.148937867412072,17520.000000000025,0.120654717120815,0.005739392528589645,99.88938053097345,0.0,100.0,0.0,22.3,29.525,42.59000000000001,0.34375,102.52352523178813,0.3352889000088908,nan,3298.647822730405,
10014,medium,clean,DRL-OO,904,903,308.8640999388786,690.3903324344413,2.6548672566371683,10.033333333333333,113.19788884227222,8.379028301556124,0.30353562528151173,0.6452599559288474,0.0,0.0,0.0984250987500371,3.1233450294243,6.2279200804533765,23360.000000000004,0.1608729561610865,0.006230217431005615,97.34513274336283,0.0,99.5575221238938,0.4424778761061947,261.7,342.775,447.27000000000004,0.640625,100.6222598281214,0.6366633000434376,nan,1737.1819608960354,505
10015,medium,clean,DT-KF-CostAware,923,918,284.0512767215566,588.437322193603,1.0834236186348862,10.2,144.71358800128613,8.947135343667114,0.3211978387057761,0.7742823733184797,0.0,0.0,0.10927208727135418,3.203330962175505,6.195957298707101,24820.00000000002,0.1968408237399869,0.004204672445065379,98.91657638136512,0.0,98.1581798483207,1.8418201516793067,213.1,366.94499999999994,419.7170000000004,0.640625,99.54938799255054,0.6435248000198044,nan,1762.1698494993532,
10015,medium,clean,DT-OPT,923,918,303.1295392032882,677.7372382415706,2.275189599133261,10.2,121.19334651648957,7.234703690258611,0.28708766667966057,0.6714263585203355,0.0,0.0,0.10936699051619096,3.3543096834976245,6.700595124471529,10220.0000000001,0.08105210389293652,0.0021355473181629654,97.72481040086674,0.0,99.89165763813651,0.10834236186348863,200.1,258.835,345.22500000000053,0.578125,99.8050424412148,0.5792543000425212,nan,1957.6893946523257,
10015,medium,clean,SemiGreedy,923,919,218.5920298069124,364.7480525749706,0.0,10.21111111111111,326.8361711935053,16.28309391687908,0.28898107198577166,0.3458904109589041,0.0,0.0,0.10345475274931448,3.2628089902412643,6.448597665569536,20440.000000000004,0.16210420778587148,0.003425120036889072,100.0,0.0,65.98049837486457,34.019501625135426,296.4,554.41,751.7740000000009,0.875,93.96439319032062,0.9312037999625318,nan,1217.7785357465552,
10015,medium,clean,Fog-only,923,918,284.0231240625495,612.4582429959966,0.0,10.2,126.54920978234624,7.928765178828866,0.288080401141917,0.5938155313535818,0.0,0.0,0.11079891060273714,3.5056236822652296,6.7273115397988414,11680.000000000493,0.09263097587764474,0.0035409512691723663,100.0,0.0,100.0,0.0,27.6,46.16999999999998,56.267,0.4375,99.35454744316208,0.4403421999886632,nan,2575.269869726761,
10015,medium,clean,DRL-OO,923,918,298.98546465224575,678.2849822507102,1.9501625135427951,10.2,123.43063530289176,8.026825225140467,0.2872685024481805,0.6193379085790354,0.0,0.0,0.1095643446390381,3.392852807046896,6.658723979014739,14600.000000000007,0.11578871984705108,0.003914112765595457,98.0498374864572,0.0,99.0249187432286,0.9750812567713976,277.9,441.9149999999999,560.3030000000008,0.703125,98.73882522373212,0.7121058999910019,nan,1592.4597732083516,501
10016,medium,clean,DT-KF-CostAware,903,898,291.8177004022563,558.4334941633489,1.2181616832779623,9.977777777777778,135.15822268720552,8.233235800968917,0.34160981828135106,0.7465279436826094,0.0,0.0,0.10252743005375412,3.0143363612587883,6.0631995034362705,8760.00000000001,0.18590330863323526,0.002579414004657921,98.78183831672204,0.0,96.4562569213732,3.5437430786267994,216.9,391.6299999999999,428.1,0.640625,100.16240185146569,0.6395863000070676,nan,1693.2820480801927,
10016,medium,clean,DT-OPT,903,898,326.4806518433364,697.2166365589046,3.654485049833887,9.977777777777778,92.44900697635055,6.140695699949783,0.31102842563490896,0.6452140461376962,0.0,0.0,0.10378022121180966,3.027505459053112,5.9166981566977634,4380.000000000021,0.09295165431661798,0.0008857313264677572,96.34551495016612,0.0,100.0,0.0,206.1,300.08999999999975,457.86800000000017,0.59375,99.5847379334797,0.596225899993442,nan,1816.42561990667,
10016,medium,clean,SemiGreedy,903,899,227.64697801729662,362.8968979724248,0.0,9.988888888888889,316.16916132733274,15.344616573104576,0.30362164333815483,0.3426798224620339,0.0,0.0,0.09293312144122706,3.173881385067936,6.1337034835790085,8760.000000000002,0.1859033086332351,0.0010044921868785739,100.0,0.0,55.81395348837209,44.18604651162791,207.5,259.75999999999993,365.318,0.5625,101.09546143753202,0.5564047999796458,nan,1946.42461754395,
10016,medium,clean,Fog-only,903,899,309.47688149887546,659.4933551071664,0.0,9.988888888888889,94.01036358717694,6.146410278252153,0.30754780955430977,0.6543798539994689,0.0,0.0,0.10516520638138425,2.9714202233645715,5.78177680722396,7300.00000000002,0.15491942386102964,0.0021889231548159003,100.0,0.0,100.0,0.0,22.3,31.38999999999985,41.036000000000016,0.34375,103.94381742480748,0.33070749999023974,nan,3274.797215158298,
10016,medium,clean,DRL-OO,903,898,317.2285519719208,722.9177828832063,2.990033222591362,9.977777777777778,101.14019479161045,6.748390071410241,0.30872070146534214,0.6097823855471156,0.0,0.0,0.10399975997593836,3.043046063622087,6.1964132320594265,8760.00000000001,0.18590330863323526,0.002421089233662594,97.00996677740864,0.0,97.12070874861573,2.8792912513842746,265.7,349.3499999999998,458.9280000000003,0.640625,101.21201636040884,0.6329535000259057,nan,1711.0261653591847,502
10017,medium,clean,DT-KF-CostAware,858,854,273.92751515196505,545.6748410339897,1.2820512820512822,9.488888888888889,165.66355136299242,10.309176954018442,0.3265485314963578,0.78135762501722,0.0,0.0,0.10066160858658814,3.0980390521156047,6.218791463630036,16059.999999999944,0.1291868380330873,0.0017924806295973412,98.71794871794872,0.0,96.62004662004662,3.37995337995338,216.5,363.01,411.6080000000002,0.59375,98.36348019386651,0.6036284999572672,nan,1754.3903246367095,
10017,medium,clean,DT-OPT,858,854,302.6231696589875,682.0669317229779,2.797202797202797,9.488888888888889,120.51456036923152,8.332245625612401,0.298375286473549,0.6529764084228966,0.0,0.0,0.10070234884801883,3.206666075653314,6.351611914714858,14600.000000000011,0.11744258003007987,0.0035448045980900405,97.2027972027972,0.0,99.88344988344988,0.11655011655011654,198.2,250.25999999999993,326.37400000000036,0.53125,99.41297224270082,0.5343870000215247,nan,1981.7098843297913,
10017,medium,clean,SemiGreedy,858,855,221.4305967764902,366.737622960236,0.0,9.5,310.48975348945487,15.960371188904437,0.2978675266823681,0.3479918959405268,0.0,0.0,0.08972228280941816,3.522181487559902,6.5955356473043665,13139.999999999945,0.10569832202707137,0.0012901829569119975,100.0,0.0,63.86946386946387,36.13053613053613,203.4,261.36999999999983,346.4080000000002,0.53125,99.49873240830293,0.5339264000067487,nan,1983.419437560335,
10017,medium,clean,Fog-only,858,854,288.5843720840575,637.2176373863084,0.11655011655011654,9.488888888888889,124.34820020886261,8.741453561112879,0.29581100065195387,0.6128788286229059,0.0,0.0,0.09786232458229532,3.26015125690954,6.388033791479427,17520.000000000007,0.1409310960360958,0.005111058573802352,99.88344988344988,0.0,100.0,0.0,22.0,27.2,40.64200000000001,0.328125,102.64709857010288,0.31966320000356063,nan,3312.861786993949,
10017,medium,clean,DRL-OO,858,854,305.47623251038397,693.4262177493024,3.1468531468531467,9.488888888888889,120.81075588012045,8.787535876517781,0.30229700903489554,0.580049197806009,0.0,0.0,0.09863392265772586,3.2542183905098745,6.336979549356827,11680.000000000011,0.09395406402406392,0.0029664713742885013,96.85314685314685,0.0,99.53379953379954,0.4662004662004662,256.5,344.78999999999985,428.6360000000001,0.59375,98.78807209226278,0.6010340999928303,nan,1761.9632563487376,503
10018,medium,clean,DT-KF-CostAware,906,901,290.8430243713656,566.5875445012381,0.9933774834437086,10.011111111111111,153.9993656983044,10.052962713236747,0.33624275234448314,0.714434040625236,0.0,0.0,0.10170900235109838,3.1376218984534723,6.13706491069577,11680.00000000001,0.10019317209266744,0.0011995146898272418,99.00662251655629,0.0,96.57836644591612,3.4216335540838854,204.3,353.6799999999997,390.007,0.578125,99.18852846449394,0.5828546999837272,nan,1876.968651072975,
10018,medium,clean,DT-OPT,906,901,331.7267295646188,778.7449715926239,3.863134657836645,10.011111111111111,101.5876068889997,7.5354052633369415,0.31159983028732036,0.6435435893524522,0.0,0.0,0.10149152726944469,3.0469047754311895,6.147249002255672,10220.000000000122,0.08766902558108498,0.0022080052369942713,96.13686534216336,0.0,99.8896247240618,0.11037527593818984,210.14999999999998,362.58999999999986,410.01899999999927,0.625,100.9744274588748,0.6189685999997891,nan,1767.4563782401444,
10018,medium,clean,SemiGreedy,906,903,231.30436332055027,374.4120593820508,0.0,10.033333333333333,337.052979152318,16.809361408569277,0.3049718013925015,0.3628681314121516,0.0,0.0,0.09599649716343793,3.5387317219140093,7.00993771826244,10220.000000000062,0.08766902558108447,0.0008299265101968405,100.0,0.0,58.609271523178805,41.390728476821195,204.3,286.47499999999997,378.9769999999999,0.5625,99.95019370101488,0.5627803000388667,nan,1943.9202117139605,
10018,medium,clean,Fog-only,906,901,313.7515358976391,701.4499250000341,0.11037527593818984,10.011111111111111,106.490079907821,7.92853780013699,0.30533848029737237,0.6591647991165676,0.0,0.0,0.10267181947965483,3.0818191373053057,6.078826358693797,5840.00000000057,0.05009658604633857,0.0014768275047298894,99.8896247240618,0.0,100.0,0.0,22.8,27.534999999999993,40.62099999999998,0.34375,99.8126570801847,0.3443952000234276,nan,3176.58318096646,
10018,medium,clean,DRL-OO,906,901,325.354511932028,764.8192025421512,2.759381898454746,10.011111111111111,102.1405405674403,7.842993653264717,0.30853558160370587,0.6144492470293552,0.0,0.0,0.10199874500088796,3.1178326084002004,6.068232358612967,13140.000000000036,0.1127173186042511,0.003118338417489346,97.24061810154525,0.0,99.55849889624724,0.44150110375275936,263.75,373.6099999999998,524.3439999999995,0.625,96.150917249067,0.650019799999427,nan,1683.025655527669,504
10019,medium,clean,DT-KF-CostAware,906,904,284.5208246458185,556.2982868491915,1.5452538631346577,10.044444444444444,151.37960271500936,9.375930529899852,0.32309136066742034,0.7685541869396189,0.0,0.0,0.10285161805598164,3.098134468175032,6.203460649691917,13140.000000000002,0.11519038586324677,0.0019400069869685544,98.45474613686534,0.0,97.68211920529801,2.3178807947019866,204.6,263.775,340.45500000000015,0.546875,97.79179641067803,0.5592238000244834,nan,1941.9774336365044,
10019,medium,clean,DT-OPT,906,904,303.3045061893027,670.9332579565875,1.8763796909492274,10.044444444444444,115.75746970749341,7.489648505390641,0.29084874015315915,0.6315634158885164,0.0,0.0,0.10593549727593002,3.223225944372999,6.395659145839462,16060.00000000002,0.14078824938841286,0.002446572073730542,98.12362030905078,0.0,99.8896247240618,0.11037527593818984,199.9,251.9,348.20500000000027,0.546875,98.75384609811981,0.5537758999853395,nan,1961.0820912010624,
10019,medium,clean,SemiGreedy,906,904,222.8243843301003,349.40704909327104,0.0,10.044444444444444,317.26940070351407,15.862864806268053,0.28871810145623716,0.33287110406761755,0.0,0.0,0.10000695690005315,3.30395262428965,6.63082497898513,16060.00000000001,0.14078824938841278,0.0017878176506772616,100.0,0.0,62.803532008830025,37.196467991169975,204.9,275.75,363.43,0.546875,98.3225785985296,0.5562049000291154,nan,1952.517857974915,
10019,medium,clean,Fog-only,906,904,291.875245400342,591.2965836998776,0.0,10.044444444444444,122.66442087417244,7.7563671440143045,0.2853814789001181,0.6212869480598467,0.0,0.0,0.10414278019966891,3.051858198444773,6.316273727066127,13140.000000000002,0.11519038586324677,0.0028608135674003565,100.0,0.0,100.0,0.0,21.9,31.7,41.080000000000105,0.296875,91.09179750434001,0.3259075000532903,nan,3332.233838811394,
10019,medium,clean,DRL-OO,906,904,306.6691117817634,671.5054592998247,2.3178807947019866,10.044444444444444,116.20952368334895,7.713717645105441,0.2898756620214633,0.5859103745196982,0.0,0.0,0.10487603650234972,3.0515255372732777,6.010987428716146,13140.000000000004,0.11519038586324679,0.003508410872653593,97.68211920529801,0.0,99.55849889624724,0.44150110375275936,257.8,335.45000000000005,445.79,0.625,101.24013496367786,0.6173440999700688,nan,1759.1485851288664,505
10020,medium,clean,DT-KF-CostAware,872,871,274.25781257188595,565.6881636681777,1.4908256880733946,9.677777777777777,149.29153453267173,8.545757181267012,0.3229539504891862,0.6296800450989289,0.0,0.0,0.10118445575811366,3.0316722934468117,5.905493862878189,13140.000000000035,0.13399709142690927,0.0025631995260630034,98.5091743119266,0.0,98.27981651376147,1.7201834862385321,201.1,237.86999999999998,313.47499999999917,0.53125,99.4123397338097,0.534390400047414,nan,1991.0537313275017,
10020,medium,clean,DT-OPT,872,871,295.87935952477716,687.5005762637716,2.86697247706422,9.677777777777777,119.85770131137835,7.219729213502157,0.2988735001841448,0.6102299992260262,0.0,0.0,0.09940387025632356,3.0776453928900898,6.062702360764961,16060.000000000004,0.16377422285511095,0.0032843133293250382,97.13302752293578,0.0,99.88532110091744,0.11467889908256881,197.7,253.51499999999984,334.6509999999998,0.546875,102.17142417765889,0.535252399975434,nan,1987.8472288005314,
10020,medium,clean,SemiGreedy,872,872,218.5555780330978,360.94768994737086,0.0,9.688888888888888,318.7512441230302,15.485054304530648,0.2983954289736857,0.3671377247209626,0.0,0.0,0.09154134666224155,2.9553778610663595,5.696370271569949,14600.000000000033,0.14888565714101024,0.002253558939133189,100.0,0.0,63.87614678899082,36.12385321100918,204.4,285.93499999999995,361.4979999999994,0.546875,100.62478908180755,0.5434794000466354,nan,1957.7558963756478,
10020,medium,clean,Fog-only,872,871,281.57817081635386,619.5054349005729,0.0,9.677777777777777,131.10791299574316,7.448508695657739,0.294367871437855,0.5863520147901737,0.0,0.0,0.1020623945601939,2.9759880801688467,5.7137942391521745,13140.000000000484,0.13399709142691385,0.0021116936474012307,100.0,0.0,100.0,0.0,21.6,36.184999999999995,41.14799999999995,0.3125,98.01243330852593,0.31883709999965504,nan,3337.127329288691,
10020,medium,clean,DRL-OO,872,871,298.66275798805185,686.3808168525526,2.7522935779816513,9.677777777777777,118.2331259914163,7.424850450510843,0.2989527611529011,0.6010169745127627,0.0,0.0,0.10118591330947717,3.000675658964742,5.872306596122912,8760.000000000016,0.08933139428460611,0.0025611711511701,97.24770642201835,0.0,99.77064220183486,0.22935779816513763,262.9,330.1099999999998,435.08599999999916,0.625,102.11272034944275,0.6120687000220641,nan,1738.3669512289134,501
10021,medium,clean,DT-KF-CostAware,875,874,271.43473530873814,571.6147801800182,1.7142857142857142,9.71111111111111,169.54557283455267,8.440335103243168,0.3239189118983759,0.6918235124883596,0.0,0.0,0.09906477614629464,3.1874586102529503,6.307255167762622,10220.000000000007,0.11461582837861004,0.0019853301699526748,98.28571428571429,0.0,97.82857142857142,2.1714285714285713,201.1,240.16999999999996,319.908,0.53125,97.64734686589803,0.5440495999646373,nan,1990.6273252850365,
10021,medium,clean,DT-OPT,875,874,288.5237424394205,665.3235361431084,1.2571428571428571,9.71111111111111,143.94475091534787,6.986380848744745,0.29786251293977045,0.663529158327774,0.0,0.0,0.10136142460455083,3.1431348951033007,6.089602655774126,17520.000000000116,0.1964842772204755,0.0045543830050644475,98.74285714285715,0.0,100.0,0.0,199.6,247.69999999999973,330.9940000000002,0.546875,99.32635165363263,0.5505840000114404,nan,1967.00231023331,
10021,medium,clean,SemiGreedy,875,874,213.68260715248167,351.4566089308558,0.0,9.71111111111111,323.5906613956254,14.806790876249247,0.2971758193358875,0.34887597152107785,0.0,0.0,0.08995793465722705,3.2561459186226127,6.391643570283409,14600.000000000035,0.1637368976837289,0.002708052206357199,100.0,0.0,66.97142857142858,33.02857142857143,204.6,277.8799999999998,344.16200000000003,0.546875,98.98191836957294,0.5524998999899253,nan,1960.1813502948112,
10021,medium,clean,Fog-only,875,874,270.2366250600744,592.9506612249369,0.0,9.71111111111111,163.43785305939414,7.213949738693731,0.2949088042571948,0.5578864648211552,0.0,0.0,0.10010531367089727,3.069556797733492,5.9568554807459,11680.00000000003,0.13098951814698312,0.004387411249059904,100.0,0.0,100.0,0.0,21.7,24.7,39.572000000000024,0.3125,98.65709539432132,0.316753700026311,nan,3419.0602979855994,
10021,medium,clean,DRL-OO,875,874,293.04512232314,749.3230419069049,1.7142857142857142,9.71111111111111,142.4274663772764,8.149025128391196,0.2955488267025607,0.5990650836220791,0.0,0.0,0.09840173627761693,3.151487824339273,6.173088218558418,10219.999999999985,0.1146158283786098,0.0032959975640593424,98.28571428571429,0.0,98.05714285714286,1.9428571428571428,263.1,338.5799999999997,465.46000000000015,0.625,99.36252185075995,0.6290098000317812,nan,1721.7537786299683,502
10022,medium,clean,DT-KF-CostAware,847,841,283.3644441432687,566.3543715682422,1.5348288075560803,9.344444444444445,168.00315909489066,9.566701838031314,0.3380287344341815,0.6133265192622765,0.0,0.0,0.10481240624273432,3.0720531611469757,6.155919073334919,1460.0000000000066,0.021683546168725417,0.00024775784675307215,98.46517119244392,0.0,96.1038961038961,3.896103896103896,243.2,544.6800000000001,1265.5709999999935,0.734375,36.42480546308877,2.0161397999618202,nan,506.9092927084489,
10022,medium,clean,DT-OPT,847,841,311.6989734487165,721.4599151543568,2.243211334120425,9.344444444444445,116.38799024772182,7.336834501348648,0.30663677073821866,0.6254474549892115,0.0,0.0,0.10597762472616262,2.986151799069976,5.967425597169664,5840.000000000079,0.08673418467490245,0.001449973611419829,97.75678866587957,0.0,100.0,0.0,219.9,396.36999999999995,470.0009999999999,0.625,101.30827069211983,0.6169289000099525,nan,1656.5928423575435,
10022,medium,clean,SemiGreedy,847,842,219.00639413034796,375.65553456375505,0.0,9.355555555555556,321.3524516418603,15.511287223288608,0.29884311104346284,0.287232618083219,0.0,0.0,0.09325152985500051,2.9959737873534666,5.931231599225377,5840.000000000063,0.0867341846749022,0.0013543867997556746,100.0,0.0,62.33766233766234,37.66233766233766,211.1,283.59999999999985,370.72299999999984,0.53125,98.92159172463033,0.5370414999779314,nan,1903.0186680954769,
10022,medium,clean,Fog-only,847,841,300.3463599796179,690.9711283424421,0.0,9.344444444444445,126.88980671831972,7.612138359982541,0.30504071808489164,0.5587337976275493,0.0,0.0,0.10700941842317895,3.0865109758138347,5.9695120052668225,8760.000000000036,0.13010127701235244,0.0021467045503029652,100.0,0.0,100.0,0.0,22.8,30.194999999999993,43.052999999999976,0.328125,102.81186736348191,0.31915090000256896,nan,3202.2469621479167,
10022,medium,clean,DRL-OO,847,841,312.4490346751257,733.8263066249248,1.8890200708382527,9.344444444444445,122.15603327944595,7.650798939199952,0.3053571174958431,0.5073738230753821,0.0,0.0,0.10669669188518585,2.9826736166947847,5.828828632871303,10220.00000000004,0.1517848231810778,0.0017828609295219228,98.11097992916174,0.0,98.7012987012987,1.2987012987012987,329.4,663.49,761.1879999999998,0.875,101.22969201854968,0.8643709000316449,nan,1182.3628027766601,503
10023,medium,clean,DT-KF-CostAware,909,908,252.30623399252292,524.5668490644395,0.22002200220022003,10.088888888888889,147.10156858376774,8.566880078653437,0.2983625470325219,0.6820906279749647,0.0,0.0,0.09953561698585509,2.8772521067824823,5.543800822114451,5840.0000000000055,0.08199322151928955,0.0024149370444558897,99.77997799779978,0.0,98.8998899889989,1.1001100110011002,293.4,513.7099999999999,620.6560000000001,0.90625,97.84724190986618,0.9261886000167578,nan,1198.4600112546368,
10023,medium,clean,DT-OPT,909,908,273.57750008591614,564.6055936702804,1.9801980198019802,10.088888888888889,128.30278505925156,7.524335842594033,0.27281722445906725,0.5639967602118997,0.0,0.0,0.09964284185815149,3.020713541571762,6.040274877939331,7300.000000000011,0.10249152689911198,0.0017831367851198678,98.01980198019803,0.0,100.0,0.0,277.0,474.71,589.4790000000006,0.859375,99.13051221847519,0.866912700003013,nan,1280.405743272814,
10023,medium,clean,SemiGreedy,909,908,209.97589446035545,352.77553552673044,0.0,10.088888888888889,297.3075351079979,15.203484603155507,0.2767182647887863,0.38612010785127704,0.0,0.0,0.09150843334498643,3.3549340830297494,6.634738423867932,7300.0,0.10249152689911184,0.0010649644035354352,100.0,0.0,67.43674367436743,32.563256325632565,297.5,517.3,580.9100000000001,0.9375,100.13140444432554,0.9362697000033222,nan,1185.5558286208145,
10023,medium,clean,Fog-only,909,908,256.27807812359265,527.8215150988999,0.0,10.088888888888889,129.29771401276378,8.055507052766695,0.26689353828994533,0.5686837138978711,0.0,0.0,0.09637417878741836,2.898886717608199,5.5318591285967535,5840.000000000023,0.0819932215192898,0.0028121280956642527,100.0,0.0,100.0,0.0,31.2,55.10999999999999,58.49100000000001,0.53125,101.29547618457494,0.5244558000122197,nan,2116.479596515354,
10023,medium,clean,DRL-OO,909,908,271.2859932452707,570.0401444859806,2.31023102310231,10.088888888888889,127.05945037337665,8.051360563264643,0.27462905355714246,0.5498068756535285,0.0,0.0,0.09572673835515702,2.985016276336991,5.997727972457548,5840.000000000023,0.0819932215192898,0.001493306633271747,97.6897689768977,0.0,100.0,0.0,369.05,647.3149999999999,761.1560000000001,0.984375,98.34894660397404,1.0009004000457935,nan,1109.0014550390977,504
10024,medium,clean,DT-KF-CostAware,914,911,294.0134740416669,584.7520567159034,1.2035010940919038,10.122222222222222,159.77823264292138,10.061445907398467,0.3311387236467229,0.7676360131939752,0.0,0.0,0.10076674912944505,3.317117232000094,6.404110470389941,11680.000000000038,0.08754394998602173,0.0016985665982365197,98.7964989059081,0.0,96.49890590809628,3.50109409190372,312.45,533.6649999999998,615.3609999999998,0.96875,98.53742489539142,0.98312900000019,nan,1116.8422455240236,
10024,medium,clean,DT-OPT,914,911,325.7155313344567,796.1301537038548,3.6105032822757113,10.122222222222222,118.81017331799258,8.085660212039864,0.3036275047009105,0.6402390537249639,0.0,0.0,0.10028559393224207,3.1986736741961415,6.306373384687935,10220.00000000001,0.07660095623776884,0.0017337309631717172,96.38949671772428,0.0,99.67177242888403,0.3282275711159737,219.9,295.03499999999985,393.0799999999996,0.640625,101.09652147448045,0.633676600002218,nan,1732.7450626962661,
10024,medium,clean,SemiGreedy,914,913,230.3436079703919,379.9085107856561,0.0,10.144444444444444,340.89881252005586,17.073183098219022,0.30220749795419494,0.36388584362684406,0.0,0.0,0.09554018919835218,3.52544202790575,7.126235480358774,8760.000000000042,0.0656579624895164,0.000857145428119561,100.0,0.0,60.83150984682713,39.16849015317287,215.2,381.0,436.48099999999965,0.609375,98.55254114119427,0.6183249999885447,nan,1775.7651720702572,
10024,medium,clean,Fog-only,914,911,311.178369634153,737.2184699652795,0.3282275711159737,10.122222222222222,117.44982730050683,8.016089032438117,0.2989639767237222,0.6755981648030321,0.0,0.0,0.10166613291781836,3.165831910154219,5.990198676736322,17520.000000000015,0.13131592497903227,0.003672955428039653,99.67177242888403,0.0,100.0,0.0,23.3,29.64499999999996,42.82699999999997,0.34375,99.33216996617209,0.34606109996093437,nan,3172.8501126649294,
10024,medium,clean,DRL-OO,914,911,323.09996808959465,818.1250521357855,3.938730853391685,10.122222222222222,118.91172602469337,8.275977849303946,0.30410205430663867,0.6088608479485212,0.0,0.0,0.1004060880267066,3.173948690355897,6.134008941907846,14600.000000000018,0.10942993748252695,0.0028203041869865235,96.06126914660831,0.0,99.34354485776805,0.6564551422319475,260.2,327.46499999999986,455.56199999999984,0.625,99.20559334772071,0.6300048000412062,nan,1742.8438639327574,505
10025,medium,clean,DT-KF-CostAware,921,920,261.23464987309984,557.5680290852815,0.3257328990228013,10.222222222222221,164.9004255027624,9.659444003638487,0.30434742338298665,0.8235407932924863,0.0,0.0,0.1015475089653161,3.2080470311503464,5.993756014149235,29200.00000000049,0.21295372727001918,0.003204873207618062,99.6742671009772,0.0,98.26275787187839,1.737242128121607,204.7,291.27999999999986,359.6880000000001,0.578125,99.58385360924194,0.5805409000022337,nan,1910.2874577755556,
10025,medium,clean,DT-OPT,921,920,279.15528520260216,637.8493494392039,2.49728555917481,10.222222222222221,140.48677092404284,8.531263869430605,0.28176775896168005,0.6596892573990807,0.0,0.0,0.10085584501325869,3.310557904230096,6.475092796354059,18980.000000000477,0.13841992272551365,0.0017792799850870917,97.50271444082519,0.0,99.7828447339848,0.21715526601520088,196.8,246.57999999999984,339.64800000000014,0.53125,95.47232066700694,0.5564439999870956,nan,1993.0127740180837,
10025,medium,clean,SemiGreedy,921,920,214.63873285225327,372.95127124534133,0.0,10.222222222222221,325.40281562113773,16.23968442171421,0.2823908140949722,0.3812268939156589,0.0,0.0,0.09804503612790835,3.178102045944516,6.342606117768623,29200.00000000047,0.21295372727001904,0.003016794738181592,100.0,0.0,67.86102062975027,32.13897937024973,204.9,266.1199999999998,367.30800000000016,0.5625,100.17861178826963,0.5614970999886282,nan,1975.0769861900626,
10025,medium,clean,Fog-only,921,920,266.26481300842255,581.3014494130329,0.10857763300760044,10.222222222222221,147.35664094512154,8.619926871327811,0.2748068673217911,0.5992432995763384,0.0,0.0,0.10098548728939931,3.2092198332063773,6.12888955316232,11680.000000000002,0.08518149090800627,0.0037238458355900953,99.8914223669924,0.0,100.0,0.0,21.8,25.2,40.58400000000002,0.3125,95.96106775704966,0.3256528999772854,nan,3405.466372562178,
10025,medium,clean,DRL-OO,921,920,281.01944469256557,651.3813964077642,1.520086862106406,10.222222222222221,135.73175137762942,8.580003515437896,0.2809224138805155,0.5996135287795284,0.0,0.0,0.10166871309316347,3.1676701138894203,6.178821091463614,16060.0000000005,0.11712454999851224,0.003270457830237501,98.47991313789359,0.0,99.5656894679696,0.43431053203040176,262.8,355.38,475.3040000000003,0.640625,99.62795713316497,0.6430172999971546,nan,1724.6814354837845,501
10026,medium,clean,DT-KF-CostAware,970,968,271.7522456771823,556.9524996303176,1.958762886597938,10.755555555555556,176.83416054056562,9.381339664046632,0.30975131628099145,0.7593423182584514,0.0,0.0,0.10178971343524643,3.0836664251580155,6.084541319326327,8760.000000000035,0.1461553387658856,0.003029511005166288,98.04123711340206,0.0,98.24742268041237,1.7525773195876289,243.05,430.2,480.5,0.828125,100.23155076989421,0.826211899984628,nan,1457.253278514145,
10026,medium,clean,DT-OPT,970,968,286.4070826025865,650.9140620003097,2.0618556701030926,10.755555555555556,149.61966654208086,7.792835260889257,0.2812415020081174,0.6442259036807252,0.0,0.0,0.10371398431775226,3.011775055471388,6.013735139648945,8760.000000000016,0.14615533876588527,0.0020218374955342355,97.9381443298969,0.0,100.0,0.0,206.5,263.0949999999999,361.0650000000001,0.640625,100.83134608646542,0.6353431000025012,nan,1895.0390741557753,
10026,medium,clean,SemiGreedy,970,968,214.828927453266,365.344298225046,0.0,10.755555555555556,341.10653065559,16.498682845423026,0.28313655329723253,0.36273352743405773,0.0,0.0,0.10055723557293503,3.3614457482539484,6.9831276999520755,8760.000000000031,0.14615533876588555,0.0017415929844496554,100.0,0.0,66.80412371134021,33.1958762886598,207.2,277.49999999999966,362.6320000000002,0.625,100.61129815692142,0.6212025999557227,nan,1938.1760476949344,
10026,medium,clean,Fog-only,970,968,271.6752707371309,610.1304437121064,0.0,10.755555555555556,156.0817022495791,8.25597992563147,0.2744874951864962,0.6063153535562688,0.0,0.0,0.10238505065103709,2.9545882998686315,5.726208072758367,8760.000000000013,0.1461553387658852,0.002567621642961115,100.0,0.0,100.0,0.0,22.7,25.769999999999982,38.697,0.375,102.74681978791563,0.3649747999734245,nan,3298.8578939906774,
10026,medium,clean,DRL-OO,970,968,284.0000500720729,659.8044054799685,2.4742268041237114,10.755555555555556,150.56511092349052,8.30508135285251,0.27952875859648457,0.5778517824567301,0.0,0.0,0.1021514719963854,2.9181657319167167,5.753224115484305,5840.000000000017,0.0974368925105903,0.002047799271188022,97.52577319587628,0.0,99.89690721649484,0.10309278350515463,263.6,336.3549999999998,473.1510000000002,0.6875,98.77764283401764,0.6960076999966986,nan,1729.8659195950145,502
10027,medium,clean,DT-KF-CostAware,913,910,253.1699958092842,513.8959434535109,0.21905805038335158,10.11111111111111,149.65078588127548,8.073266742073377,0.30532656118392737,0.7116106274392074,0.0,0.0,0.09769461033539009,3.050278051056792,6.0613890585577535,11680.000000000015,0.12917047561055736,0.0022567292445163306,99.78094194961665,0.0,99.23329682365826,0.7667031763417306,203.1,255.35000000000002,344.85499999999996,0.578125,101.03372906453437,0.5722098999540322,nan,1950.333260731163,
10027,medium,clean,DT-OPT,913,910,263.717447158809,569.5534888911857,1.4238773274917853,10.11111111111111,142.94932358454312,7.3209713405638075,0.2845341098775271,0.5859849709802053,0.0,0.0,0.09707976246263078,2.972221029881308,5.836632421213057,10220.000000000122,0.11302416615923891,0.0016963859100052334,98.57612267250822,0.0,99.89047097480832,0.10952902519167579,198.7,272.92499999999995,342.7899999999995,0.5625,99.21749585983837,0.5669363000197336,nan,1968.4751178591932,
10027,medium,clean,SemiGreedy,913,910,209.23214342308464,337.7098205168806,0.0,10.11111111111111,306.8269460556506,14.631421441543662,0.2867656370357174,0.3902663331371395,0.0,0.0,0.09231788667471048,3.3418429372535816,6.469371389727687,11680.000000000024,0.12917047561055747,0.0012126663695496056,100.0,0.0,67.79846659364732,32.20153340635268,208.8,312.65,371.2799999999999,0.578125,99.0310417460076,0.5837815999984741,nan,1911.6738177477964,
10027,medium,clean,Fog-only,913,910,255.15507728372344,517.2018554765713,0.10952902519167579,10.11111111111111,143.71974079466716,7.20318779015724,0.28053695825593256,0.5800319399305166,0.0,0.0,0.09772045948214259,3.1047231590830098,6.174362809046135,11680.000000000027,0.12917047561055753,0.002737869189065656,99.89047097480832,0.0,100.0,0.0,21.7,26.025,40.75499999999997,0.328125,99.60900147520329,0.32941299997037277,nan,3387.8444387451996,
10027,medium,clean,DRL-OO,913,910,270.03227505448467,583.2528722354833,2.190580503833516,10.11111111111111,129.32082374326,7.890277429629213,0.28611682631825713,0.5795685623263065,0.0,0.0,0.09848490610943356,2.912721724004241,5.686908515746048,7300.000000000002,0.08073154725659829,0.0015982080250254503,97.80941949616648,0.0,99.5618838992333,0.43811610076670315,272.7,512.3,535.6149999999998,0.71875,101.28444886986199,0.7096350999781862,nan,1572.6392339306572,503
10028,medium,clean,DT-KF-CostAware,917,917,261.8964594738607,524.2904235488992,1.0905125408942202,10.188888888888888,191.199919379912,8.813642469991219,0.31276527512882557,0.6503761581541797,0.0,0.0,0.09472197699010099,3.126106260421711,5.983822857960177,2920.000000000011,0.032506369077537275,0.00039601826897095937,98.90948745910578,0.0,97.92802617230097,2.0719738276990185,204.4,255.2349999999999,339.909,0.578125,100.49777361706121,0.5752615000237711,nan,1953.8940115991663,
10028,medium,clean,DT-OPT,917,917,292.71624156942676,668.5173981550158,3.053435114503817,10.188888888888888,150.97479227914653,7.108199763747184,0.288258479047389,0.6054892941698301,0.0,0.0,0.09648211791780681,3.11244178664989,6.144312431683793,8760.000000000475,0.09751910723261674,0.00220897427403852,96.94656488549619,0.0,100.0,0.0,199.3,255.74499999999983,344.27799999999996,0.5625,97.66418521609684,0.575953199993819,nan,1951.547452140317,
10028,medium,clean,SemiGreedy,917,917,213.7952162604574,354.51639894590966,0.0,10.188888888888888,339.68085980692587,15.600619600688447,0.29049968485912087,0.37320047827819847,0.0,0.0,0.08748237802571641,3.5865159334147854,6.8294934503369396,2920.0000000000027,0.032506369077537185,0.0001897787933589465,100.0,0.0,66.73936750272628,33.26063249727372,204.3,261.755,351.8569999999999,0.578125,101.53391957939705,0.5693909999681637,nan,1974.0389294225693,
10028,medium,clean,Fog-only,917,917,268.9904883903028,542.8334130067434,0.10905125408942203,10.188888888888888,170.70440624503553,7.600105686410831,0.2842624494980935,0.5656214181550101,0.0,0.0,0.09378380882792918,3.2288961205926694,6.1245791586880465,8760.000000000022,0.0975191072326117,0.001790558120809189,99.89094874591058,0.0,100.0,0.0,21.7,24.7,37.761999999999986,0.328125,99.57955803110445,0.3295104000135325,nan,3411.121469774062,
10028,medium,clean,DRL-OO,917,917,286.7514103827664,617.5629144375062,1.5267175572519085,10.188888888888888,144.6742545516746,7.816682324864589,0.2866328053541059,0.5879365435282247,0.0,0.0,0.09404613493552844,3.314096966749443,6.6673353698451425,2920.000000000012,0.03250636907753728,0.0005196981901933878,98.47328244274809,0.0,99.89094874591058,0.10905125408942203,258.0,329.6999999999998,446.808,0.625,97.74026080607366,0.6394499000161886,nan,1757.7608503364286,504
10029,medium,clean,DT-KF-CostAware,953,952,278.53604296233675,549.8878537889012,1.154249737670514,10.577777777777778,162.04357046949445,9.679392942523771,0.32689166356228705,0.6243707822063602,0.0,0.0,0.0979556728017988,2.818079798331033,5.748835359060186,2920.0000000000177,0.049060788332941585,0.0007436620935562925,98.84575026232949,0.0,97.37670514165792,2.6232948583420774,200.5,247.18499999999997,314.53299999999956,0.578125,100.34807003110679,0.5761196999810636,nan,1985.6984582155444,
10029,medium,clean,DT-OPT,953,952,310.84715659424086,698.3512418666775,3.4627492130115427,10.577777777777778,130.0010852498691,8.227922092125603,0.30295216735904407,0.599834057590373,0.0,0.0,0.09946385608723307,2.7743177122932003,5.636712386761281,13140.00000000008,0.22077354749823716,0.0049242804412742746,96.53725078698845,0.0,99.89506820566632,0.1049317943336831,198.1,239.49999999999983,315.9959999999998,0.578125,100.17865373621889,0.5770940000074916,nan,1982.3460302570277,
10029,medium,clean,SemiGreedy,953,952,221.8743112417603,368.78160005522886,0.0,10.577777777777778,328.6888055170293,16.516396406073248,0.2925737691200511,0.39472801692262716,0.0,0.0,0.08787190518874016,2.955112472549058,5.91865991204075,5840.000000000011,0.09812157666588277,0.0014335812707357537,100.0,0.0,63.588667366211965,36.411332633788035,203.5,247.10999999999993,351.471,0.5625,97.99945224706354,0.5739828000077978,nan,1993.0910821447233,
10029,medium,clean,Fog-only,953,952,289.89531795483873,597.8486037070265,0.1049317943336831,10.577777777777778,129.96232174219764,8.444861458961448,0.29677819834983077,0.6125662376987131,0.0,0.0,0.09906376617844137,2.9318384552260452,5.92282452402723,11680.000000000056,0.19624315333176612,0.0042997691701495075,99.89506820566632,0.0,100.0,0.0,21.9,24.584999999999994,38.5,0.34375,102.14864283983513,0.33651940000709146,nan,3399.506833709713,
10029,medium,clean,DRL-OO,953,952,303.1115118609226,681.9075864266832,3.2528856243441764,10.577777777777778,134.04820785143227,8.81922243524465,0.3004803805714589,0.5795524905523411,0.0,0.0,0.0980983056835243,2.8562334231910476,5.632154445566824,8760.000000000093,0.14718236499882545,0.0021045766111326913,96.74711437565583,0.0,97.90136411332634,2.0986358866736623,258.6,317.08500000000004,422.1509999999997,0.65625,101.19807729367166,0.6484806999797001,nan,1764.1234350317773,505
10000,high,clean,DT-KF-CostAware,1568,1545,388.47774016522254,785.64864316514,8.99234693877551,17.166666666666668,218.77514250266677,18.556531444345246,0.41856830941304896,0.8945770264795787,0.6377551020408163,0.0,0.11894380640924207,3.825311509406468,7.342219683736683,18979.999999999996,0.1544090453437049,0.005809884105319116,91.00765306122449,0.0,89.54081632653062,9.821428571428571,187.4,229.0,317.05999999999995,0.953125,100.26981983590336,0.9505602000281215,nan,2020.9135622795577,
10000,high,clean,DT-OPT,1568,1542,449.2540808031171,1141.28052948583,15.178571428571429,17.133333333333333,183.21764184269355,16.482446566207862,0.38223635691716185,0.8800458514726114,0.6377551020408163,0.0,0.1190248795549463,3.9169241351519655,7.979314551121407,10219.999999999982,0.08321202995177107,0.002340509576521687,84.82142857142857,0.0,89.34948979591837,10.012755102040817,182.9,228.2,302.2199999999999,0.9375,98.51732218421267,0.9516092999838293,nan,2018.6856097693073,
10000,high,clean,SemiGreedy,1568,1557,305.15851280660877,511.355151095671,0.701530612244898,17.3,369.9925999176039,26.181262704729892,0.3438290645211492,0.5920101744622285,0.0,0.0,0.11123800975556218,4.191605809073971,8.303955610997084,16060.000000000015,0.1305751036531354,0.002232438713979379,99.2984693877551,0.0,67.53826530612245,32.46173469387755,207.5,273.0,369.15999999999997,0.984375,99.14682613764158,0.9928457000060007,nan,1934.8424432803502,
10000,high,clean,Fog-only,1568,1552,530.1502875104202,1117.8049024379256,38.64795918367347,17.244444444444444,107.0501659519992,12.913135586855093,0.4102877114851792,0.9852678425341144,0.0,0.0,0.12330199324039005,3.7581068692244246,7.217871623986063,21900.000000000015,0.1780569595270028,0.010435387968898327,61.35204081632653,0.0,100.0,0.0,21.9,25.1,38.1,0.5625,99.60621457875479,0.564723799994681,nan,3401.66290143623,
10000,high,clean,DRL-OO,1568,1549,388.4868549000479,958.0286849159044,8.545918367346939,17.211111111111112,276.08606818474743,21.200265979334073,0.3613127301352949,0.7180034129692833,0.3826530612244898,0.0,0.11414289338301196,4.11389445073705,8.275378913681037,13140.000000000044,0.10688164899025347,0.003763091648852881,91.45408163265306,0.0,72.06632653061224,27.551020408163264,263.0,336.5,465.05999999999966,1.125,100.39887356760237,1.1205305000185035,nan,1714.3665433187925,501
10001,high,clean,DT-KF-CostAware,1549,1543,387.4795158613792,756.3486681878053,9.360877985797288,17.144444444444446,201.65829374787737,18.056334167017756,0.4132637757126878,0.9505290341228911,0.0645577792123951,0.0,0.12313039921805513,3.558907290570963,7.081469574751803,7300.000000000138,0.0682405811405295,0.0008663578464541981,90.63912201420271,0.0,91.60748870238864,8.327953518398967,201.9,312.5799999999999,375.0039999999999,1.046875,99.6127863643532,1.0509444000199437,nan,1820.2675612179837,
10001,high,clean,DT-OPT,1549,1540,435.16180265556693,1004.1277582890044,12.395093608779858,17.11111111111111,161.17932798920435,15.868404406033228,0.3755903738698451,0.9267971682081468,0.2582311168495804,0.0,0.12318954969599236,3.5644153851400806,6.930322627166806,5840.000000000075,0.05459105133017149,0.001517932688049185,87.60490639122014,0.0,92.76952872821175,6.97224015493867,188.1,251.59999999999994,347.42799999999994,0.984375,100.64907212335213,0.9780269000330009,nan,1955.978920350198,
10001,high,clean,SemiGreedy,1549,1545,302.64898904411115,488.81861232236463,0.32278889606197547,17.166666666666668,345.7887513956837,25.616632582020344,0.3406671622940517,0.6408187293393108,0.0,0.0,0.11411578578309806,3.588412979184881,7.08613130157689,13140.000000000136,0.12279114935599722,0.0020714730479438627,99.67721110393802,0.0,68.88315041962557,31.116849580374435,204.3,260.9,349.98399999999975,0.96875,99.9308658887921,0.969420200039167,nan,1973.3444794349346,
10001,high,clean,Fog-only,1549,1544,513.1068846935631,1059.805148791646,36.92704970948999,17.155555555555555,106.70632235090389,13.0554125203256,0.40309621417870517,0.9817288115491306,0.0,0.0,0.12646208090700867,3.543002403284787,6.797654664452808,20440.000000000044,0.19100845455377186,0.008065188053428533,63.07295029051001,0.0,100.0,0.0,22.3,26.939999999999987,39.875999999999976,0.578125,99.74434392576254,0.5796067999908701,nan,3300.5133825726916,
10001,high,clean,DRL-OO,1549,1543,379.2201421986695,869.064269585873,8.457069076823757,17.144444444444446,252.1365331993623,20.795258911497996,0.35736470415217275,0.775800719648172,0.1291155584247902,0.0,0.11705992306432565,3.624210660811105,7.002078234874593,14600.00000000008,0.1364393024064069,0.004588065021458182,91.54293092317624,0.0,76.56552614590058,23.30535829567463,268.5,413.83999999999986,499.94399999999985,1.171875,100.31394251333215,1.1682075000135228,nan,1637.5515479723044,502
10002,high,clean,DT-KF-CostAware,1598,1584,400.6667179413547,776.4243596742198,9.51188986232791,17.6,207.48669989829256,18.673130330904915,0.4193094047218947,0.9525631647065443,0.37546933667083854,0.0,0.1196409108922848,3.8094458817469707,7.476458063412131,32120.000000000055,0.12754096181291796,0.0059631005587873365,90.4881101376721,0.0,92.61576971214018,7.008760951188986,191.1,250.36499999999998,316.6219999999997,1.0,100.1099206966308,0.9989019999629818,nan,1972.1654377236266,
10002,high,clean,DT-OPT,1598,1579,444.7882913433552,975.0746583893196,13.57947434292866,17.544444444444444,182.5308752701881,16.99659977779888,0.3854060676297652,0.9225527433444978,0.6257822277847309,0.0,0.11925562427973029,3.767181189483879,7.5330246819368085,33580.00000000004,0.1333477985382414,0.008773683069708714,86.42052565707134,0.0,91.98998748435544,7.3842302878598245,195.85000000000002,319.255,357.924,1.09375,100.93275244189176,1.083642299985513,nan,1817.9430611248163,
10002,high,clean,SemiGreedy,1598,1591,315.33403987515374,577.811464665902,1.7521902377972465,17.677777777777777,367.1767284158417,26.931789522899923,0.3510602587250865,0.6651282747386996,0.0,0.0,0.11577770060650237,4.190224251593564,8.251864777748574,33580.00000000011,0.13330865125111085,0.006109357760926544,98.24780976220275,0.0,70.40050062578223,29.59949937421777,206.5,274.5249999999999,364.562,1.015625,99.94083993921691,1.0162262000376359,nan,1938.5447845440722,
10002,high,clean,Fog-only,1598,1589,614.013016749628,1517.6538202245258,37.48435544430538,17.655555555555555,118.112943902992,13.741956240549118,0.41431564380789215,0.9932343870470316,0.0,0.0,0.11977163341239795,3.6617541454214932,7.354874006447855,26280.000000000095,0.10432850967478244,0.008987349459816961,62.51564455569462,0.0,100.0,0.0,21.8,26.154999999999994,38.730999999999995,0.59375,101.35125332156376,0.5858338999678381,nan,3362.7278996796736,
10002,high,clean,DRL-OO,1598,1588,394.8012046084455,930.2814579923622,8.51063829787234,17.644444444444446,266.04233352655274,21.497294028091964,0.36507860054874813,0.8339280734496,0.1251564455569462,0.0,0.1166837309390161,4.085819406761878,8.073306833495064,35040.000000000044,0.13918252115393606,0.008251370105469953,91.48936170212765,0.0,78.41051314142679,21.46433041301627,263.2,361.2,464.4369999999999,1.15625,99.96370615061059,1.156669799995143,nan,1703.1654150633763,503
10003,high,clean,DT-KF-CostAware,1557,1545,385.67094490624277,761.9308469279971,8.092485549132949,17.166666666666668,200.79080034838998,17.78645977326533,0.41546183348061216,0.943174613296409,0.25690430314707774,0.0,0.12051372036277995,3.7389418125181235,7.4553003103334525,17520.000000000087,0.1366887722266522,0.006513704187059873,91.90751445086705,0.0,92.87090558766859,6.872190109184329,193.1,286.29999999999995,358.81,1.0,99.48876702056566,1.0051386000122875,nan,1921.1280911671229,
10003,high,clean,DT-OPT,1557,1548,426.301265930986,1000.229974993829,11.881824020552344,17.2,169.33649557401304,16.01231377611509,0.37818976617769573,0.9358070073537057,0.12845215157353887,0.0,0.12065391687450253,3.737796741891315,7.39759404929894,11680.000000000022,0.09108938379747603,0.005589929995543913,88.11817597944766,0.0,93.25626204238921,6.615285806037251,184.4,230.15,312.40000000000003,0.96875,100.89761643797817,0.9601317000342533,nan,2011.182424172757,
10003,high,clean,SemiGreedy,1557,1551,306.08390515052844,534.8412599269234,0.6422607578676943,17.233333333333334,351.42516433761045,25.56717981937527,0.3487695689058825,0.7047877700258149,0.0,0.0,0.1141447204419097,4.070339736777659,8.098108848786849,8760.000000000096,0.06831592966828325,0.0021114805343576434,99.35773924213231,0.0,69.94219653179191,30.057803468208093,205.5,286.3,361.04,1.0,100.28761485160899,0.9971320999902673,nan,1936.5538427845697,
10003,high,clean,Fog-only,1557,1550,516.74276868398,1122.0499356197192,32.113037893384714,17.22222222222222,118.06832354946553,13.206035970388594,0.4071264072777484,0.978299465101279,0.0,0.0,0.12223465807863043,3.711249339692397,7.258284604889452,26280.00000000003,0.2049477890048477,0.012764834316679751,67.88696210661529,0.0,100.0,0.0,22.0,27.05,42.41000000000002,0.5625,96.84352101963339,0.5808338999631815,nan,3324.5304726917702,
10003,high,clean,DRL-OO,1557,1546,374.38006533827894,850.6064580912862,7.064868336544637,17.177777777777777,248.8955407511668,20.23075856938242,0.3612559028472558,0.8000159623116878,0.25690430314707774,0.0,0.11576004090860773,3.939021687667783,7.6433495968768925,13140.000000000038,0.10252768188890664,0.004365385702387124,92.93513166345537,0.0,78.67694283879256,21.066152858060374,260.6,318.55,452.1300000000004,1.109375,99.47090221765123,1.1152759000542574,nan,1731.4101379811564,504
10004,high,clean,DT-KF-CostAware,1569,1559,367.35469323712493,732.5161214022309,6.819630337794774,17.322222222222223,197.21800615625617,16.219518110565723,0.397783927902806,0.9293031305581613,0.19120458891013384,0.0,0.12450670877644128,3.3438385737025036,6.623750293230102,23359.99999999906,0.09645178810301488,0.006090283131203382,93.18036966220522,0.0,95.15615041427661,4.652644996813257,192.5,237.0049999999999,311.25699999999955,0.96875,99.69503353166606,0.9717134000384249,nan,1994.4152256450975,
10004,high,clean,DT-OPT,1569,1561,409.9880305382824,910.6514183400046,10.707456978967496,17.344444444444445,161.06681623115645,14.164097877030343,0.3644926697546393,0.9242923715299144,0.12746972594008923,0.0,0.1251885839046138,3.3787418928373945,6.51732469491626,32119.99999999902,0.1326273692432218,0.010597208733056555,89.2925430210325,0.0,96.87699171446782,2.995538559592097,188.6,233.915,319.31599999999963,0.96875,99.97013536808349,0.9690394000499509,nan,1999.918682253892,
10004,high,clean,SemiGreedy,1569,1563,293.9200353425526,504.3027178999267,0.12746972594008923,17.366666666666667,349.39061269814243,24.757761096311725,0.33371633912153764,0.6688197680265495,0.0,0.0,0.11695294149192408,3.5054838615804225,6.956634686552373,14599.999999999067,0.060280197220286325,0.0026884709510803526,99.87253027405991,0.0,72.27533460803059,27.724665391969406,204.2,259.46999999999974,348.1669999999999,0.984375,100.44049438151927,0.9800579000147991,nan,1977.4341903378727,
10004,high,clean,Fog-only,1569,1563,420.01621731839333,941.1624767684523,13.702995538559593,17.366666666666667,134.32130580668237,12.628850139587758,0.3730130620910226,0.9640792078270176,0.0,0.0,0.12612264322982525,3.3795688301119062,6.580330640708006,35039.99999999998,0.14467247332869634,0.011678334110494827,86.29700446144041,0.0,100.0,0.0,22.1,28.874999999999932,40.4,0.578125,98.92555510417854,0.5844041000236757,nan,3316.1985001841817,
10004,high,clean,DRL-OO,1569,1561,363.32762768550316,848.5628614995557,6.9471000637348626,17.344444444444445,234.61227290752825,18.297102860066833,0.34692032331540373,0.8281326755596852,0.0,0.0,0.12113056112703535,3.366138803544398,6.625652360449897,21899.999999999036,0.09042029583043129,0.0045686328759156096,93.05289993626513,0.0,84.44869343530911,15.551306564690886,259.7,320.645,444.5679999999996,1.109375,99.59687226405248,1.113865299965255,nan,1739.8872198105573,505
10005,high,clean,DT-KF-CostAware,1634,1615,381.8068826784712,729.4447219343482,10.281517747858016,17.944444444444443,230.22688341760133,19.29196204503578,0.4153425426544148,0.939586732290721,0.8567931456548348,0.0,0.12937042480663413,3.693859402534987,7.33531692293367,21900.000000000153,0.13279201084456055,0.006227954632695222,89.71848225214198,0.0,91.12607099143207,8.017135862913097,190.6,235.25,310.2050000000001,0.984375,99.06605430133897,0.993655199999921,nan,1998.6812326852996,
10005,high,clean,DT-OPT,1634,1621,450.3582451172302,1084.9588187185298,15.238678090575275,18.011111111111113,179.70831255272037,16.57578773374353,0.3844897986909456,0.9667032050781317,0.4283965728274174,0.0,0.12863198973929418,3.6993814027798724,7.5380287887023085,30660.00000000001,0.18564689161951428,0.010707535400217504,84.76132190942472,0.0,92.7172582619339,6.854345165238678,183.7,234.17499999999998,301.7,0.96875,98.1070081860347,0.987442200013902,nan,2011.2569626577024,
10005,high,clean,SemiGreedy,1634,1631,313.96737746308,563.3778453860405,2.5091799265605874,18.122222222222224,362.9971091824954,26.34599021762084,0.347062364224285,0.6877560952635132,0.0,0.0,0.12941925099423568,3.826703633238032,7.533622908268088,24820.00000000012,0.15021958871910276,0.007081736942961622,97.49082007343941,0.30599755201958384,72.52141982864137,27.172582619339046,206.5,262.5,342.2900000000002,1.0,98.71870037282498,1.0129792999941856,nan,1960.5533894043042,
10005,high,clean,Fog-only,1634,1609,642.8284062036985,2114.6490219925327,36.8421052631579,17.877777777777776,128.8122972025957,13.84792030108627,0.4097525973853741,0.9886991344570422,0.0,0.0,0.1295926784199228,3.7061492544200885,7.237283589628862,29200.000000000015,0.17672263872076543,0.011916436441662893,63.1578947368421,0.0,100.0,0.0,21.8,32.575,40.9,0.578125,96.23424275731237,0.6007477000239305,nan,3305.8803220068735,
10005,high,clean,DRL-OO,1634,1624,391.0819577848045,940.1819016661728,9.057527539779683,18.044444444444444,264.2221893738859,21.04245614703433,0.36341035678962724,0.8239098300073909,0.30599755201958384,0.0,0.1292483312760001,3.8201767732377996,7.785327144802692,32120.000000000036,0.1948906373494196,0.011198695060876963,90.94247246022032,0.0,78.27417380660955,21.41982864137087,265.6,376.375,495.1050000000004,1.1875,100.28251378481409,1.1841546000214294,nan,1677.145872645396,501
10006,high,clean,DT-KF-CostAware,1618,1604,383.1572003146844,748.3920359991629,7.663782447466008,17.822222222222223,245.56893325243337,20.191582533193575,0.41492331946549843,0.9078145891482216,0.30902348578491967,0.0,0.11264276058947377,3.4089268353336304,6.6317205282496205,13140.000000000098,0.08145874384293773,0.004803992911373151,92.336217552534,0.0,88.93695920889988,10.754017305315204,193.2,342.0,379.0400000000001,1.0625,98.21999485518042,1.0817552999942563,nan,1812.7944462212592,
10006,high,clean,DT-OPT,1618,1604,442.4585818553513,1009.5780228505532,12.175525339925834,17.822222222222223,203.75967279026898,17.928298140320983,0.3804855146861261,0.9334131191287571,0.18541409147095178,0.0,0.11270609528589384,3.57231814108124,7.114071684098287,20440.00000000002,0.126692521279726,0.005974670636137529,87.82447466007416,0.0,89.55500618046972,10.259579728059332,209.7,393.3,572.0400000000004,1.265625,54.513702241427495,2.321663999988232,nan,844.6528007540885,
10006,high,clean,SemiGreedy,1618,1610,311.10671707084094,548.0965092274174,0.9888751545117429,17.88888888888889,384.8501729082087,26.913558459390977,0.3503003143659549,0.597047284642409,0.0,0.0,0.10749061640241983,3.452971804231448,6.571542280936726,13140.000000000098,0.08144062894478107,0.002592388552433071,99.01112484548825,0.0,69.53028430160693,30.469715698393077,254.3,437.6,484.0400000000001,1.296875,99.03574030514986,1.309501999989152,nan,1497.5158495490996,
10006,high,clean,Fog-only,1618,1601,627.5812455883412,1318.6313055592586,52.78121137206428,17.788888888888888,114.05819472371851,13.561438087747524,0.4309407949261806,0.9901452923307035,0.0,0.0,0.116241789100236,3.5229204974262927,6.943741951328421,26280.000000000167,0.16288125788956198,0.009529852038212822,47.21878862793572,0.0,100.0,0.0,30.1,54.8,59.86000000000004,0.9375,99.02474097603466,0.9467330999905244,nan,2071.333515242709,
10006,high,clean,DRL-OO,1618,1601,389.5605675842094,925.4047277820661,9.27070457354759,17.788888888888888,298.4202855705015,22.53981113049475,0.3661412959505202,0.7314336552248346,0.4326328800988875,0.0,0.10912851731058419,3.474771678056608,6.757029289874783,16060.000000000038,0.09958284955145887,0.00493233733583666,90.72929542645241,0.0,72.43510506798516,27.132262051915944,349.0,602.4,665.3600000000001,1.6875,97.68123559307847,1.7275580000132322,nan,1135.1283140623816,502
10007,high,clean,DT-KF-CostAware,1610,1598,385.69984940123385,756.8835131768604,9.68944099378882,17.755555555555556,217.10985096150768,19.812155187746004,0.40895797666355,0.9183489173476277,0.12422360248447205,0.0,0.11163253354222454,3.6355508123316014,7.229986393825971,10219.99999999955,0.06268676454225322,0.0036340394993709443,90.31055900621118,0.0,92.4223602484472,7.453416149068323,240.5,405.4,448.27800000000013,1.40625,98.11924336516493,1.4332051000092179,nan,1383.6121571066458,
10007,high,clean,DT-OPT,1610,1594,441.0034665599614,967.2764494579807,14.099378881987578,17.711111111111112,175.7394711762272,17.671028052261722,0.37466749459145643,0.925961455045345,0.3105590062111801,0.0,0.11226077500359245,3.7264213031540017,7.603412017540687,18979.999999999574,0.11654469181911266,0.00748609045505446,85.90062111801242,0.0,93.1055900621118,6.583850931677019,233.2,398.3,430.0700000000001,1.390625,100.28100676009993,1.3867282000137493,nan,1429.9846213413261,
10007,high,clean,SemiGreedy,1610,1603,306.19488352651626,506.3174640285733,1.0559006211180124,17.81111111111111,364.27597662124,27.299246420460737,0.3399546813838924,0.6719227332680935,0.0,0.0,0.10349536680021237,3.8332813767310974,7.601174911927975,13139.999999999549,0.08058866276974616,0.004198525056072292,98.94409937888199,0.062111801242236024,70.06211180124224,29.875776397515526,259.7,447.47999999999996,493.818,1.46875,99.95356029881734,1.4694324000156485,nan,1349.5006643237773,
10007,high,clean,Fog-only,1610,1592,483.78060378078777,963.3760296820388,28.13664596273292,17.68888888888889,122.33159430662778,15.045344954117741,0.3962441363449703,0.9793319196028365,0.0,0.0,0.11470870369911149,3.672545283224334,6.990052068934587,21900.000000000484,0.13431311994474693,0.008382776658857049,71.86335403726709,0.0,100.0,0.0,32.1,59.3,72.05400000000002,1.03125,100.13202376917747,1.029890300007537,nan,1925.4477879687652,
10007,high,clean,DRL-OO,1610,1599,382.6399701168415,851.9616783590924,8.944099378881987,17.766666666666666,265.7448555829517,22.176539182940132,0.35343706884980963,0.7777470273886415,0.0,0.0,0.10639175820243349,3.7537580870498575,7.360520261261953,14599.999999999545,0.08954207996315985,0.004222668142211554,91.05590062111801,0.0,78.13664596273291,21.86335403726708,339.9,602.55,699.4600000000007,1.640625,98.09563670782184,1.6724749999702908,nan,1185.6679472250557,503
10008,high,clean,DT-KF-CostAware,1639,1627,388.7731361047904,753.8911141795097,10.128126906650397,18.07777777777778,204.859503879636,18.848202313599458,0.4193523554764818,0.9576495269728631,0.18303843807199513,0.0,0.1194322949526521,3.6388613824652163,7.121416791773408,17520.000000000022,0.11894666213058062,0.004476671199725224,89.8718730933496,0.0,92.37339841366688,7.443563148261135,263.9,1124.09,4090.4219999999523,1.765625,0.17610052357449676,1002.6233677000273,nan,2.009727745147531,
10008,high,clean,DT-OPT,1639,1624,432.94572514721955,930.3227611827527,13.056741915802318,18.044444444444444,173.9586109872851,17.084052061084602,0.3822564052730134,0.9497469885176227,0.18303843807199513,0.0,0.11953980306558408,3.5668861147120325,7.40753520657595,17520.000000000015,0.11893132062438139,0.005861150271433281,86.94325808419768,0.0,92.4954240390482,7.3215375228798045,521.8,1785.8799999999992,4585.944,3.125,66.15992189043274,4.723403399984818,nan,426.59917634951034,
10008,high,clean,SemiGreedy,1639,1632,301.35627961993777,498.65645036321877,0.24405125076266015,18.133333333333333,365.0782788526133,26.835715305023562,0.3464228596195537,0.6741529027117846,0.0,0.0,0.11592868389096085,3.6845399258240925,7.2744967932016475,17520.00000000004,0.11890461162577651,0.002725225600486513,99.75594874923733,0.0,70.04270896888346,29.957291031116533,335.8,913.01,1426.6699999999987,1.90625,88.77345610146233,2.1473197999875993,nan,938.379090069228,
10008,high,clean,Fog-only,1639,1629,515.1398456508242,1097.7516624764628,34.106162294081756,18.1,110.5387763249236,13.943764379871281,0.4132105918651557,0.9914697407632137,0.0,0.0,0.12075839149587193,3.5282763390404233,6.967936365262641,16060.000000000007,0.10899589399029494,0.0052598536974478175,65.89383770591824,0.0,100.0,0.0,22.1,43.1,63.48599999999999,0.65625,94.64026747767616,0.6934151999885216,nan,2905.9068795050284,
10008,high,clean,DRL-OO,1639,1628,376.30818230749526,860.650490873916,7.87065283709579,18.08888888888889,258.1144202322749,21.410880835576137,0.361238313605381,0.819275798713892,0.12202562538133008,0.0,0.11725046596264031,3.685894801817521,7.32794935312294,17520.00000000001,0.1189417604928426,0.005932829098293485,92.12934716290421,0.0,77.79133618059792,22.086638194020743,266.1,499.89,711.06,1.296875,98.55545722870092,1.3158834999776445,nan,1531.2905740015988,504
10009,high,clean,DT-KF-CostAware,1620,1607,384.8695519261153,750.1141979135788,8.641975308641975,17.855555555555554,251.01208008101983,20.6576862384674,0.42462139514443004,0.9323065272889097,0.24691358024691357,0.0,0.1179763949517583,3.6596372436513738,7.1761882174382245,21900.00000000001,0.10355640107176624,0.005042612387746933,91.35802469135803,0.0,88.58024691358025,11.17283950617284,193.8,425.35,706.0499999999995,1.1875,99.40805537572727,1.1945712000015192,nan,1649.9644391204922,
10009,high,clean,DT-OPT,1620,1606,447.3299828817627,1005.8942026838365,15.061728395061728,17.844444444444445,209.5501786834461,18.17431452340689,0.39354689357658007,0.9240361017938387,0.30864197530864196,0.0,0.11912043833861924,3.6346011793488437,7.12456352266245,18980.000000000022,0.08975305284511276,0.004661236713592483,84.93827160493827,0.0,90.06172839506173,9.62962962962963,179.7,327.35,453.45,1.046875,100.80132661344163,1.038552800018806,nan,1897.833215571042,
10009,high,clean,SemiGreedy,1620,1613,311.4202704554504,548.387440941105,0.7407407407407407,17.92222222222222,383.40587473262593,27.252973737503687,0.35885470594157237,0.6724806328709718,0.0,0.0,0.11076642326166991,3.837586669004848,7.484389564993387,21900.000000000015,0.10353612751339275,0.006873683665988032,99.25925925925925,0.0,68.76543209876543,31.234567901234566,204.7,374.9,520.1199999999999,1.046875,97.73057811546798,1.0711847000056878,nan,1840.0188128056109,
10009,high,clean,Fog-only,1620,1609,624.1833188515272,1257.426399966002,51.111111111111114,17.877777777777776,126.87993924886588,14.143068666553873,0.4362500519276843,0.9967140419555435,0.0,0.0,0.1214139248205339,3.5783364544299205,7.068836369105569,27740.00000000002,0.13114576151696414,0.009361008806370079,48.888888888888886,0.0,100.0,0.0,21.6,40.8,58.60999999999992,0.625,92.82577092925982,0.6733043999993242,nan,2927.3535120251377,
10009,high,clean,DRL-OO,1620,1605,383.89686172273593,887.9673339611946,8.765432098765432,17.833333333333332,300.2825998113267,22.863128921242865,0.3719730885060076,0.7848046878570971,0.30864197530864196,0.0,0.11226342432823491,3.6971353681475474,7.124424022511951,20440.00000000001,0.09665039702555099,0.003886789602680864,91.23456790123457,0.0,72.71604938271605,26.97530864197531,284.6,784.5,1328.849999999998,1.625,97.77369007089864,1.662001299962867,nan,1185.9196500291766,505
10010,high,clean,DT-KF-CostAware,1630,1621,381.76514740410045,730.5642996713345,8.220858895705522,18.011111111111113,225.43114615015864,19.76117549387274,0.4114188111895788,0.9439639979649722,0.3067484662576687,0.0,0.12303335870503294,3.848407582577006,7.57285704916051,35040.00000000021,0.1757642295414636,0.009055966153474522,91.77914110429448,0.0,92.69938650306749,6.993865030674846,204.6,445.3949999999998,710.0139999999997,1.21875,98.72234852670782,1.234522900020238,nan,1618.4389936932284,
10010,high,clean,DT-OPT,1630,1623,446.3615138625049,1017.5552998729232,13.558282208588958,18.033333333333335,176.31785795910915,16.963205655166743,0.3792594430854834,0.9484343566510198,0.18404907975460122,0.0,0.1238528095909217,3.8248692365775385,7.768159822790475,27740.000000000146,0.13911749856908145,0.007503930802549531,86.44171779141104,0.0,93.68098159509202,6.134969325153374,189.75,371.58999999999963,575.4449999999999,1.140625,100.4708001145801,1.1352800999884494,nan,1759.9181030481625,
10010,high,clean,SemiGreedy,1630,1628,307.5079565717842,542.0721936164582,0.49079754601226994,18.08888888888889,372.68278448177654,27.215111082846455,0.34349956168890095,0.6743266755935438,0.0,0.0,0.11913485528583698,3.978335961134707,7.856840208272738,33580.00000000022,0.1683917291077551,0.005704444870842095,99.50920245398773,0.0,71.22699386503068,28.773006134969325,212.8,432.3299999999997,726.7069999999998,1.1875,100.91428769266494,1.1767412000335753,nan,1697.9094468205858,
10010,high,clean,Fog-only,1630,1614,630.7087777820649,1539.6923146007978,37.607361963190186,17.933333333333334,128.6147808836236,14.601633420770185,0.4082054959446259,0.9864419872765828,0.0,0.0,0.12375442077719633,3.8424655867006146,7.394812949683282,36499.99999999954,0.1830344881605999,0.014778675472736407,62.392638036809814,0.0,100.0,0.0,22.0,39.629999999999974,63.61499999999999,0.65625,99.8520288010981,0.6572225000127219,nan,3040.066339727147,
10010,high,clean,DRL-OO,1630,1622,384.13738731242256,869.8613038477729,8.036809815950921,18.022222222222222,265.36553997714316,21.560844423615414,0.36013935364207533,0.807540533794088,0.3067484662576687,0.0,0.1210168587768593,3.907058342901886,7.8015323479881795,24820.000000000127,0.12466486272625643,0.0038177767042788567,91.96319018404908,0.0,79.14110429447852,20.552147239263803,272.2,569.4249999999998,908.3989999999997,1.359375,100.63074146065884,1.350854599964805,nan,1479.0636979376284,501
10011,high,clean,DT-KF-CostAware,1655,1636,401.9523589607668,778.0525406007068,10.694864048338369,18.177777777777777,230.3332378045176,20.30021715606583,0.43296450425373945,0.9229990696600762,0.6042296072507553,0.0,0.11985031330189763,3.901908911649949,7.880834332995122,24819.999999999585,0.12303088010650443,0.0039185067494543055,89.30513595166163,0.0,88.27794561933534,11.117824773413897,190.2,370.84,561.2559999999994,1.109375,97.05509789805745,1.1430363000254147,nan,1743.6016686046514,
10011,high,clean,DT-OPT,1655,1635,460.99853686367396,1110.708088127639,15.95166163141994,18.166666666666668,204.613731814463,18.896292886840335,0.3979321989383808,0.924805351741704,0.6646525679758308,0.0,0.11981501538106754,3.7889437947746907,7.567533874267954,39419.999999999556,0.19530740032225005,0.010017300089945455,84.04833836858006,0.0,86.94864048338368,12.386706948640484,181.1,341.88,572.4319999999998,1.078125,100.10919737600624,1.076948999951128,nan,1850.5983106817896,
10011,high,clean,SemiGreedy,1655,1649,314.2829429680231,529.8653145595779,1.2084592145015105,18.322222222222223,372.97710891827444,27.287002491813908,0.3562163473806189,0.6546478316704534,0.0,0.0,0.11906935872647909,3.8640619118882453,7.689155492802672,32119.99999999959,0.15909741244305017,0.003931777816976264,98.79154078549848,0.0,68.33836858006042,31.661631419939578,213.3,426.0199999999994,709.5279999999996,1.15625,98.59340361780896,1.1727457999950275,nan,1699.4305159809146,
10011,high,clean,Fog-only,1655,1646,723.624896493719,1374.226360782162,65.07552870090635,18.288888888888888,111.75377557712817,14.376204737099416,0.4486407313365965,0.9941422532730582,0.0,0.0,0.12018028427614608,3.816602292565281,7.663182966811775,37960.00000000002,0.18802421470542546,0.013392830135554168,34.92447129909365,0.0,100.0,0.0,22.1,39.979999999999976,56.475999999999836,0.640625,98.07936678845307,0.6531699999468401,nan,3051.2730225855526,
10011,high,clean,DRL-OO,1655,1638,380.7535160677649,812.5563251302847,8.459214501510575,18.2,301.3126524126248,23.637575920221607,0.37418205122934445,0.7637333652507735,0.6042296072507553,0.0,0.11871594579017934,3.918348836951662,7.62668940258749,30659.999999999593,0.15200019314831908,0.004152871851504179,91.54078549848943,0.0,71.23867069486406,28.157099697885197,266.5,500.5999999999999,776.1279999999988,1.28125,100.5168980963477,1.2746613000053912,nan,1563.5526080469929,502
10012,high,clean,DT-KF-CostAware,1599,1585,380.3755428045893,738.1584892954477,7.567229518449031,17.61111111111111,226.67123047798975,19.57997348137652,0.4170558800913181,0.9287940384219018,0.4377736085053158,0.0,0.12413358364373427,3.784548917715135,7.366406748583761,30660.000000000076,0.16067019068554173,0.008390273995942246,92.43277048155097,0.0,90.74421513445904,8.818011257035648,196.05,366.2049999999998,625.996,1.0625,95.44850330965399,1.1131656999932602,nan,1753.557444333596,
10012,high,clean,DT-OPT,1599,1587,427.3817787872371,973.7881024809276,10.694183864915573,17.633333333333333,184.4152523314694,17.14534456949031,0.3811924047967191,0.9296910374688703,0.18761726078799248,0.0,0.12471905129144148,3.7367468578009118,7.374647042191275,30660.000000000036,0.1606581008546164,0.006436394913631628,89.30581613508443,0.0,91.24452782989368,8.567854909318324,192.3,403.34499999999997,659.9030000000002,1.140625,99.60007160726822,1.145204999949783,nan,1704.4983213360006,
10012,high,clean,SemiGreedy,1599,1591,306.47065826000767,545.3442563836802,0.37523452157598497,17.677777777777777,370.6064706893446,26.869291786267397,0.35132503686229144,0.666882676787688,0.0,0.0,0.11675411966975728,4.186643501055739,8.414195317443877,18980.000000000073,0.09943673646744902,0.0028165135635044684,99.62476547842401,0.0,70.9818636647905,29.018136335209505,214.0,418.75499999999926,666.5939999999999,1.109375,96.48285372896537,1.1498157000169158,nan,1697.6633733312935,
10012,high,clean,Fog-only,1599,1589,474.1660507238171,1043.5510449974215,24.015009380863038,17.655555555555555,126.47945379778108,14.054675799225226,0.40872604372518123,0.9814177791045148,0.0,0.0,0.1271245089364944,3.5918297518005597,7.042147735163108,37960.00000000001,0.19887347293489732,0.012976903505725347,75.98499061913697,0.0,100.0,0.0,22.5,37.48999999999997,55.49400000000001,0.625,97.2420142145397,0.6427262999932282,nan,3037.0625879485037,
10012,high,clean,DRL-OO,1599,1585,375.78382402475256,869.8534817487911,7.5046904315197,17.61111111111111,267.3409683611498,21.567191159329276,0.3663884273730407,0.7768884565927,0.5003126954346466,0.0,0.11951370486918142,3.9620812270114003,8.26665085210652,18980.000000000033,0.0994872840521833,0.005273917155252402,92.4953095684803,0.0,77.04815509693559,22.451532207629768,269.8,531.745,906.576,1.265625,97.33666129461056,1.3002552000107244,nan,1501.2437558287788,503
10013,high,clean,DT-KF-CostAware,1640,1624,398.81174693965386,778.6213118223002,10.792682926829269,18.044444444444444,239.7363442729136,20.930026502440878,0.43306327154170904,0.9257762741836383,0.6707317073170732,0.0,0.11843493622027786,3.8649462835038184,7.763409521684372,11680.000000000478,0.06574313324793749,0.0033520600710623388,89.20731707317073,0.0,86.03658536585365,13.292682926829269,191.4,388.48499999999996,591.379,1.15625,100.64602343037689,1.1488283000071533,nan,1760.0541351457043,
10013,high,clean,DT-OPT,1640,1619,461.8240318109532,1015.89171209369,17.378048780487806,17.988888888888887,205.11574189004665,18.989599271665792,0.39883281329518605,0.9189100995268397,0.9146341463414634,0.0,0.12015100844228069,3.795397877395494,7.374090450399566,10220.000000000475,0.05752538729867859,0.001853785351021973,82.6219512195122,0.0,86.21951219512195,12.865853658536585,186.2,367.66499999999985,603.3009999999999,1.125,99.08274042747453,1.13541470002383,nan,1780.8471212831423,
10013,high,clean,SemiGreedy,1640,1636,323.0511645530966,547.5628992618545,2.1341463414634148,18.177777777777777,370.8589986353639,27.375911201083543,0.35837346046690927,0.6402962624574227,0.0,0.0,0.1128339895156653,3.8705208279948513,7.601854018069892,11680.000000000484,0.06568288180944915,0.001525778380464176,97.86585365853658,0.0,67.3780487804878,32.6219512195122,214.5,441.6799999999999,719.8009999999995,1.203125,99.64334205967566,1.2074313999619335,nan,1674.6292999037025,
10013,high,clean,Fog-only,1640,1612,963.6278721989524,2506.932259731397,69.6951219512195,17.91111111111111,101.10773605708293,14.056093319285099,0.44839185151897337,0.9950190538040216,0.0,0.0,0.12379806982244657,3.824240168416973,7.7810592567725125,21900.00000000006,0.12315540339271236,0.007499286400461265,30.304878048780488,0.0,100.0,0.0,21.9,40.789999999999964,74.09499999999998,0.6875,101.62147972130437,0.676530199998524,nan,2988.7801017669444,
10013,high,clean,DRL-OO,1640,1626,392.3411334704665,866.9912342840389,9.634146341463415,18.066666666666666,306.2816575128664,24.08353165570009,0.37569759722781043,0.746983190592154,0.6097560975609756,0.0,0.11354474523792515,3.8404904724052513,7.619208935989148,17520.00000000025,0.09866054791067848,0.005675406577354208,90.36585365853658,0.0,67.86585365853658,31.524390243902438,274.2,534.4799999999999,828.2719999999998,1.359375,100.00791602920901,1.3592673999955878,nan,1487.566022702055,504
10014,high,clean,DT-KF-CostAware,1623,1606,393.17011820401837,744.363413588121,9.057301293900185,17.844444444444445,228.50681302461717,20.71466593299043,0.42622383816365644,0.9769745781200363,0.6777572396796057,0.0,0.11985152938187502,3.9068937395034826,7.698686890319882,18980.000000000036,0.07984948918203512,0.004621453839477834,90.94269870609982,0.0,88.35489833641405,10.967344423906347,191.5,380.09499999999997,671.626999999999,1.109375,99.6675069552822,1.113075899949763,nan,1786.0417246386571,
10014,high,clean,DT-OPT,1623,1602,443.191926952447,1020.9695733122821,13.92483056069008,17.8,190.47776915671417,18.568714059953006,0.3899304392755881,0.9576667717043215,1.0474430067775724,0.0,0.1211200156204252,3.919968597433796,7.728042372630613,21900.000000000065,0.09215633451083066,0.005459606823138922,86.07516943930992,0.0,89.34072704867529,9.611829944547136,188.0,377.2799999999998,663.1769999999997,1.140625,100.30034044270872,1.1372094999533147,nan,1748.1387555077692,
10014,high,clean,SemiGreedy,1623,1619,328.3432694636992,595.3180661238783,4.128157732593962,17.988888888888887,359.7656799289723,27.47371381655532,0.3639797130367073,0.7166943099435542,0.0,0.0,0.11150762272467592,4.282992532462388,8.799320274187956,23360.000000000044,0.09816954973880446,0.005128695204672956,95.87184226740604,0.061614294516327786,69.99383857054836,29.944547134935306,211.4,401.28499999999934,646.0139999999991,1.125,99.31478974474138,1.1327618000213988,nan,1755.0026845559632,
10014,high,clean,Fog-only,1623,1614,744.0126653367269,1688.3175719292765,57.73259396179914,17.933333333333334,108.08545097495615,14.410920110867353,0.4355112625507809,0.9978013862757475,0.0,0.0,0.12419020912171495,3.779833167056757,7.222936765905161,36500.00000000009,0.15338930263843925,0.011069416372886802,42.26740603820086,0.0,100.0,0.0,22.1,38.8,66.18199999999983,0.640625,98.7163522688141,0.6489552999846637,nan,3063.3851053331114,
10014,high,clean,DRL-OO,1623,1604,393.57705725037675,941.0133557715886,8.749229821318545,17.822222222222223,270.48966099223884,22.857342681171975,0.3751921849995937,0.8362700823454566,0.9242144177449169,0.0,0.11433484973054064,4.174927482768782,8.505809377647465,21900.000000000095,0.09218198677268505,0.004830842965928324,91.25077017868145,0.0,75.47751078250154,23.598274799753543,272.25,556.0249999999988,861.6739999999988,1.328125,100.19834084712876,1.3254960000049323,nan,1499.8159179602221,505
10015,high,clean,DT-KF-CostAware,1658,1639,390.07583394027967,785.8480962658869,9.710494571773221,18.211111111111112,229.34360357884157,19.766516532975043,0.41749064736634933,0.9355949428138349,0.6634499396863691,0.0,0.13106278401699054,3.915523768055684,7.564651903562417,18979.999999999545,0.08871107205787974,0.0039353003927448576,90.28950542822678,0.0,89.20386007237636,10.132689987937274,190.5,347.85,506.81000000000034,1.125,101.06601739684507,1.1131338000413962,nan,1829.070323733125,
10015,high,clean,DT-OPT,1658,1631,431.27970969942265,1023.4051842722957,13.329312424607961,18.122222222222224,190.3429249402296,17.4826744806145,0.38012922731362586,0.9260216937540648,0.9047044632086851,0.0,0.13170692333142467,3.8859647893944014,7.664644804088981,24819.99999999955,0.1160186349673694,0.004974269794424198,86.67068757539204,0.0,89.44511459589867,9.650180940892641,186.8,341.775,529.290000000001,1.125,100.89618231361722,1.1150074999895878,nan,1825.996686137997,
10015,high,clean,SemiGreedy,1658,1651,307.7753352772671,543.5412940803419,0.7840772014475271,18.344444444444445,372.55384033341153,27.11137985974769,0.34626036787031805,0.6384804014606853,0.0,0.0,0.1276375671187235,3.9856143321807735,7.66952563576206,21899.99999999954,0.10230805572229064,0.002728867966144031,99.21592279855247,0.0,70.20506634499397,29.79493365500603,215.5,432.95,690.9550000000003,1.21875,100.46847367023184,1.2130671000340953,nan,1678.39025552896,
10015,high,clean,Fog-only,1658,1633,655.5273936948777,1547.105543669535,49.15560916767189,18.144444444444446,113.09349979160845,13.627984939377424,0.41816897005798037,0.9901533784245405,0.0,0.0,0.13350647947075636,3.9039702279026844,7.662264085333681,32120.00000000002,0.15005181505936283,0.011708564817754081,50.84439083232811,0.0,100.0,0.0,22.3,39.324999999999996,61.17000000000035,0.65625,97.5955722765826,0.6724178000004031,nan,3027.879392839957,
10015,high,clean,DRL-OO,1658,1639,378.3321181390097,863.656854113012,8.383594692400482,18.211111111111112,279.7009729603219,22.215055742784354,0.3625528739825651,0.7768117459785523,0.6634499396863691,0.0,0.12787011600722398,3.8628828618734152,7.583998521319697,32119.99999999956,0.15012385451689614,0.007400946486533937,91.61640530759952,0.0,73.88419782870929,25.452352231604344,268.8,491.875,799.0550000000004,1.21875,93.37529213853651,1.305216799955815,nan,1559.8941111307515,501
10016,high,clean,DT-KF-CostAware,1639,1612,415.26455139765716,799.845418349568,11.409395973154362,17.91111111111111,244.40455701157302,20.310542595280072,0.44579821612447257,0.9659804494076426,0.8541793776693105,0.0,0.12064500407327167,3.638924281088556,7.208506744717074,10220.000000000031,0.09637945212713818,0.0023512845355150337,88.59060402684564,0.0,85.35692495424038,13.7888956680903,187.7,363.65999999999985,585.6279999999999,1.09375,100.30666555946891,1.090406100032851,nan,1805.749252448862,
10016,high,clean,DT-OPT,1639,1606,462.06221687646246,1029.288348977065,14.704087858450274,17.844444444444445,219.12197299814164,18.75558862726774,0.4044402086119133,0.9558068839276959,1.1592434411226358,0.0,0.11980887730131233,3.6731585954816004,7.304506698964347,14600.000000000047,0.13766611986815402,0.003983497451010065,85.29591214154972,0.0,84.1366687004271,14.704087858450274,184.5,372.1599999999999,612.2719999999997,1.109375,100.17781194556395,1.1074059000238776,nan,1778.0291760749558,
10016,high,clean,SemiGreedy,1639,1628,335.0019505206882,564.6643998798709,2.684563758389262,18.08888888888889,390.5755933101398,27.76265719844378,0.37173630887340786,0.7101437683059427,0.0,0.0,0.11457662713410768,3.8555037555130087,7.519682433083714,8760.000000000053,0.08235366782648132,0.0010078142290488581,97.31543624161074,0.0,64.18547895057962,35.81452104942038,212.9,415.9999999999997,644.5479999999992,1.109375,98.3812400650222,1.127628599992022,nan,1746.1423025399772,
10016,high,clean,Fog-only,1639,1600,1335.9797601220882,2489.816909418644,80.04881025015253,17.77777777777778,90.80895553447083,12.281919102167752,0.4583928913702479,0.9861446674227109,0.0,0.0,0.12402867892369598,3.628304260774571,7.157851140481738,10220.000000000033,0.0960792791308946,0.004640735430659856,19.95118974984747,0.0,100.0,0.0,22.3,38.66,62.59599999999998,0.640625,98.3727062146103,0.6512223000172526,nan,3023.545108863496,
10016,high,clean,DRL-OO,1639,1611,402.91979877669354,909.0073275739361,8.724832214765101,17.9,326.1254581140262,24.362829965636276,0.3839771204411234,0.7956474296799224,0.9151921903599756,0.0,0.11368313812056684,3.869528555932479,7.59070851369131,8760.000000000027,0.08256740907900322,0.0023240990489471524,91.2751677852349,0.0,64.61256863941428,34.47223917022575,271.0,600.6199999999999,1028.616,1.359375,96.91094081355466,1.4027054000180215,nan,1403.715990524242,502
10017,high,clean,DT-KF-CostAware,1662,1648,379.43736134679,730.1042645904897,10.5294825511432,18.31111111111111,221.83644735987062,20.400516421434,0.42095924622298314,0.9573005337485833,0.3008423586040915,0.0,0.12150253925148255,3.9664165468289956,7.822208555845343,16060.000000000027,0.11150314642300217,0.005556765179715376,89.4705174488568,0.0,91.33574007220217,8.363417569193743,194.2,371.1599999999997,717.228,1.078125,95.14682152982708,1.1331171999918297,nan,1762.3949226208897,
10017,high,clean,DT-OPT,1662,1647,424.5078336982483,917.3232343986775,13.598074608904934,18.3,180.76579215455018,18.340699855605763,0.38033177272756746,0.9515834368475302,0.24067388688327315,0.0,0.12154912979409169,3.766110243080974,7.453561232352582,16060.000000000031,0.11145582684955622,0.006066216329658882,86.40192539109506,0.0,91.99759326113117,7.76173285198556,188.3,360.01999999999987,578.9199999999998,1.0625,95.42112418194948,1.1134850999806076,nan,1793.4680940362648,
10017,high,clean,SemiGreedy,1662,1655,301.9264756763916,498.1638230547293,0.6618531889290012,18.38888888888889,365.93396229202165,27.639060674058896,0.3491273110984347,0.6846521252100317,0.0,0.0,0.11445913685293393,4.008303046051085,7.624328511222343,17520.000000000033,0.1215793321797178,0.0027655930666092123,99.338146811071,0.0,69.4344163658243,30.56558363417569,215.1,482.5999999999998,773.1799999999994,1.203125,98.45498202072343,1.222005200048443,nan,1634.1992652083925,
10017,high,clean,Fog-only,1662,1645,503.5802351790303,993.7936804106328,33.8748495788207,18.27777777777778,117.72988219131692,15.250596941143575,0.4100310511709649,0.9862901109475004,0.0,0.0,0.12301228958693075,3.777138463395613,7.47701876793568,11680.000000000031,0.08105288811981193,0.004370897454753267,66.1251504211793,0.0,100.0,0.0,22.0,39.81999999999998,57.73599999999997,0.640625,97.62714044510723,0.6561955999932252,nan,3043.2998941483575,
10017,high,clean,DRL-OO,1662,1646,376.94419720598404,815.7537493871381,10.048134777376655,18.288888888888888,269.1089131644641,22.838652430354852,0.3664335100379306,0.8051399057657898,0.36101083032490977,0.0,0.11737402250068397,3.949293862005125,7.721031053128046,21900.000000000033,0.1520779894817587,0.00799797047433883,89.95186522262334,0.0,77.73766546329723,21.90132370637786,268.0,500.03999999999985,751.3079999999998,1.25,97.58357310835487,1.2809533000108786,nan,1558.9951639790775,503
10018,high,clean,DT-KF-CostAware,1640,1619,414.45769398356424,809.4984053829428,10.365853658536585,17.988888888888887,270.33323312653835,23.56922822704288,0.43850816119248004,0.9283116601142981,1.0365853658536586,0.0,0.12220036308486527,3.9929130564935673,7.905827028278602,43800.00000000006,0.12783310856498187,0.008495719053938982,89.63414634146342,0.0,84.63414634146342,14.329268292682928,188.8,367.895,591.3300000000004,1.09375,99.46117731232287,1.0996753000072204,nan,1802.3502028162188,
10018,high,clean,DT-OPT,1640,1611,464.030534205176,1053.131169613577,14.939024390243903,17.9,235.35432066345567,21.669503329271684,0.40279841669661903,0.9263882410125948,1.4634146341463414,0.0,0.12261010090693217,4.057113662571157,8.182041517336051,33580.000000000044,0.09801143896816325,0.005439903004469542,85.0609756097561,0.0,84.14634146341463,14.390243902439025,191.2,342.1699999999999,535.4540000000004,1.125,100.63489436935062,1.1179024999728426,nan,1772.9632056893593,
10018,high,clean,SemiGreedy,1640,1638,343.9727211912205,602.6909020392188,2.3780487804878048,18.2,397.99749347576625,29.546546032297528,0.3705350231044771,0.7339815391479749,0.0,0.0,0.11919216661501737,4.227428982469039,8.549891436810748,40880.00000000012,0.11922974551157499,0.005160856708563303,97.6219512195122,0.0,68.53658536585365,31.463414634146343,211.6,369.3699999999999,588.6830000000003,1.09375,99.64615706526344,1.097633900004439,nan,1805.7022473449338,
10018,high,clean,Fog-only,1640,1612,1068.9467727194267,1959.277127947782,87.92682926829268,17.91111111111111,103.16370639382497,15.782032140031353,0.4633073271888488,0.985353985790818,0.0,0.0,0.12509381414766535,3.7539451792861653,7.312531225868746,61319.99999999957,0.17884461826736073,0.01879833009259431,12.073170731707316,0.0,100.0,0.0,22.4,38.29499999999998,54.819,0.65625,101.18211547296391,0.6485830000019632,nan,3055.8926151225064,
10018,high,clean,DRL-OO,1640,1618,409.81429302250535,939.450410189224,9.573170731707316,17.977777777777778,315.21348556282436,25.351898372648222,0.3825390678134784,0.8049917015352159,1.0975609756097562,0.0,0.1192238297168444,4.232999528522668,8.343734898756878,43800.00000000002,0.12786685965415232,0.008830388469004975,90.42682926829268,0.0,69.39024390243902,29.51219512195122,266.65,489.3799999999999,960.957,1.28125,99.4705256694465,1.2880700000096112,nan,1538.736248794872,504
10019,high,clean,DT-KF-CostAware,1649,1628,406.63109078111097,795.5916848912525,11.218920557913886,18.08888888888889,236.5529876539628,21.175662884060287,0.42748892423777063,0.9698242159219252,0.8489993935718617,0.0,0.1234640867011008,3.926499192043864,8.033753472134734,21900.000000000025,0.1371847030411595,0.00400755168911955,88.78107944208611,0.0,89.20557913887204,9.945421467556095,201.0,389.36999999999995,635.2680000000012,1.15625,98.81172966403004,1.1701545999967493,nan,1694.6478696109973,
10019,high,clean,DT-OPT,1649,1629,457.2927697197271,1032.8101983361755,15.524560339599757,18.1,204.66289349820303,19.19447169217838,0.3861148086095456,0.945592938751577,0.7883565797453002,0.0,0.12413747093877915,3.965126080212311,7.8033136286623375,26280.00000000003,0.1648734069608952,0.006382843833335867,84.47543966040024,0.0,88.90236506973923,10.309278350515465,187.4,334.2199999999999,552.8220000000001,1.078125,99.92065662693163,1.0789810999995098,nan,1837.8449817155285,
10019,high,clean,SemiGreedy,1649,1643,330.2131437806913,586.5975789880152,3.8811400848999393,18.255555555555556,379.61996292595506,28.03145000799456,0.35512640520733757,0.7143184080486331,0.0,0.0,0.12188950081128498,4.051054709283472,8.11194901462314,23360.000000000015,0.14609392926564732,0.00373777091088343,96.11885991510006,0.0,68.95087932080048,31.049120679199515,217.3,490.4599999999998,887.8080000000014,1.203125,95.93465128678447,1.254108900029678,nan,1581.2023979361547,
10019,high,clean,Fog-only,1649,1603,779.6900052197503,2515.363214160142,51.303820497271076,17.81111111111111,114.47969536134225,14.914773321392097,0.4220042794702472,0.9948218804297665,0.0,0.0,0.12391169739867341,3.827451450193919,7.797023037931183,23359.999999999916,0.1460939292656467,0.009167231097104454,48.696179502728924,0.0,100.0,0.0,22.4,41.68999999999999,64.2,0.671875,98.44961365153011,0.6824557000072673,nan,2905.6831087774394,
10019,high,clean,DRL-OO,1649,1628,398.5909260323942,895.3357426088965,9.520921770770164,18.08888888888889,295.73704062709476,23.643618708500306,0.37049310430455573,0.8362373059414031,0.9096422073984233,0.0,0.12126592604925683,4.023509546223569,8.053451954406881,26280.00000000001,0.16490071884916874,0.007928962824370875,90.47907822922984,0.0,72.83201940570042,26.25833838690115,267.9,501.47999999999996,804.934000000001,1.265625,98.88210581083608,1.2799332999857143,nan,1549.2994830450407,505
10020,high,clean,DT-KF-CostAware,1534,1520,388.5344200114243,773.6919977375577,10.560625814863103,16.88888888888889,198.80270886227936,17.387809494304857,0.420739271198378,0.8869165802341088,0.3259452411994785,0.0,0.12144761437017339,3.6722878077219185,7.056484401230686,17520.000000000015,0.13342860176116625,0.005132352236723994,89.4393741851369,0.0,90.80834419817471,8.865710560625814,194.7,363.05999999999995,585.644,1.0,94.8288050858958,1.054531899979338,nan,1781.8332475639818,
10020,high,clean,DT-OPT,1534,1521,436.06487355777045,991.897897994738,14.276401564537158,16.9,165.38089332672268,15.377247274857849,0.3858198290639746,0.8864857425260457,0.3259452411994785,0.0,0.12066440643200543,3.6949079339727064,7.053100232903838,20440.00000000002,0.15557250988083343,0.00757010399664553,85.72359843546285,0.0,91.59061277705345,8.083441981747066,193.3,393.0699999999998,644.532,1.09375,98.56326969088904,1.1096932999789715,nan,1693.2606514210788,
10020,high,clean,SemiGreedy,1534,1529,303.0975171821432,506.29669965577364,1.1734028683181226,16.988888888888887,347.17141045169325,25.034183938014575,0.3501398308388728,0.6227450453059704,0.0,0.0,0.11219756599743222,3.6740935791503406,7.1149648706106,18980.000000000022,0.14440091537094504,0.004819992107039203,98.82659713168188,0.0,68.0573663624511,31.94263363754889,213.5,406.1099999999998,677.5640000000005,1.0625,98.66571451981703,1.0768685000366531,nan,1744.8741419551643,
10020,high,clean,Fog-only,1534,1524,529.3134347206861,1169.1112724158272,37.41851368970013,16.933333333333334,108.00367233804599,12.437226896297885,0.40900088714925525,0.97687705673735,0.0,0.0,0.12495888257341771,3.8616803789380474,7.461436418906724,17520.000000000007,0.13329315265010303,0.006461937141405531,62.58148631029987,0.0,100.0,0.0,22.8,37.50999999999999,63.398000000000025,0.609375,99.4146952140786,0.6129627000191249,nan,3065.4393814523687,
10020,high,clean,DRL-OO,1534,1525,375.9001953063531,855.2416615354276,8.213820078226858,16.944444444444443,251.58001086967,19.899051920175438,0.3653073587641922,0.740824218269923,0.2607561929595828,0.0,0.11428379669313955,3.7252506793861833,7.437514010598644,17520.00000000003,0.1333870942200146,0.006372828960845614,91.78617992177314,0.0,76.07561929595828,23.663624511082137,270.5,510.01,829.244,1.21875,99.23411213796113,1.228156300028786,nan,1529.9355627259813,501
10021,high,clean,DT-KF-CostAware,1628,1618,375.2449855851101,726.9494755010467,8.108108108108109,17.977777777777778,233.01063514696094,18.638438922190748,0.41497753537322235,0.9064154478219592,0.06142506142506143,0.0,0.1200278676148595,3.879532983272178,7.685503579217077,13140.00000000004,0.08298906135961118,0.0035204702511118418,91.89189189189189,0.0,90.47911547911548,9.45945945945946,196.45,370.08499999999987,605.7029999999996,1.125,99.03277984840103,1.1359875000198372,nan,1750.0192563433,
10021,high,clean,DT-OPT,1628,1612,426.283699728229,974.3754104765515,12.776412776412776,17.91111111111111,190.94956833525387,16.16606414030506,0.38452749164535266,0.9301390185358048,0.18427518427518427,0.0,0.12060525715898521,3.85180136053843,7.6311672356740505,11680.000000000055,0.0737785993928808,0.003878541132285959,87.22358722358722,0.0,92.50614250614251,7.30958230958231,188.6,335.2599999999997,496.5849999999983,1.0625,97.30948657136408,1.0918770999996923,nan,1820.7177346246756,
10021,high,clean,SemiGreedy,1628,1618,297.9010811481585,487.10277909527673,0.5528255528255528,17.977777777777778,377.84186528424294,26.050424933132234,0.3504191190119473,0.6081894298712612,0.0,0.0,0.11163503007108075,3.9423633064322847,7.957708558400337,14600.00000000006,0.09219981949043597,0.003796852779739521,99.44717444717445,0.0,69.34889434889435,30.651105651105652,213.14999999999998,397.465,585.3909999999998,1.125,99.99339599316407,1.1250742999836802,nan,1766.9944109725348,
10021,high,clean,Fog-only,1628,1613,486.9792813872088,1009.9907506181792,29.606879606879605,17.92222222222222,136.84278214987648,13.187293895980543,0.4133525509827894,0.9761621938810733,0.0,0.0,0.12375006615570107,3.7927830241621097,7.575269135037133,30660.000000000015,0.19361962092991483,0.011122751558652683,70.3931203931204,0.0,100.0,0.0,23.9,56.8,107.02599999999998,0.8125,95.03376359322822,0.8549593000207096,nan,2325.2568864410796,
10021,high,clean,DRL-OO,1628,1613,366.04817823278324,811.4309282708365,6.87960687960688,17.92222222222222,288.02414224094764,21.498167618401343,0.3624749587131701,0.73161516076808,0.3071253071253071,0.0,0.11317414548369571,3.9163997221267475,7.731352348423685,14600.00000000003,0.09224509977918689,0.00602806613378592,93.12039312039312,0.0,73.95577395577395,25.737100737100736,267.9,493.62499999999994,746.4799999999981,1.265625,99.34202904475534,1.274007599975448,nan,1560.4302517805322,502
10022,high,clean,DT-KF-CostAware,1596,1576,393.9809031380361,748.5175619874434,8.458646616541353,17.511111111111113,248.8129073218592,20.958948403135537,0.4372550969935001,0.9362532334597623,0.5639097744360902,0.0,0.12366858564356913,3.776149720357528,7.1434962847115155,14600.000000000131,0.12177803267755137,0.003937220140148661,91.54135338345864,0.0,86.71679197994987,12.719298245614034,193.25,373.875,639.222000000001,1.046875,95.8323073089022,1.0924029999878258,nan,1766.747253551582,
10022,high,clean,DT-OPT,1596,1571,448.947278649138,996.9294923988199,14.035087719298245,17.455555555555556,213.88830987500964,19.008817372551075,0.4007443153009547,0.9196446664900002,1.0025062656641603,0.0,0.12335280476959298,3.8425506533601963,7.564580934954545,13140.000000000146,0.10970496544377198,0.0031941828029355057,85.96491228070175,0.0,86.65413533834587,12.343358395989975,192.2,395.28499999999997,637.6640000000003,1.125,99.49900262189367,1.1306646000011824,nan,1706.9606672022646,
10022,high,clean,SemiGreedy,1596,1589,320.0889652482607,554.9617564460654,1.7543859649122806,17.655555555555555,389.47063083084697,27.751409210520634,0.36404469178426824,0.625727635991512,0.0,0.0,0.11448074027451377,3.6596311105868566,7.097372003050586,8760.000000000127,0.07303059982132619,0.001572506584942216,98.24561403508773,0.0,66.9172932330827,33.08270676691729,213.2,391.02,636.1430000000001,1.09375,99.81849688906746,1.0957388000097126,nan,1761.3686765339446,
10022,high,clean,Fog-only,1596,1566,769.5862807222011,1598.2882722818044,64.41102756892231,17.4,105.47195019421137,13.854462047548726,0.44760441043349647,0.9952355752373284,0.0,0.0,0.12864071755061393,3.867982980530026,7.756208072697022,24820.0,0.20692003282708787,0.008813352212041404,35.58897243107769,0.0,100.0,0.0,22.9,42.5,60.46800000000003,0.671875,100.86532124546439,0.6661109999986365,nan,2897.4149954045956,
10022,high,clean,DRL-OO,1596,1573,394.08373342157563,890.6775748726224,8.709273182957393,17.477777777777778,315.41361851126123,23.920352122721773,0.3823890689044323,0.7473925074499788,0.8145363408521303,0.0,0.11494382197151558,3.802985241801592,7.229524041167049,16060.000000000127,0.1341018835302607,0.005006104457218606,91.29072681704261,0.0,66.8546365914787,32.330827067669176,270.6,534.8049999999998,823.552,1.265625,99.23853804024617,1.2753362000221387,nan,1513.326446756939,503
10023,high,clean,DT-KF-CostAware,1648,1640,382.25221880821954,763.2974457937278,9.70873786407767,18.22222222222222,208.86861858673223,18.59593135671278,0.40377378748225967,0.9196180768758443,0.12135922330097088,0.0,0.12478153384140458,3.8069699605585887,7.4697700235978095,36500.000000000044,0.163802369075908,0.01204871931568765,90.29126213592232,0.0,94.23543689320388,5.643203883495145,198.0,357.79999999999967,620.4919999999955,1.140625,100.04572391189676,1.1401036999886855,nan,1765.6288634270525,
10023,high,clean,DT-OPT,1648,1636,436.8412097052561,1085.293170062355,14.805825242718447,18.177777777777777,176.80712883563703,16.690510956835002,0.3704773139130942,0.9199207443991477,0.3640776699029126,0.0,0.12396832509589928,3.7714987884965976,7.514918522292333,26280.000000000004,0.11796462542528202,0.005482081616473369,85.19417475728156,0.0,94.1747572815534,5.461165048543689,191.5,357.19999999999993,609.955999999999,1.125,100.13974166823228,1.123430100036785,nan,1791.8337775835696,
10023,high,clean,SemiGreedy,1648,1646,297.8454741473341,510.9098273356605,0.4854368932038835,18.288888888888888,360.9851803698793,26.641577087523302,0.3323371789904352,0.68195927168184,0.0,0.0,0.11693562253550739,3.994933084608184,8.43943121685298,21900.000000000047,0.09827624807132884,0.0034765847373407197,99.51456310679612,0.0,72.39077669902913,27.609223300970875,217.8,577.8399999999999,1030.8199999999945,1.375,92.53272361086044,1.4859607999678701,nan,1354.6790736629969,
10023,high,clean,Fog-only,1648,1642,484.9336623660271,980.8544599895341,29.490291262135923,18.244444444444444,130.87411038393503,14.290573249186421,0.3972616464921952,0.979426038942168,0.0,0.0,0.12737412675414397,3.714515846410653,7.33569577132517,35040.000000000015,0.15724199691412588,0.009799839642637602,70.50970873786407,0.0,100.0,0.0,22.6,38.4,66.18799999999999,0.671875,100.86265624740082,0.6661286000162363,nan,3021.9390068988705,
10023,high,clean,DRL-OO,1648,1643,381.55961306721167,840.3347105302121,10.012135922330097,18.255555555555556,253.40264950828626,20.824524983690562,0.35288656203141944,0.79093048977624,0.06067961165048544,0.0,0.11983960424569681,3.849941988299564,7.706305029775721,29200.000000000004,0.13103737307044666,0.006985129118084542,89.9878640776699,0.0,81.31067961165049,18.62864077669903,271.5,461.77999999999923,837.9279999999984,1.265625,97.15110920924735,1.3027386000030674,nan,1545.2063829192289,504
10024,high,clean,DT-KF-CostAware,1632,1621,405.3265804581149,789.0824947401622,10.845588235294118,18.011111111111113,235.40742808047415,20.968648077930204,0.42995155249787126,0.9203761789159345,0.36764705882352944,0.0,0.12372580438581257,4.124198355101834,8.155187523694691,30659.99999999956,0.1482196886506674,0.008664331554929725,89.15441176470588,0.0,88.11274509803921,11.519607843137255,192.7,376.3199999999998,564.068,1.09375,98.37816124560221,1.1117812999873422,nan,1774.6295966863834,
10024,high,clean,DT-OPT,1632,1621,444.9669501584978,947.3607983034068,14.39950980392157,18.011111111111113,211.52806107971355,19.56919647418271,0.3914260126238278,0.9097140146381133,0.42892156862745096,0.0,0.12289529077375205,4.096862849325119,8.105015304669227,26279.999999999527,0.12710473076746312,0.004416270117879855,85.60049019607843,0.0,87.13235294117646,12.438725490196079,189.5,372.3,678.1439999999998,1.125,99.50376367487226,1.130610499996692,nan,1745.0748953824263,
10024,high,clean,SemiGreedy,1632,1629,325.82395490612623,567.918165074334,1.838235294117647,18.1,373.01733225175286,27.637399374947385,0.35880602646911475,0.7048425558145894,0.0,0.0,0.11864252145844882,4.2986887480639995,8.680841780990736,26279.999999999556,0.12699797706913102,0.004688324918102871,98.16176470588235,0.0,67.70833333333333,32.291666666666664,214.2,398.88,680.9839999999998,1.109375,97.96046207336843,1.1324722000281326,nan,1742.2061221025886,
10024,high,clean,Fog-only,1632,1627,822.0689746791256,1748.9358875173766,68.68872549019608,18.07777777777778,105.92640712527643,14.51597524414742,0.44971515183036376,0.9933418940947257,0.0,0.0,0.1270473030645033,4.029746243778068,7.680258497268189,14600.000000000015,0.07055443170507404,0.005730087983134828,31.311274509803923,0.0,100.0,0.0,22.4,36.139999999999986,52.38399999999999,0.640625,100.872895980145,0.6350813999888487,nan,3106.688371025578,
10024,high,clean,DRL-OO,1632,1616,391.14127660914903,862.2051142876943,8.700980392156863,17.955555555555556,293.08823764678976,23.504305950563786,0.3730855372286555,0.785216384849433,0.6127450980392157,0.0,0.1200569902201544,4.087172135634146,8.00267649265752,26279.999999999545,0.12722113555513434,0.004857346743164516,91.29901960784314,0.0,72.42647058823529,26.96078431372549,272.6,476.6199999999995,840.1119999999994,1.25,98.15560899404962,1.2734880999778397,nan,1549.288132362079,505
10025,high,clean,DT-KF-CostAware,1640,1630,363.84691909439516,711.5753987323154,6.951219512195122,18.11111111111111,210.70160082335036,18.828108942909264,0.39598982773658453,0.9410052616156445,0.36585365853658536,0.0,0.12440285651011097,3.8685821211575453,7.659651592705619,35040.00000000004,0.16870579687850962,0.0071862910316130395,93.04878048780488,0.0,93.47560975609755,6.158536585365853,192.4,331.66999999999996,544.308,1.078125,100.51591878415799,1.0725913000060245,nan,1845.0643781922195,
10025,high,clean,DT-OPT,1640,1634,412.8466650866333,930.6533505241836,10.853658536585366,18.155555555555555,165.93346533116005,16.303397727558828,0.36417561039403146,0.9526314920826535,0.12195121951219512,0.0,0.12421482107507198,3.901046809354457,7.793338489102242,37960.000000000044,0.1827439104058024,0.009267993291381598,89.14634146341463,0.0,95.1829268292683,4.695121951219512,199.0,419.33999999999986,636.612000000001,1.171875,97.85784531707661,1.197527899988927,nan,1652.571100863954,
10025,high,clean,SemiGreedy,1640,1637,292.4729063915754,494.4102957771628,0.24390243902439024,18.18888888888889,357.30435116944307,26.49248488529295,0.3323867382479792,0.682260886100019,0.0,0.0,0.11917731015175735,4.056937820997415,8.063656057566513,35040.000000000044,0.16865011036619187,0.007802093149862185,99.7560975609756,0.0,73.17073170731707,26.829268292682926,214.9,422.1999999999998,691.7920000000004,1.15625,98.93218270746111,1.1687298999750055,nan,1693.2911531075938,
10025,high,clean,Fog-only,1640,1636,424.79871944850595,884.5575214086771,14.390243902439025,18.177777777777777,133.2495529993913,14.58597732447128,0.3782941085695431,0.9707128267025672,0.0,0.0,0.1256592893334753,3.903251594641502,7.530185228755103,37960.000000000524,0.18270428623004348,0.01281952981839866,85.60975609756098,0.0,100.0,0.0,23.1,37.1,56.644000000000005,0.65625,100.01728298503193,0.6561366000096314,nan,3016.1402366076672,
10025,high,clean,DRL-OO,1640,1635,372.1788385773012,829.296929655276,8.414634146341463,18.166666666666668,239.36902738640094,20.30082238116625,0.35003990744388264,0.8228291467390524,0.12195121951219512,0.0,0.12150451858911743,3.9836019586294205,7.923106414315427,36500.000000000015,0.1757102062115725,0.007947439538832694,91.58536585365853,0.0,82.7439024390244,17.134146341463413,273.9,472.2899999999999,821.5860000000002,1.265625,99.85203949748704,1.2675003999611363,nan,1561.3407301967554,501
10026,high,clean,DT-KF-CostAware,1632,1620,384.9145358214359,748.3269270310551,8.21078431372549,18.0,229.13690301676752,18.974373910126722,0.40535867544425097,0.9610221059936694,0.36764705882352944,0.0,0.12186599675721224,3.765107644995282,7.574270773824177,26280.000000000262,0.16829550846953076,0.005592389790725304,91.78921568627452,0.0,92.70833333333333,6.924019607843137,195.2,355.015,592.7590000000001,1.140625,99.09781781357475,1.1510091999662109,nan,1787.9961342276108,
10026,high,clean,DT-OPT,1632,1621,445.37623171516583,1071.420651219188,14.154411764705882,18.011111111111113,189.90853352322702,16.589320742593678,0.371421213027187,0.9516967840137381,0.24509803921568626,0.0,0.12375253255165601,3.8239060061230146,7.603671468416613,27740.00000000031,0.17765627187481103,0.007228972319277497,85.84558823529412,0.0,94.17892156862744,5.575980392156863,190.6,358.4599999999999,651.4180000000008,1.171875,100.53748680728391,1.165610000025481,nan,1765.5991283147973,
10026,high,clean,SemiGreedy,1632,1629,307.99374072938537,533.7028578533618,0.30637254901960786,18.1,382.33754473760064,27.15951808631159,0.3379678705595417,0.6620016775411118,0.0,0.0,0.12177951381354779,4.1225566399079945,8.286136035682222,29200.000000000266,0.18693819311176463,0.0066613117495776,99.69362745098039,0.0,70.34313725490196,29.65686274509804,214.1,383.74499999999995,645.2170000000001,1.15625,99.43991997026016,1.1627623999956995,nan,1769.923072854447,
10026,high,clean,Fog-only,1632,1623,517.0205154110889,1061.7028745639584,33.884803921568626,18.033333333333335,140.90578674470805,14.055857057798354,0.39903342949779924,0.9873372884862769,0.0,0.0,0.12150630114192233,3.7416505704255227,7.452039981747818,21900.00000000002,0.1402036448338223,0.008708165485498201,66.11519607843137,0.0,100.0,0.0,21.5,35.71499999999999,59.801000000000045,0.640625,99.49257041526349,0.643892300024163,nan,3196.186691350045,
10026,high,clean,DRL-OO,1632,1621,382.4689994619407,886.6142245715115,7.720588235294118,18.011111111111113,282.1443579760671,21.692882357046678,0.35384657845945455,0.8362239072182563,0.30637254901960786,0.0,0.12131486058590288,3.986499608999102,8.064921131092376,23360.000000000084,0.14966997322406794,0.007340137798087299,92.27941176470588,0.0,78.00245098039215,21.691176470588236,277.0,544.415,1010.4580000000001,1.4375,100.79468987472173,1.426166400022339,nan,1443.029368780364,502
10027,high,clean,DT-KF-CostAware,1610,1601,365.5354187153651,726.5002337125281,8.819875776397515,17.788888888888888,188.91452301043682,16.80207441563936,0.40354338339214296,0.88942897125661,0.2484472049689441,0.0,0.12091592226539055,3.738890508890286,7.606040929170285,16060.00000000029,0.17700232781206154,0.0062161086145913836,91.18012422360249,0.0,94.472049689441,5.279503105590062,198.7,366.46,697.4320000000008,1.125,99.2697628029949,1.1332755999756046,nan,1751.5598147906212,
10027,high,clean,DT-OPT,1610,1601,408.33964580097864,942.7029592770891,12.670807453416149,17.788888888888888,157.07146777131152,14.88965937371058,0.3714613098639314,0.8949872456001908,0.12422360248447205,0.0,0.12142289883497258,3.7166379724777427,7.487711210985963,18980.000000000287,0.20914515279662535,0.007637612736368518,87.32919254658385,0.0,95.46583850931677,4.409937888198757,187.8,326.4599999999999,563.5160000000008,1.078125,100.50802875548891,1.0726755000068806,nan,1850.5130395793205,
10027,high,clean,SemiGreedy,1610,1605,287.06994713793694,470.3760493063111,0.2484472049689441,17.833333333333332,337.6254176049259,24.2161112997298,0.33685138623511357,0.6683539609882135,0.0,0.0,0.11435863735039731,3.980679700697277,7.881734689808831,13140.000000000284,0.1447751539392921,0.005115169894046833,99.75155279503106,0.0,72.17391304347827,27.82608695652174,217.9,415.6599999999999,694.3200000000002,1.171875,99.77489506621595,1.1745188999921083,nan,1690.0536892282767,
10027,high,clean,Fog-only,1610,1604,439.82601322563556,967.4900169938036,17.63975155279503,17.822222222222223,124.12305111081174,13.247088213964762,0.38389530530261573,0.946801620386726,0.0,0.0,0.12283726297236147,3.6860327863386435,7.422493068971025,20440.000000000015,0.22520579501667187,0.005538265286937344,82.36024844720497,0.0,100.0,0.0,22.5,38.5,65.14400000000008,0.625,96.6692120307405,0.6465347000048496,nan,3070.214174096318,
10027,high,clean,DRL-OO,1610,1604,360.05086950748836,794.1682272783665,7.515527950310559,17.822222222222223,226.06301420545796,18.532598582209147,0.3525360649401928,0.8012210982658959,0.062111801242236024,0.0,0.11747024329436521,3.801629716506154,7.625084753352307,27740.000000000015,0.3056467409011424,0.009603133692943161,92.48447204968944,0.0,83.04347826086956,16.8944099378882,276.1,477.88,766.9720000000002,1.265625,99.07923732273078,1.2773866999777965,nan,1553.9538653678665,503
10028,high,clean,DT-KF-CostAware,1644,1632,382.55844842717477,753.7045358336997,10.158150851581508,18.133333333333333,235.4033464260107,19.174337960137873,0.40791799066405965,0.928275784528474,0.24330900243309003,0.0,0.11637339785771558,3.844392672841067,7.563886485295619,23360.00000000005,0.1510037255127197,0.0065459486776240205,89.84184914841849,0.0,92.51824817518248,7.238442822384428,199.7,348.8299999999999,550.652,1.140625,100.21101309578899,1.1382231999887154,nan,1781.7243577710472,
10028,high,clean,DT-OPT,1644,1629,445.1070108373395,1036.6706223693807,15.754257907542579,18.1,193.67959039738565,16.66353392764032,0.375777807232838,0.9251737446193413,0.30413625304136255,0.0,0.1168648364611361,3.8254429417724447,7.290318115447551,23360.00000000004,0.15104186232547206,0.007686139236423483,84.24574209245742,0.0,93.18734793187348,6.5085158150851585,194.1,379.995,603.065,1.15625,98.4198182171245,1.1748141999705695,nan,1726.2304116266248,
10028,high,clean,SemiGreedy,1644,1636,303.1556250715624,539.6356548024398,0.7299270072992701,18.177777777777777,382.55029585148134,26.385969941475278,0.3396767076789294,0.6528202017816812,0.0,0.0,0.1106667088483822,4.200073309634605,8.31053860972369,18980.00000000005,0.12259403553534776,0.003588446945895155,99.27007299270073,0.0,71.53284671532846,28.467153284671532,214.1,371.25999999999993,586.2320000000003,1.125,97.73249322455666,1.1511012999690138,nan,1761.7910778613414,
10028,high,clean,Fog-only,1644,1627,502.9615978916321,1168.544485756255,27.61557177615572,18.07777777777778,140.65064139014913,14.14451297879741,0.3961029767236295,0.9875961432276665,0.0,0.0,0.1189501991737541,3.763485646470917,7.482171652065455,21900.000000000015,0.1414546563869394,0.008651676326023134,72.38442822384428,0.0,100.0,0.0,21.9,36.8,60.03800000000001,0.640625,99.59190056503954,0.6432501000235789,nan,3152.739501984783,
10028,high,clean,DRL-OO,1644,1634,386.63668160191037,922.4882943394103,8.75912408759124,18.155555555555555,276.3701391001528,20.79825139510163,0.35729629462220647,0.7889190457043291,0.12165450121654502,0.0,0.1134349045045597,4.037924209165962,7.99841834854334,10220.000000000022,0.06602018137462172,0.0012826202529225114,91.24087591240875,0.0,79.56204379562044,20.316301703163017,272.95,528.6149999999999,768.7090000000001,1.28125,94.88120613653243,1.3503728000214323,nan,1501.8075008381484,504
10029,high,clean,DT-KF-CostAware,1647,1626,388.7493104165833,748.1532582724412,10.261080752884032,18.066666666666666,234.8708766884002,20.635543476899088,0.4317251317852952,0.8619305368003343,0.7285974499089253,0.0,0.11859683385473713,3.6776678195759955,7.185519799997595,11680.000000000022,0.09041458337687648,0.0035309797227938327,89.73891924711597,0.0,86.2173649058895,13.054037644201578,192.5,346.4799999999999,543.8750000000002,1.109375,98.61396872613273,1.1249673999845982,nan,1786.7184418210863,
10029,high,clean,DT-OPT,1647,1625,445.692620477333,1006.7062130360899,16.939890710382514,18.055555555555557,203.87143243676087,19.02281744461442,0.3994881220842992,0.872576871657754,0.7285974499089253,0.0,0.11999508517307583,3.5987707075954405,7.16846971335863,13140.000000000018,0.10171707557989004,0.0022177152103265807,83.06010928961749,0.0,86.52094717668488,12.750455373406194,185.1,334.22999999999996,519.1560000000001,1.09375,100.12609250825568,1.0923725999891758,nan,1840.031505751716,
10029,high,clean,SemiGreedy,1647,1639,309.2508945744593,499.1847926233319,2.4893746205221614,18.211111111111112,366.9418380587472,26.96915735366138,0.35484307371131973,0.6245842314072836,0.0,0.0,0.11019861627274859,3.673449148831257,7.476632106925912,16060.000000000025,0.12417113256211688,0.0030281513074908208,97.51062537947784,0.0,66.97024893746205,33.02975106253795,215.7,441.6349999999998,740.2280000000001,1.1875,98.62462868178454,1.204060300020501,nan,1669.351609687469,
10029,high,clean,Fog-only,1647,1634,632.479307562408,1217.8590728087772,60.41287188828172,18.155555555555555,108.364193140915,14.889412545935112,0.44638042483994017,0.9954380596169103,0.0,0.0,0.12610244014120223,3.67424010307534,7.231338626662914,17520.000000000025,0.13545941734049113,0.007179848681381725,39.58712811171828,0.0,100.0,0.0,22.8,39.855,63.247000000000135,0.65625,96.82251020915679,0.6777866000193171,nan,2965.535169834745,
10029,high,clean,DRL-OO,1647,1632,380.8661774928487,791.2641926810811,10.139647844565877,18.133333333333333,304.4386551200236,23.682818774011242,0.3742415680196726,0.6728499016425472,0.42501517911353975,0.0,0.11053041585510283,3.659650746812935,7.426606609564788,21900.000000000022,0.1693710086639073,0.0045981085994102,89.86035215543413,0.0,67.21311475409836,32.3618700667881,267.4,514.425,751.5720000000007,1.234375,94.55060666511822,1.3055177999776788,nan,1539.6189925823808,505
10000,low,moderate,DT-KF-CostAware,453,452,239.29302826375826,481.30942883963564,0.0,5.022222222222222,100.69983376838053,3.9744893594845285,0.27805277505343184,0.5933210510206484,0.0,0.0,1.1374925163468623,12.640318268196513,24.838722000637507,64239.99999999997,1.370009377227944,0.011607693844341812,100.0,0.0,99.33774834437087,0.6622516556291391,207.7,386.05999999999983,545.7220000000012,0.296875,96.50536008462937,0.3076254000188783,nan,1804.1423106347554,
10000,low,moderate,DT-OPT,453,452,254.59171414915042,500.8557319598648,0.8830022075055187,5.022222222222222,81.17316509660782,3.313688779106256,0.253160089286585,0.3501425907645059,0.0,0.0,1.1669148011973929,13.171660935501901,25.346340614432645,65700.00000000001,1.4011459539831257,0.015996755594481025,99.11699779249449,0.0,100.0,0.0,199.9,377.3599999999999,552.9920000000009,0.3125,101.639832657989,0.30745820002630353,nan,1805.1234280058845,
10000,low,moderate,SemiGreedy,453,452,180.4889200063295,297.5105821143159,0.0,5.022222222222222,247.10053740843748,8.812411072659375,0.27262454088663673,0.19716272341219843,0.0,0.0,0.986367253315331,14.30633833248986,27.819354072369137,43800.0,0.9340973026554168,0.0043920554303494745,100.0,0.0,57.39514348785872,42.60485651214128,207.8,417.57999999999964,697.6660000000018,0.3125,98.768350768553,0.31639689998701215,nan,1754.1259096495014,
10000,low,moderate,Fog-only,453,452,229.4962719828053,441.2419347746719,0.0,5.022222222222222,113.2834829611647,4.061257450627742,0.24934917843962837,0.3223192649434572,0.0,0.0,1.0464621174354198,12.421461239453746,24.878519952453725,62780.00000000003,1.3388728004727648,0.013399471529501623,100.0,0.0,100.0,0.0,22.4,42.4,66.24600000000001,0.1875,96.145119151541,0.19501769996713847,nan,2845.8955268856134,
10000,low,moderate,DRL-OO,453,452,251.80642731829533,552.603278894667,0.6622516556291391,5.022222222222222,83.36380648890704,3.408985522570959,0.24818305415326136,0.3656748475042241,0.0,0.0,1.1157666826888684,12.514066143247348,24.482780315542165,68620.00000000003,1.463419107493487,0.015881851624265295,99.33774834437087,0.0,100.0,0.0,266.2,528.1399999999996,772.4040000000008,0.34375,95.57677630174092,0.3596585000050254,nan,1543.1304973808353,501
10001,low,moderate,DT-KF-CostAware,441,440,222.02835711355544,450.8649439357981,0.0,4.888888888888889,93.19118567285487,3.9167711047281033,0.273695797228325,0.5910671786441593,0.0,0.0,1.1684818663969767,12.1673934031311,24.74601605607012,37960.000000000065,1.5413945235015996,0.007282842244788108,100.0,0.0,99.77324263038548,0.22675736961451248,216.1,377.4199999999999,643.9879999999995,0.3125,99.15614157449617,0.3151594999944791,nan,1691.2071506946068,
10001,low,moderate,DT-OPT,441,440,221.54472226181707,441.86391420173265,0.45351473922902497,4.888888888888889,92.60098451020453,3.7213643615478347,0.2472593977816663,0.3861373500127649,0.0,0.0,1.1596676005080464,12.111923642374064,23.219837555121693,52560.00000000007,2.134238571002214,0.011552140714726138,99.54648526077098,0.0,100.0,0.0,206.1,403.76,547.6679999999999,0.28125,92.7053956021676,0.30338040000060573,nan,1756.8702526561895,
10001,low,moderate,SemiGreedy,441,441,174.07707203284613,272.13151236202293,0.0,4.9,214.97430607651043,7.931952164780269,0.26802664848182456,0.2672408168591375,0.0,0.0,1.0598501290717206,12.965194540306577,24.589117869313533,24820.000000000004,1.0078348807510442,0.002587524185277536,100.0,0.0,58.049886621315196,41.950113378684804,206.6,457.46,678.6879999999973,0.3125,99.44362483894882,0.3142484000418335,nan,1696.110465253111,
10001,low,moderate,Fog-only,441,440,214.36265251187714,441.4346273589871,0.0,4.888888888888889,95.05077340414333,3.7849023948672533,0.24237730986390243,0.34630795649685175,0.0,0.0,1.1656685888554559,12.465235193869498,23.212985096921688,37960.00000000007,1.5413945235015998,0.00689511259490614,100.0,0.0,100.0,0.0,22.7,35.48,47.967999999999996,0.171875,100.59964706057589,0.1708504999987781,nan,3119.686509573059,
10001,low,moderate,DRL-OO,441,440,231.06836679185477,491.1623987042191,0.45351473922902497,4.888888888888889,79.21935262782084,4.06386406719404,0.24561153576091413,0.3471425292632545,0.0,0.0,1.2299489366586038,11.995424547484596,22.94336364385306,43800.0,1.7785321425018426,0.00990318502893833,99.54648526077098,0.0,100.0,0.0,274.7,530.7799999999999,672.623999999999,0.328125,93.9524272160801,0.3492458999971859,nan,1526.145331997583,502
10002,low,moderate,DT-KF-CostAware,467,465,226.39358102583788,495.9077705711609,0.4282655246252677,5.166666666666667,112.73472632944399,4.282403879227412,0.2837892586247941,0.5443338524271049,0.0,0.0,1.1667022363732518,13.030899492779723,24.887761398369776,137239.99999999994,1.1298464786931646,0.01469252673013145,99.57173447537473,0.0,99.14346895074947,0.8565310492505354,203.8,382.43999999999954,549.8959999999983,0.3125,99.55634508358759,0.3138925999519415,nan,1815.9077343246377,
10002,low,moderate,DT-OPT,467,464,234.57859038706673,520.0879278052272,0.6423982869379015,5.155555555555556,96.63686021473256,3.7342351539567926,0.26015361128220166,0.3734777009434755,0.0,0.0,1.1378172364287846,12.346628411830071,23.851275327437126,124099.99999999994,1.0216696881799892,0.011664007891231953,99.3576017130621,0.0,99.57173447537473,0.4282655246252677,201.55,353.5799999999995,499.4189999999986,0.3125,100.84997977575031,0.3098661999683827,nan,1839.5036311096858,
10002,low,moderate,SemiGreedy,467,466,182.65739327057096,299.15762385587425,0.0,5.177777777777778,236.04657201666132,8.6164640463338,0.28196519880825727,0.23051705081857746,0.0,0.0,1.1316231413621214,15.799911743567291,31.217297569983877,129940.0,1.069748261741401,0.012058067177896606,100.0,0.0,60.813704496788006,39.186295503211994,211.95,346.3549999999999,548.5579999999993,0.3125,99.50128364805764,0.3140662999940105,nan,1814.9034137405713,
10002,low,moderate,Fog-only,467,464,225.9704017699556,475.20559197885433,0.0,5.155555555555556,107.70788607793514,4.042124616974359,0.26121083742204776,0.3614580814999866,0.0,0.0,1.1824477761860135,13.954262229933805,26.926494130658707,127020.0,1.0457089749606954,0.024083444266972624,100.0,0.0,100.0,0.0,21.2,36.754999999999995,64.66999999999962,0.1875,104.95070671882556,0.17865530005656183,nan,3190.501484252297,
10002,low,moderate,DRL-OO,467,465,237.23251240634892,559.1500340286998,0.4282655246252677,5.166666666666667,94.7151703316145,3.7428879194097404,0.25922913741130177,0.3713174669160951,0.0,0.0,1.1470860889395817,13.43517268465908,26.452772868711218,124099.99999999997,1.0216696881799894,0.013717768842013185,99.57173447537473,0.0,99.57173447537473,0.4282655246252677,265.9,503.7349999999991,758.0519999999979,0.375,102.69141887002081,0.3651716999593191,nan,1560.9095668243165,503
10003,low,moderate,DT-KF-CostAware,439,438,229.424911519357,451.15055970593033,0.0,4.866666666666666,93.06085245918096,3.751766485848557,0.2885570745426555,0.8749450207088664,0.0,0.0,1.1494768226398673,12.619105014297517,25.670842027109906,71540.00000000012,1.667755346771425,0.013884107192966335,100.0,0.0,99.77220956719817,0.22779043280182232,211.4,445.6999999999999,612.3359999999997,0.328125,99.50152955584433,0.3297688000020571,nan,1661.770306944082,
10003,low,moderate,DT-OPT,439,438,229.48978619866725,441.7881169096757,0.22779043280182232,4.866666666666666,77.94136237073785,3.5246183125261985,0.2583347961335647,0.3486449943299119,0.0,0.0,1.2424527569524315,12.19044447595382,22.931186139584028,77380.00000000012,1.8038986403854187,0.015374838467474053,99.77220956719817,0.0,100.0,0.0,212.6,417.5899999999997,702.925999999999,0.328125,101.3234971640143,0.3238390000187792,nan,1692.1989012077665,
10003,low,moderate,SemiGreedy,439,438,181.00907212055142,299.2014422091884,0.0,4.866666666666666,217.8465135687283,7.859281980135457,0.28179361660352586,0.29356540084388183,0.0,0.0,1.0709076396785748,14.083404485328943,29.111807649682035,58400.00000000001,1.3614329361399369,0.008270356221529149,100.0,0.0,57.85876993166287,42.14123006833713,209.55,419.23999999999995,622.4059999999989,0.3125,100.34521965937513,0.31142490002093837,nan,1759.6537719468024,
10003,low,moderate,Fog-only,439,438,221.450218492423,436.0174812852133,0.0,4.866666666666666,100.60843960471598,3.5550564384339247,0.26662725382381064,0.38061869087676975,0.0,0.0,1.1473066733570207,11.958950089220384,24.339775270992046,91980.00000000017,2.144256874420404,0.016840190418129168,100.0,0.0,100.0,0.0,22.2,40.42499999999999,49.92399999999998,0.171875,97.63045559957655,0.17604649998247623,nan,3112.8139443530445,
10003,low,moderate,DRL-OO,439,438,231.94892555441092,474.2379825019701,0.45558086560364464,4.866666666666666,75.99953826752667,3.5853776615432986,0.2585270567535144,0.33418573538838875,0.0,0.0,1.2541453667259477,12.77614969446612,25.813151538695543,97820.0000000001,2.280400168034396,0.019255559014395265,99.54441913439635,0.0,100.0,0.0,270.2,476.78499999999997,704.2589999999981,0.34375,99.91745001690956,0.34403400000883266,nan,1592.865821360478,504
10004,low,moderate,DT-KF-CostAware,460,455,210.6367150369125,444.9015356237206,0.0,5.055555555555555,110.78857774408883,3.6036656831706884,0.26906972512724425,0.7499708913081446,0.0,0.0,1.203033981246487,10.978026135391376,21.1814190340426,33580.0,1.3163986500445528,0.007600801170255546,100.0,0.0,99.78260869565217,0.21739130434782608,212.2,350.0449999999997,483.9240000000001,0.296875,97.64902268732797,0.3040225000004284,nan,1776.1843284600286,
10004,low,moderate,DT-OPT,460,454,210.612601088148,474.10199886336665,0.6521739130434783,5.044444444444444,97.91037136436817,3.460252898157508,0.2405639661005799,0.3224431818181818,0.0,0.0,1.2366929464474021,10.806765534354671,20.520497179708588,30660.0,1.2019292022145918,0.007987175371469339,99.34782608695652,0.0,100.0,0.0,202.8,378.8799999999998,542.7420000000002,0.28125,95.04415287748057,0.29591509996680543,nan,1824.8477352476268,
10004,low,moderate,SemiGreedy,460,457,170.6174384075493,281.64889540303847,0.0,5.0777777777777775,218.523379102687,7.891319935941071,0.26018126873756403,0.20061919504643963,0.0,0.0,1.0972237320145903,11.875199968183232,23.34869085305713,27740.0,1.0874597543846307,0.003546724109268333,100.0,0.0,63.26086956521739,36.73913043478261,212.14999999999998,364.3749999999994,502.3300000000003,0.296875,100.67654639131378,0.2948800000012852,nan,1831.2533912020021,
10004,low,moderate,Fog-only,460,454,204.52850886881106,418.8574974677319,0.0,5.044444444444444,104.4923102420826,3.696331056081055,0.23942782350231953,0.312130500096918,0.0,0.0,1.2304941616644574,10.892972918246732,21.953196811589862,37960.0,1.4881028217894947,0.009710978436222543,100.0,0.0,100.0,0.0,20.9,37.414999999999985,59.9890000000002,0.171875,102.37388279927565,0.16788950003683567,nan,3216.4012632208787,
10004,low,moderate,DRL-OO,460,454,216.63602787205738,474.52924967294433,0.43478260869565216,5.044444444444444,92.73070598652806,3.5629400917498777,0.2404783475671321,0.3278176451128585,0.0,0.0,1.234800177472688,11.148132723186627,20.862314730623822,42340.00000000002,1.659806993534437,0.010757797955785105,99.56521739130434,0.0,100.0,0.0,266.20000000000005,519.5249999999997,773.46,0.328125,96.70588444776281,0.3393019999493845,nan,1591.5025554831823,505
10005,low,moderate,DT-KF-CostAware,427,426,234.88771007544267,566.4985880204268,0.234192037470726,4.733333333333333,117.63019054656414,3.943248342258189,0.2853888668067876,0.5783107725564878,0.0,0.0,1.2912642781504462,12.916429362506506,25.742395779657198,93440.00000000004,1.1227674872778457,0.012549591895311374,99.76580796252928,0.0,99.53161592505855,0.468384074941452,210.3,387.1849999999999,680.0929999999994,0.296875,98.32417517975381,0.3019348999951035,nan,1761.969219221188,
10005,low,moderate,DT-OPT,427,426,241.93228750503968,614.117977108448,0.702576112412178,4.733333333333333,109.27842621339224,3.725110921936676,0.2598257873232532,0.36458081028274314,0.0,0.0,1.3130177312990783,13.036540083869294,25.89201706340648,118259.99999999993,1.421002601086022,0.016588522747759793,99.29742388758783,0.0,99.76580796252928,0.234192037470726,211.55,428.19,674.8729999999981,0.296875,92.04778454138587,0.32252270000753924,nan,1649.4962989816347,
10005,low,moderate,SemiGreedy,427,426,186.14070929749835,354.0082530136643,0.0,4.733333333333333,237.2739611628184,8.300687863618124,0.2746914958973527,0.21978905483484137,0.0,0.0,1.219926724101175,13.823743507753273,28.443289439486936,97820.0,1.1753972132439943,0.00895872366290545,100.0,0.0,59.71896955503513,40.28103044496487,214.55,403.9699999999999,603.9919999999996,0.296875,96.03164103367001,0.30914289999054745,nan,1720.8870073233666,
10005,low,moderate,Fog-only,427,426,231.0022049250844,576.2083050619387,0.0,4.733333333333333,119.76505539326575,3.6396291396668836,0.25612944231838797,0.34349636583888554,0.0,0.0,1.3327360388818432,13.006306124076149,26.018308005364425,156219.99999999988,1.877126892792646,0.024580263705345058,100.0,0.0,100.0,0.0,23.0,35.925,48.003999999999905,0.1875,106.2303686123716,0.17650320002576336,nan,3014.1096587616903,
10005,low,moderate,DRL-OO,427,425,256.1478417737341,720.797083042025,0.234192037470726,4.722222222222222,88.67101939361518,3.923306106098329,0.2637346747579029,0.3564873292808084,0.0,0.0,1.3435747074291668,12.882623194521521,25.769407606861463,153300.0,1.8420404088152147,0.024968520969507958,99.76580796252928,0.0,100.0,0.0,271.1,512.7199999999999,703.528999999998,0.34375,101.65116984356682,0.3381663000327535,nan,1573.1904685608013,501
10006,low,moderate,DT-KF-CostAware,433,432,233.21805944532503,485.6804454345732,0.23094688221709006,4.8,124.32926987833298,4.193434222428039,0.2878051262009427,0.47827261662434684,0.0,0.0,1.040457306136032,11.12436620229588,20.86297944578558,81759.99999999999,0.9768960966572731,0.011689568946058004,99.7690531177829,0.0,98.84526558891454,1.1547344110854503,203.9,367.825,610.8199999999996,0.296875,100.31526447851171,0.2959419999970123,nan,1811.1657014057187,
10006,low,moderate,DT-OPT,433,432,242.9554115276632,511.53664105774203,0.23094688221709006,4.8,108.441401995782,3.7243465088497456,0.2590042481143811,0.3916328106638015,0.0,0.0,1.0608912063801739,12.16264388839943,23.482943964861807,86139.99999999949,1.0292298161210498,0.016231659184599168,99.7690531177829,0.0,100.0,0.0,206.4,345.175,529.3799999999999,0.28125,95.219587369589,0.29536990000633523,nan,1814.6737361813225,
10006,low,moderate,SemiGreedy,433,432,181.3623551460097,319.44404899700055,0.0,4.8,253.79543518112624,8.469764997321693,0.28867783679702363,0.2026619167779922,0.0,0.0,0.9956064536769328,11.652842055756555,24.17152673206282,87600.0,1.04667438927565,0.008336127329283639,100.0,0.0,59.122401847575055,40.877598152424945,212.14999999999998,413.65,641.8949999999993,0.296875,97.96797506342483,0.3030327000305988,nan,1768.786008724066,
10006,low,moderate,Fog-only,433,432,229.23861549382227,465.5187190755994,0.0,4.8,131.33894191977296,3.704604107748674,0.26924643878690685,0.3245409015025042,0.0,0.0,1.0566356366850034,11.509170166820136,22.85730126739238,102200.0,1.2211201208215916,0.01736596696192754,100.0,0.0,100.0,0.0,21.4,37.525,62.18499999999989,0.171875,99.57741519554578,0.17260439996607602,nan,3105.3669553345476,
10006,low,moderate,DRL-OO,433,432,261.92063959181706,618.4814930231632,0.0,4.8,84.41794967210004,3.86663693381654,0.2606876577125667,0.40115559224102354,0.0,0.0,1.035271303344485,11.234062034439638,21.4145906886787,105120.0,1.2560092671307799,0.02028161125374174,100.0,0.0,100.0,0.0,267.25,456.875,676.0099999999998,0.328125,98.10540339994878,0.33446169999660924,nan,1602.5751229675443,502
10007,low,moderate,DT-KF-CostAware,457,457,240.2958373702186,535.8782181824323,0.2188183807439825,5.0777777777777775,113.36989936817216,4.663676396863588,0.28385986094121607,0.7946679711385594,0.0,0.0,1.0825674223373958,12.298905618802534,24.665553728876773,48180.00000000002,1.3633473488157304,0.010940425191862028,99.78118161925602,0.0,99.78118161925602,0.2188183807439825,211.1,403.16,546.1000000000008,0.3125,97.23876145779028,0.3213738999911584,nan,1770.5233686234453,
10007,low,moderate,DT-OPT,457,457,250.44870983410942,556.364035156102,0.6564551422319475,5.0777777777777775,90.63160142603246,4.316912401391156,0.2581063276391499,0.4269683365225782,0.0,0.0,1.0708224081896862,12.927430424145854,24.631753289759065,43799.999999999956,1.2394066807415713,0.010319040730744009,99.34354485776805,0.0,100.0,0.0,206.0,391.14000000000027,555.6240000000005,0.3125,98.90558203479901,0.3159579000202939,nan,1800.8728376896204,
10007,low,moderate,SemiGreedy,457,457,184.02409682440413,296.02804725928274,0.0,5.0777777777777775,250.0245341513238,9.385592053781373,0.27971770327458323,0.2662950889493169,0.0,0.0,0.9225259931328336,12.695554059614544,23.905814292933112,27740.000000000004,0.7849575644696628,0.002847257508105274,100.0,0.0,55.798687089715536,44.201312910284464,217.9,461.30000000000007,744.520000000001,0.34375,101.2324591837786,0.33956499997293577,nan,1675.6732880165825,
10007,low,moderate,Fog-only,457,457,230.1565066523361,522.8325911255552,0.0,5.0777777777777775,114.91277544356356,4.910241277482269,0.2556806584446681,0.3607961220061639,0.0,0.0,1.0473729893684,12.035764147205319,23.64411948209444,39420.000000000015,1.1154660126674159,0.010144375484400028,100.0,0.0,100.0,0.0,22.4,39.5,69.0400000000001,0.203125,105.34201341279027,0.19282430002931505,nan,2950.8728926462845,
10007,low,moderate,DRL-OO,457,457,254.16617772969244,626.6061044963235,0.0,5.0777777777777775,86.61535485265682,4.439441111028845,0.25802639684186934,0.3697175369276742,0.0,0.0,1.0631410299621522,12.464152269581742,23.67061972785502,35040.00000000001,0.9915253445932584,0.007953298050826216,100.0,0.0,100.0,0.0,271.5,557.4600000000003,870.7280000000001,0.375,99.15346735983124,0.37820159998955205,nan,1504.488611406506,503
10008,low,moderate,DT-KF-CostAware,447,446,218.85455009359507,474.45229442626123,0.22371364653243847,4.955555555555556,100.13277780791086,4.1118379402681065,0.2757182640818386,0.5563263167486787,0.0,0.0,1.1618738102193402,11.593288459654769,22.2272663130408,51099.99999999999,1.4096738384397915,0.010821591553391546,99.77628635346755,0.0,99.10514541387025,0.8948545861297539,214.14999999999998,380.27,608.7270000000004,0.296875,92.3749262993595,0.3213804999832064,nan,1723.8133615105742,
10008,low,moderate,DT-OPT,447,446,219.60010885070992,499.2731903040045,0.22371364653243847,4.955555555555556,94.92534698652409,3.5485740892840916,0.2527431678514805,0.35226821942649894,0.0,0.0,1.1898816560290395,11.286362936949045,21.27472956223785,67159.99999999999,1.8527141876637259,0.013670565320599652,99.77628635346755,0.0,100.0,0.0,209.4,455.0700000000001,666.5700000000003,0.34375,104.22060872834923,0.3298291999963112,nan,1679.6572286692503,
10008,low,moderate,SemiGreedy,447,446,175.8869335442363,296.84180924837875,0.0,4.955555555555556,220.43326407936897,7.815370842210856,0.2744492262450857,0.22207280760733838,0.0,0.0,1.0892375060932575,12.675536385574272,25.417833220184487,43800.0,1.2082918615198215,0.005214518289846663,100.0,0.0,61.07382550335571,38.92617449664429,211.85000000000002,366.97000000000014,771.3070000000013,0.3125,99.23155087786242,0.31491999997524545,nan,1759.176933962745,
10008,low,moderate,Fog-only,447,446,214.79282399102468,479.6979153691523,0.0,4.955555555555556,96.67888509919021,3.611829301601379,0.2513716827580222,0.33332216204622234,0.0,0.0,1.1918106642207569,11.524552001790852,21.863817295253284,65699.99999999999,1.8124377922797317,0.014431871313931277,100.0,0.0,100.0,0.0,22.0,39.035000000000004,56.747,0.1875,103.5453942954934,0.18108000000938773,nan,3059.4212501175116,
10008,low,moderate,DRL-OO,447,446,229.2514840077678,558.3409953873627,0.44742729306487694,4.955555555555556,84.8726913513073,3.931491446318266,0.24963453339923025,0.3761421396587196,0.0,0.0,1.1978034717124872,11.321009022536083,20.50401346954669,61319.999999999985,1.6916086061277495,0.012217572798127452,99.55257270693512,0.0,100.0,0.0,262.85,482.2900000000002,737.8800000000003,0.328125,95.12226091238438,0.3449508000048809,nan,1606.0261347188098,504
10009,low,moderate,DT-KF-CostAware,442,442,222.25878479887234,434.4579484148422,0.0,4.911111111111111,107.95971898201536,3.8720565869459245,0.2906912822199051,0.64225453961112,0.0,0.0,1.167562153340909,12.221564879323715,23.47746716444538,61320.0,0.8593015610364757,0.007905729004110743,100.0,0.0,99.09502262443439,0.9049773755656109,215.3,343.5200000000001,603.3559999999982,0.3125,98.99258806817389,0.3156802000012249,nan,1739.101787181679,
10009,low,moderate,DT-OPT,442,442,227.29795491024498,446.23203003186404,0.45248868778280543,4.911111111111111,98.01827915142226,3.2802893841019207,0.2653365037083559,0.37693038220017056,0.0,0.0,1.163073855084164,12.01717489868285,23.47746716444538,61320.0,0.8593015610364757,0.008158414223144067,99.5475113122172,0.0,99.77375565610859,0.22624434389140272,205.7,354.48,546.7079999999992,0.296875,97.20434571874932,0.3054132999968715,nan,1797.5641532494612,
10009,low,moderate,SemiGreedy,442,442,179.64422115687714,278.57868309526464,0.0,4.911111111111111,216.63990463923298,7.6598794276407425,0.2864020031679905,0.21867279894875163,0.0,0.0,0.9843586145459717,13.43270620089176,25.769334270243245,67160.0,0.9411398049447115,0.006840017341281471,100.0,0.0,58.3710407239819,41.6289592760181,215.1,393.1600000000003,589.2759999999994,0.3125,100.55752309867488,0.31076739996206015,nan,1766.5945657975203,
10009,low,moderate,Fog-only,442,442,221.65871602018282,428.29104504716895,0.0,4.911111111111111,107.23893047962946,3.5954903119935127,0.27377351036939135,0.33209807707999023,0.0,0.0,1.1166251949944461,12.71305713454508,25.597309182525883,70080.0,0.9820589268988295,0.015675980860363568,100.0,0.0,100.0,0.0,22.6,35.560000000000024,53.691999999999915,0.171875,97.40946091862341,0.17644589999690652,nan,3111.4352898515926,
10009,low,moderate,DRL-OO,442,442,239.80201617124118,506.3008907754425,0.6787330316742082,4.911111111111111,89.79662825935503,3.416481814978114,0.26860383171367574,0.37797950718177314,0.0,0.0,1.1249234851311005,12.111097478810548,23.329525972464985,89060.0,1.2480332196005957,0.019635350531332908,99.32126696832579,0.0,100.0,0.0,275.7,528.32,786.2959999999993,0.375,103.21238218007193,0.36332850001053885,nan,1511.0292751162528,505
10010,low,moderate,DT-KF-CostAware,456,454,225.9072045673846,442.16099102199456,0.0,5.044444444444444,115.85643379858554,4.3052304547697595,0.2782528304059605,0.6444081865416297,0.0,0.0,1.2012857790964904,12.403366958369535,23.808275404959478,61320.00000000003,1.4754422597269234,0.012111174112593921,100.0,0.0,99.34210526315789,0.6578947368421053,211.1,415.9649999999998,672.2879999999999,0.3125,96.35182692588438,0.32433219999074936,nan,1695.792153895565,
10010,low,moderate,DT-OPT,456,454,235.5603233770605,470.26793230615203,0.43859649122807015,5.044444444444444,100.03565185712891,3.9266389925464646,0.25172202100160523,0.41556985709216426,0.0,0.0,1.2604163782811013,13.148171054965681,25.62759540586403,62780.00000000004,1.5105718373394696,0.014133025584855931,99.56140350877193,0.0,100.0,0.0,215.05,388.2799999999999,714.7599999999993,0.3125,96.90869030549756,0.32246850000228733,nan,1705.592949376757,
10010,low,moderate,SemiGreedy,456,455,181.68711563204855,284.56071354903224,0.0,5.055555555555555,244.6068474472966,8.575866163165596,0.2808739752451709,0.21606393812283298,0.0,0.0,1.1072994133244272,14.255456662159913,29.29606629981031,55480.0,1.3349239492767397,0.005284016591993666,100.0,0.0,58.771929824561404,41.228070175438596,208.25,355.51499999999925,711.6699999999996,0.3125,103.36055767992411,0.30233969999244437,nan,1819.1458151666645,
10010,low,moderate,Fog-only,456,454,223.0504556589607,422.3449586294432,0.0,5.044444444444444,122.98199082552507,4.109490082356333,0.25636002806156666,0.3517529967506758,0.0,0.0,1.2083911309035034,12.907820349434335,25.970529104685607,70079.99999999991,1.6862197254021956,0.012886294547578371,100.0,0.0,100.0,0.0,22.3,37.87499999999998,71.57499999999997,0.1875,104.56745047965396,0.1793100999784656,nan,3067.311880736516,
10010,low,moderate,DRL-OO,456,454,243.03020782797066,490.9826520383458,0.43859649122807015,5.044444444444444,87.0901967514671,4.317030896844305,0.2522997185640269,0.3484514471192859,0.0,0.0,1.1823243783540585,12.259555296704926,22.44719962181957,56940.00000000001,1.3700535268892857,0.012832183486816792,99.56140350877193,0.0,100.0,0.0,262.85,469.15999999999985,691.483,0.328125,96.79257788726453,0.33899810002185404,nan,1622.427972205577,501
10011,low,moderate,DT-KF-CostAware,455,455,220.87616483721297,434.5309617282079,0.6593406593406593,5.055555555555555,105.87438677456012,3.672119034973404,0.2844241744116277,0.45259277637968315,0.0,0.0,1.1928342133466199,13.600944632167776,26.37401191036245,91979.99999999953,1.4020990938641098,0.012838740311963035,99.34065934065934,0.0,99.34065934065934,0.6593406593406593,208.14999999999998,387.3899999999993,609.1740000000003,0.3125,99.98438643106682,0.3125488000223413,nan,1766.1242019183644,
10011,low,moderate,DT-OPT,455,455,221.30703830825195,476.6507309506801,1.098901098901099,5.055555555555555,104.20194362642603,3.3571503389079993,0.25807322649542,0.3085273267231882,0.0,0.0,1.2035029565588409,12.983805489566072,25.79919489782527,93439.99999999953,1.424354635036556,0.012709911591416385,98.9010989010989,0.0,99.78021978021978,0.21978021978021978,199.4,352.5949999999998,641.7570000000007,0.296875,99.3934779801955,0.29868659999920055,nan,1848.090942149656,
10011,low,moderate,SemiGreedy,455,455,177.03581037116814,282.9973456306502,0.0,5.055555555555555,219.77727547848025,7.5403157450412035,0.27080423875551013,0.20516245798500388,0.0,0.0,1.1756123257137419,13.542437929833582,26.657883848319692,87599.99999999953,1.3353324703467708,0.008011185657487332,100.0,0.0,60.65934065934066,39.34065934065934,212.55,382.1499999999999,617.9350000000001,0.3125,101.516642389736,0.3078313000150956,nan,1793.189971172297,
10011,low,moderate,Fog-only,455,455,216.88737695054215,422.19072310313663,0.0,5.055555555555555,107.388269857512,3.3415528340287453,0.2518734580827102,0.31019628408750377,0.0,0.0,1.2048564335766128,13.459626900606546,27.237035681783667,93440.00000000047,1.4243546350365701,0.017779066876531656,100.0,0.0,100.0,0.0,21.75,36.0,51.123000000000026,0.171875,98.91289334590869,0.17376400000648573,nan,3176.7224510220567,
10011,low,moderate,DRL-OO,455,455,229.04371027422334,506.32406858620783,0.43956043956043955,5.055555555555555,91.02368660922113,3.6781167612229315,0.26263628592057725,0.37234088675645993,0.0,0.0,1.1604613493962344,12.627680764034965,23.69651326282706,91979.99999999953,1.4020990938641098,0.010963109973867052,99.56043956043956,0.0,99.78021978021978,0.21978021978021978,270.65,480.85999999999996,724.2790000000001,0.328125,94.41299502494363,0.34754220000468194,nan,1588.2963277339088,502
10012,low,moderate,DT-KF-CostAware,414,413,240.36486924225093,567.4274670288748,0.0,4.588888888888889,116.85953771533144,4.539463552314458,0.29732434108767763,0.8727333673860299,0.0,0.0,1.2056129225314984,11.925963120714915,24.966331839483342,116799.99999999997,1.0294777921015428,0.014672213663979741,100.0,0.0,98.06763285024155,1.932367149758454,211.8,401.6649999999999,724.965999999994,0.296875,96.27533236220746,0.30836040002759546,nan,1725.2539559307577,
10012,low,moderate,DT-OPT,414,413,262.39025653849774,624.1020213595626,0.4830917874396135,4.588888888888889,87.04262842997771,3.6723185838930683,0.26716253555834457,0.4246657593467296,0.0,0.0,1.2826003753212931,12.065915314918009,23.386259714222746,189799.99999999994,1.672901412165007,0.03134682054258181,99.51690821256038,0.0,99.7584541062802,0.24154589371980675,214.9,396.9149999999999,611.5419999999999,0.3125,98.91572538261539,0.31592550000641495,nan,1683.9413089136444,
10012,low,moderate,SemiGreedy,414,413,186.79161203712695,319.1705145861767,0.0,4.588888888888889,242.59614006411226,8.455766594706496,0.29442415558501156,0.2050529698045226,0.0,0.0,1.0799946269686864,15.184625131919752,31.71022715494423,89060.0,0.7849768164774267,0.007461624146455791,100.0,0.0,59.66183574879227,40.33816425120773,215.14999999999998,448.6549999999999,638.9679999999984,0.3125,97.59351566769769,0.32020570000167936,nan,1661.4320107268854,
10012,low,moderate,Fog-only,414,413,235.91202101300692,554.6715640982047,0.0,4.588888888888889,127.42114774016656,4.10026388309218,0.2826160775009589,0.33210992383058924,0.0,0.0,1.2437167895294476,13.284930718799059,27.19209439550154,135779.9999999995,1.1967679333180394,0.021570340851332685,100.0,0.0,100.0,0.0,22.5,38.245,60.33199999999984,0.171875,96.51225082388272,0.1780861999723129,nan,2987.3173782286904,
10012,low,moderate,DRL-OO,414,413,267.5179179888926,685.0419168675313,0.0,4.588888888888889,83.73408990184794,3.8200122838856543,0.2671859945872485,0.3938433775390297,0.0,0.0,1.197258919768326,12.371103031068936,25.514876512476334,143079.99999999997,1.26111029532439,0.023139135109805718,100.0,0.0,99.51690821256038,0.4830917874396135,258.75,450.305,715.3719999999989,0.328125,101.2159798755229,0.3241829999606125,nan,1641.0484203818114,503
10013,low,moderate,DT-KF-CostAware,488,487,219.7651285463477,420.51573395473906,0.20491803278688525,5.411111111111111,100.23892267626394,4.178605610104973,0.2791813227846813,0.3756297709923664,0.0,0.0,1.176204029928186,14.117412613249687,28.23545408405552,42340.0,1.6129880203067344,0.00989515298080939,99.79508196721312,0.0,99.79508196721312,0.20491803278688525,210.8,364.3799999999999,620.5480000000026,0.328125,99.34878669192992,0.33027579996269196,nan,1795.4691202533925,
10013,low,moderate,DT-OPT,488,487,221.29527926371236,425.88998994382365,0.4098360655737705,5.411111111111111,99.70930041878464,3.993149691818999,0.2515874213267527,0.36863661232762585,0.0,0.0,1.1923609011269656,13.90317277543008,28.205868145755804,40879.999999999985,1.5573677437444327,0.0094967767967238,99.59016393442623,0.0,100.0,0.0,211.0,378.5199999999999,557.8800000000002,0.34375,103.50576666523409,0.3321070999954827,nan,1785.568571126802,
10013,low,moderate,SemiGreedy,488,487,174.0782490993923,275.376286544043,0.0,5.411111111111111,226.1123500562374,8.357712909648466,0.2755482937711305,0.19466035822913147,0.0,0.0,1.0042539497552747,13.293792013467774,27.066855191551582,43800.0,1.6686082968690357,0.005478719854997169,100.0,0.0,59.221311475409834,40.778688524590166,211.2,428.85999999999996,644.3600000000007,0.328125,96.42094275606043,0.34030470001744106,nan,1742.5560092752405,
10013,low,moderate,Fog-only,488,487,214.16221422898562,388.4476910525446,0.0,5.411111111111111,103.04396115829564,4.14448457953276,0.2543090639417944,0.31258764669288597,0.0,0.0,1.1672486524958636,14.12678405427767,27.814800013814473,39420.0,1.501747467182132,0.008101500109251251,100.0,0.0,100.0,0.0,22.3,38.839999999999996,61.228000000000165,0.1875,97.42527091372725,0.19245520001277328,nan,3081.236568098147,
10013,low,moderate,DRL-OO,488,487,229.17559810004457,470.87826648991705,0.819672131147541,5.411111111111111,93.96483428480477,4.320521036625657,0.2611371295469685,0.3269997573377748,0.0,0.0,1.1620641428805614,14.35155826732242,28.92173415868283,45260.0,1.7242285734313367,0.01017090095255262,99.18032786885246,0.0,100.0,0.0,270.8,448.08,666.1880000000011,0.375,101.59950125712705,0.3690963000408374,nan,1606.626779879369,504
10014,low,moderate,DT-KF-CostAware,439,437,237.03371289185756,502.9684991405039,0.0,4.855555555555555,91.67755560714052,4.273792210474543,0.2897803464089666,0.8538174364980602,0.0,0.0,1.1715077186555154,13.707808966670152,25.55782319627574,29200.0,1.1457998978197625,0.004866646612381946,100.0,0.0,98.86104783599089,1.1389521640091116,202.5,367.0449999999994,574.388,0.296875,100.0804689153528,0.2966362999868579,nan,1820.4110556392593,
10014,low,moderate,DT-OPT,439,437,244.32929257787688,526.8195638025336,0.683371298405467,4.855555555555555,80.85114953706875,3.5137517141905765,0.2666258277126902,0.4062824440473151,0.0,0.0,1.1455488721377194,12.312712755439893,24.154399715731405,39420.000000000015,1.54682986205668,0.009306307870074578,99.31662870159454,0.0,100.0,0.0,203.3,360.35999999999984,481.63500000000016,0.296875,98.9708036573756,0.2999621999915689,nan,1800.2268286310004,
10014,low,moderate,SemiGreedy,439,438,185.52007009338226,299.7147471109066,0.0,4.866666666666666,217.5354661243245,8.170242443927979,0.2937706875368242,0.22127237606535138,0.0,0.0,0.970212208935282,15.464377555205111,30.968134480983483,24820.0,0.9739299131467981,0.0034951796505995588,100.0,0.0,55.80865603644647,44.19134396355353,212.8,403.15999999999997,697.8100000000007,0.328125,102.32501137263777,0.3206693999818526,nan,1683.9773300182674,
10014,low,moderate,Fog-only,439,437,230.81250571552042,485.19583848208464,0.0,4.855555555555555,85.26434100057602,4.029729285153073,0.2752258791010304,0.3539136977568237,0.0,0.0,1.1077491022145705,12.65618556797558,24.27746794032007,29200.000000000022,1.1457998978197634,0.006488922546517135,100.0,0.0,100.0,0.0,23.1,43.014999999999986,55.22700000000001,0.1875,101.2847224323548,0.18512169999303296,nan,2917.000006051818,
10014,low,moderate,DRL-OO,439,437,242.93474067120277,524.4997360912463,0.22779043280182232,4.855555555555555,79.34759526927297,3.625384573417869,0.26986037889695436,0.42091099042547564,0.0,0.0,1.1202595819967833,12.745243105594707,24.0922571005098,29200.000000000004,1.1457998978197628,0.006322187388184647,99.77220956719817,0.0,100.0,0.0,269.35,547.7649999999999,751.9200000000001,0.34375,95.67222015261117,0.35929970000870526,nan,1502.9236038519282,505
10015,low,moderate,DT-KF-CostAware,450,448,234.0073853692232,494.08249998017214,0.4444444444444444,4.977777777777778,90.57387891002985,3.79019391991754,0.28004748332330914,0.7470947623463252,0.0,0.0,1.2767126670928661,12.97720243631477,25.847433960951427,71539.99999999988,2.2904805782999182,0.016064760530624896,99.55555555555556,0.0,99.77777777777777,0.2222222222222222,207.6,371.8799999999999,517.8520000000002,0.3125,100.82840618275755,0.30993250000756234,nan,1784.2594758100774,
10015,low,moderate,DT-OPT,450,448,238.91919251165237,474.12662444894005,0.4444444444444444,4.977777777777778,85.73579357354555,3.1147848752376444,0.2483546102621207,0.4015493453695701,0.0,0.0,1.2568408971878375,13.701640398287786,27.92979394269824,68620.00000000001,2.196991575104007,0.012654233496160619,99.55555555555556,0.0,100.0,0.0,198.9,354.64,520.1440000000001,0.296875,98.68497595934464,0.3008309999713674,nan,1838.2414048174344,
10015,low,moderate,SemiGreedy,450,448,177.63682808744568,293.9147881679147,0.0,4.977777777777778,228.25462846134747,8.254538034464254,0.2709935775998731,0.20419494851549153,0.0,0.0,1.1768406189990246,13.985470130063462,28.46144209888697,45260.0,1.449079549536685,0.0043437420915345935,100.0,0.0,59.333333333333336,40.666666666666664,207.3,382.0799999999999,543.8840000000004,0.3125,102.36762391154906,0.3052723000291735,nan,1811.497472738772,
10015,low,moderate,Fog-only,450,448,217.3989702321977,437.18564585742826,0.0,4.977777777777778,103.32146474371379,3.9799772778054168,0.24941617862568033,0.3259705836494985,0.0,0.0,1.2761732213258377,14.0255426103344,27.013866210648903,58400.000000000065,1.8697800639183055,0.010134827018325786,100.0,0.0,100.0,0.0,21.8,35.8,55.564000000000036,0.171875,99.35074465865654,0.17299820005428046,nan,3196.5650499628837,
10015,low,moderate,DRL-OO,450,448,236.8533516270192,540.6192399181139,0.4444444444444444,4.977777777777778,82.84835779165633,3.781715741893364,0.2531451817252935,0.42156203790832103,0.0,0.0,1.264768887872686,13.922071248791319,27.551021732826477,52560.00000000001,1.6828020575264733,0.010324717082394875,99.55555555555556,0.0,100.0,0.0,263.5,468.38,706.7600000000001,0.34375,100.25165717609768,0.34288710000691935,nan,1612.7757503529315,501
10016,low,moderate,DT-KF-CostAware,435,435,254.39920255437696,503.6549530878021,0.45977011494252873,4.833333333333333,90.5751074560133,3.7108843141548356,0.29866596363746384,0.6113663188390247,0.0,0.0,1.2071006007376583,12.74357484609924,25.746001752127107,48180.000000000015,1.6104378298464475,0.009475769104064374,99.54022988505747,0.0,98.16091954022988,1.839080459770115,210.05,364.525,639.4749999999999,0.296875,99.85348655613421,0.29731059999903664,nan,1769.1935639082642,
10016,low,moderate,DT-OPT,435,435,263.6863407029005,576.8257015597027,1.1494252873563218,4.833333333333333,77.17142581379335,3.0556258311525104,0.2682948246757113,0.43472816997187963,0.0,0.0,1.2321120784127944,12.69930126095712,26.158642658877653,30660.000000000007,1.0248240735386482,0.005025635114049069,98.85057471264368,0.0,100.0,0.0,200.15,366.95,601.95,0.265625,92.65628520857781,0.28667780000250787,nan,1834.812461918567,
10016,low,moderate,SemiGreedy,435,435,190.42486112803365,300.87406523044524,0.0,4.833333333333333,235.71901873569266,8.390963133246036,0.29436234395819766,0.20727424143674414,0.0,0.0,1.0776367650755772,13.524970556920609,25.398731845387275,37960.0,1.2688298053335643,0.005389586116343426,100.0,0.0,49.195402298850574,50.804597701149426,209.7,402.725,696.8,0.28125,95.68848929814787,0.2939225000445731,nan,1789.5873909626944,
10016,low,moderate,Fog-only,435,435,256.9506928728141,554.9521591507698,0.0,4.833333333333333,82.65025377742862,2.977412288729898,0.2732049001482721,0.37143143166721626,0.0,0.0,1.2662648672418189,12.909977705687957,25.245498480321473,39420.00000000002,1.3176309516925482,0.008569073166307874,100.0,0.0,100.0,0.0,21.6,38.525,48.725,0.15625,93.33350855277425,0.16741039999760687,nan,3141.9792319205926,
10016,low,moderate,DRL-OO,435,435,272.6669913103831,627.464686370451,0.6896551724137931,4.833333333333333,64.90753148594976,3.353491089177382,0.2681510933346036,0.4375104045280506,0.0,0.0,1.1874928230333979,12.427286080148738,24.51781485397701,40880.00000000001,1.366432098051531,0.010094852212231277,99.3103448275862,0.0,100.0,0.0,264.2,510.575,784.7,0.3125,91.14318637551936,0.34286710002925247,nan,1534.122113072742,502
10017,low,moderate,DT-KF-CostAware,418,418,233.00762356905688,446.00707976980283,0.0,4.644444444444445,101.17879102383033,4.491689020111069,0.2916189195821049,0.7585699291991319,0.0,0.0,1.165777537033089,13.142931929503753,25.86728656908947,71540.0,1.0162233509489131,0.008333471560803609,100.0,0.0,98.80382775119617,1.1961722488038278,216.3,465.34,632.444,0.3125,98.02239427898729,0.3188046999857761,nan,1609.1356244838555,
10017,low,moderate,DT-OPT,418,418,242.30756550327388,522.5824400175547,1.674641148325359,4.644444444444445,89.25809183855615,4.101800904380968,0.2705819134870863,0.41158328757266477,0.0,0.0,1.1237188092226993,12.726405188933501,25.397772078421152,78840.0,1.1199196112498226,0.010868709540525885,98.32535885167464,0.0,99.76076555023923,0.23923444976076555,213.4,417.44,715.3279999999996,0.3125,99.25462161281564,0.31484679999994114,nan,1629.3638683959814,
10017,low,moderate,SemiGreedy,418,418,183.73643123834057,299.389384071663,0.0,4.644444444444445,221.93203043013747,8.215866736338619,0.2876274683646667,0.20216346153846154,0.0,0.0,1.0257577874445156,14.7684097219639,28.760665322851626,77380.0,1.0991803591896407,0.0069822392088736045,100.0,0.0,55.50239234449761,44.49760765550239,210.6,398.8199999999999,597.7719999999998,0.28125,98.72758137594143,0.2848748000105843,nan,1800.7910842971717,
10017,low,moderate,Fog-only,418,418,228.34566181489328,484.40422043046254,0.0,4.644444444444445,100.43609375136725,4.392663022885772,0.2683723448723902,0.33056606629332524,0.0,0.0,1.0938333609806186,13.304919598366236,25.2270557430778,75920.0,1.0784411071294588,0.013867455455613492,100.0,0.0,100.0,0.0,22.7,39.699999999999974,64.676,0.171875,101.48973647336418,0.16935209999792278,nan,3029.1918435395387,
10017,low,moderate,DRL-OO,418,418,246.37724951265207,538.2480864096087,1.4354066985645932,4.644444444444445,83.9149011298873,4.266444290654211,0.27450267505518433,0.34833333333333333,0.0,0.0,1.0630998914687415,12.957041936220875,25.529163917910303,115340.0,1.6384009127543702,0.018437806261365167,98.56459330143541,0.0,100.0,0.0,267.3,491.9799999999996,889.4319999999998,0.328125,101.13823473889217,0.3244321999954991,nan,1581.2240585463371,503
10018,low,moderate,DT-KF-CostAware,437,435,238.23661193881026,499.8308125256526,0.0,4.833333333333333,80.68877124802967,3.8654383389934255,0.2916011871416208,0.7095753741331062,0.0,0.0,1.190480704059103,12.99152971006984,26.358084228728252,45260.00000000001,1.7444237986273554,0.008981250185727497,100.0,0.0,99.31350114416476,0.6864988558352403,207.7,368.47999999999996,769.9799999999975,0.28125,93.59176751566524,0.3005072000087239,nan,1786.978814432435,
10018,low,moderate,DT-OPT,437,435,249.85310401368622,527.58894122191,0.6864988558352403,4.833333333333333,68.9145247849635,3.0361884189286035,0.2678297617654471,0.3890636565507032,0.0,0.0,1.154472217484654,12.242673476129582,23.260349897740102,42340.0,1.6318803277481708,0.007893948932447731,99.31350114416476,0.0,100.0,0.0,204.0,362.73999999999995,665.5159999999979,0.296875,99.42077248139884,0.29860460001509637,nan,1798.3647940214291,
10018,low,moderate,SemiGreedy,437,436,184.98794253599843,281.13315826852556,0.0,4.844444444444444,219.86392014928828,7.9795432439783385,0.2869135264776575,0.19968041300473235,0.0,0.0,1.1027975491565742,14.875509099747505,31.517058181874628,39420.0,1.5193368568689867,0.004794219271372315,100.0,0.0,52.17391304347826,47.82608695652174,209.8,383.02,552.212,0.296875,99.59009973234848,0.2980968999909237,nan,1801.4276566322908,
10018,low,moderate,Fog-only,437,436,235.239067888313,483.063987020196,0.0,4.844444444444444,84.4521207512836,3.4814533867033743,0.26833154865324865,0.34376898816585166,0.0,0.0,1.210276965411195,12.91307661628124,26.51706518781613,55480.0,2.1383259467044997,0.01257652111501531,100.0,0.0,100.0,0.0,21.3,37.76,55.82799999999996,0.15625,92.35708887347424,0.16918029997032136,nan,3174.1284304035626,
10018,low,moderate,DRL-OO,437,435,248.70719482093907,559.950480786196,0.2288329519450801,4.833333333333333,63.3901551635395,3.2820698636379952,0.27025782253887737,0.42685155108007145,0.0,0.0,1.1585338146281332,11.69814088906956,22.135602953501404,48179.99999999995,1.8569672695065376,0.010769846564649186,99.77116704805492,0.0,100.0,0.0,257.9,489.91999999999996,714.0039999999999,0.328125,98.79078572198374,0.33214130002306774,nan,1616.7817731872083,504
10019,low,moderate,DT-KF-CostAware,446,446,237.8588032540019,485.95897289249024,0.4484304932735426,4.955555555555556,112.0924625367716,4.49575744080728,0.2892488757209733,0.5783580757975876,0.0,0.0,1.1927746451182855,12.164005045255214,23.33913897247828,90520.00000000007,1.1966401538340945,0.012622117586586837,99.55156950672645,0.0,98.87892376681614,1.1210762331838564,211.8,405.15,576.3000000000002,0.3125,99.72094091154949,0.3133745000232011,nan,1694.4582279690487,
10019,low,moderate,DT-OPT,446,446,249.23112535900538,502.498334345348,1.1210762331838564,4.955555555555556,90.21863950827107,3.5656585075782297,0.2655721659819744,0.3799587408312958,0.0,0.0,1.278631648400577,13.11090262478015,25.939983026785114,86140.00000000007,1.1387382109066384,0.01844977170350715,98.87892376681614,0.0,100.0,0.0,210.6,452.8,755.380000000002,0.3125,98.12750735259772,0.31846320000477135,nan,1667.3826049353404,
10019,low,moderate,SemiGreedy,446,446,183.67136433890101,298.9297291420128,0.0,4.955555555555556,237.5622771594824,8.65154656066584,0.2815286793801895,0.19041818797301546,0.0,0.0,1.1523682590425188,14.12470939436103,27.802521297407058,71540.0,0.9457317344817836,0.006237819224229041,100.0,0.0,56.2780269058296,43.7219730941704,219.8,482.7,872.5600000000021,0.34375,102.50010808794093,0.33536550001008436,nan,1583.3471242093565,
10019,low,moderate,Fog-only,446,446,232.97518477163825,486.70366900960624,0.0,4.955555555555556,107.4012103163049,4.087596031591933,0.2602428800590297,0.3199652554368807,0.0,0.0,1.2217940126435025,11.501574901982908,23.022391612964434,93440.0,1.2352414491190642,0.01963997058927036,100.0,0.0,100.0,0.0,22.4,44.7,78.09000000000003,0.171875,93.14804347343163,0.18451809999532998,nan,2877.7664630919094,
10019,low,moderate,DRL-OO,446,446,254.6987090231911,568.6174521740561,0.4484304932735426,4.955555555555556,83.23891268745834,3.833785046664364,0.2633588807817938,0.33668011699073824,0.0,0.0,1.2525892924833182,12.346081317726842,24.4477385769441,97820.0,1.2931433920465203,0.018987792540080938,99.55156950672645,0.0,100.0,0.0,264.4,439.4,680.4500000000003,0.328125,99.76973525060838,0.3288823000038974,nan,1614.5593727412738,505
10020,low,moderate,DT-KF-CostAware,431,430,222.31687352754457,456.24246124033266,0.0,4.777777777777778,106.33748258881197,3.921440477980834,0.28297952535746307,0.5166605930852275,0.0,0.0,1.1877665294926643,12.798354584459306,25.89770283087174,68620.0,1.187314730800349,0.01124880466804093,100.0,0.0,99.07192575406033,0.9280742459396751,207.7,390.4299999999999,657.4420000000001,0.28125,91.54838343256485,0.3072146000340581,nan,1754.473908272087,
10020,low,moderate,DT-OPT,431,430,242.11518850711025,543.4532591894836,0.6960556844547564,4.777777777777778,82.32032329918941,3.348378787560193,0.2685982453142461,0.35519440602428154,0.0,0.0,1.120884154134686,12.864019813623958,26.00199043776142,90520.0,1.566244964034503,0.01894827807104643,99.30394431554524,0.0,100.0,0.0,202.1,359.9,474.51,0.296875,100.14376851717356,0.2964487999561243,nan,1818.189178299168,
10020,low,moderate,SemiGreedy,431,430,179.83685836728506,300.7564620784002,0.0,4.777777777777778,229.67503045482889,8.009181652715005,0.28382271830005473,0.20373702602618265,0.0,0.0,1.0424555212754543,12.071823650173156,23.89675436700642,61320.0,1.0610046530556312,0.0056090180003111135,100.0,0.0,58.23665893271462,41.76334106728538,209.9,424.17,640.8460000000001,0.296875,95.37420259836917,0.3112738999770954,nan,1731.5939435964963,
10020,low,moderate,Fog-only,431,430,222.37797124376274,479.13230146532015,0.0,4.777777777777778,113.52183672458166,3.8249351311921758,0.26559762664469627,0.342316123107912,0.0,0.0,1.2289695966785719,11.898611798455729,23.986807719397387,90520.0,1.566244964034503,0.019748182676463968,100.0,0.0,100.0,0.0,22.2,41.54999999999998,65.44200000000002,0.1875,105.57485930424215,0.17759910004679114,nan,3034.925288799281,
10020,low,moderate,DRL-OO,431,431,247.55670688082424,559.9693200604304,0.46403712296983757,4.788888888888889,74.75829966994996,3.7322913063285785,0.26589662584360607,0.3532383813797825,0.0,0.0,1.1756265043808198,12.295081784228548,22.687897000022225,68619.99999999999,1.1873147308003489,0.014411060592813392,99.53596287703016,0.0,100.0,0.0,268.8,555.62,800.8700000000001,0.34375,100.22555488121762,0.3429763999884017,nan,1571.5367005374924,501
10021,low,moderate,DT-KF-CostAware,431,428,223.3251315703656,482.61839310369226,0.23201856148491878,4.7555555555555555,128.9168640889475,4.107407196526345,0.29122644367755396,0.6428710011209796,0.0,0.0,1.144308219815304,12.007891770992268,22.81373761196809,84680.0,1.2054344767071994,0.011184525090469955,99.76798143851508,0.0,98.83990719257541,1.160092807424594,210.05,383.83999999999986,571.9970000000008,0.296875,97.15573815409478,0.30556609999621287,nan,1767.2117424239557,
10021,low,moderate,DT-OPT,431,428,237.38039314745095,523.5937288004848,0.23201856148491878,4.7555555555555555,114.89963860916193,3.3585224417175588,0.2724865596893783,0.46039086376065624,0.0,0.0,1.1818351981252735,13.212469201715455,25.457559051014872,100740.0,1.4340513602206337,0.017988607721908696,99.76798143851508,0.0,100.0,0.0,202.75,412.145,632.02,0.296875,97.36645668828872,0.30490479996660724,nan,1771.0446016564517,
10021,low,moderate,SemiGreedy,431,428,176.91343652359296,281.1972633279609,0.0,4.7555555555555555,238.36825323841475,8.010702782982873,0.2898876122412126,0.21156702453628984,0.0,0.0,1.0173469872074754,12.905444578373169,25.9095974561599,77380.0,1.1015177114738202,0.006536190366968516,100.0,0.0,62.64501160092807,37.35498839907193,213.9,398.76499999999976,554.8840000000001,0.296875,94.9257908145093,0.3127442999975756,nan,1726.65017397339,
10021,low,moderate,Fog-only,431,428,217.0383463954541,466.34396005268997,0.0,4.7555555555555555,145.33185426861743,3.7388169065372536,0.2782655646420653,0.3267501926424841,0.0,0.0,1.15105410484097,12.510476246391748,24.96881712852167,84680.00000000047,1.205434476707206,0.015316442137427833,100.0,0.0,100.0,0.0,24.3,62.069999999999936,119.7,0.234375,70.96013183071184,0.33029110002098605,nan,1634.9214373796008,
10021,low,moderate,DRL-OO,431,428,259.3649630310531,629.0774439369322,1.6241299303944317,4.7555555555555555,81.55811992956446,4.292892693550116,0.2730368860233637,0.38860226732740477,0.0,0.0,1.119940167496668,11.726062851572877,22.07826047432663,99280.00000000001,1.4132680071739583,0.016520532539195568,98.37587006960557,0.0,100.0,0.0,281.25,582.5149999999999,889.0140000000002,0.390625,101.59786621212514,0.38448150001931936,nan,1404.488902516418,502
10022,low,moderate,DT-KF-CostAware,410,410,226.8520540290998,475.05136252444566,0.24390243902439024,4.555555555555555,102.75991624367742,3.876924069858086,0.2975044571209667,0.4474968122582179,0.0,0.0,1.2347083458020682,12.388735062588363,25.738949053748232,27740.0,1.219594763920043,0.004507083346029678,99.7560975609756,0.0,99.26829268292683,0.7317073170731707,207.5,368.74,626.4379999999998,0.28125,99.9427172745461,0.28141120000509545,nan,1801.634050069151,
10022,low,moderate,DT-OPT,410,410,242.7731718952488,476.3640212452288,0.4878048780487805,4.555555555555555,82.1117133651161,3.270349683519627,0.2736432647346946,0.4530313483679013,0.0,0.0,1.2114176998365398,13.082801101506847,25.838462331621297,33580.00000000001,1.476351556324263,0.006058611408958436,99.51219512195122,0.0,100.0,0.0,201.6,379.6599999999999,605.102,0.28125,100.65662116586869,0.27941529999952763,nan,1814.5033575500595,
10022,low,moderate,SemiGreedy,410,410,174.99618075565397,283.3867865082296,0.0,4.555555555555555,207.15807748789885,7.305830257489267,0.2819941253384175,0.19341162711368842,0.0,0.0,1.084165686179456,12.715049378831381,25.871369276010352,29200.0,1.283783962021098,0.0023758937115851545,100.0,0.0,61.46341463414634,38.53658536585366,210.6,373.71,580.944,0.28125,100.08045578165677,0.2810239000245929,nan,1804.1170162239994,
10022,low,moderate,Fog-only,410,410,217.3313113138086,438.6475946741723,0.0,4.555555555555555,108.68806279069678,3.76007785699967,0.2710003252706206,0.2950945145072045,0.0,0.0,1.2505645802517038,12.257717791018752,23.704987518715413,35040.0,1.5405407544253176,0.006753714626447583,100.0,0.0,100.0,0.0,21.3,36.839999999999996,58.794,0.15625,98.23923846826897,0.1590505000203848,nan,3187.6668098183914,
10022,low,moderate,DRL-OO,410,410,244.24460707944655,531.9304442082447,0.4878048780487805,4.555555555555555,81.08463286078708,3.405818092549031,0.2724872044306,0.40281611839582854,0.0,0.0,1.2335954974904983,12.234747297096765,23.24682396077838,40880.00000000006,1.7972975468295398,0.007413053908363925,99.51219512195122,0.0,100.0,0.0,267.0,537.5899999999999,851.4379999999999,0.296875,92.64564441655544,0.32044139999197796,nan,1582.1925631728373,503
10023,low,moderate,DT-KF-CostAware,466,465,215.33778119609633,440.18580391330886,0.0,5.166666666666667,112.9565795029646,4.3293534840361785,0.26898986236312195,0.627676208100068,0.0,0.0,1.1483211024516464,12.019826773080041,22.108601548227192,51100.0,1.4295225786237418,0.007813116695694223,100.0,0.0,99.57081545064378,0.4291845493562232,215.35000000000002,407.85999999999996,689.4409999999986,0.328125,99.78921477231671,0.3288180999807082,nan,1696.9868752137972,
10023,low,moderate,DT-OPT,466,466,224.5347139417752,462.39682179883255,0.6437768240343348,5.177777777777778,105.22075327164819,3.7141368241188184,0.2445370217557711,0.35774816806368287,0.0,0.0,1.1984414008026805,12.081613026757807,22.71545496375203,58399.99999999998,1.6337400898557044,0.013335878628573536,99.35622317596567,0.0,100.0,0.0,205.4,379.63999999999993,649.0599999999979,0.3125,98.60339725746233,0.3169262000010349,nan,1760.6622614292473,
10023,low,moderate,SemiGreedy,466,466,179.00981821118899,274.96594266025465,0.0,5.177777777777778,232.5698369666079,8.755166205363032,0.26869482384123006,0.22557809720686506,0.0,0.0,1.0379631214731846,14.8642370369381,28.84229661090447,48180.0,1.3478355741309567,0.0037987313561766672,100.0,0.0,58.798283261802574,41.201716738197426,212.35000000000002,376.0349999999999,702.2319999999984,0.3125,99.10535612856667,0.3153210000018589,nan,1769.6252390316865,
10023,low,moderate,Fog-only,466,466,213.50894747808724,431.6104152936671,0.0,5.177777777777778,106.49543910687098,4.461950113070223,0.2419824747304983,0.3588548689881283,0.0,0.0,1.067691201979916,12.748391720311124,24.441811292933245,45260.00000000001,1.2661485696381716,0.007988823097289276,100.0,0.0,100.0,0.0,21.35,36.415,48.917999999999864,0.171875,99.64952356393655,0.17247950000455603,nan,3235.1670777411837,
10023,low,moderate,DRL-OO,466,466,228.02583501122155,469.8093740633507,0.6437768240343348,5.177777777777778,96.99057569783236,4.347734767233209,0.24864262991198227,0.3342836383340312,0.0,0.0,1.139696476696517,12.628383358411075,23.244959098784843,65699.99999999991,1.8379576010876657,0.011724963629437708,99.35622317596567,0.0,100.0,0.0,267.9,527.6599999999992,865.6369999999987,0.375,99.0631793270808,0.3785462999949232,nan,1474.0601083869624,504
10024,low,moderate,DT-KF-CostAware,438,438,243.16451387059658,497.7674816298614,0.0,4.866666666666666,94.96879270846794,4.157165783247596,0.29039291120873495,0.7176887153575257,0.0,0.0,1.1595051107942664,13.401865741049045,24.968077650265858,83220.0,1.63638927030449,0.010674371516889488,100.0,0.0,98.85844748858447,1.1415525114155252,217.9,503.055,793.460000000001,0.34375,101.57967851410899,0.33840429998235777,nan,1566.1739523629894,
10024,low,moderate,DT-OPT,438,438,252.26174688908029,550.3916678704721,1.5981735159817352,4.866666666666666,84.14999594747687,3.5394494176523965,0.2642530219794349,0.35583600427350426,0.0,0.0,1.1370446348880041,12.903878804783226,26.515588871263056,61319.99999999992,1.2057605149612014,0.011240724447205364,98.40182648401826,0.0,100.0,0.0,211.45,454.0099999999999,697.0850000000005,0.328125,102.5762463903363,0.3198839999968186,nan,1656.8506083620034,
10024,low,moderate,SemiGreedy,438,438,187.73906387972121,294.61899817826486,0.0,4.866666666666666,230.85866271564828,8.499055424452992,0.2922109479581524,0.2225592506443704,0.0,0.0,1.089280328528473,14.909215711450315,28.554706155448446,64240.0,1.263177682340308,0.00556196506332798,100.0,0.0,54.337899543378995,45.662100456621005,211.2,384.71499999999986,561.652,0.28125,96.05345798200828,0.29280569998081774,nan,1810.074052638734,
10024,low,moderate,Fog-only,438,438,240.3904226637958,509.49151327017915,0.0,4.866666666666666,91.41217379900586,3.7202778328299204,0.268237711528194,0.3524574502483906,0.0,0.0,1.1793281048679,13.48160130415498,24.6163138770905,71539.99999999997,1.4067206007880697,0.013615909968233173,100.0,0.0,100.0,0.0,22.5,42.455,58.114000000000125,0.1875,102.80952384508767,0.18237609998323023,nan,2906.082540687811,
10024,low,moderate,DRL-OO,438,438,254.5805044895366,567.6318917889047,1.1415525114155252,4.866666666666666,81.59959149612341,3.6935127182580083,0.26949860998710345,0.35898952095808384,0.0,0.0,1.1255800217487792,12.740423412703084,26.444660161863528,52560.00000000003,1.0335090128238889,0.011084728375295545,98.85844748858447,0.0,100.0,0.0,268.0,485.71999999999997,738.2250000000017,0.34375,101.13706007092317,0.33988529996713623,nan,1559.34958072987,505
10025,low,moderate,DT-KF-CostAware,452,451,215.56642468938637,427.2780582970241,0.0,5.011111111111111,106.07368400147138,4.1700636173320484,0.27952855829124784,0.8314994034203897,0.0,0.0,1.1950596698529115,13.31104436628824,25.70946805843852,80300.0,1.4054710454586745,0.010374767169356178,100.0,0.0,99.33628318584071,0.6637168141592921,214.45,347.96500000000003,472.78300000000013,0.296875,96.54735284152518,0.3074915999895893,nan,1769.1540192266004,
10025,low,moderate,DT-OPT,452,451,220.6906806897944,463.09118801730006,0.4424778761061947,5.011111111111111,95.87211612588406,3.8957944546477536,0.2629956878350957,0.42339219996336447,0.0,0.0,1.18305225449843,13.54044623240463,25.712873972749733,77380.00000000047,1.3543630074420037,0.013565206309861503,99.5575221238938,0.0,100.0,0.0,201.1,382.05500000000023,581.2880000000009,0.296875,100.60779817699807,0.29508150002220646,nan,1843.5584743844026,
10025,low,moderate,SemiGreedy,452,452,173.8831452289163,297.02423281707377,0.0,5.022222222222222,222.90950813384785,8.063501702806825,0.2752681147044222,0.22844422792477637,0.0,0.0,1.1713940546010282,13.288591145407372,25.60622799380811,71540.0,1.2521469314086373,0.00802322532906662,100.0,0.0,61.72566371681416,38.27433628318584,219.3,335.74,626.6150000000046,0.296875,98.33186104985444,0.3019112999900244,nan,1801.8537233219643,
10025,low,moderate,Fog-only,452,451,207.3054359320476,414.0637069190361,0.0,5.011111111111111,113.9242447048621,4.134172962759269,0.2544826074765635,0.34738048393928217,0.0,0.0,1.2166426169937263,12.28260756843677,24.775710294146226,64240.0,1.1243768363669395,0.011724897493167139,100.0,0.0,100.0,0.0,22.9,35.370000000000005,54.778000000000276,0.171875,96.40376787408435,0.17828659998485819,nan,3051.266893003746,
10025,low,moderate,DRL-OO,452,451,223.98009367625025,471.0288025291479,0.0,5.011111111111111,88.11473758646615,3.98034607801958,0.26371619235397764,0.48795940888590345,0.0,0.0,1.2033046106322216,12.879788472789855,24.392247636391037,71540.0,1.2521469314086373,0.011236726090099066,100.0,0.0,100.0,0.0,276.6,503.34500000000025,812.087000000004,0.34375,99.192379252971,0.34654880000744015,nan,1569.764489123381,501
10026,low,moderate,DT-KF-CostAware,482,481,236.82591487905844,565.0364986313485,0.6224066390041494,5.344444444444444,142.65759344632872,4.848577349092159,0.28041332303713284,0.6077421569889704,0.0,0.0,1.1985347433197138,12.4617614843206,23.450289628498595,77380.00000000003,1.7052289795489326,0.013296165232640943,99.37759336099585,0.0,98.96265560165975,1.037344398340249,217.35000000000002,449.50999999999954,607.6059999999999,0.375,101.28896282958247,0.3702278999844566,nan,1647.633795361208,
10026,low,moderate,DT-OPT,482,481,243.0580666448156,613.8729668205491,0.6224066390041494,5.344444444444444,124.79203101858498,4.038591535766906,0.2561464639414598,0.38289079980405394,0.0,0.0,1.1843259106984498,12.687529672992316,25.95402125304564,68620.00000000004,1.512184189411318,0.012462857035177355,99.37759336099585,0.0,100.0,0.0,220.8,389.3649999999997,648.3009999999983,0.359375,99.19723044752308,0.3622833000263199,nan,1683.7651637701308,
10026,low,moderate,SemiGreedy,482,481,184.72439247796697,345.47050347482616,0.0,5.344444444444444,270.3797790016056,9.54239143989201,0.28003274818047086,0.21687466808284653,0.0,0.0,1.1729967541325421,13.89636717592473,26.475639009504558,58400.0,1.2869652675840995,0.006047909089767898,100.0,0.0,61.61825726141079,38.38174273858921,227.35000000000002,403.9649999999999,870.9929999999968,0.328125,88.71971869847653,0.3698444999754429,nan,1649.3418180897731,
10026,low,moderate,Fog-only,482,481,228.70628469351504,579.8554391401539,0.0,5.344444444444444,139.24721504294126,4.506026431157394,0.2555355198579186,0.35589181772313905,0.0,0.0,1.209761386765755,11.416723434973777,23.162236431625885,74460.00000000006,1.640880716169728,0.01319940747806171,100.0,0.0,100.0,0.0,23.2,34.355,50.95199999999977,0.203125,101.36069088536466,0.20039819995872676,nan,3043.93951704972,
10026,low,moderate,DRL-OO,482,481,249.7643488765696,652.5498705426452,0.6224066390041494,5.344444444444444,119.18874620015991,4.3344410385384275,0.2562067432370563,0.3572900065478176,0.0,0.0,1.1640131029675447,12.20252148682789,24.52721497825016,55479.99999999999,1.2226170042048943,0.010612543736132447,99.37759336099585,0.0,100.0,0.0,270.3,422.31499999999915,809.7159999999992,0.375,100.19210165712578,0.3742809999966994,nan,1629.7915202892461,502
10027,low,moderate,DT-KF-CostAware,475,472,225.79429082564323,535.284420286782,0.0,5.2444444444444445,130.83076860124788,4.3733737244222874,0.2851496156532053,0.6690371195968211,0.0,0.0,1.1326408378531259,12.206209186319159,23.965806004335487,112420.00000000007,1.3189400471237742,0.0167719757476577,100.0,0.0,99.57894736842105,0.42105263157894735,216.3,346.64000000000004,642.8440000000013,0.3125,96.98384886433787,0.3222185999620706,nan,1765.8819201218641,
10027,low,moderate,DT-OPT,475,472,234.9575153960711,548.1716015736794,1.0526315789473684,5.2444444444444445,114.95101233403562,4.124461337015917,0.2705515464266121,0.38386678796901275,0.0,0.0,1.1381670047762031,11.58391452515787,23.05551640618755,105120.00000000012,1.2332945895183347,0.019040962944434338,98.94736842105263,0.0,100.0,0.0,205.1,320.92,533.1520000000031,0.296875,96.71691873602921,0.30695250001735985,nan,1853.7070066796,
10027,low,moderate,SemiGreedy,475,472,181.60281504175455,338.92656860070076,0.0,5.2444444444444445,253.6869256332625,8.965569284852318,0.28426299406684996,0.23566642443413768,0.0,0.0,1.0779102361378756,13.89243909015633,28.759170714494445,96360.0,1.1305200403918056,0.008241586652853765,100.0,0.0,62.73684210526316,37.26315789473684,214.8,334.28000000000003,473.22000000000145,0.3125,99.03107991466973,0.3155574999982491,nan,1803.1579030863063,
10027,low,moderate,Fog-only,475,472,223.7971586179178,521.7916471458637,0.0,5.2444444444444445,128.0733223189099,3.921029880787642,0.2667643966041746,0.36414038391129244,0.0,0.0,1.1378608235423442,12.608373003348582,26.244281934173067,105120.00000000001,1.2332945895183336,0.01870819778677193,100.0,0.0,100.0,0.0,22.8,32.92,50.4800000000002,0.1875,102.50887044451837,0.18291099998168647,nan,3110.802521756317,
10027,low,moderate,DRL-OO,475,472,245.92536779013048,628.7755981605551,0.631578947368421,5.2444444444444445,99.36599163448884,4.398139995196435,0.26988632022338654,0.35195389515191344,0.0,0.0,1.1679541892335306,11.344976297639588,21.327918560679226,106580.0,1.2504236810394214,0.01992111302960984,99.36842105263158,0.0,100.0,0.0,278.7,483.74000000000024,737.6040000000017,0.375,101.55336018734631,0.3692640000372194,nan,1540.902985242668,503
10028,low,moderate,DT-KF-CostAware,492,492,224.91344046239396,424.7986275874634,0.4065040650406504,5.466666666666667,141.00695757058642,4.213039998538691,0.2838178906689888,0.7086442198715527,0.0,0.0,1.1121522251682485,13.327854774489039,26.473968922348742,36500.0,1.0133917639291392,0.006340598531639115,99.59349593495935,0.0,99.59349593495935,0.4065040650406504,210.64999999999998,371.7099999999998,603.611,0.328125,99.829077398723,0.32868680002866313,nan,1795.0218869408477,
10028,low,moderate,DT-OPT,492,492,237.49240681892832,458.8805616890307,0.8130081300813008,5.466666666666667,128.583569947315,3.674891093745565,0.2574913133840429,0.4207759699624531,0.0,0.0,1.0973630160569994,13.4205238868725,25.08045530851978,51100.0,1.4187484695007948,0.010568229548124836,99.1869918699187,0.0,100.0,0.0,215.2,409.38499999999993,696.2880000000002,0.359375,102.20379101270004,0.3516259000170976,nan,1677.9196298432842,
10028,low,moderate,SemiGreedy,492,492,178.92932493008095,287.88766981105414,0.0,5.466666666666667,266.90031315823575,9.029116635648862,0.28411388770054824,0.2398671096345515,0.0,0.0,0.9987265968552952,15.304842185318414,30.052317124279572,32120.000000000004,0.8917847522576426,0.005506268215981284,100.0,0.0,61.78861788617886,38.21138211382114,216.55,446.9199999999999,646.9170000000001,0.34375,97.20908819351786,0.35361920000286773,nan,1668.4614409941973,
10028,low,moderate,Fog-only,492,492,216.63800355996656,407.08164639541803,0.0,5.466666666666667,156.47924026734137,4.170309256112703,0.2672618833754564,0.3691440562170603,0.0,0.0,1.055224109962539,14.66128916492618,29.193672421730252,40880.000000000015,1.1349987756006363,0.006855011371851787,100.0,0.0,100.0,0.0,23.4,38.6,71.41000000000001,0.21875,107.34868619756753,0.2037752000032924,nan,2895.347422014393,
10028,low,moderate,DRL-OO,492,492,258.3337132679394,498.0482722863953,0.8130081300813008,5.466666666666667,83.5502763368187,4.544944710485212,0.2618556780619634,0.3800110519441374,0.0,0.0,1.0979257397759183,11.877351046291071,23.378641069982727,52560.00000000001,1.4592841400579608,0.010223882512946446,99.1869918699187,0.0,100.0,0.0,272.05,460.955,641.5730000000001,0.375,100.17944141342436,0.37432830000761896,nan,1576.1565449045431,504
10029,low,moderate,DT-KF-CostAware,478,475,239.07570425834882,555.8560308613879,1.0460251046025104,5.277777777777778,118.90783232342773,4.571274586301247,0.2866652660480493,0.5260095954062937,0.0,0.0,1.1411542033394837,11.418863867658722,24.172725814849166,49640.00000000001,1.3171084534270558,0.007304967625557433,98.9539748953975,0.0,99.3723849372385,0.6276150627615062,211.0,388.09,590.7420000000006,0.3125,97.75620573250633,0.31967279996024445,nan,1773.688596810595,
10029,low,moderate,DT-OPT,478,475,247.22037932531538,578.6450076654174,1.4644351464435146,5.277777777777778,106.71968784346599,3.925590167561055,0.2613152453368689,0.3684708195607583,0.0,0.0,1.1448573167267373,11.221429620288196,22.785432612183584,46720.00000000001,1.2396314855784056,0.008296390621330165,98.53556485355648,0.0,100.0,0.0,204.6,417.6399999999997,557.5760000000001,0.328125,102.45709682982508,0.32025599997723475,nan,1770.4586332193774,
10029,low,moderate,SemiGreedy,478,476,183.75694732325226,333.98557959784046,0.0,5.288888888888889,251.46696997671208,9.303537386036984,0.27561723117839093,0.2686839640588872,0.0,0.0,1.0020463596698017,11.485395108388861,22.55052086959811,32120.0,0.8522466463351537,0.0022696368624743344,100.0,0.0,56.90376569037657,43.09623430962343,214.7,392.9899999999996,586.0980000000004,0.3125,97.82971431406158,0.3194325999938883,nan,1775.0223365143333,
10029,low,moderate,Fog-only,478,475,233.93403074807824,544.8894591036214,0.0,5.277777777777778,109.87191348627151,4.40072283854362,0.2560425481979391,0.3750964236789956,0.0,0.0,1.1399166144471131,11.802296299616732,23.37153181249217,48180.00000000001,1.2783699695027309,0.009878999208554368,100.0,0.0,100.0,0.0,23.1,39.83999999999999,79.46200000000013,0.1875,99.58651678723798,0.18827849999070168,nan,3011.496267646077,
10029,low,moderate,DRL-OO,478,475,255.54735229979477,693.4246757594144,0.8368200836820083,5.277777777777778,93.74341479478083,4.441872672926061,0.2594402762691287,0.3887994733867299,0.0,0.0,1.146400989208321,11.283647580655792,22.56746293112193,67160.00000000001,1.7819702605189582,0.012042800973040722,99.16317991631799,0.0,100.0,0.0,277.6,482.93999999999954,687.0540000000012,0.359375,98.82439192043596,0.3636500999564305,nan,1559.191101742948,505
10000,medium,moderate,DT-KF-CostAware,867,866,302.85601976411164,649.0807637003329,1.845444059976932,9.622222222222222,138.7441555147382,8.194913543456716,0.33711168745750447,0.6670544353349582,0.0,0.0,1.4585871843664864,16.345718110553197,32.96328896536074,102199.99999999996,1.7691342165271404,0.024120328327048763,98.15455594002307,0.0,98.15455594002307,1.845444059976932,207.0,381.0899999999998,629.9219999999999,0.609375,99.95485936032945,0.6096502000000328,nan,1763.3062369206837,
10000,medium,moderate,DT-OPT,867,865,327.5048241943596,790.7079233824583,5.3056516724336795,9.61111111111111,109.93662830966933,6.810370407053917,0.30404888155636856,0.5732822029482976,0.0,0.0,1.4656911897592302,16.413008562106196,31.518159889512024,106579.99999999996,1.8449542543783035,0.02759768832822785,94.69434832756632,0.0,100.0,0.0,210.0,434.47999999999973,737.262,0.609375,93.07389689329008,0.654721700004302,nan,1641.919001604707,
10000,medium,moderate,SemiGreedy,867,866,233.13975921742193,388.85114312433933,0.0,9.622222222222222,311.64903966173875,15.176557525572271,0.2991411251083916,0.3143746190613672,0.0,0.0,1.3025355246536598,18.080098589287044,35.69403823780756,81760.00000000003,1.4153073732217134,0.014886623481574946,100.0,0.0,64.70588235294117,35.294117647058826,218.0,404.87999999999994,665.9759999999997,0.640625,100.81558926474902,0.6354424000019208,nan,1691.7347661987153,
10000,medium,moderate,Fog-only,867,866,303.1447164606238,665.3013396343803,0.0,9.622222222222222,119.84811489602977,7.22680929639176,0.2953764872766574,0.5889879493849034,0.0,0.0,1.4276485414553914,16.69080033297954,31.698373202768476,102199.99999999993,1.7691342165271398,0.027702234660828537,100.0,0.0,100.0,0.0,22.6,40.129999999999995,55.615999999999985,0.34375,98.35082475868931,0.3495141000021249,nan,3075.6985197262843,
10000,medium,moderate,DRL-OO,867,866,321.4927896857584,812.5195164960189,3.690888119953864,9.622222222222222,116.4060518480831,7.147632844673795,0.29812634111405595,0.5184179988593306,0.0,0.0,1.4268424428079285,15.952294384844329,31.489231506852754,91980.00000000001,1.5922207948744274,0.024020441008315623,96.30911188004613,0.0,98.96193771626298,1.0380622837370241,278.5,528.2899999999998,727.7159999999999,0.671875,95.44310745278837,0.7039534000214189,nan,1527.089719244614,501
10001,medium,moderate,DT-KF-CostAware,821,818,286.94580133079216,569.981725924734,1.3398294762484775,9.088888888888889,132.12148016968501,8.149450975487145,0.32796309106937127,0.7147961174519559,0.0,0.0,1.5113772474076974,15.680133403649439,30.411557487194184,109500.00000000012,2.1096692789959612,0.02714981753458209,98.66017052375152,0.0,98.17295980511571,1.8270401948842874,211.4,363.90999999999997,628.2019999999994,0.578125,98.44732078757693,0.5872429999872111,nan,1742.038645028172,
10001,medium,moderate,DT-OPT,821,816,302.09887424998436,650.6325258596419,2.43605359317905,9.066666666666666,109.80664333525611,7.05162565074808,0.29540199642873977,0.5903146188544356,0.0,0.0,1.4943131922175228,15.588175588704837,30.333699679542622,103660.00000000009,1.9971535841161765,0.026409651357507054,97.56394640682095,0.0,100.0,0.0,210.9,360.05999999999995,608.9919999999998,0.578125,98.24762769760505,0.5884365999954753,nan,1738.505048815567,
10001,medium,moderate,SemiGreedy,821,819,229.49621490752997,380.1383655082944,0.0,9.1,280.8677447880468,14.172627070553418,0.29384048143456026,0.3345905643336473,0.0,0.0,1.3694823789866881,16.0847316530147,30.638044167647696,89060.0000000001,1.7158643469167154,0.015521253200220768,100.0,0.0,64.06820950060902,35.931790499390985,215.8,436.17999999999995,763.5819999999995,0.609375,100.21782730472302,0.6080504999845289,nan,1682.4260485371346,
10001,medium,moderate,Fog-only,821,816,286.30025646790585,580.8499407794585,0.0,9.066666666666666,111.2765850375466,7.253646853157443,0.2859388996733972,0.5338396018266715,0.0,0.0,1.498763043743003,15.81997303428447,30.91080627212457,94900.00000000007,1.8283800417964995,0.023965167130862587,100.0,0.0,100.0,0.0,23.1,40.68,61.475999999999885,0.359375,101.73554109708891,0.35324430000036955,nan,2896.012759438524,
10001,medium,moderate,DRL-OO,821,816,303.0362460431891,676.2814496456855,2.0706455542021924,9.066666666666666,105.70806996511553,7.440016703637916,0.29385105809546586,0.5528021904857019,0.0,0.0,1.5032006291721276,15.796837453008184,31.43517996905504,106580.00000000001,2.0534114315560674,0.029733664810211797,97.92935444579781,0.0,99.87819732034104,0.1218026796589525,272.4,513.76,726.9079999999999,0.65625,98.6243240530625,0.6654038000269793,nan,1537.41232009574,502
10002,medium,moderate,DT-KF-CostAware,923,919,303.6697755873402,638.8311958231466,2.816901408450704,10.21111111111111,161.77699723352225,9.512643467936206,0.3431094667384524,0.7398994060305114,0.0,0.0,1.4852106471185156,17.002406181751816,34.511495001480846,337260.0000000006,1.3895408355711272,0.04606873643394837,97.1830985915493,0.0,97.83315276273022,2.1668472372697725,205.9,368.45,512.2300000000002,0.625,98.87951318202849,0.6320823999703862,nan,1789.3236705419874,
10002,medium,moderate,DT-OPT,923,919,329.31442222183375,742.8243763246576,5.417118093174431,10.21111111111111,125.55982503332558,7.658361345310658,0.3146511769247915,0.6177396362734855,0.0,0.0,1.4923935178637802,16.423717330586843,32.4793584944508,343100.0,1.4136021487411874,0.05521614389689997,94.58288190682556,0.0,99.56663055254604,0.4333694474539545,204.7,355.0,604.0000000000006,0.625,98.00353470805655,0.6377321000327356,nan,1773.4719640769915,
10002,medium,moderate,SemiGreedy,923,921,241.84476342026466,396.1993393884412,0.0,10.233333333333333,331.2520823678397,16.44502368043891,0.3088783777997514,0.3920340058210403,0.0,0.0,1.4330734948842763,18.844825085442103,36.99718979794708,309520.0000000006,1.2752495980133292,0.03235880606019346,100.0,0.0,66.73889490790899,33.26110509209101,215.8,377.55,613.260000000001,0.640625,100.0340720978726,0.640406799968332,nan,1766.0649450566852,
10002,medium,moderate,Fog-only,923,919,305.3668212786081,639.3870409952896,0.3250270855904659,10.21111111111111,135.7032440691128,8.190319626614173,0.3078472376739537,0.652775544906477,0.0,0.0,1.4753285959803035,16.71396216561619,32.68547296001557,402960.0,1.6602306087343308,0.0915399090844341,99.67497291440954,0.0,100.0,0.0,23.1,40.8,67.77000000000001,0.390625,98.74830753704202,0.3955763999838382,nan,2859.1189971045,
10002,medium,moderate,DRL-OO,923,918,324.0793539387131,724.939400763175,4.9837486457204765,10.2,131.46348132215576,8.025175860618216,0.31463418662478315,0.5872173146872105,0.0,0.0,1.498485418065633,16.935021908138737,33.11079133006148,344560.0,1.4196174770337031,0.05481522977727419,95.01625135427952,0.0,99.34994582881907,0.6500541711809318,278.1,539.1,904.8100000000002,0.765625,98.96909269298366,0.7736000999575481,nan,1461.9956745895774,503
10003,medium,moderate,DT-KF-CostAware,871,868,287.7894207989069,598.185322539095,0.574052812858783,9.644444444444444,141.86107149818363,8.421551302342422,0.3389930321104583,0.8794560792277413,0.0,0.0,1.4795846678533442,16.081950420818,31.869746051317343,129940.00000000003,1.384262488723705,0.024854898306862536,99.42594718714122,0.0,98.50746268656717,1.492537313432836,209.05,361.82,550.9119999999997,0.59375,97.83109089384895,0.6069133999990299,nan,1763.0192380028357,
10003,medium,moderate,DT-OPT,871,868,316.66706056334107,722.9047409455961,4.936854190585533,9.644444444444444,115.59733154351437,7.278118969997576,0.3129184915525529,0.6130151620921599,0.0,0.0,1.531129729524339,16.436306643568415,33.03437435580642,164980.00000000003,1.7575467553458275,0.03587005958062441,95.06314580941446,0.0,99.88518943742824,0.1148105625717566,209.5,367.715,510.1839999999996,0.59375,97.02846942187819,0.6119337999843992,nan,1748.5551542132152,
10003,medium,moderate,SemiGreedy,871,868,236.13799913277893,397.31683929388595,0.0,9.644444444444444,302.5311755872836,14.846148058754464,0.3117346757287697,0.4248607646041884,0.0,0.0,1.3823233294287574,17.37839740334222,34.35943407427477,141620.00000000003,1.5086905775977457,0.02033450746496181,100.0,0.0,65.90126291618829,34.09873708381171,214.5,390.515,582.1159999999998,0.59375,99.1880694353669,0.5986102999886498,nan,1787.473419719454,
10003,medium,moderate,Fog-only,871,868,289.9788077686719,635.4034916579715,0.0,9.644444444444444,128.03969768158802,7.367830130178527,0.3046277439905867,0.6213990683434725,0.0,0.0,1.4682541310779924,16.41267781162781,32.90917996360322,167899.99999999994,1.7886537775643365,0.04553712322296042,100.0,0.0,100.0,0.0,21.9,36.555,64.33199999999961,0.328125,97.99415485125147,0.3348413999774493,nan,3195.542725816048,
10003,medium,moderate,DRL-OO,871,868,312.132407540551,701.5451067924588,4.247990815154994,9.644444444444444,114.34470335986727,7.456279330749385,0.31071818742721874,0.6251503920218704,0.0,0.0,1.5202505495457066,16.175729187915984,31.08111543766886,166440.0,1.7731002664550821,0.03323642202381658,95.75200918484501,0.0,99.65556831228473,0.34443168771526983,276.8,484.44999999999993,741.944,0.6875,98.87303436729245,0.6953362000058405,nan,1538.8239530618605,504
10004,medium,moderate,DT-KF-CostAware,911,908,272.57497628613953,579.3742809928269,0.7683863885839737,10.088888888888889,159.54196101570153,8.044742022133935,0.3139335432943676,0.7733302134319426,0.0,0.0,1.5542376103116695,14.033267523413167,26.331378334330864,181040.0,1.5721405304671698,0.03430887172028657,99.23161361141602,0.0,98.90230515916575,1.0976948408342482,216.4,442.59999999999974,638.9559999999982,0.6875,100.23024527979274,0.6859206999652088,nan,1596.3944520926989,
10004,medium,moderate,DT-OPT,911,908,289.4081781632098,620.124525124698,2.6344676180021955,10.088888888888889,136.6132283564271,7.173147767255918,0.28878541501207394,0.6036851513746118,0.0,0.0,1.556329616203986,13.907917792245557,27.456591688297117,258420.0,2.2441038217152345,0.07037247380727968,97.36553238199781,0.0,99.89023051591657,0.10976948408342481,202.4,374.23999999999984,598.478,0.578125,94.18850604258814,0.6137957000173628,nan,1783.9812171525884,
10004,medium,moderate,SemiGreedy,911,909,228.61569372159158,382.105581575523,0.0,10.1,310.40813181685326,15.21613477760565,0.2908987170912917,0.3936932895449621,0.0,0.0,1.4225540867961608,15.199137560548962,29.55284353426065,153299.99999999997,1.331248029831071,0.021538901709910324,100.0,0.0,67.06915477497256,32.93084522502744,215.1,384.30999999999955,630.6139999999999,0.625,100.26341203422757,0.623358000011649,nan,1756.6149788396672,
10004,medium,moderate,Fog-only,911,908,274.22858222296975,581.2755708803969,0.0,10.088888888888889,138.90812317813104,7.320232287467826,0.2815907674649954,0.6085359660828796,0.0,0.0,1.5645903421259921,13.737160514149931,27.112401444086313,240900.00000000003,2.091961189734541,0.07896125040014154,100.0,0.0,100.0,0.0,22.5,36.82999999999999,56.23599999999997,0.359375,102.38140210458752,0.35101589997066185,nan,3119.5168084736924,
10004,medium,moderate,DRL-OO,911,908,287.27922719474117,614.5139479294457,1.8660812294182216,10.088888888888889,133.86680942136266,7.395733190626182,0.2876904585424624,0.5761772930962836,0.0,0.0,1.5714252856178212,13.856406285112788,26.31581655463429,188339.99999999997,1.6355332937924587,0.044624684018491415,98.13391877058177,0.0,99.78046103183316,0.21953896816684962,272.8,481.62999999999994,802.4159999999998,0.6875,98.9900851485626,0.6945140000316314,nan,1576.642083457106,505
10005,medium,moderate,DT-KF-CostAware,889,888,281.06847530331976,535.7337094568459,1.124859392575928,9.866666666666667,170.51795431108576,8.921025572918426,0.32818302661395443,0.6712048744862744,0.0,0.0,1.6342319966515466,16.506897568693944,31.70145026245409,213160.00000000003,1.9926266457445234,0.03630125483505799,98.87514060742407,0.0,97.52530933633295,2.4746906636670416,213.25,408.4849999999999,696.7119999999996,0.640625,98.63130160730387,0.649514899996575,nan,1675.0962911023862,
10005,medium,moderate,DT-OPT,889,887,309.5412554978769,716.1254514172697,3.4870641169853767,9.855555555555556,136.99046017057577,7.442641643318298,0.303781657384225,0.6356778222619557,0.0,0.0,1.64764889877231,16.894358926470392,32.55698628454001,229220.0,2.1427560505608914,0.04480080304376844,96.51293588301462,0.0,99.8875140607424,0.1124859392575928,210.55,428.765,725.0089999999977,0.65625,99.46423447635709,0.6597849000245333,nan,1649.0222797756421,
10005,medium,moderate,SemiGreedy,889,888,233.3118224612689,401.1280917039214,0.0,9.866666666666667,314.5733737662067,15.005560475238052,0.2980782878569341,0.371955206636767,0.0,0.0,1.5922686956549512,17.35732644002675,35.01737794241568,202940.0,1.8970897517704706,0.024137561396228295,100.0,0.0,68.50393700787401,31.496062992125985,214.0,400.3299999999999,626.2449999999992,0.609375,99.19811298283199,0.614300999965053,nan,1771.1187187745018,
10005,medium,moderate,Fog-only,889,888,287.65305928492415,601.2325253636535,0.1124859392575928,9.866666666666667,143.17009238532475,7.4348421073220265,0.29595425864501274,0.5927689976185322,0.0,0.0,1.6762177265370388,16.845504634623754,32.81346623990523,245280.0,2.2928854553772595,0.05679017024691182,99.8875140607424,0.0,100.0,0.0,23.0,39.264999999999986,58.39099999999991,0.359375,99.15316642318852,0.3624443000298925,nan,3001.8405584258535,
10005,medium,moderate,DRL-OO,889,886,305.3677330616503,685.4273855403293,2.5871766029246346,9.844444444444445,132.0504801784777,7.725516489044435,0.2990417375427986,0.5761820477056445,0.0,0.0,1.6796963778983307,16.603128187321055,31.192807994121313,216080.00000000003,2.0199229011656814,0.04549082435297573,97.41282339707537,0.0,99.8875140607424,0.1124859392575928,271.7,500.45499999999936,765.3819999999974,0.671875,97.03664002350553,0.6923931000055745,nan,1571.3617018876132,501
10006,medium,moderate,DT-KF-CostAware,849,847,293.5538684832056,604.931224403981,1.2956419316843346,9.411111111111111,160.17626156273255,8.641152664034035,0.33329110647612836,0.6013135182924262,0.0,0.0,1.3541846818497971,15.257946823211963,30.222931639170238,251120.0,1.2371709774034998,0.036633011416887434,98.70435806831567,0.0,97.7620730270907,2.237926972909305,219.5,435.47499999999997,691.7700000000001,0.671875,99.24132728732684,0.6770112999947742,nan,1559.796712415511,
10006,medium,moderate,DT-OPT,849,848,314.8529857075847,723.8176417733752,3.0624263839811543,9.422222222222222,133.8367688312841,7.228114589452234,0.3004518929787528,0.5859157033039893,0.0,0.0,1.3588611380552922,15.17952038861121,30.11479601059988,249660.0,1.2299781228837119,0.04050559918948252,96.93757361601885,0.0,99.64664310954063,0.35335689045936397,209.9,464.6,746.2850000000005,0.671875,100.03832537755157,0.6716176000190899,nan,1572.323298213127,
10006,medium,moderate,SemiGreedy,849,848,230.1503136788037,389.41753828163405,0.0,9.422222222222222,325.9451937816139,15.01106434622497,0.3039618570993007,0.3156809754647331,0.0,0.0,1.2913142569150324,15.847929693141571,31.607207525224307,239440.0,1.1796281412451974,0.02726963707310065,100.0,0.0,65.13545347467608,34.86454652532391,222.2,399.35,675.9600000000004,0.625,99.24770240889326,0.6297375000431202,nan,1676.8891799006603,
10006,medium,moderate,Fog-only,849,848,300.8716560859625,642.1641937155772,0.11778563015312132,9.422222222222222,139.51420992752284,7.161682520158826,0.300160875557467,0.5523004325599685,0.0,0.0,1.3723376595014352,15.085338392444202,29.359414719113015,310980.00000000006,1.5320780127147995,0.06959377834823825,99.88221436984688,0.0,100.0,0.0,21.9,38.45,59.320000000000164,0.328125,96.86261080562643,0.33875300001818687,nan,3117.3155660416464,
10006,medium,moderate,DRL-OO,849,847,318.4885525960684,777.2684936094953,2.237926972909305,9.411111111111111,125.97568180962804,7.314983902721164,0.2977492453217857,0.546675673008118,0.0,0.0,1.3758230371642188,15.17290723133947,29.591878515143502,281780.0,1.3882209223190434,0.05454409893080918,97.7620730270907,0.0,99.41107184923439,0.5889281507656066,269.5,494.225,774.2300000000013,0.65625,97.6276009467962,0.672197200008668,nan,1570.9675672353037,502
10007,medium,moderate,DT-KF-CostAware,930,927,284.24442292606653,591.1481126717636,1.7204301075268817,10.3,165.3192932561423,9.993092395868233,0.32487491953411923,0.7473435815430924,0.0,0.0,1.3788024753007764,15.523366376015005,30.92344244349231,102200.00000000007,1.4558483365009678,0.02291450777698259,98.27956989247312,0.0,98.06451612903226,1.935483870967742,206.35000000000002,357.675,530.4449999999998,0.625,97.67790701743036,0.6398581000394188,nan,1791.022103071603,
10007,medium,moderate,DT-OPT,930,927,310.5858050568406,696.631228204761,3.978494623655914,10.3,126.48071545582856,8.592515558443012,0.2962286960145022,0.6427215530704194,0.0,0.0,1.375904302461146,15.9938287683234,31.3698479725614,121180.00000000013,1.7262201704225768,0.033910605243392684,96.02150537634408,0.0,100.0,0.0,206.45,370.05,589.2599999999996,0.640625,98.79123478328626,0.6484634000225924,nan,1767.2547131574017,
10007,medium,moderate,SemiGreedy,930,928,234.23435357171488,376.40306246570066,0.0,10.311111111111112,319.32864074308503,16.415769646163543,0.2978649205631534,0.4082298163288066,0.0,0.0,1.2379676860454019,16.576571047506274,32.81924817193895,103660.00000000004,1.4766461698795526,0.015217761984446026,100.0,0.0,66.45161290322581,33.54838709677419,221.3,435.17499999999995,712.3949999999999,0.671875,96.87321032455816,0.6935611999942921,nan,1652.341566987068,
10007,medium,moderate,Fog-only,930,926,286.03849255486006,579.4311917419337,0.0,10.28888888888889,140.4238605891968,9.036830356752697,0.28773455058091085,0.5999759303210783,0.0,0.0,1.3743084488953827,15.700753274893296,30.793891209221684,127020.00000000007,1.809411503936917,0.03463190188029431,100.0,0.0,100.0,0.0,23.1,39.0,55.7,0.390625,101.18804150923928,0.3860387000022456,nan,2968.6142865814586,
10007,medium,moderate,DRL-OO,930,927,308.7210904290947,668.5275263023409,3.763440860215054,10.3,128.98716740359438,8.835340833122842,0.2974697703029581,0.5834122577835837,0.0,0.0,1.3644192247768006,16.106824686039033,30.543007527672874,112420.0,1.6014331701510636,0.03008530979434812,96.23655913978494,0.0,99.89247311827957,0.10752688172043011,270.9,502.925,767.524999999999,0.734375,100.08093694182577,0.7337811000179499,nan,1561.7736678853764,503
10008,medium,moderate,DT-KF-CostAware,909,904,295.72451011957037,639.2616583982657,3.1903190319031904,10.044444444444444,153.0819173527351,9.394347691049317,0.33547289639536365,0.7174334801374732,0.0,0.0,1.4846313742875703,14.740779490606297,27.75106933160679,195640.00000000047,1.7522621593415748,0.03010171640469892,96.80968096809681,0.0,97.9097909790979,2.09020902090209,203.9,366.54999999999995,583.1779999999985,0.640625,101.14737637128967,0.6333579999627545,nan,1766.7732941966538,
10008,medium,moderate,DT-OPT,909,904,314.24266880866867,721.1327898224589,4.070407040704071,10.044444444444444,123.02230444819396,7.854513707446073,0.3050956469964499,0.631618207506832,0.0,0.0,1.5164124770318212,14.490703653382546,29.035702453139393,192720.0000000004,1.7261089927842375,0.04073335776319022,95.92959295929593,0.0,99.8899889988999,0.11001100110011001,208.1,381.01999999999987,610.6979999999994,0.640625,100.13708522480849,0.6397480000159703,nan,1749.1262184048499,
10008,medium,moderate,SemiGreedy,909,905,234.01439001651036,385.16827942616186,0.0,10.055555555555555,318.4717727347728,15.799986942591561,0.3027203086850112,0.3657315124458429,0.0,0.0,1.4177538711414286,15.726183525609246,32.70679262891847,182500.00000000047,1.6345729098335589,0.02256205534116693,100.0,0.0,65.8965896589659,34.103410341034106,218.4,402.51999999999987,722.9959999999985,0.640625,98.48290590432791,0.650493599998299,nan,1720.2321437181336,
10008,medium,moderate,Fog-only,909,904,293.77204429831323,630.4960829908088,0.0,10.044444444444444,122.74748885676188,7.953142363279171,0.29750522029365345,0.604943681823027,0.0,0.0,1.5200942496249088,15.014852859151313,29.59417238929079,205859.99999999994,1.8437982422922492,0.04973303304555553,100.0,0.0,100.0,0.0,23.4,40.10999999999999,62.07599999999989,0.375,97.75474299894603,0.383613099984359,nan,2917.0015310885497,
10008,medium,moderate,DRL-OO,909,904,315.0555645337249,667.1044669553183,4.84048404840484,10.044444444444444,119.37018531490591,8.081700291644358,0.30534275659125243,0.5809378401946982,0.0,0.0,1.525445307120277,14.924945492867769,29.426675799635397,204399.99999999997,1.830721659013581,0.05515551869007145,95.15951595159515,0.0,99.8899889988999,0.11001100110011001,274.3,541.53,803.0059999999982,0.734375,98.45793588241551,0.7458769000368193,nan,1500.2475608840573,504
10009,medium,moderate,DT-KF-CostAware,867,865,281.7132384006548,547.0913961908102,0.8073817762399077,9.61111111111111,150.51817770779172,8.321381031543782,0.3405602328830477,0.7093095103750269,0.0,0.0,1.4965262368184595,15.717905930273654,30.92733525340839,64240.00000000001,1.4508110901228313,0.017053810519137194,99.19261822376009,0.0,97.69319492502883,2.306805074971165,209.6,393.9,591.9200000000016,0.609375,99.40172193746506,0.6130426999880001,nan,1730.7114170363147,
10009,medium,moderate,DT-OPT,867,863,311.1245267864772,657.1175134138974,3.4602076124567476,9.588888888888889,118.63807950550232,6.538379676822515,0.3140755248146839,0.622445926520242,0.0,0.0,1.522662830392782,15.693350282486133,29.632151633200618,103660.00000000003,2.3410815317891145,0.03190507843245899,96.53979238754326,0.0,100.0,0.0,203.7,357.3,588.1400000000006,0.59375,99.61203732331984,0.5960625000298023,nan,1780.0146795796607,
10009,medium,moderate,SemiGreedy,867,865,231.54943163978496,363.3991385882956,0.0,9.61111111111111,299.740516570318,14.517920166479179,0.31398768823823864,0.36242475942184565,0.0,0.0,1.3184123833252386,17.162377107872434,33.593489233418026,65700.0,1.4837840694438045,0.013419531906304941,100.0,0.0,63.667820069204154,36.332179930795846,217.9,390.6,558.5600000000002,0.609375,100.43077902735449,0.6067612000042573,nan,1748.628620275251,
10009,medium,moderate,Fog-only,867,864,289.9872629255556,583.5584963673639,0.0,9.6,126.99098037396517,7.100265372919069,0.31140562899111857,0.6001389210465385,0.0,0.0,1.4841110821227066,16.464000886654926,33.07236741931468,103660.00000000001,2.3410815317891145,0.03075641568689556,100.0,0.0,100.0,0.0,22.0,40.2,56.56000000000017,0.34375,100.82416237750606,0.34094009996624663,nan,3111.9836009464416,
10009,medium,moderate,DRL-OO,867,863,310.8217356612106,643.8562292599314,4.1522491349480966,9.588888888888889,120.20668952288752,7.065515496016155,0.31801082445896384,0.6125873895264476,0.0,0.0,1.4665117657640787,16.02466479285108,31.936143815112615,106580.00000000001,2.4070274904310613,0.03258802922201364,95.8477508650519,0.0,99.88465974625144,0.11534025374855825,273.5,568.9,882.800000000003,0.734375,101.34022316160801,0.7246628999710083,nan,1464.1290454395382,505
10010,medium,moderate,DT-KF-CostAware,890,889,277.5978421334026,540.1893815593576,0.449438202247191,9.877777777777778,165.68095874146604,9.409845214501317,0.3273312555865006,0.7003073276405695,0.0,0.0,1.546233934141805,16.134314599928505,31.26935159851639,216080.0,1.8322847245641392,0.03247346080426692,99.5505617977528,0.0,97.75280898876404,2.247191011235955,210.1,398.00999999999993,578.4219999999997,0.640625,101.1215434826016,0.6335197999724187,nan,1726.8599971897154,
10010,medium,moderate,DT-OPT,890,889,312.06358039194606,655.0972829653881,3.707865168539326,9.877777777777778,131.40911533359235,7.733044709809045,0.3016658496991822,0.6495762544318646,0.0,0.0,1.5967032484787327,17.088671454995197,32.91311237255305,235059.99999999997,1.9932286530731511,0.049791492440932505,96.29213483146067,0.0,99.88764044943821,0.11235955056179775,210.4,355.5099999999994,542.6299999999982,0.609375,97.73385757107677,0.6235045000212267,nan,1754.5984029991052,
10010,medium,moderate,SemiGreedy,890,889,235.6829766504672,390.5459469878748,0.0,9.877777777777778,312.0169964112119,15.264258316813867,0.30156293142446366,0.3654151134654372,0.0,0.0,1.455590741110767,17.326583049374488,32.73229637036108,204400.00000000003,1.733242307020132,0.02506626240479329,100.0,0.0,67.30337078651685,32.69662921348315,212.85000000000002,403.3599999999997,641.3819999999998,0.609375,98.47794110208068,0.6187934000045061,nan,1767.9568010777643,
10010,medium,moderate,Fog-only,890,888,288.59959799244217,564.7529484310027,0.11235955056179775,9.866666666666667,137.9263388888773,7.929672263404949,0.29364507040954,0.5751362453466525,0.0,0.0,1.5601107304314012,16.53872287705374,30.650483563389383,224839.99999999997,1.9065665377221446,0.05390461217645306,99.88764044943821,0.0,100.0,0.0,21.5,37.10499999999997,66.82099999999998,0.328125,96.50596211861946,0.3400049000047147,nan,3217.600687474886,
10010,medium,moderate,DRL-OO,890,889,311.77551351932397,696.5434066708187,3.3707865168539324,9.877777777777778,126.40115077513718,8.199860017375789,0.29980507080984026,0.5882549534495106,0.0,0.0,1.541560869707894,16.082521429141313,30.73765978480981,214619.99999999997,1.8199044223711378,0.04489059264751812,96.62921348314607,0.0,99.88764044943821,0.11235955056179775,264.95,487.6949999999995,707.6479999999997,0.6875,99.93203168145374,0.6879676000098698,nan,1590.1911659565149,501
10011,medium,moderate,DT-KF-CostAware,926,924,299.9411690039525,597.2695362583771,3.9956803455723544,10.266666666666667,152.06741596726127,8.96077578312796,0.348570073489459,0.621052759572476,0.0,0.0,1.5088948459443028,17.33003994011568,33.78530854893868,169360.00000000047,1.9494889440517675,0.03134389881581493,96.00431965442765,0.0,97.8401727861771,2.159827213822894,213.0,442.20999999999987,670.0679999999996,0.6875,101.11211561567598,0.6799382999888621,nan,1639.854675076054,
10011,medium,moderate,DT-OPT,926,924,316.49696860631695,664.8066343749583,4.427645788336933,10.266666666666667,125.09567936990143,7.510277226939223,0.31459406716353244,0.5834842391334126,0.0,0.0,1.4871268650418905,16.660606915134483,32.778091681163524,162060.00000000047,1.8654592481874674,0.03239260591575438,95.57235421166307,0.0,99.89200863930886,0.1079913606911447,209.7,355.34,588.1659999999997,0.625,96.74470326543882,0.6460302000050433,nan,1725.9255062554284,
10011,medium,moderate,SemiGreedy,926,924,235.28843492737383,374.82009072605035,0.0,10.266666666666667,310.78245144332476,15.115038733952048,0.3018897872047647,0.3560875812093953,0.0,0.0,1.4691200386718588,17.437059501608566,34.10405284131765,162060.00000000047,1.8654592481874674,0.02419829855547766,100.0,0.0,65.33477321814254,34.66522678185745,215.1,389.48999999999995,645.2739999999999,0.640625,100.39035688303308,0.6381340000079945,nan,1747.2819188227415,
10011,medium,moderate,Fog-only,926,924,296.02110375624494,579.0096953454463,0.0,10.266666666666667,124.9739472002015,7.563022183016456,0.30527972749161286,0.5921762290533792,0.0,0.0,1.502135732684019,17.051382533885146,32.69720173051396,178120.0,2.0503245790889224,0.046957522653731876,100.0,0.0,100.0,0.0,22.2,36.7,61.9399999999996,0.359375,100.72090242241072,0.3568027999717742,nan,3124.975476897056,
10011,medium,moderate,DRL-OO,926,924,314.7523813216177,656.4610432250469,3.67170626349892,10.266666666666667,123.41929308699326,7.715235740734228,0.31131758398687065,0.5456011486120937,0.0,0.0,1.510340501846708,17.075872516217174,32.65096159007628,163520.0,1.8822651873603222,0.03636921289968402,96.32829373650108,0.0,99.13606911447084,0.8639308855291576,267.7,514.9199999999997,730.141999999999,0.703125,99.36157055508367,0.7076428000000305,nan,1575.6537055135047,502
10012,medium,moderate,DT-KF-CostAware,860,857,287.4797658740992,591.3149088030856,1.2790697674418605,9.522222222222222,158.78544868104075,9.281449101434943,0.3409672240569891,0.8357911814210521,0.0,0.0,1.5740133219676704,15.695426621356225,31.690043384457578,140160.0,1.76442152755398,0.02664473302858436,98.72093023255815,0.0,96.74418604651163,3.255813953488372,211.3,360.8799999999999,543.0040000000001,0.609375,98.42235127856681,0.6191429000464268,nan,1739.5014945971932,
10012,medium,moderate,DT-OPT,860,857,319.448965296873,728.5772738504379,2.9069767441860463,9.522222222222222,116.99183921263636,7.426194155359772,0.3126367064421554,0.664185802218864,0.0,0.0,1.611105788885382,15.784515191863358,31.419536979027843,166440.00000000012,2.0952505639703527,0.03938429626253569,97.09302325581395,0.0,99.06976744186046,0.9302325581395349,211.9,405.53999999999996,635.5080000000002,0.640625,98.5706278048719,0.649914700014051,nan,1657.140544715661,
10012,medium,moderate,SemiGreedy,860,857,236.06014700226547,398.2971709223663,0.0,9.522222222222222,308.96739974389897,15.08103280122306,0.31537136578646396,0.35685189585525645,0.0,0.0,1.417087732908303,19.036614417789227,36.89813376359643,134320.0,1.6909039639058976,0.019942042963455628,100.0,0.0,67.67441860465117,32.325581395348834,216.4,385.2199999999999,645.064,0.609375,99.45420348709654,0.6127192000276409,nan,1757.7382917842538,
10012,medium,moderate,Fog-only,860,857,290.12361233933564,631.3431719357196,0.0,9.522222222222222,137.4165381072175,7.831394991396722,0.3085140306111244,0.5815114806017418,0.0,0.0,1.6006529946102535,16.536561291886063,32.7789189576369,156219.99999999997,1.9665948275862064,0.03445215373069749,100.0,0.0,100.0,0.0,23.1,37.77999999999997,59.02800000000004,0.359375,101.15813574978608,0.35526059998665005,nan,3031.577383026633,
10012,medium,moderate,DRL-OO,860,857,309.64413493889504,726.8042933670318,2.2093023255813953,9.522222222222222,125.71910873192586,7.939371881794677,0.3108766149525803,0.600551064769215,0.0,0.0,1.5633034574243327,16.916274717833524,32.86660353116864,160600.0,2.0217330003222687,0.04059901014148043,97.79069767441861,0.0,98.13953488372093,1.8604651162790697,265.2,464.11999999999995,690.9280000000001,0.671875,100.32940148719926,0.6696691000252031,nan,1608.2569734208537,503
10013,medium,moderate,DT-KF-CostAware,948,942,310.5193062214774,623.7625290496574,2.320675105485232,10.466666666666667,156.6430467221941,9.918707421915883,0.3491459111944473,0.6616993892898602,0.0,0.0,1.5075951784319113,17.200593211521397,34.286570926455155,170820.00000000012,1.3417809553979985,0.030282039282129837,97.67932489451476,0.0,97.25738396624473,2.742616033755274,208.55,405.75000000000006,590.7190000000012,0.65625,98.09645784725437,0.668984400050249,nan,1736.9612802820507,
10013,medium,moderate,DT-OPT,948,942,334.93142680549863,702.5500700831734,4.324894514767933,10.466666666666667,122.27160866890446,8.273824496466478,0.3137863183141013,0.6547052543164893,0.0,0.0,1.5465190151623536,16.779636504662225,33.555696755964505,207320.0,1.628486287747997,0.04394551328438096,95.67510548523207,0.0,99.89451476793249,0.10548523206751055,205.95,397.58500000000004,537.312,0.6875,101.39223708525734,0.6780598000041209,nan,1713.7131562628222,
10013,medium,moderate,SemiGreedy,948,944,238.91991728736326,395.0559884754553,0.0,10.488888888888889,336.0948162495897,16.930892991397744,0.30682321151920755,0.34500771775925176,0.0,0.0,1.357302344108452,16.96782302943244,33.807370652653795,148920.00000000012,1.1697577559879988,0.01962477384184635,100.0,0.0,63.607594936708864,36.392405063291136,219.25,425.59000000000003,709.9180000000007,0.6875,98.48005525382791,0.6981108999461867,nan,1664.491988435608,
10013,medium,moderate,Fog-only,948,942,319.2915351600754,657.1391444415054,0.10548523206751055,10.466666666666667,122.27278880255086,8.326134547337247,0.3118207547136506,0.6400785956651202,0.0,0.0,1.5498273134549279,16.841382180400878,33.668393266936974,220460.0,1.7317002073939969,0.05420822163219561,99.89451476793249,0.0,100.0,0.0,23.2,39.895,66.7910000000007,0.375,97.45418483125721,0.3847962000290863,nan,3019.7803406378903,
10013,medium,moderate,DRL-OO,948,943,335.71839454893063,712.172652125944,4.746835443037975,10.477777777777778,127.39768823843112,8.851775016965865,0.3162815106714337,0.576545330783443,0.0,0.0,1.5313848639125829,17.17008365295754,33.08649788126581,213160.00000000003,1.6743591409239973,0.052060563791159246,95.25316455696202,0.0,97.9957805907173,2.0042194092827006,274.7,486.1,848.8530000000003,0.71875,95.8907783080307,0.7495506999548525,nan,1550.262043741658,504
10014,medium,moderate,DT-KF-CostAware,904,903,306.5446090269048,633.899866568864,1.1061946902654867,10.033333333333333,148.66360344730944,9.815255146839387,0.344445527462166,0.8931147639971388,0.0,0.0,1.4986298740988333,16.881024142945787,34.013041213146835,181040.00000000047,1.246765410248423,0.030257585140060352,98.89380530973452,0.0,97.12389380530973,2.8761061946902653,213.05,387.17499999999995,566.1450000000002,0.640625,99.8430253366448,0.6416321999859065,nan,1723.7289525436745,
10014,medium,moderate,DT-OPT,904,903,332.6854265718774,765.4066492335037,4.314159292035399,10.033333333333333,114.8774785765747,8.004997033573884,0.31567162962036227,0.6679832913468087,0.0,0.0,1.5008758025947428,16.395575233684824,32.05535970299262,200020.00000000047,1.3774746871293058,0.042972046934005054,95.6858407079646,0.0,99.5575221238938,0.4424778761061947,199.95,356.72499999999997,610.8100000000003,0.609375,97.70641848548725,0.6236796000157483,nan,1773.3464425837767,
10014,medium,moderate,SemiGreedy,904,903,247.93253089125398,413.23080356387925,0.0,10.033333333333333,313.5641261020698,16.31072408508823,0.31970918173201884,0.3876062942989932,0.0,0.0,1.3061705636997925,18.74443626800141,37.98554338903956,183960.00000000047,1.2668745297685589,0.023967715857779747,100.0,0.0,63.93805309734513,36.06194690265487,220.5,498.35,754.8250000000004,0.671875,96.13363573450832,0.6988968999939971,nan,1582.4937841468457,
10014,medium,moderate,Fog-only,904,903,312.17463239550136,647.0789260373658,0.11061946902654868,10.033333333333333,113.48678384858393,8.4965856385381,0.31286634199128366,0.6473185083100997,0.0,0.0,1.4833710003414524,16.41379224393133,33.10822448011602,248200.0,1.7092751592115434,0.07036718036287823,99.88938053097345,0.0,100.0,0.0,22.8,40.7,53.96500000000003,0.375,98.99390513463948,0.378811200032942,nan,2919.6602421043003,
10014,medium,moderate,DRL-OO,904,903,328.0300624168405,728.7459570497595,4.092920353982301,10.033333333333333,113.73547646648977,8.353961455983677,0.31767946027737853,0.6522657997989558,0.0,0.0,1.4723069612942299,16.749454645360153,34.16953959262779,227760.0,1.568511322570593,0.048439586706871714,95.90707964601769,0.0,99.33628318584071,0.6637168141592921,270.5,484.275,730.7200000000003,0.703125,99.27555845115054,0.7082559000118636,nan,1561.5824732013868,505
10015,medium,moderate,DT-KF-CostAware,923,918,307.5474714754976,650.2768479230302,2.4918743228602382,10.2,141.09390717421257,8.726286155751655,0.3415291473636952,0.7872258442379125,0.0,0.0,1.6430049560965918,16.749175348272466,33.13923064284289,254040.00000000006,2.0147237253386887,0.04572946191562182,97.50812567713976,0.0,98.48320693391116,1.5167930660888407,212.9,378.34499999999997,611.2860000000004,0.65625,97.66078424840867,0.6719688000157475,nan,1687.578351812502,
10015,medium,moderate,DT-OPT,923,918,326.19891999913443,707.0177507400485,4.225352112676056,10.2,120.8240170164239,7.181676086343846,0.3030881437925125,0.6662427820773672,0.0,0.0,1.6400004412881617,17.21106681030629,34.74588357344007,223380.0000000001,1.7715674136598814,0.045434793653668704,95.77464788732394,0.0,99.89165763813651,0.10834236186348863,202.8,373.60499999999996,548.7720000000008,0.625,98.91666468436468,0.6318450000253506,nan,1794.743964033113,
10015,medium,moderate,SemiGreedy,923,919,236.53306482741164,414.32833472391053,0.0,10.21111111111111,323.30623669777026,16.14426648120826,0.30280201909839444,0.3575148525436413,0.0,0.0,1.5543549788628737,17.3276206201422,34.11489554697919,217540.0,1.7252519257210603,0.02514292147413118,100.0,0.0,66.63055254604551,33.36944745395449,214.8,404.9549999999997,645.011000000001,0.640625,98.6783227579354,0.6492054000264034,nan,1746.7507201170538,
10015,medium,moderate,Fog-only,923,918,300.19649311546283,624.1724624696907,0.0,10.2,126.16716124072711,7.925871196707188,0.30234109425271405,0.6099270453361125,0.0,0.0,1.6597977909693535,18.455744271832767,35.63171890895582,261339.99999999962,2.0726180852622105,0.06470208894426668,100.0,0.0,100.0,0.0,22.6,43.969999999999985,66.38300000000035,0.40625,101.28662056834666,0.4010894999955781,nan,2827.2991439878183,
10015,medium,moderate,DRL-OO,923,917,319.427901036459,692.6975863729737,3.1419284940411703,10.188888888888888,122.71659312213774,8.024160336171137,0.30385858602323323,0.6302741904837791,0.0,0.0,1.6371494878560173,17.808311420087154,33.91171669343528,251119.9999999999,1.9915659813692772,0.052891783963313344,96.85807150595883,0.0,98.91657638136512,1.0834236186348862,280.05,666.1999999999998,1020.3270000000012,0.828125,93.01105002657994,0.8903511999524198,nan,1273.6547107035972,501
10016,medium,moderate,DT-KF-CostAware,903,898,312.2081467843392,599.490555335355,2.4363233665559245,9.977777777777778,131.41189261411907,8.071162208308772,0.36034077138701154,0.7954507238822283,0.0,0.0,1.5377476337955407,16.078569921571813,31.73794818556442,106580.0,2.2618235883710267,0.029016556541376533,97.56367663344408,0.0,96.89922480620154,3.10077519379845,207.2,401.4699999999996,603.008,0.625,99.90626394960555,0.625586399983149,nan,1731.175741718765,
10016,medium,moderate,DT-OPT,903,898,346.68287879050393,763.3502455826771,5.758582502768549,9.977777777777778,92.26912892097522,6.1431466028262065,0.3251947746144319,0.659732312324105,0.0,0.0,1.557064735541115,15.980019152374691,31.99816783110477,124100.00000000003,2.6336302056374974,0.03611382428765272,94.24141749723145,0.0,100.0,0.0,203.4,357.67999999999995,567.8640000000009,0.59375,97.70693547400596,0.6076845999923535,nan,1782.1745030458685,
10016,medium,moderate,SemiGreedy,903,899,244.71594658237225,388.10998487781774,0.0,9.988888888888889,312.31200990701734,15.195566055937203,0.3169319681564086,0.36221633138440196,0.0,0.0,1.399281301791141,16.926494931873076,32.19902988526163,71540.0,1.5182103538380862,0.012748670607241736,100.0,0.0,57.032115171650055,42.967884828349945,212.7,381.17999999999984,631.3940000000011,0.59375,97.2047753904303,0.6108238999731839,nan,1773.0151031214486,
10016,medium,moderate,Fog-only,903,898,323.382092542591,682.4916975024319,0.11074197120708748,9.977777777777778,93.74063686119534,6.1481843641991825,0.3194912274296658,0.668137046954954,0.0,0.0,1.5724632483453633,15.850495371812164,30.513425250901246,119720.00000000001,2.5406785513208794,0.03499639459784839,99.88925802879291,0.0,100.0,0.0,22.2,38.94999999999993,54.06600000000024,0.359375,102.24356887192829,0.35148909996496513,nan,3081.176628543954,
10016,medium,moderate,DRL-OO,903,898,338.6333426123255,737.2360354377737,4.872646733111849,9.977777777777778,100.54460467524987,6.742643555368078,0.3228635450858368,0.6206284117324419,0.0,0.0,1.552614007916343,16.303266505280018,33.26897265637455,105120.0,2.2308397035988206,0.03015527991804011,95.12735326688815,0.0,97.12070874861573,2.8792912513842746,277.9,563.2399999999998,922.4780000000018,0.734375,98.07524780127557,0.748787300020922,nan,1446.3386331068111,502
10017,medium,moderate,DT-KF-CostAware,858,853,292.8371791849403,584.1685714627857,1.9813519813519813,9.477777777777778,164.363942824768,10.305187439163424,0.3434691474096918,0.812032377198186,0.0,0.0,1.5043096299640353,16.89921721038413,33.28724750666797,198559.99999999977,1.597219088409083,0.03036107692003244,98.01864801864802,0.0,96.62004662004662,3.37995337995338,208.9,382.2899999999999,597.2780000000005,0.59375,98.66706815482821,0.6017711999593303,nan,1759.8050555951677,
10017,medium,moderate,DT-OPT,858,854,326.41890933621414,707.6347211108919,3.9627039627039626,9.488888888888889,119.25713803662053,8.28161466476579,0.31360423762125583,0.6661963551928979,0.0,0.0,1.5121261084394064,16.453895880814965,30.550926194885847,208779.99999999997,1.6794288944301405,0.04257412022169835,96.03729603729603,0.0,99.88344988344988,0.11655011655011654,203.0,379.90999999999997,600.2620000000001,0.5625,93.86337131049049,0.5992752999882214,nan,1767.1344038721677,
10017,medium,moderate,SemiGreedy,858,855,240.64920540317863,400.21429730742,0.0,9.5,306.89966289345404,15.831908586905127,0.3120790852080155,0.3600339721090861,0.0,0.0,1.347462186733124,18.6355621400048,34.84165708325279,181039.99999999977,1.4562879923729874,0.019172760977829054,100.0,0.0,64.68531468531468,35.31468531468531,211.3,410.11,684.0120000000006,0.59375,98.27719049980631,0.6041585000348277,nan,1752.8512798197032,
10017,medium,moderate,Fog-only,858,853,303.63581826340476,649.943017864178,0.11655011655011654,9.477777777777778,124.27537279185167,8.725939517658375,0.307905326935328,0.6206276825864739,0.0,0.0,1.4695875886418175,17.099005339709613,33.67903648882795,220459.99999999997,1.7733829584542045,0.05053930422843953,99.88344988344988,0.0,100.0,0.0,22.8,38.7,54.77200000000012,0.3125,89.47532528853246,0.3492582999751903,nan,3032.1398233777877,
10017,medium,moderate,DRL-OO,858,854,328.72954249411504,751.6233715294322,4.662004662004662,9.488888888888889,120.75821248441022,8.83765543565805,0.31897687117082957,0.5779334220697776,0.0,0.0,1.4727889523552495,16.97319306711878,32.167667173988555,191260.0,1.538497798394045,0.04032050854824518,95.33799533799534,0.0,99.53379953379954,0.4662004662004662,269.8,486.81,760.7860000000003,0.6875,100.34858544608734,0.6851117999758571,nan,1545.7331198168217,503
10018,medium,moderate,DT-KF-CostAware,906,901,310.88018775664574,603.8892045063449,1.5452538631346577,10.011111111111111,150.88034521134372,9.942532916286153,0.35261230527876086,0.7218762341647174,0.0,0.0,1.5245792519997465,17.140297047698088,34.54280451251268,185419.99999999985,1.590566606971093,0.029222777565442126,98.45474613686534,0.0,96.7991169977925,3.2008830022075054,212.95,413.7699999999998,626.2069999999986,0.65625,98.76226984917999,0.6644743999931961,nan,1646.4140680381397,
10018,medium,moderate,DT-OPT,906,901,349.5547831857521,798.108595369186,4.746136865342163,10.011111111111111,103.82807362404829,7.64608640072031,0.32505365416826143,0.6522084030032861,0.0,0.0,1.5264465665669464,16.3871968173117,33.21547862926533,178119.99999999997,1.5279458744131769,0.03398607985302003,95.25386313465783,0.0,99.77924944812362,0.22075055187637968,207.0,408.6549999999997,698.0939999999997,0.640625,99.72813235045454,0.6423714000266045,nan,1703.0646133291282,
10018,medium,moderate,SemiGreedy,906,902,251.46208177380524,410.4484291327255,0.0,10.022222222222222,329.6005279320585,16.51967796954284,0.31979888101048204,0.3825099861416809,0.0,0.0,1.4435492828722614,18.62136805970774,37.30890870625316,175199.99999999988,1.5028975813900094,0.022348159862504907,100.0,0.0,60.70640176600441,39.29359823399559,214.6,417.6049999999998,631.1809999999995,0.625,99.99358441864801,0.6250400999560952,nan,1750.2877016640148,
10018,medium,moderate,Fog-only,906,901,328.4248644245547,726.4965324181727,0.11037527593818984,10.011111111111111,106.23813023261482,7.94321679341962,0.3178296298610234,0.6642476778361819,0.0,0.0,1.5400848545757988,16.687799784019763,33.77487950934414,213160.00000000044,1.8285253906911831,0.04979688188231903,99.8896247240618,0.0,100.0,0.0,22.1,39.26999999999998,68.78699999999974,0.359375,101.78152720647762,0.3530847000074573,nan,3098.406699516842,
10018,medium,moderate,DRL-OO,906,901,343.6312999199436,773.6445532341829,3.863134657836645,10.011111111111111,102.14768950589266,7.810292360008294,0.32351316685171977,0.6261002932040165,0.0,0.0,1.5281821152116892,16.810685389290953,33.22678255209198,213160.00000000012,1.8285253906911803,0.04623310157421826,96.13686534216336,0.0,99.55849889624724,0.44150110375275936,276.8,537.3599999999997,855.3379999999992,0.71875,99.93444300797864,0.7192214999813586,nan,1521.089122097094,504
10019,medium,moderate,DT-KF-CostAware,906,904,302.3731366228875,576.7830186668306,1.8763796909492274,10.044444444444444,149.74067789752053,9.364653760248881,0.3387885928259163,0.76657824933687,0.0,0.0,1.5339477794695129,16.188792880638964,32.57062251314602,170820.0,1.4974750162222077,0.029510910946565775,98.12362030905078,0.0,97.7924944812362,2.207505518763797,215.1,379.575,662.3250000000012,0.640625,100.10483565064177,0.6399540999555029,nan,1696.9967066005381,
10019,medium,moderate,DT-OPT,906,904,322.5796420412589,683.2225187361462,3.0905077262693155,10.044444444444444,115.78899566405376,7.5068298397271915,0.30584517739591516,0.6394883208793691,0.0,0.0,1.5915868208815396,16.814220524948908,32.86523954108075,213160.0,1.8686440373371138,0.043018749942349895,96.90949227373068,0.0,99.8896247240618,0.11037527593818984,213.6,437.82500000000005,681.4350000000003,0.65625,97.6775733617487,0.6718533000093885,nan,1616.4242997464241,
10019,medium,moderate,SemiGreedy,906,904,240.29066950974166,384.3752257658153,0.0,10.044444444444444,313.5268835666716,15.703995644942006,0.30171840277471174,0.3440287433762927,0.0,0.0,1.5021938479208,17.496429380579986,35.6889603371327,167900.0,1.4718771526970418,0.01929063396452625,100.0,0.0,63.796909492273734,36.203090507726266,219.5,394.275,636.295000000002,0.640625,101.02517788313043,0.6341240999754518,nan,1712.5985277046577,
10019,medium,moderate,Fog-only,906,904,306.2044326880979,624.805394966625,0.11037527593818984,10.044444444444444,122.30391040184048,7.774124386408844,0.2977428529687134,0.6334457783510269,0.0,0.0,1.5588431747124483,16.537880327128477,33.68679321101934,201480.0,1.7662525832364502,0.05023099113346916,99.8896247240618,0.0,100.0,0.0,22.2,37.175000000000004,63.47000000000017,0.359375,101.92618148579302,0.3525835999753326,nan,3080.1205730385036,
10019,medium,moderate,DRL-OO,906,903,323.62153571196745,703.6128440779095,3.2008830022075054,10.033333333333333,117.50776999720192,7.76673356446521,0.3037878387682489,0.587867707094035,0.0,0.0,1.5636193296634162,16.192482168624803,31.888145543929067,223380.0,1.9582365596751947,0.05259985858413936,96.7991169977925,0.0,99.44812362030905,0.5518763796909493,292.25,656.5749999999999,931.1950000000011,0.8125,97.8168012286327,0.8306344000156969,nan,1307.434413960555,505
10020,medium,moderate,DT-KF-CostAware,872,871,294.0217695826371,622.834997580205,2.0642201834862384,9.677777777777777,148.99719554448168,8.535955279303593,0.34121294344616865,0.6299658853306922,0.0,0.0,1.5160750303393902,16.34115800184402,32.021276488067976,151840.00000000047,1.548410834266508,0.030372889665507927,97.93577981651376,0.0,98.27981651376147,1.7201834862385321,221.7,470.0949999999999,738.6359999999976,0.703125,100.20829072781206,0.7016634999890812,nan,1516.3963923113533,
10020,medium,moderate,DT-OPT,872,871,318.98031776500085,719.6229902090384,4.701834862385321,9.677777777777777,119.0837152022118,7.211917624072118,0.31497941680369895,0.6174299772899319,0.0,0.0,1.4881623642478314,15.969961194349514,31.543613089992395,170820.00000000047,1.7419621885498204,0.036526304092035215,95.29816513761467,0.0,99.88532110091744,0.11467889908256881,207.8,414.53999999999974,649.3779999999979,0.640625,99.47792432653183,0.6439870999893174,nan,1652.207008521832,
10020,medium,moderate,SemiGreedy,872,872,234.4075629677127,382.2289190912325,0.0,9.688888888888888,316.50379076848503,15.388066376031878,0.3103072384572888,0.3818206611731245,0.0,0.0,1.369107678774695,15.703438905887719,30.321181700682434,127020.00000000047,1.295305217126791,0.016912993034269023,100.0,0.0,64.22018348623853,35.77981651376147,215.4,412.43999999999977,622.8349999999994,0.625,100.0740708290692,0.624537399969995,nan,1703.660981794074,
10020,medium,moderate,Fog-only,872,871,295.7801369012834,643.1640831892003,0.0,9.677777777777777,130.47652505594203,7.449510843239503,0.3064179621151586,0.5938648760356456,0.0,0.0,1.5296336989200763,15.714066319309248,30.238274655979183,217540.00000000003,2.218396291401048,0.05254294673310916,100.0,0.0,100.0,0.0,22.25,37.2,72.58099999999986,0.328125,95.60779606130284,0.34319899999536574,nan,3100.242133614513,
10020,medium,moderate,DRL-OO,872,871,315.8730787185896,696.9048653171292,4.128440366972477,9.677777777777777,118.41474001723164,7.384995612355179,0.313395852855187,0.5855603554983413,0.0,0.0,1.5014833574069772,15.570005270354354,30.57512761100907,181040.00000000003,1.8461821485485232,0.0427421696970641,95.87155963302752,0.0,99.88532110091744,0.11467889908256881,267.45,457.485,666.9769999999966,0.671875,99.68147919359428,0.6740218999912031,nan,1578.583722596976,501
10021,medium,moderate,DT-KF-CostAware,875,874,285.85970465009245,576.0911686108597,1.7142857142857142,9.71111111111111,169.3661270249514,8.413064469375897,0.3390712111902279,0.6943101017298625,0.0,0.0,1.4860703836188482,16.83215170992419,34.25339787846168,143079.99999999997,1.6046215973005389,0.02666384744017447,98.28571428571429,0.0,97.94285714285714,2.057142857142857,207.2,365.8399999999997,520.7860000000018,0.609375,99.35916092548833,0.6133053000085056,nan,1765.841580017294,
10021,medium,moderate,DT-OPT,875,874,307.00372477320644,696.6049391492764,2.9714285714285715,9.71111111111111,144.14809427203375,7.029204715530914,0.3122930780015459,0.6730991554935217,0.0,0.0,1.5167514891963356,16.47540070831973,32.16754238168517,156220.0,1.751984805215895,0.03956900974650108,97.02857142857142,0.0,100.0,0.0,204.1,360.3399999999999,522.6420000000007,0.59375,97.82148464800387,0.6069729999871925,nan,1784.2638799795907,
10021,medium,moderate,SemiGreedy,875,874,231.02054559250305,383.36159250051287,0.0,9.71111111111111,320.44325785116786,14.662493510822369,0.3103214454954963,0.36194922279792746,0.0,0.0,1.3525472207415021,17.257957636624063,34.12759360214785,135780.0,1.5227531484586752,0.01768981220391374,100.0,0.0,67.65714285714286,32.34285714285714,216.8,427.23999999999927,708.5480000000002,0.640625,99.57638940562785,0.6433503000298515,nan,1683.3752932885066,
10021,medium,moderate,Fog-only,875,874,284.4057500860581,601.8289916575881,0.0,9.71111111111111,162.28247211607342,7.234204399092573,0.3071038388587428,0.5693089673264965,0.0,0.0,1.5000638926078764,16.065945888092305,31.696838008525525,178120.00000000003,1.997590151741488,0.04568850004882987,100.0,0.0,100.0,0.0,23.3,39.77999999999997,57.544000000000054,0.359375,96.660749361663,0.3717899999464862,nan,2912.9347216328633,
10021,medium,moderate,DRL-OO,875,874,310.478742505212,768.1647285048284,2.2857142857142856,9.71111111111111,141.4842056439691,8.210083407376265,0.31012538455135136,0.5809595000791014,0.0,0.0,1.4680540110249913,16.587687756119298,32.09399236251735,157680.0,1.768358494984268,0.04492765944136676,97.71428571428571,0.0,98.05714285714286,1.9428571428571428,265.1,478.23999999999955,708.2800000000001,0.671875,98.07951728890968,0.6850309000001289,nan,1580.9505819369554,502
10022,medium,moderate,DT-KF-CostAware,847,840,304.085135204271,618.2475941707345,2.7154663518299884,9.333333333333334,166.34529525131086,9.524684383283482,0.35583451178053727,0.6272178714552296,0.0,0.0,1.5767103209096065,16.275260559786442,32.9991874860382,108040.0,1.6045824164856735,0.02447463410619803,97.28453364817001,0.0,96.45808736717828,3.541912632821724,208.8,361.1499999999999,555.7039999999997,0.578125,99.93915056212302,0.5784770000027493,nan,1766.708097288471,
10022,medium,moderate,DT-OPT,847,841,334.6421209676428,757.5347440434057,4.6044864226682405,9.344444444444445,116.03549660377605,7.319090076551351,0.3225399152766471,0.61741932217357,0.0,0.0,1.586316092110307,15.97059742459736,32.02158007730563,113879.99999999999,1.6913166011605745,0.0276977314468474,95.39551357733176,0.0,100.0,0.0,202.9,352.37999999999994,495.5479999999992,0.5625,99.52275081377442,0.5651973999920301,nan,1808.2178014520437,
10022,medium,moderate,SemiGreedy,847,842,235.70058628773015,402.38346250530384,0.0,9.355555555555556,319.77225082637653,15.448888647802434,0.3111672238537974,0.29651651291196546,0.0,0.0,1.4000772136034123,15.747239190280816,31.112946770564072,96360.0,1.431114047135871,0.015495758106252604,100.0,0.0,62.57378984651712,37.42621015348288,214.0,376.51499999999993,598.0189999999998,0.578125,100.16898562610359,0.5771496999659576,nan,1770.7710842789686,
10022,medium,moderate,Fog-only,847,841,313.57516821488383,696.9471064627791,0.0,9.344444444444445,126.39996741494672,7.611003555921342,0.3165034980892259,0.5572687189960227,0.0,0.0,1.6042267546277258,16.354556195202424,32.42701759235894,125559.99999999999,1.864784970510377,0.030390714947518594,100.0,0.0,100.0,0.0,22.2,37.08999999999999,57.59599999999991,0.328125,100.29070168019686,0.3271738999756053,nan,3123.7210549991983,
10022,medium,moderate,DRL-OO,847,840,332.38164841957143,764.1606018369168,3.541912632821724,9.333333333333334,121.42867139216648,7.623146273289374,0.31998090181181693,0.5063684599545959,0.0,0.0,1.5975172395362724,15.675428354602495,30.447644000653103,147460.0000000001,2.190038163041258,0.03813094860193592,96.45808736717828,0.0,98.93742621015349,1.062573789846517,275.15,549.9649999999999,936.5359999999968,0.65625,93.44627291539092,0.7022751999902539,nan,1455.2699568690211,503
10023,medium,moderate,DT-KF-CostAware,909,908,267.9027617447227,541.6677249086844,0.8800880088008801,10.088888888888889,144.4091504015569,8.526184088246941,0.31301396556441924,0.6820110738390656,0.0,0.0,1.4907515091306003,15.239484933069837,28.853950622907043,116800.00000000001,1.6398644303857897,0.023778128852181446,99.11991199119912,0.0,99.00990099009901,0.9900990099009901,214.9,383.02,739.8550000000041,0.65625,100.45542855960686,0.6532747999881394,nan,1699.1318202082075,
10023,medium,moderate,DT-OPT,909,908,289.5523450266338,589.5871314452634,3.41034103410341,10.088888888888889,127.96089981371044,7.531084154950668,0.28778368603916077,0.5647446927435529,0.0,0.0,1.4959917584740066,15.693719844075325,29.868955086798486,127020.00000000004,1.7833525680445463,0.03576257988596436,96.58965896589659,0.0,100.0,0.0,208.3,360.275,557.7670000000003,0.640625,101.87280580538544,0.6288479000213556,nan,1765.1327132718493,
10023,medium,moderate,SemiGreedy,909,908,227.3366546156741,379.3041108336893,0.0,10.088888888888889,294.55316111245327,15.078656907584634,0.29000226822479924,0.398285837436382,0.0,0.0,1.3761156451972094,17.840504063009558,34.45476005993593,106580.0,1.4963762927270328,0.013557465734789786,100.0,0.0,68.20682068206821,31.79317931793179,213.45,407.05999999999995,688.0010000000017,0.609375,96.55271742587158,0.6311319000087678,nan,1758.7448835727994,
10023,medium,moderate,Fog-only,909,908,269.69305160358243,539.1395600832221,0.0,10.088888888888889,129.55829663876233,8.053050074024558,0.278916319679948,0.5745489820038802,0.0,0.0,1.446179094756598,15.550618671633877,29.040927785990995,109500.00000000001,1.5373729034866779,0.03551523973893133,100.0,0.0,100.0,0.0,21.95,37.96499999999999,55.81000000000008,0.359375,101.18134766194628,0.3551791000063531,nan,3125.183886045506,
10023,medium,moderate,DRL-OO,909,907,289.2991593874615,595.8893568588278,3.41034103410341,10.077777777777778,127.04673086744441,8.029055143147088,0.2886221540674723,0.5473030332061292,0.0,0.0,1.4414795560042069,15.720833266046355,30.859649732744217,147460.00000000003,2.0703288433620597,0.040876793714953306,96.58965896589659,0.0,100.0,0.0,277.35,538.9399999999999,883.7740000000001,0.734375,99.3095560175352,0.7394806999946013,nan,1501.0533743586598,504
10024,medium,moderate,DT-KF-CostAware,914,912,318.89781797588296,675.6683714057816,1.859956236323851,10.133333333333333,149.41753450219204,9.7037790471269,0.34738591416796694,0.7787675003932673,0.0,0.0,1.5181554164520394,17.415870981370322,33.70092758855526,200020.0,1.4991901435106174,0.03216147009781799,98.14004376367615,0.0,97.59299781181619,2.4070021881838075,217.2,481.86499999999984,929.7599999999994,0.703125,97.62250244262064,0.7202489000046626,nan,1524.4729981439639,
10024,medium,moderate,DT-OPT,914,912,351.031551830731,854.0987666854807,5.579868708971554,10.133333333333333,118.4025644036217,8.08823395662715,0.3181717063927672,0.6492122532103863,0.0,0.0,1.5067823457556122,17.40111774897726,34.40479312598594,202940.0,1.5210761310071228,0.035585689121073794,94.42013129102844,0.0,99.67177242888403,0.3282275711159737,201.4,392.4,587.2389999999997,0.609375,96.4334460839264,0.63191250001546,nan,1737.5823392845323,
10024,medium,moderate,SemiGreedy,914,913,250.77960015068285,413.90575713265827,0.0,10.144444444444444,337.2181973790577,16.92426424971518,0.3164619044962618,0.3790756206383709,0.0,0.0,1.4353819497542835,18.830576319908854,38.57568241246407,197100.0,1.477304156014112,0.023831297127204304,100.0,0.0,61.816192560175054,38.183807439824946,211.64999999999998,402.0399999999995,570.4839999999997,0.609375,97.99650517546998,0.6218333999859169,nan,1765.746259407853,
10024,medium,moderate,Fog-only,914,911,326.31665441535085,753.9122163947411,0.3282275711159737,10.122222222222222,117.18858110069168,8.020951628388909,0.311054796970746,0.6833505147848311,0.0,0.0,1.5266095553528998,17.0249505419335,32.16982297240589,245280.0,1.8384229497064504,0.06436826962336542,99.67177242888403,0.0,100.0,0.0,22.2,38.02999999999997,54.52999999999997,0.34375,97.09420693049715,0.35403760004555807,nan,3101.3655042817704,
10024,medium,moderate,DRL-OO,914,911,340.9944299397662,832.6690301368598,4.3763676148796495,10.122222222222222,119.69283464950043,8.294498150962742,0.3168519739346765,0.6167556210302606,0.0,0.0,1.509020802477318,16.977444486952308,31.73878453168435,205860.0,1.542962118503628,0.03697972860987959,95.62363238512035,0.0,99.23413566739606,0.7658643326039387,269.55,536.1049999999993,832.2999999999995,0.71875,98.51296478371893,0.7295994000160135,nan,1504.9354481046732,505
10025,medium,moderate,DT-KF-CostAware,921,920,276.9582166637723,584.558978373181,0.3257328990228013,10.222222222222221,165.09184658854068,9.698364178257027,0.31968486674413404,0.8439060184303563,0.0,0.0,1.5225935050452901,17.22152130237188,33.58499009328832,235060.0,1.7142775045236258,0.0299340804180877,99.6742671009772,0.0,98.1541802388708,1.8458197611292073,208.3,417.6799999999987,615.852,0.65625,99.63917334129658,0.658626499993261,nan,1683.807135017111,
10025,medium,moderate,DT-OPT,921,920,297.8616176020865,646.576367935296,2.9315960912052117,10.222222222222221,141.04793906734213,8.521704433104045,0.29707789289372155,0.6637796317533933,0.0,0.0,1.5330080716426098,17.124040226625496,34.17128742580096,236520.0,1.7249251908871266,0.03973201074588133,97.06840390879479,0.0,99.7828447339848,0.21715526601520088,206.5,398.4199999999998,651.0280000000002,0.65625,99.64055003978929,0.6586173999821767,nan,1683.8303999104965,
10025,medium,moderate,SemiGreedy,921,920,232.19071123466628,409.44741608237933,0.0,10.222222222222221,321.353334948754,16.066610820643028,0.2949730952020889,0.39762349440496353,0.0,0.0,1.4695040779623125,17.032083323782466,33.82723262809934,237980.0,1.7355728772506274,0.025696058716364656,100.0,0.0,68.94679695982627,31.053203040173724,213.0,374.65999999999997,569.5720000000001,0.609375,97.20632801823625,0.6268882000003941,nan,1769.0554711339323,
10025,medium,moderate,Fog-only,921,920,281.262255821402,593.4324485907467,0.10857763300760044,10.222222222222221,147.0160376542077,8.613818735897652,0.2882550748680543,0.6188726923886848,0.0,0.0,1.5208777545764007,17.16517529662687,34.013570062647304,230680.0,1.6823344454331235,0.053905241535027196,99.8914223669924,0.0,100.0,0.0,23.0,36.85999999999999,47.46800000000003,0.375,103.2216438459723,0.363295899995137,nan,3052.608080671554,
10025,medium,moderate,DRL-OO,921,920,298.563201628056,661.9566332231343,2.6058631921824102,10.222222222222221,135.35643083179357,8.590713957477503,0.2956793329791464,0.5999185258748123,0.0,0.0,1.5349588062114612,16.688904261512217,32.95371248780594,256960.00000000003,1.8739927999761379,0.06328447054675733,97.39413680781759,0.0,99.6742671009772,0.3257328990228013,271.1,486.73999999999984,749.276,0.703125,99.89195685544975,0.7038855000282638,nan,1575.5403399494226,501
10026,medium,moderate,DT-KF-CostAware,970,968,289.9376443595011,600.5279664562892,2.6804123711340204,10.755555555555556,180.9130086862943,9.597555630373536,0.32810038910937617,0.769972903544862,0.0,0.0,1.519689083720649,16.639259486704383,32.65595912979098,124099.99999999991,2.070533965850036,0.03025835233925019,97.31958762886597,0.0,97.83505154639175,2.1649484536082473,216.4,378.79499999999973,595.6500000000004,0.671875,96.66177177155178,0.6950783000211231,nan,1732.1789501462079,
10026,medium,moderate,DT-OPT,970,968,305.9901812471765,691.9885269631968,3.2989690721649483,10.755555555555556,149.7431022515387,7.80176437984829,0.295798782722628,0.6395334869448418,0.0,0.0,1.551397953292204,15.868978559130424,31.78363758975168,132860.00000000006,2.2166893046159237,0.03593036986205583,96.70103092783505,0.0,100.0,0.0,213.45,419.6199999999997,688.0500000000004,0.6875,94.08289092481672,0.7307386000175029,nan,1647.648009796063,
10026,medium,moderate,SemiGreedy,970,968,233.11542752900542,395.4941766280089,0.0,10.755555555555556,340.4171333700001,16.4692683428677,0.2968293680046786,0.3703850062097776,0.0,0.0,1.506051287801799,17.881010814897785,37.043037709370836,108039.99999999991,1.8025825114459135,0.015102504390703524,100.0,0.0,66.90721649484536,33.09278350515464,221.0,400.1199999999997,581.3050000000002,0.703125,100.60375847775805,0.6989052999997512,nan,1722.6940473915831,
10026,medium,moderate,Fog-only,970,968,285.3586513020281,623.9335556349615,0.0,10.755555555555556,155.73943621218083,8.248075179830607,0.28600117045728785,0.6120499555834248,0.0,0.0,1.5353208276982606,15.78944614842992,31.134612250412733,124100.00000000004,2.0705339658500383,0.036455417510102284,100.0,0.0,100.0,0.0,23.1,38.75499999999997,58.17000000000003,0.390625,97.50901140111544,0.4006039999658242,nan,3005.4617530097407,
10026,medium,moderate,DRL-OO,970,968,302.829533517325,687.6629036806048,4.020618556701031,10.755555555555556,151.62740764965795,8.304919902965331,0.29357477196084925,0.5739249163550482,0.0,0.0,1.534844878668623,15.296182920498582,30.88882909442241,115339.99999999999,1.9243786270841523,0.030478893039187178,95.97938144329896,0.0,99.79381443298969,0.20618556701030927,266.6,469.8149999999998,721.6110000000004,0.75,99.17785525638365,0.7562171999597922,nan,1592.1351697158123,502
10027,medium,moderate,DT-KF-CostAware,913,910,270.1422135786135,540.2588458026612,0.7667031763417306,10.11111111111111,149.8265716436043,8.051191476214523,0.32147557952286687,0.7515844486229399,0.0,0.0,1.473043191992543,15.853634230728407,32.36691581681713,145999.99999999994,1.6146309451319645,0.02884629218388023,99.23329682365826,0.0,99.23329682365826,0.7667031763417306,210.5,368.1,564.7299999999989,0.625,99.31032553354518,0.6293404000462033,nan,1773.2851727269826,
10027,medium,moderate,DT-OPT,913,910,281.98452533578546,602.1609919974708,2.738225629791895,10.11111111111111,139.93275391831767,7.422119866736255,0.2993235467160057,0.5839375667836971,0.0,0.0,1.4538577749655814,15.304876429461945,29.987240131536232,156220.0,1.7276551112912026,0.03182492612507818,97.2617743702081,0.0,99.89047097480832,0.10952902519167579,204.25,369.75,613.7299999999971,0.640625,100.95767365742638,0.6345481000025757,nan,1758.7319227580542,
10027,medium,moderate,SemiGreedy,913,910,226.3242221311768,370.8227908184,0.0,10.11111111111111,305.4880740113528,14.563924911627184,0.30045780875902894,0.40059392654197246,0.0,0.0,1.3837716661255877,17.736404005928026,34.27916405809796,143080.00000000003,1.5823383262293262,0.018292593890559303,100.0,0.0,68.23658269441403,31.763417305585982,216.4,437.25,689.9549999999994,0.6875,100.69329715309904,0.6827663999865763,nan,1634.526830877942,
10027,medium,moderate,Fog-only,913,910,269.68235508029915,536.0162970927846,0.10952902519167579,10.11111111111111,143.26106447488164,7.234113257281243,0.29315284861938173,0.5950430563699284,0.0,0.0,1.4651284397032143,16.41276791911499,31.640857454177308,148920.00000000003,1.646923564034605,0.038158714374892905,99.89047097480832,0.0,100.0,0.0,21.9,39.125,59.589999999999506,0.359375,99.78600327880113,0.3601456999895163,nan,3098.745868776127,
10027,medium,moderate,DRL-OO,913,910,293.222224167171,641.392570528734,3.833515881708653,10.11111111111111,127.43733063634771,7.884184152412657,0.30309714571464214,0.5838331980173848,0.0,0.0,1.4748901364678604,15.401482335166314,30.78668106383961,146000.00000000003,1.6146309451319656,0.02893775533163998,96.16648411829135,0.0,99.67141292442497,0.32858707557502737,275.0,513.6,775.4149999999993,0.734375,100.60591647511137,0.7299520999658853,nan,1528.8674421953947,503
10028,medium,moderate,DT-KF-CostAware,917,917,285.34607414996884,567.9572926813021,2.7262813522355507,10.188888888888888,182.098123880058,8.800354362195288,0.33067489022246543,0.7166575444048165,0.0,0.0,1.4223495687132957,16.81780510595745,32.494109861906914,141620.0,1.576558900260552,0.027847326236687602,97.27371864776445,0.0,98.25517993456924,1.7448200654307524,209.75,389.97999999999996,577.5509999999999,0.640625,99.92500457896804,0.6411057999939658,nan,1753.2207632664988,
10028,medium,moderate,DT-OPT,917,917,312.3583555444467,691.3493746768833,4.362050163576881,10.188888888888888,149.8521423311376,7.143998149007319,0.3010840624645309,0.611819052275598,0.0,0.0,1.4453944917094852,16.473351507994185,32.06579003350906,150380.00000000003,1.6740780074931638,0.03939950321085506,95.63794983642312,0.0,100.0,0.0,213.64999999999998,378.5049999999999,588.163,0.625,95.45419626025274,0.6547643000376411,nan,1716.6482655443851,
10028,medium,moderate,SemiGreedy,917,917,233.00138756054534,391.42063247105176,0.0,10.188888888888888,337.7589940039882,15.510902701890753,0.3048384937501184,0.38940718582666756,0.0,0.0,1.3130501858104857,18.91959634723434,36.575514413593346,118260.0,1.3165079476402546,0.018911468717789776,100.0,0.0,66.95747001090513,33.042529989094874,216.4,440.4149999999996,714.1179999999998,0.640625,95.89198367575274,0.6680694000096992,nan,1682.4599360241339,
10028,medium,moderate,Fog-only,917,917,284.24127442941835,560.7638927180096,0.10905125408942203,10.188888888888888,170.13509011478985,7.601674343094858,0.29685928045835214,0.5753114344044706,0.0,0.0,1.4083910308818726,17.26497410683782,33.09705359459111,170820.00000000003,1.901622591035924,0.04117374954345748,99.89094874591058,0.0,100.0,0.0,23.2,40.2,57.276999999999994,0.390625,99.4114840070935,0.3929375000298023,nan,2860.5058054137116,
10028,medium,moderate,DRL-OO,917,917,309.47462838690353,717.7297808131334,3.380588876772083,10.188888888888888,142.0067362737419,7.832030038704913,0.3024975394798207,0.5967713318912413,0.0,0.0,1.406657764267644,17.22239402971845,34.11781481921412,135780.0,1.5115461621054775,0.03143700463747037,96.61941112322792,0.0,100.0,0.0,264.65,495.8149999999998,801.4259999999997,0.703125,97.90766873708075,0.7181510999798775,nan,1565.1302351712534,504
10029,medium,moderate,DT-KF-CostAware,953,952,299.6374724868262,590.8778937540517,2.728226652675761,10.577777777777778,160.4121827754446,9.63534024790308,0.3451975597795965,0.6396729377369478,0.0,0.0,1.4726672471914888,15.276199441789045,31.93976874931457,113880.00000000003,1.913370744984711,0.02890322007147373,97.27177334732424,0.0,97.4816369359916,2.5183630640083945,206.2,363.7999999999993,532.4079999999984,0.625,97.5582344581707,0.6406430000206456,nan,1785.7059235223567,
10029,medium,moderate,DT-OPT,953,952,327.11970580063104,704.3508462010378,3.6726128016789086,10.577777777777778,129.1093161618261,8.212760855814174,0.31664023422110754,0.6081405252716923,0.0,0.0,1.4878007099662256,14.5320461266146,29.173488566078152,125559.99999999999,2.1096138983164754,0.0351502521637228,96.32738719832109,0.0,99.79013641133264,0.2098635886673662,200.0,377.0599999999999,572.0739999999988,0.640625,100.3454310651951,0.6384197000297718,nan,1791.924653870567,
10029,medium,moderate,SemiGreedy,953,952,238.64022830358587,400.7228441205186,0.0,10.577777777777778,324.8766039476809,16.346167747276276,0.30492560941170727,0.40474727974727975,0.0,0.0,1.3200544805197354,15.719189570336804,31.682504454632326,89060.00000000001,1.4963540441547099,0.014509586712672643,100.0,0.0,64.53305351521512,35.46694648478489,211.55,387.8499999999999,591.6299999999994,0.65625,101.94089245231204,0.6437554000294767,nan,1777.0724718543995,
10029,medium,moderate,Fog-only,953,952,303.6330738204672,615.905544161049,0.0,10.577777777777778,130.18132265590407,8.445780518725929,0.3087168559825514,0.6132028492865957,0.0,0.0,1.4865176635574051,15.56408803464356,31.188089476519334,129940.00000000001,2.183205080815888,0.036127228729998906,100.0,0.0,100.0,0.0,22.4,40.65499999999997,58.54199999999996,0.375,96.97409783489113,0.38670119998278096,nan,2958.356477949745,
10029,medium,moderate,DRL-OO,953,952,319.82574142038123,684.6651266106788,4.092339979013641,10.577777777777778,133.63668838474385,8.81116566140066,0.3145458708489386,0.59590138742536,0.0,0.0,1.4676016032126855,14.991255566313407,29.721530522059947,122640.0,2.0605531099835344,0.033707601535317266,95.90766002098636,0.0,97.90136411332634,2.0986358866736623,273.8,549.01,834.3069999999997,0.765625,98.008555754311,0.7811818000045605,nan,1464.4478404301296,505
10000,high,moderate,DT-KF-CostAware,1568,1540,416.3003571101177,823.4240284233796,12.946428571428571,17.11111111111111,222.29269240210223,18.704224173724622,0.43741716143054865,0.8901727146897755,0.8928571428571429,0.0,1.777702263423361,20.653467906441534,41.00996982607308,281780.00000000006,2.2961416459777886,0.07589112796343743,87.05357142857143,0.0,88.39285714285714,10.714285714285714,190.2,336.8,552.0399999999998,1.0625,100.42968782682408,1.0579541000188328,nan,1815.7687559089793,
10000,high,moderate,DT-OPT,1568,1537,477.3936908242984,1121.3749220153334,17.602040816326532,17.07777777777778,196.74912969205582,17.110981915555897,0.395729161976579,0.8569112305130921,0.9566326530612245,0.0,1.7752649979169706,21.30888545847744,43.925568183900545,308060.0,2.5105878496708307,0.10174986440376207,82.39795918367346,0.0,86.67091836734694,12.372448979591837,183.5,329.3,531.0399999999998,1.03125,99.01346583060935,1.041525000007823,nan,1844.4108398603692,
10000,high,moderate,SemiGreedy,1568,1556,330.73010403776624,565.3292612335867,2.423469387755102,17.288888888888888,360.22091677425,25.691187369099612,0.36170784043782767,0.6165806232686389,0.0,0.0,1.676041937910431,22.311734990263094,44.28776325865111,281780.00000000006,2.2909995459141017,0.05722389921888516,97.5765306122449,0.0,69.19642857142857,30.803571428571427,221.0,428.3,664.18,1.140625,99.1807636341949,1.1500465999706648,nan,1670.3670964715695,
10000,high,moderate,Fog-only,1568,1551,545.8427757772691,1148.38264138803,41.964285714285715,17.233333333333334,107.20321943196437,12.941066314317613,0.4185603467579762,0.9892655520573228,0.0,0.0,1.8533842888787602,20.3659527118033,38.71386199840764,270100.0,2.1960358341663664,0.12106547631457239,58.035714285714285,0.0,100.0,0.0,22.1,37.1,52.48,0.625,99.81813933595123,0.6261386999976821,nan,3068.010330629797,
10000,high,moderate,DRL-OO,1568,1543,414.6469945412165,993.1801865070273,12.181122448979592,17.144444444444446,272.42950415290164,21.008149066520083,0.38040366911187007,0.720429650099602,0.7653061224489796,0.0,1.7141600656169789,21.69014734451933,43.38450714668387,256960.00000000003,2.0928997950919483,0.07692791982224563,87.8188775510204,0.0,72.51275510204081,26.721938775510203,271.1,484.5,716.2399999999999,1.25,100.87974400116282,1.2390990999992937,nan,1550.3199058098703,501
10001,high,moderate,DT-KF-CostAware,1549,1537,409.956799118307,804.0408944398117,10.974822466107167,17.07777777777778,200.45166367500013,18.001295020937206,0.4310814259079628,0.9602359676178847,0.45190445448676564,0.0,1.8427181459914386,18.579910388299005,36.74038835742305,202940.00000000003,1.8988275062951179,0.054539941915714284,89.02517753389283,0.0,90.18721755971595,9.360877985797288,195.2,345.54,498.18399999999946,1.046875,98.09344296013376,1.0672221999848261,nan,1792.503941566432,
10001,high,moderate,DT-OPT,1549,1538,453.8730602273182,986.8870926741217,14.654615881213687,17.08888888888889,168.45538326202606,16.22331871214215,0.3885574312722429,0.933234405845502,0.38734667527437056,0.0,1.842728087322428,18.971348430677846,37.62702001070383,213159.99999999994,1.9923565888342782,0.07267174851393497,85.34538411878631,0.0,90.7682375726275,8.844415752098127,200.6,473.9599999999993,811.8759999999994,1.21875,98.19204180200998,1.2411901999730617,nan,1541.2625720389342,
10001,high,moderate,SemiGreedy,1549,1544,322.61334862243604,528.570621618735,1.0329244673983216,17.155555555555555,339.9703081409637,25.298621989485685,0.3559906308320627,0.660660818554752,0.0,0.0,1.716590677806017,19.06811666232993,37.35627531299964,223380.00000000003,2.087449539051931,0.05454277612839369,98.96707553260168,0.0,69.98063266623627,30.019367333763718,214.9,412.1599999999999,653.915999999999,1.0625,96.03853907194356,1.106326699955389,nan,1729.145649361205,
10001,high,moderate,Fog-only,1549,1544,529.5133756133455,1064.5773949793977,40.284054228534536,17.155555555555555,106.88353952157901,13.046561143265953,0.4123758495580734,0.9836342630797161,0.0,0.0,1.8960306566394085,19.138638615937086,37.0147583034169,264260.0,2.4694664481594737,0.1038555640256123,59.715945771465464,0.0,100.0,0.0,22.3,38.83999999999998,57.97599999999968,0.609375,96.01812537858004,0.6346458000480197,nan,3014.2797759872597,
10001,high,moderate,DRL-OO,1549,1539,405.6065385305058,869.8499281221002,11.233053582956746,17.1,250.56438264296145,20.69693709656023,0.3755467871329262,0.7773617679033997,0.32278889606197547,0.0,1.755471576619657,19.370216120727008,38.969266884915015,240900.0,2.254747957272292,0.07283419151772563,88.76694641704326,0.0,76.3718528082634,23.30535829567463,274.0,525.5199999999998,866.6399999999996,1.28125,98.80065832841778,1.2968030999763869,nan,1475.166122007908,502
10002,high,moderate,DT-KF-CostAware,1598,1580,422.7384753832715,845.6054213833397,11.576971214017522,17.555555555555557,207.52823691705737,18.6714532363382,0.43804215929582424,0.9619517802940802,0.5006257822277848,0.0,1.787974379542272,20.610943242918736,41.35236175608291,432159.9999999999,1.7168092613628367,0.09136463307618733,88.42302878598248,0.0,91.6145181476846,7.88485607008761,196.3,407.2249999999999,640.382,1.15625,100.29245061781515,1.1528783999965526,nan,1708.7665099856938,
10002,high,moderate,DT-OPT,1598,1577,465.6908914283685,1034.045871197103,16.583229036295368,17.522222222222222,190.66987613385896,17.411823360759616,0.39831057354786054,0.9124124797349437,0.688360450563204,0.0,1.78849610904653,20.420503235482524,40.98973515189771,427779.9999999999,1.6993671090987879,0.09125496029761684,83.41677096370464,0.0,90.42553191489361,8.88610763454318,193.0,383.0349999999999,619.6479999999999,1.125,97.91151688282326,1.148996600008104,nan,1714.5394511925494,
10002,high,moderate,SemiGreedy,1598,1591,339.1345967541492,617.3728909966235,2.690863579474343,17.677777777777777,360.1009954757827,26.568829141869077,0.3681729227356964,0.6930649900981666,0.0,0.0,1.7371325508370665,22.021201138011747,43.34600174971347,427779.9999999999,1.698236296372841,0.07363819536033056,97.30913642052566,0.0,71.71464330413016,28.285356695869837,215.4,492.84999999999985,794.5269999999988,1.21875,93.51630276031504,1.3032486999873072,nan,1511.6071092334,
10002,high,moderate,Fog-only,1598,1589,633.0730203618685,1524.5060636189748,41.11389236545682,17.655555555555555,118.67071605924106,13.767235870460386,0.4240025124386908,0.9943609111387659,0.0,0.0,1.7981024508977559,20.175279072469,40.32019648488462,512460.0,2.0344059386582503,0.20487066492147316,58.88610763454318,0.0,100.0,0.0,23.3,41.4,60.55099999999988,0.6875,101.03780150951047,0.6804384000133723,nan,2895.1922759816093,
10002,high,moderate,DRL-OO,1598,1581,421.0199933597186,925.7191452423666,11.201501877346683,17.566666666666666,263.6217858343304,21.34039990368561,0.384471255405033,0.8335927295550541,0.5632040050062578,0.0,1.7490556643294317,21.81259548433859,43.8843666866183,459900.0,1.826684536585147,0.09923211590642483,88.79849812265331,0.0,78.84856070087609,20.58823529411765,270.95,538.11,810.9869999999996,1.296875,99.25648426216534,1.3065897000487894,nan,1507.7418717799767,503
10003,high,moderate,DT-KF-CostAware,1557,1542,399.08373676834066,758.8746401275657,9.505459216441876,17.133333333333333,207.00930349121438,18.11544094044591,0.4325312814631505,0.9484873615322266,0.3853564547206166,0.0,1.8053371230443624,20.23405434956293,40.01299155530071,240899.99999999994,1.879901967287364,0.0662036324269198,90.49454078355812,0.0,91.84328837508028,7.771355170199101,199.2,380.54999999999995,609.6700000000004,1.125,100.06141547493193,1.1243094999808818,nan,1717.498606951943,
10003,high,moderate,DT-OPT,1557,1543,449.48225377127716,985.0076149758884,14.45086705202312,17.144444444444446,177.81511159408896,16.431866007342027,0.39321961004931955,0.9355763245101,0.3853564547206166,0.0,1.8097518062920286,20.30921831376238,39.93013782211235,229220.0,1.7886521949342173,0.0704414936486994,85.54913294797687,0.0,91.52215799614643,8.092485549132949,195.7,382.0,692.75,1.125,98.29300437003543,1.1445371999870986,nan,1687.1448127870083,
10003,high,moderate,SemiGreedy,1557,1551,330.7805033215584,575.3183117538738,1.2202954399486192,17.233333333333334,342.9247156725303,25.12570950193069,0.36695368378640714,0.7251195879395093,0.0,0.0,1.720076987511172,21.44338525475253,41.86863015725294,249659.99999999994,1.9470039955460503,0.05140284369802732,98.77970456005139,0.0,71.6120745022479,28.387925497752086,208.3,322.85,514.5300000000002,1.046875,100.61679597965005,1.0404574999702163,nan,1855.9143454252346,
10003,high,moderate,Fog-only,1557,1550,530.7618876649526,1139.5348143265849,35.195889531149646,17.22222222222222,118.08803242127543,13.205821015896126,0.4160747257428065,0.9780127269885105,0.0,0.0,1.8292626104956387,19.673594943469634,38.52427758692374,281780.00000000006,2.1974957376630875,0.12379355178175429,64.80411046885035,0.0,100.0,0.0,23.2,43.5,57.88000000000002,0.640625,97.77131014539872,0.6552279999596067,nan,2947.065754392428,
10003,high,moderate,DRL-OO,1557,1546,397.90396174201675,845.6395358131896,9.569685292228645,17.177777777777777,246.72505732729425,20.113187353621477,0.3786459518570452,0.8084278899252086,0.25690430314707774,0.0,1.7381028117978579,20.799450809299945,40.733292885697,252580.0,1.9698641512800763,0.07272447497038222,90.43031470777136,0.0,80.08991650610147,19.653179190751445,324.1,714.15,1033.740000000001,1.640625,98.71182014898501,1.6620349999866448,nan,1161.8287220278253,504
10004,high,moderate,DT-KF-CostAware,1569,1559,388.8735644308656,762.515865500029,8.795411089866157,17.322222222222223,201.56573304034282,16.447495387336417,0.4138124458119426,0.9324973241550998,0.25493945188017847,0.0,1.8631098026075419,18.036028700147167,35.814609293273186,435080.00000000006,1.7965798253682128,0.09768014461236128,91.20458891013385,0.0,94.45506692160612,5.289993626513703,211.3,651.7799999999995,1357.4629999999859,1.375,92.75185721189663,1.4824501000111923,nan,1307.295267466587,
10004,high,moderate,DT-OPT,1569,1562,431.2844807852218,981.1751004281449,13.511790949649459,17.355555555555554,170.02283357405295,14.659251141820132,0.37783987659094226,0.9095738438166276,0.06373486297004462,0.0,1.8734900804199421,18.2396123036437,36.342198686099074,445299.99999999994,1.8385602863215984,0.10572689253143293,86.48820905035055,0.0,95.53855959209687,4.397705544933078,306.9,456.4499999999999,636.4729999999992,1.578125,99.61165891476698,1.5842774000484496,nan,1223.270621635285,
10004,high,moderate,SemiGreedy,1569,1563,314.13342798981347,540.5612277101496,0.3824091778202677,17.366666666666667,344.2124207961982,24.446149708343533,0.348634715304147,0.6893482896078613,0.0,0.0,1.7600544410172252,18.5663878816376,37.31683896987229,408800.00000000006,1.6878455221681254,0.07211574157159159,99.61759082217974,0.0,73.16762268961122,26.832377310388782,222.5,409.33,520.1519999999999,1.21875,98.76544610596027,1.2339841999928467,nan,1570.5225399249314,
10004,high,moderate,Fog-only,1569,1563,437.0808857135902,938.1578122969806,15.678776290630974,17.366666666666667,134.30138419973446,12.629378689691949,0.3854756427551334,0.9676780344201463,0.0,0.0,1.8991210136012464,18.358201875706193,35.36310149380406,541660.0,2.2363953168727657,0.19548657818966986,84.32122370936902,0.0,100.0,0.0,26.6,50.11499999999999,73.94899999999973,0.8125,96.2007739120236,0.8445878000347875,nan,2294.610459587714,
10004,high,moderate,DRL-OO,1569,1560,390.6175408548654,878.982881392548,9.81516889738687,17.333333333333332,229.78617238841096,18.00814101176096,0.36339570739411153,0.8287163944047009,0.06373486297004462,0.0,1.8244910685116893,17.97099678909574,35.089516271552135,449680.0,1.8566444858591882,0.10278065968352415,90.18483110261313,0.0,85.53218610579987,14.404079031230083,264.4,503.3249999999998,582.9339999999997,1.21875,99.72137744646588,1.2221552000264637,nan,1585.7233189025712,505
10005,high,moderate,DT-KF-CostAware,1634,1614,409.6306473693612,806.9116978681504,13.035495716034271,17.933333333333334,232.71204834476106,19.45692144859477,0.43486667728616896,0.9342163355408388,0.9179926560587516,0.0,1.9383283862683662,20.262741049286884,39.85558595504934,375220.00000000006,2.2755241128415444,0.08376382260038998,86.96450428396572,0.0,90.39167686658507,8.69033047735618,186.6,252.6,357.39500000000066,1.0,100.59626423339344,0.9940727000357583,nan,1997.8418076751936,
10005,high,moderate,DT-OPT,1634,1618,470.92769586072075,1064.215215412395,17.870257037943695,17.977777777777778,191.56964364222733,17.145997182352883,0.39827835544882895,0.9550252185256755,0.6731946144430845,0.0,1.9348990153588024,20.26250353877945,39.8976844988609,417560.00000000006,2.5295384924990127,0.12052348432522904,82.1297429620563,0.0,90.8812729498164,8.445532435740514,177.1,238.675,322.7050000000001,0.96875,100.77710985011898,0.9612797999870963,nan,2065.9957694176646,
10005,high,moderate,SemiGreedy,1634,1630,335.15963348983803,593.775373071144,3.3047735618115057,18.11111111111111,358.57945295356495,26.115282941266607,0.36360762367788657,0.7077898608286731,0.0,0.0,1.9397408241625356,20.616588481797077,40.669428483146866,373760.00000000006,2.262103990329409,0.07274232078112877,96.6952264381885,0.24479804161566707,73.19461444308446,26.56058751529988,203.4,255.95000000000002,365.9750000000006,0.96875,98.70324064548129,0.9814773999969475,nan,2023.4801127424603,
10005,high,moderate,Fog-only,1634,1608,659.2329809581876,2192.1476429923323,39.16768665850673,17.866666666666667,128.97770714427358,13.846923164894132,0.41842555267180076,0.9894263795605244,0.0,0.0,1.9474430608858648,19.48035772041981,37.74080166904481,410260.0,2.482953074026753,0.15938843834623967,60.83231334149327,0.0,100.0,0.0,23.2,36.6,43.21500000000001,0.609375,98.84397760688451,0.6165019000181928,nan,3221.4012640372944,
10005,high,moderate,DRL-OO,1634,1614,413.88508020794876,970.8765825571411,12.668298653610771,17.933333333333334,263.24331981472625,21.01321895738503,0.3817601693364346,0.8218095383773165,0.9179926560587516,0.0,1.9384416993771438,20.628065270392614,40.54398952127794,445300.0,2.7033934782225963,0.1315750305974,87.33170134638922,0.0,78.51897184822522,20.563035495716033,256.75,381.15000000000003,512.93,1.125,99.64901403166314,1.128962499962654,nan,1759.1372610389599,501
10006,high,moderate,DT-KF-CostAware,1618,1597,407.3208097080076,809.7168114348256,10.877626699629172,17.744444444444444,244.30394265663347,20.14388718244745,0.43508682905496127,0.9204817693116747,0.6180469715698393,0.0,1.6910107145450628,18.203201063038335,34.25024067515404,300760.00000000006,1.8651868541908352,0.06509545934797076,89.12237330037082,0.0,88.31891223733004,11.063040791100123,179.5,229.6,343.4200000000002,0.9375,99.12455309285322,0.9457798000075854,nan,2073.4213185609083,
10006,high,moderate,DT-OPT,1618,1596,461.2765859075193,1121.1208898761486,14.15327564894932,17.733333333333334,207.89687876386,18.08089627501213,0.39395927467587927,0.9225871835460635,0.6798516687268232,0.0,1.6800368689245642,18.262093697818568,34.50978165338835,305140.00000000006,1.8923295846015948,0.08390888919359943,85.84672435105068,0.0,87.82447466007416,11.495673671199011,179.5,296.2,363.58000000000004,0.96875,97.99181268869948,0.9886030000052415,nan,1983.6071709165387,
10006,high,moderate,SemiGreedy,1618,1610,330.67024985768694,577.6788778499443,1.792336217552534,17.88888888888889,381.5312438580396,26.750728862370494,0.36442817933450855,0.6106506855901075,0.0,0.0,1.614060362065211,18.240094494913116,35.81431242552866,306600.00000000006,1.9002813420448779,0.05339908735418954,98.20766378244747,0.0,70.02472187886279,29.975278121137208,374.6,847.4,2262.200000000002,1.78125,0.17254421959845884,1032.3440588999656,nan,1.8995605032004368,
10006,high,moderate,Fog-only,1618,1601,636.4537929203192,1321.9226990652703,55.93325092707046,17.788888888888888,114.06369302168692,13.556756807961161,0.43696466050382415,0.9952323450385947,0.0,0.0,1.7463594475757505,18.887036676641003,37.34363300065959,346020.00000000006,2.144603228879219,0.11450117961436039,44.06674907292954,0.0,100.0,0.0,46.6,89.9,255.40000000000032,1.28125,82.67052809005854,1.5498267999500968,nan,1265.3026777335008,
10006,high,moderate,DRL-OO,1618,1589,412.28984308694453,960.1680621701854,11.681087762669963,17.655555555555555,298.0310991793375,22.48690867674218,0.3844423999126294,0.7367701414066566,1.1124845488257107,0.0,1.6385386819765928,18.218521541709656,35.81150449983952,325579.99999999994,2.019997967469334,0.0770563283724145,88.31891223733004,0.0,72.00247218788628,26.88504326328801,436.6,705.8,997.8800000000002,1.734375,94.3999256272816,1.837263100023847,nan,1067.3484924257973,502
10007,high,moderate,DT-KF-CostAware,1610,1593,411.36965429009797,806.2498167452816,11.677018633540373,17.7,218.5039295923913,19.871124713874337,0.4287708948588738,0.9218545397380395,0.3105590062111801,0.0,1.672393570118087,19.498450083380234,38.89390008029206,254039.99999999997,1.5591157670461082,0.06945583034895281,88.32298136645963,0.0,91.30434782608695,8.385093167701863,214.1,441.28,658.2560000000009,1.28125,95.55987608516166,1.340782399987802,nan,1478.987194356102,
10007,high,moderate,DT-OPT,1610,1595,451.32908028876034,959.2467415010235,15.962732919254659,17.72222222222222,190.80814566369162,18.45064976361939,0.3853654869898489,0.9081902759278165,0.2484472049689441,0.0,1.6695530465668105,19.58331268813295,38.76855835410067,300759.9999999999,1.84486860801118,0.08872557858086337,84.03726708074534,0.0,91.5527950310559,8.198757763975156,184.2,322.93999999999994,380.8920000000003,1.109375,98.36646278843139,1.1277980000013486,nan,1758.2935951275217,
10007,high,moderate,SemiGreedy,1610,1603,328.5748301627801,541.4759390729636,1.5527950310559007,17.81111111111111,359.4437730550105,27.048475717535094,0.3563574160129642,0.6829034446036234,0.0,0.0,1.5571172245633995,20.387802555883983,39.6741757348054,280320.0,1.7192248057546438,0.06373019757299284,98.4472049689441,0.062111801242236024,70.8695652173913,29.06832298136646,252.1,372.37999999999994,420.03000000000054,1.25,99.92520797851078,1.2509356000227854,nan,1585.213499371095,
10007,high,moderate,Fog-only,1610,1592,499.24634783552534,976.8592326068035,30.993788819875775,17.68888888888889,122.07705900135416,15.038950588113325,0.4058043906100608,0.9829477760127086,0.0,0.0,1.7183437154330148,19.328133654918254,37.87688537213508,362079.99999999994,2.220643583086433,0.12307103625584244,69.00621118012423,0.0,100.0,0.0,21.4,40.5,51.23600000000001,0.6875,98.75305416582835,0.6961809999775141,nan,2848.397184157638,
10007,high,moderate,DRL-OO,1610,1597,410.11423856742385,884.5120251280496,11.801242236024844,17.744444444444444,259.3535062967138,21.849399637455413,0.37127336450796405,0.7793139830791802,0.12422360248447205,0.0,1.5991745096427066,19.726161443239345,38.54955959805031,289080.0,1.773928007904252,0.08210900227136138,88.19875776397515,0.0,78.75776397515529,21.11801242236025,247.7,458.97999999999996,543.8780000000002,1.171875,99.46835622287264,1.178138500021305,nan,1683.1637366609616,503
10008,high,moderate,DT-KF-CostAware,1639,1621,413.3671300264533,824.8007975005585,12.629652226967663,18.011111111111113,210.5638008112824,19.03829657528062,0.4355177463583343,0.9544566395190325,0.42708968883465526,0.0,1.787759232682768,19.10768902769405,37.5649586752014,255499.99999999968,1.7347154930801463,0.06559066340159736,87.37034777303234,0.0,90.84807809640024,8.724832214765101,169.9,235.27999999999997,322.0,0.9375,100.88629281060315,0.9292639999766834,nan,2168.382720142564,
10008,high,moderate,DT-OPT,1639,1621,446.47751123028615,943.4482471559344,15.49725442342892,18.011111111111113,184.70365891263714,17.56239284094721,0.3936194532066471,0.9418636508663143,0.36607687614399026,0.0,1.7921985524281279,18.89029649212745,37.74616668456529,308059.9999999996,2.0924475183243656,0.09660266911825093,84.50274557657109,0.0,90.66503965832825,8.96888346552776,416.6,1435.5,5196.281999999997,2.265625,58.6677193731461,3.8617915000068024,nan,521.7785579559255,
10008,high,moderate,SemiGreedy,1639,1631,322.7218954085906,538.5531331099841,0.9151921903599756,18.122222222222224,360.2002700243227,26.596660364341883,0.3623068956303342,0.6947020282113346,0.0,0.0,1.7416781413342364,19.504808513867598,38.155544025527895,265719.9999999997,1.8033866096576043,0.05392756538881505,99.08480780964003,0.0,70.77486272117144,29.225137278828555,240.2,796.3899999999999,1580.367999999999,1.609375,91.08467321843224,1.7668998999870382,nan,1140.4154813834002,
10008,high,moderate,Fog-only,1639,1629,529.5410436306347,1134.4125845795218,37.82794386821232,18.1,110.68122445688144,13.957167684898783,0.42144521683502373,0.9913749174365121,0.0,0.0,1.8139991061574847,18.719396609341597,37.13207388145261,338720.0,2.298822491431674,0.13024890770864433,62.17205613178768,0.0,100.0,0.0,22.5,43.5,72.27599999999984,0.6875,98.39388266222075,0.6987223000032827,nan,2883.8352518454517,
10008,high,moderate,DRL-OO,1639,1619,409.6697217018215,944.6158134411681,11.409395973154362,17.988888888888887,253.6529997379062,21.13547723609285,0.38186504871346016,0.8358308954293943,0.6101281269066504,0.0,1.7585253211299519,19.67273780960277,39.45426513273002,284699.9999999996,1.9332793844036409,0.08581329625869384,88.59060402684564,0.0,78.21842586943258,21.17144600366077,277.3,707.2999999999997,1233.7759999999998,1.5,97.80558180149932,1.5336548000341281,nan,1313.854982200141,504
10009,high,moderate,DT-KF-CostAware,1620,1602,405.78576637608387,770.9605938128877,11.11111111111111,17.8,253.8669299392256,20.775320768343448,0.4426469789730734,0.9267183514565713,0.49382716049382713,0.0,1.7655360288276565,19.6173241790325,38.02736840628811,340180.0,1.6088191552105655,0.07207869423732814,88.88888888888889,0.0,87.5925925925926,11.91358024691358,194.7,428.5,754.4799999999982,1.15625,97.61208547681417,1.1845357000129297,nan,1663.9430959982765,
10009,high,moderate,DT-OPT,1620,1598,453.777632896831,1008.3651044490414,15.308641975308642,17.755555555555556,225.52310914361357,18.98856406799077,0.4045564015546223,0.9201657581653719,0.7407407407407407,0.0,1.7794348983549872,19.56888973288271,38.2117531614129,346020.0,1.6364971884853443,0.07683281411078897,84.69135802469135,0.0,87.46913580246914,11.790123456790123,188.8,400.9,713.5899999999998,1.15625,100.35460217543421,1.1521643999731168,nan,1710.6933698402665,
10009,high,moderate,SemiGreedy,1620,1612,333.52857171902747,583.106960951539,1.1728395061728396,17.91111111111111,376.851805568214,26.921206433278844,0.37524679165235436,0.703814496858129,0.0,0.0,1.670280767872524,20.30496583245474,39.35528470417406,354780.0,1.6772852657169615,0.0699059429306808,98.82716049382717,0.0,70.0,30.0,219.6,568.6500000000001,1129.9699999999996,1.34375,97.79896114333042,1.3739921000087634,nan,1434.5060644725897,
10009,high,moderate,Fog-only,1620,1608,643.7464525319793,1291.9248235610576,55.18518518518518,17.866666666666667,126.99049615427052,14.16023640304283,0.44252788762295336,0.9970324212604498,0.0,0.0,1.818508234176601,18.843032393991688,37.61581192983838,456979.9999999996,2.160453860779459,0.17575560685291944,44.81481481481482,0.0,100.0,0.0,22.4,39.7,58.889999999999986,0.65625,100.12706410462083,0.655417200003285,nan,3007.244851050783,
10009,high,moderate,DRL-OO,1620,1597,412.8481262661529,932.8255188682767,11.851851851851851,17.744444444444444,298.7860980832552,22.82893130035958,0.39185648052954847,0.7920635136606073,0.7407407407407407,0.0,1.68517954530093,19.870719860858667,38.58760949130221,375220.00000000006,1.774713375654586,0.08425627760332238,88.14814814814815,0.0,73.39506172839506,25.864197530864196,268.3,531.0,833.4799999999993,1.28125,99.18138299333899,1.2918250999646261,nan,1525.7483385746038,505
10010,high,moderate,DT-KF-CostAware,1630,1614,407.5457890362243,802.3062135176389,11.104294478527608,17.933333333333334,227.9394031224826,19.879955734947227,0.43220002961870796,0.9431987939423011,0.7361963190184049,0.0,1.8420294986657804,20.412612714419204,40.570205524525825,389820.0,1.957768116222983,0.09086469989260483,88.8957055214724,0.0,91.28834355828221,7.975460122699387,209.9,604.5599999999988,1073.2039999999997,1.390625,95.93965113933187,1.44947890000185,nan,1378.4264124144545,
10010,high,moderate,DT-OPT,1630,1613,473.50439150719,1078.2913210786685,17.177914110429448,17.92222222222222,185.02389363360686,17.3463993703372,0.3956063568139744,0.9325459622992786,0.7975460122699386,0.0,1.853621254027017,20.153468553023007,38.9172992888003,405880.0,2.0373879870809484,0.1156757193569979,82.82208588957056,0.0,92.14723926380368,7.0552147239263805,204.6,519.79,881.7609999999997,1.34375,97.2265946543342,1.3820807000156492,nan,1445.6464083301191,
10010,high,moderate,SemiGreedy,1630,1628,331.8515494501132,599.8031709422687,1.5337423312883436,18.08888888888889,364.77317807348845,26.83048645309741,0.36060205646858434,0.7032086616563262,0.0,0.0,1.7897830562077863,21.147521757721627,41.9031477774546,369380.0,1.852309020185294,0.05683202486045125,98.46625766871166,0.0,72.39263803680981,27.607361963190183,213.8,410.25999999999993,701.6559999999998,1.109375,95.92120760721248,1.1565482000005431,nan,1727.5544590351371,
10010,high,moderate,Fog-only,1630,1613,645.9626767801971,1543.7575455166352,39.32515337423313,17.92222222222222,129.52822655805127,14.601800912078126,0.4169393565847341,0.9880185469293515,0.0,0.0,1.8618465316205886,20.193648529597663,39.22538808957087,493480.00000000006,2.474626279931342,0.18103446728817954,60.67484662576687,0.0,100.0,0.0,22.8,41.9,70.906,0.6875,98.55264509616222,0.6975967000471428,nan,2864.1190531219218,
10010,high,moderate,DRL-OO,1630,1615,421.964986953172,1011.4318858181261,12.45398773006135,17.944444444444443,259.7948292802936,21.27896849484959,0.379749939655227,0.8266952739614939,0.7361963190184049,0.0,1.8173567439625962,21.153618935043035,41.77056389680598,378140.0,1.8995612633373424,0.10056390562769721,87.54601226993866,0.0,79.50920245398773,19.754601226993866,269.55,475.2499999999999,847.1039999999998,1.28125,99.43814055120697,1.2884895000024699,nan,1550.652915678529,501
10011,high,moderate,DT-KF-CostAware,1655,1630,422.36527789794275,819.724941274235,14.3202416918429,18.11111111111111,237.0007638527353,20.61750256285061,0.4510884890171638,0.9175729851408376,0.9667673716012085,0.0,1.7953429520361033,20.43920756975956,40.65835189504835,424860.0,2.107199966908539,0.08928819661601815,85.6797583081571,0.0,85.98187311178248,13.051359516616314,189.4,356.24,558.588,1.109375,99.95976830293723,1.109821500023827,nan,1795.7842769825706,
10011,high,moderate,DT-OPT,1655,1627,468.9901002860662,1048.2210577298822,18.24773413897281,18.07777777777778,219.43291274349463,19.583945201460462,0.4106246785299959,0.9049216543851937,1.2688821752265862,0.0,1.797210338514648,20.298036593672684,41.46834329770593,411720.0,2.041867508329492,0.09096837083473817,81.75226586102718,0.0,84.53172205438067,14.19939577039275,192.3,417.31999999999965,678.1679999999996,1.1875,98.45045206367132,1.2061905000009574,nan,1652.3094817928163,
10011,high,moderate,SemiGreedy,1655,1649,336.2972834546453,564.8623138043007,2.598187311178248,18.322222222222223,367.73107255387924,27.064091387453548,0.372956070372446,0.681177772932356,0.0,0.0,1.7843706678345659,20.449232808881252,40.85805473516279,430700.0,2.1333516668500185,0.07696617922972797,97.40181268882175,0.0,69.06344410876133,30.936555891238672,214.3,406.7599999999999,661.1599999999993,1.109375,96.94562830241293,1.1443270000163466,nan,1741.6350396097707,
10011,high,moderate,Fog-only,1655,1646,745.2490867484997,1411.155795248507,67.49244712990937,18.288888888888888,111.99097090177467,14.373376794481732,0.4536210870191238,0.9947262527169124,0.0,0.0,1.8084050032473418,20.400701974752337,39.00329748710492,480340.0,2.37922948608019,0.17671454769326947,32.507552870090635,0.0,100.0,0.0,21.9,40.4,56.3119999999999,0.640625,98.66014707493214,0.6493250000057742,nan,3069.341238951645,
10011,high,moderate,DRL-OO,1655,1629,408.43021848367835,939.415272399831,11.722054380664652,18.1,306.6779212830346,23.835462044067103,0.39211004167206603,0.7436978583553036,1.148036253776435,0.0,1.7769030853464294,20.357154304438676,39.296066451713045,400040.0,1.9834086606200567,0.08075480355857756,88.27794561933534,0.0,69.66767371601209,29.184290030211482,268.8,513.7199999999999,861.8639999999999,1.265625,97.51909871829623,1.2978226999985054,nan,1535.6488987303853,502
10012,high,moderate,DT-KF-CostAware,1599,1588,410.9535078236257,811.0598823923609,11.131957473420888,17.644444444444446,228.08072297153305,19.675704565347825,0.4359942589533708,0.9322989004629629,0.2501563477173233,0.0,1.85584626319697,19.925502273108478,38.53545207595847,318280.0,1.667764868628409,0.0755563340790257,88.86804252657912,0.0,90.18136335209506,9.568480300187618,200.45,432.25499999999926,666.6290000000001,1.15625,93.66228906420046,1.2344882999896072,nan,1581.2219524611398,
10012,high,moderate,DT-OPT,1599,1585,450.27934593551976,1039.9415845947524,13.445903689806128,17.61111111111111,189.3742392150745,17.417845872935956,0.396570664783705,0.9362996529815334,0.31269543464665417,0.0,1.8657599047574962,19.801041649708623,38.81798140474374,346020.0,1.8131692618291453,0.093039289321457,86.55409631019387,0.0,90.43151969981238,9.255784865540964,187.8,357.00499999999874,631.1990000000001,1.078125,99.17962752005863,1.0870427999761887,nan,1795.6974647573747,
10012,high,moderate,SemiGreedy,1599,1592,330.76050302881345,580.5034526201324,0.6879299562226392,17.68888888888889,361.2253284833709,26.401504517443332,0.3686749111830929,0.6970445803499147,0.0,0.0,1.7572686809084772,21.845135699548788,42.994553623472505,310980.0,1.6292326821205045,0.054990433435738256,99.31207004377737,0.0,72.29518449030644,27.70481550969356,228.9,603.3249999999996,883.1540000000002,1.390625,98.82114589492905,1.4072140000062063,nan,1387.1379903777186,
10012,high,moderate,Fog-only,1599,1590,488.8221290971884,1046.5411361546273,28.080050031269543,17.666666666666668,125.45928359831177,14.074050421535759,0.4181802783575328,0.9804431055237717,0.0,0.0,1.904442240895141,18.84352227413692,36.73662147965198,468660.0,2.455322492773155,0.1767519756906773,71.91994996873045,0.0,100.0,0.0,23.25,47.34499999999998,73.5,0.703125,96.26438728755265,0.7304103000205941,nan,2672.470527790973,
10012,high,moderate,DRL-OO,1599,1585,413.91268207357035,956.3687483316662,11.694809255784866,17.61111111111111,258.9753089083373,21.146764772004794,0.3848857482734596,0.7988241579322275,0.5003126954346466,0.0,1.8009993222544942,21.126184326508113,42.40460162620383,369380.0,1.93568371458428,0.1035317303367198,88.30519074421514,0.0,78.61163227016885,20.888055034396498,274.3,522.0849999999997,866.296,1.28125,98.64590450755314,1.298837500042282,nan,1502.8823851609266,503
10013,high,moderate,DT-KF-CostAware,1640,1617,430.62108096956854,866.1795240882152,15.24390243902439,17.966666666666665,236.4114108014407,20.745589812357107,0.4542559235589315,0.9358562071975028,1.0975609756097562,0.0,1.7708940540689566,20.51478167806014,41.31562809259968,299299.9999999997,1.6876864356417705,0.07459551263623726,84.7560975609756,0.0,84.45121951219512,14.451219512195122,190.9,334.68999999999994,521.7549999999999,1.109375,99.76414519514819,1.111997700005304,nan,1818.3490847061603,
10013,high,moderate,DT-OPT,1640,1616,466.24538424563923,1013.0523280129893,17.4390243902439,17.955555555555556,221.51736899704184,19.778111761902068,0.40746688275226295,0.9154998915850269,1.1585365853658536,0.0,1.779041374404551,19.86982150720269,40.522870604040975,278859.9999999997,1.570544280382534,0.06263605010166318,82.5609756097561,0.0,83.41463414634147,15.426829268292684,189.05,368.48999999999995,589.164,1.109375,95.71667295210887,1.1590196000179276,nan,1744.5779173783808,
10013,high,moderate,SemiGreedy,1640,1635,344.8466645760919,576.6516934406076,4.146341463414634,18.166666666666668,365.83225519330847,27.118737838433614,0.3746986807571494,0.6658843690254646,0.0,0.0,1.6997120602145885,20.296046415672368,40.478081246664075,302219.9999999997,1.6995445668194245,0.05971670212491876,95.85365853658537,0.0,68.47560975609755,31.524390243902438,212.9,392.48999999999995,577.3819999999998,1.140625,100.42550921184413,1.1357920999871567,nan,1780.255383025524,
10013,high,moderate,Fog-only,1640,1612,996.8128492473684,2584.447467089644,71.58536585365853,17.91111111111111,101.48047131503077,14.0520765668638,0.45152021297504286,0.9955741091515408,0.0,0.0,1.8474497032754222,20.280251915289842,39.39993521787721,398580.0,2.2414283417473593,0.13437709643317977,28.414634146341463,0.0,100.0,0.0,22.3,39.39499999999998,62.91599999999998,0.671875,101.41529334829661,0.6624986999668181,nan,3052.081460841016,
10013,high,moderate,DRL-OO,1640,1611,422.300582262064,947.0457934605481,13.536585365853659,17.9,305.6267410538868,23.994812350050125,0.39723536528414455,0.7366809082617253,1.4634146341463414,0.0,1.700561893110111,20.152043398572452,40.028276525207524,309519.99999999977,1.7443561326894141,0.06992477942007368,86.46341463414635,0.0,67.6829268292683,30.853658536585368,271.7,530.195,838.1229999999995,1.3125,96.83888370908035,1.3553439999814145,nan,1491.8721741696036,504
10014,high,moderate,DT-KF-CostAware,1623,1597,423.55189118002943,838.5446864504258,12.630930375847196,17.744444444444444,231.18034279635222,20.810230546441726,0.4465181305190358,0.9890451324356407,1.2322858903265557,0.0,1.7948946954885938,20.7986780000187,40.727183293353,376680.0,1.5844887352727686,0.07993636758779162,87.3690696241528,0.0,86.99938385705484,11.768330252618608,194.7,371.59499999999997,638.6499999999994,1.15625,100.12936931225822,1.1547560999752022,nan,1721.575664369897,
10014,high,moderate,DT-OPT,1623,1594,461.56210727391846,1041.463320190119,15.773259396179913,17.711111111111112,206.305779014116,19.306445635190048,0.4045976354325839,0.9538891833417055,1.5403573629081948,0.0,1.7893989374853734,20.813247559341495,40.86920984010558,438000.0,1.8423124402904645,0.11509506565848938,84.22674060382009,0.0,85.8287122612446,12.630930375847196,199.3,488.3599999999997,777.265,1.28125,90.70416305255183,1.4125592000200413,nan,1407.3746431100335,
10014,high,moderate,SemiGreedy,1623,1618,352.09865536671464,634.0959668547753,5.606900800985828,17.977777777777778,355.3219047116565,27.229757584236246,0.3801617205571644,0.7386522417189141,0.0,0.0,1.676247735827218,22.329568716549186,45.17422405670622,375220.0,1.5768483926795438,0.06522541086898762,94.39309919901417,0.061614294516327786,70.7332101047443,29.20517560073937,214.2,419.065,741.4419999999984,1.15625,100.63877004444367,1.1489111000555567,nan,1730.3340527425214,
10014,high,moderate,Fog-only,1623,1613,766.1269392433564,1735.6288312024756,60.19716574245225,17.92222222222222,108.74419391246063,14.391365947893194,0.4412544593915263,0.9963668824504377,0.0,0.0,1.8602169942209423,20.138125565584083,38.770644797815045,565020.0,2.374466404843034,0.21500726321845745,39.80283425754775,0.0,100.0,0.0,22.3,37.52999999999997,58.8,0.625,97.70158964938797,0.6397029999643564,nan,3107.6921635677327,
10014,high,moderate,DRL-OO,1623,1599,424.57042985518086,1028.4770710082907,12.199630314232902,17.766666666666666,269.87292383933595,22.76849092892283,0.3934333947290168,0.8607905336431201,1.2322858903265557,0.0,1.7163635746139378,21.94328432514361,43.883346899842394,383980.0,1.6162005607329515,0.08547116587923,87.8003696857671,0.0,75.41589648798521,23.35181762168823,270.25,514.6099999999998,843.7589999999972,1.28125,97.48023576550027,1.3143689999706112,nan,1512.5128484044062,505
10015,high,moderate,DT-KF-CostAware,1658,1639,413.2319149190541,814.7644235784369,13.630880579010856,18.211111111111112,237.38718124951438,20.10538236118274,0.4351226627505769,0.937515202678533,0.6634499396863691,0.0,1.960211060107685,20.83023549187016,41.17220364003827,438000.0,2.0469607376573524,0.08879120512909405,86.36911942098915,0.0,87.6357056694813,11.700844390832328,194.1,412.22499999999997,719.6800000000004,1.21875,99.91763916903479,1.2197546000243165,nan,1669.1882120874243,
10015,high,moderate,DT-OPT,1658,1625,450.49116630994945,1008.392363100409,16.706875753920386,18.055555555555557,206.13074582139484,18.214424983909847,0.3941614127352895,0.906176786411558,1.3268998793727382,0.0,1.9636233102748017,20.42867834929153,39.84057881287563,454060.0,2.1231589290555557,0.10705710293188621,83.29312424607961,0.0,87.45476477683957,11.218335343787697,204.1,493.04999999999995,800.8400000000028,1.3125,95.459176091287,1.3749333000159822,nan,1480.7991049284599,
10015,high,moderate,SemiGreedy,1658,1651,331.8029789673207,588.4891405048335,2.1109770808202653,18.344444444444445,366.31624397327977,26.776737916473955,0.36381346356088995,0.6639423593934831,0.0,0.0,1.9179672220774002,21.14429964702153,40.9865130920042,432160.0,2.018878966253244,0.07507456876504769,97.88902291917974,0.0,71.17008443908323,28.829915560916767,217.9,425.0,721.5000000000002,1.203125,98.88969018879384,1.2166334000066854,nan,1673.4704143325444,
10015,high,moderate,Fog-only,1658,1633,672.7961076212557,1578.3950292754075,52.050663449939684,18.144444444444446,113.13582672070244,13.618924947295685,0.4241667274733618,0.9921101858107605,0.0,0.0,2.005018165842741,20.488520825587315,40.373363364861525,521220.00000000047,2.43493172619057,0.171036043215066,47.949336550060316,0.0,100.0,0.0,21.4,39.9,62.95500000000025,0.640625,97.70297167796083,0.655686300015077,nan,3105.1434198841484,
10015,high,moderate,DRL-OO,1658,1631,409.7130409016791,917.6200609313554,12.123039806996381,18.122222222222224,276.41415708889434,22.024563328499838,0.38184702653246577,0.790228428513619,1.0253317249698433,0.0,1.9235015039759231,20.90698624846146,41.07978834791661,429240.0000000001,2.0068052972478667,0.09882213699817352,87.87696019300361,0.0,74.60796139927623,24.36670687575392,265.3,477.575,791.8650000000018,1.296875,100.58363520756278,1.289349900034722,nan,1579.0903616971398,501
10016,high,moderate,DT-KF-CostAware,1639,1603,442.0382780993,865.0571336288473,15.25320317266626,17.81111111111111,253.04927906588387,20.739154027188256,0.46413538955063144,0.9750541406791406,1.342281879194631,0.0,1.7914112013053218,19.505348645515404,39.15685927363968,242360.00000000012,2.2863644060721304,0.06506040774205041,84.74679682733374,0.0,82.5503355704698,16.107382550335572,194.2,403.05999999999995,642.311999999999,1.171875,100.15921201347983,1.170012200018391,nan,1682.88843481209,
10016,high,moderate,DT-OPT,1639,1604,477.06432724013473,1002.1425773206959,17.08358755338621,17.822222222222223,233.32826655867433,19.475739594787996,0.41376070752911265,0.9392272438047086,1.2812690665039659,0.0,1.780903795912343,19.581855627575003,39.32223130466979,262800.00000000023,2.4818730246184257,0.08211423646919244,82.91641244661379,0.0,81.39109212934716,17.327638804148872,183.1,325.2199999999998,479.63599999999957,1.046875,99.60669212483751,1.0510086999856867,nan,1873.438345493063,
10016,high,moderate,SemiGreedy,1639,1627,357.23202840273854,597.2337546135375,5.552165954850518,18.07777777777778,386.0946726343261,27.53368020647343,0.38793843362208774,0.7321464078279525,0.0,0.0,1.7206462403087475,20.626224482625688,39.97319275068115,242360.00000000015,2.2784514765326374,0.050427055041272754,94.44783404514948,0.0,65.03965832824893,34.96034167175107,211.1,392.6599999999999,628.7519999999998,1.109375,99.66808002398884,1.1130695000174455,nan,1768.9820806060532,
10016,high,moderate,Fog-only,1639,1600,1351.9846744281294,2501.9221330285045,82.36729713239781,17.77777777777778,90.83826515687947,12.284627815061691,0.4608302043283416,0.9871607406173456,0.0,0.0,1.8539474734965022,19.240015180512977,38.04595397174562,297840.0,2.800024706100348,0.11754634400361448,17.632702867602198,0.0,100.0,0.0,22.1,37.71999999999998,60.96799999999985,0.65625,101.03137445962109,0.6495506999781355,nan,3031.3261152151454,
10016,high,moderate,DRL-OO,1639,1592,429.49454164503294,953.5521807590961,13.483831604636974,17.68888888888889,320.47687862769544,23.989816809972606,0.40738104067548747,0.7887387964148528,2.135448444173276,0.0,1.7173565857920083,20.157087173689284,38.757575915631435,235060.0000000002,2.2204645669834338,0.07040777579506564,86.51616839536302,0.0,64.7345942647956,33.12995729103112,272.4,482.69999999999965,775.5759999999999,1.25,98.07658478882281,1.2745141999912448,nan,1544.902363593537,502
10017,high,moderate,DT-KF-CostAware,1662,1645,412.62079696978185,795.7892650921365,13.35740072202166,18.27777777777778,218.77142688586525,20.259672438253446,0.4423303378312266,0.965862230068235,0.42117930204572807,0.0,1.8101155852758455,20.342183335530855,39.39570695565805,293460.0,2.0370531824565474,0.07241678829744527,86.64259927797833,0.0,90.67388688327317,8.904933814681106,194.3,361.7999999999997,571.1399999999982,1.109375,98.95033925844582,1.1211432000272907,nan,1781.2175999920344,
10017,high,moderate,DT-OPT,1662,1644,444.51478710924465,903.6540372623201,15.463297232250302,18.266666666666666,190.28664440961347,18.735384571862784,0.3947446035039407,0.94724036156629,0.4813477737665463,0.0,1.8209064534916966,20.13979871193979,39.63697083007186,302220.0000000001,2.0986577465032275,0.08865147704293672,84.5367027677497,0.0,90.55354993983153,8.965102286401926,189.1,364.53999999999996,609.3919999999998,1.109375,99.04498094999299,1.1200719000189565,nan,1782.921257078409,
10017,high,moderate,SemiGreedy,1662,1654,324.82138874959344,539.9173568319458,1.5643802647412757,18.377777777777776,361.56868492897337,27.416682546881344,0.3663422591955575,0.7026716641991785,0.0,0.0,1.7193840275920473,21.451402107165574,41.78933719320432,287620.00000000006,1.995927369950364,0.05408007494735673,98.43561973525873,0.0,70.15643802647413,29.843561973525873,215.7,410.6599999999997,729.2959999999999,1.15625,99.20691950696711,1.1654933000099845,nan,1713.437563290061,
10017,high,moderate,Fog-only,1662,1644,520.0049124746372,1033.8129459151878,36.82310469314079,18.266666666666666,117.70075576073376,15.238148934891065,0.41900324231755,0.9856287634785044,0.0,0.0,1.8473486317740342,20.235891721691925,40.57590239021786,300760.00000000006,2.087111869085152,0.1116592978550991,63.17689530685921,0.0,100.0,0.0,22.4,38.4,59.05599999999995,0.65625,99.9020084966572,0.6568937000120059,nan,3040.0656909382774,
10017,high,moderate,DRL-OO,1662,1643,407.93781496596785,877.7898408004556,12.755716004813477,18.255555555555556,267.66949332167803,22.7602846588271,0.3846262707235213,0.8126075291042161,0.601684717208183,0.0,1.7602953475526872,20.78391591562139,39.829513098411994,293460.00000000006,2.038134916947357,0.08340484369006089,87.24428399518652,0.0,77.73766546329723,21.660649819494584,264.2,459.45999999999987,746.4919999999996,1.25,99.35617200719959,1.2580999999772757,nan,1587.3142039870206,503
10018,high,moderate,DT-KF-CostAware,1640,1609,439.9253588305922,836.1987958064916,13.536585365853659,17.877777777777776,269.99368729274505,23.529798214758912,0.4600026498992778,0.9335716207234864,1.646341463414634,0.0,1.8359518166654494,21.445937867045114,42.67182395935589,686200.0,2.00440735937061,0.1109941383045234,86.46341463414635,0.0,84.02439024390245,14.329268292682928,192.1,394.54499999999985,617.7030000000002,1.140625,100.21949221899897,1.1381269000121392,nan,1741.4578286295316,
10018,high,moderate,DT-OPT,1640,1604,487.87150943867226,1173.9852589972593,17.4390243902439,17.822222222222223,241.50588569212715,21.916278402690995,0.4162234806531407,0.9198246169842894,1.7073170731707317,0.0,1.8366624800730993,21.391649151193263,41.59830839658315,693500.0,2.0257017296600996,0.12380276222941015,82.5609756097561,0.0,82.5,15.792682926829269,180.3,332.38999999999993,576.1200000000015,1.0625,100.12885287505657,1.0611327000078745,nan,1867.8154013963492,
10018,high,moderate,SemiGreedy,1640,1637,372.38563368324355,663.2826612758206,4.939024390243903,18.18888888888889,388.2098485999373,29.099496690242688,0.3885598384132314,0.7614218280480972,0.0,0.0,1.7908211212706686,22.44685647993864,45.87495915550162,665760.0000000001,1.9417415697599305,0.08777496359098426,95.0609756097561,0.0,70.0,30.0,208.8,401.10999999999933,616.1980000000013,1.09375,97.66643521578202,1.1198831999790855,nan,1769.8274248930738,
10018,high,moderate,Fog-only,1640,1611,1084.1118587467488,1966.1427830567675,88.59756097560975,17.9,103.3177633415291,15.768409002358876,0.4648416343938939,0.9763864100812313,0.0,0.0,1.8778108861611167,20.064755468674807,37.97347376068172,709560.0,2.0694877256651885,0.23270845914522553,11.402439024390244,0.0,100.0,0.0,22.2,39.2,70.41300000000015,0.671875,101.98522639065396,0.6587964000063948,nan,3008.516743535273,
10018,high,moderate,DRL-OO,1640,1599,444.171028150796,976.218623554141,12.926829268292684,17.766666666666666,308.14323586433414,24.990810443669154,0.40677300064431327,0.8324331127552886,2.073170731707317,0.0,1.804600730891355,22.62085623607783,44.32993315401465,697880.0000000001,2.038586027290436,0.11726710942632569,87.07317073170732,0.0,70.67073170731707,27.25609756097561,271.3,507.38499999999993,795.0090000000006,1.296875,100.54413809230985,1.2898563999915496,nan,1536.6051600883518,504
10019,high,moderate,DT-KF-CostAware,1649,1616,434.7563381463317,865.2169415899675,15.281989084293512,17.955555555555556,234.15982225890664,21.002857895667074,0.4487956845106884,0.9771208335699278,1.5767131594906003,0.0,1.84445369205233,20.647983407840798,40.33456822126763,303680.00000000006,1.905038283001442,0.06765217900337057,84.71801091570649,0.0,87.56822316555488,10.855063674954518,188.6,332.99,548.3000000000003,1.078125,99.76652897124391,1.0806480000028387,nan,1835.010105043262,
10019,high,moderate,DT-OPT,1649,1621,479.4352535356891,1103.2310040499394,18.556701030927837,18.011111111111113,212.6529716654053,19.540209790001413,0.4013274293962499,0.939521396077543,1.212856276531231,0.0,1.8599860266548591,20.601246346765546,40.73831517035249,362080.0,2.269144844238197,0.12392143786915877,81.44329896907216,0.0,85.99151000606427,12.795633717404488,183.6,339.5599999999998,554.6280000000003,1.078125,100.35970781295948,1.0742607999709435,nan,1845.9204692693208,
10019,high,moderate,SemiGreedy,1649,1643,353.4112496716384,632.7491779610056,5.942995755003032,18.255555555555556,373.6517539793298,27.72454729758861,0.37115178665460796,0.7259360394895762,0.0,0.0,1.8310860947274405,21.604998227360834,42.97311344553,293460.0,1.8353160053802415,0.0489465570836033,94.05700424499697,0.06064281382656155,70.0424499696786,29.896907216494846,215.9,415.4999999999997,675.6600000000001,1.1875,100.99561691472142,1.1757936000358313,nan,1686.520491300148,
10019,high,moderate,Fog-only,1649,1602,794.5394933342178,2531.3377936393663,53.85081867798666,17.8,114.30563599826135,14.900221939796708,0.42824441446378053,0.9923977132816512,0.0,0.0,1.8634771386080908,20.233065404300383,39.504825652310615,408800.00000000006,2.556643762148827,0.1533665906310746,46.14918132201334,0.0,100.0,0.0,22.3,37.4,52.97200000000002,0.640625,100.15223921480315,0.639651200035587,nan,3100.1270690802676,
10019,high,moderate,DRL-OO,1649,1610,435.7473597256167,1024.5474393084814,14.008489993935719,17.88888888888889,292.66177814275443,23.38946053022142,0.393753973333547,0.8417553639395062,1.879927228623408,0.0,1.8196981972351338,21.59728866187589,41.95918918816434,331420.00000000006,2.0815442543581515,0.09167207932288585,85.99151000606427,0.0,72.10430563978169,26.015767131594906,267.9,462.2499999999998,721.5140000000005,1.25,99.0572444671524,1.2618966000154614,nan,1571.4441262269058,505
10020,high,moderate,DT-KF-CostAware,1534,1517,413.34540843076445,817.0914581941142,13.03780964797914,16.855555555555554,199.34674310345954,17.390707033455286,0.4380972980992688,0.8968779148890622,0.45632333767926986,0.0,1.8175762648185982,20.05434014262093,39.02706985651234,235059.99999999994,1.789157126296712,0.07301822079294307,86.96219035202085,0.0,89.96088657105607,9.582790091264668,195.3,396.26999999999987,626.7240000000003,1.0625,96.89258856670642,1.0965751000330783,nan,1713.5169309820365,
10020,high,moderate,DT-OPT,1534,1514,448.3729371564547,991.5320793806748,15.971316818774445,16.822222222222223,178.89129708268322,16.053656185699538,0.39784883944570076,0.8766083902589634,0.7170795306388527,0.0,1.7863397752547183,19.531751054891817,37.37513218666791,239440.0,1.8230672985475993,0.06613213869192484,84.02868318122556,0.0,88.46153846153847,10.821382007822686,192.0,371.15999999999997,615.8800000000006,1.03125,95.33815159875388,1.081676099973265,nan,1737.1189028272343,
10020,high,moderate,SemiGreedy,1534,1528,324.33276044100825,543.2099733935426,1.955671447196871,16.977777777777778,342.1401077436747,24.75589685757247,0.36591490086012207,0.6470189449357475,0.0,0.0,1.6852570638102162,19.506189877502997,37.122797089633345,229219.99999999994,1.74391874717218,0.052885688202913804,98.04432855280312,0.0,68.97001303780965,31.029986962190353,212.5,410.61,694.2980000000001,1.0625,99.41007023640559,1.0688051999895833,nan,1758.037853874881,
10020,high,moderate,Fog-only,1534,1524,546.729449220901,1187.4581447498804,40.9387222946545,16.933333333333334,107.85036946413894,12.442553536498835,0.4174029496179764,0.975046347295736,0.0,0.0,1.8687650098321587,20.16943655602025,38.65933417364083,264260.00000000006,2.010505052472387,0.10459007377427082,59.0612777053455,0.0,100.0,0.0,22.2,39.90999999999999,58.54000000000019,0.59375,96.97205473338387,0.6122898000176065,nan,3068.8082668467923,
10020,high,moderate,DRL-OO,1534,1516,396.3699110462116,874.0255110427876,11.277705345501955,16.844444444444445,252.8119867340443,19.930896559400885,0.38235565732672017,0.7233257087390473,0.7170795306388527,0.0,1.715447691791687,19.45641647616807,37.57428455666477,243820.00000000003,1.856758774807267,0.06870636327789326,88.72229465449804,0.0,75.55410691003911,23.728813559322035,272.5,525.8499999999999,793.4000000000007,1.25,99.12027976211382,1.261094100016635,nan,1489.976045384095,501
10021,high,moderate,DT-KF-CostAware,1628,1608,400.1462317353593,770.1644705899992,11.17936117936118,17.866666666666667,239.38238019559986,19.007367903996588,0.4353958899910865,0.9082223661346663,0.4914004914004914,0.0,1.7841642732647867,20.766471798973814,40.982637167326764,297840.0,1.8820239415890136,0.07336407185727976,88.82063882063882,0.0,88.32923832923834,11.17936117936118,196.8,437.6449999999996,663.5239999999994,1.203125,97.57316233138665,1.2330491000320762,nan,1612.2634532138945,
10021,high,moderate,DT-OPT,1628,1610,449.208795506418,1016.8159410150556,15.663390663390663,17.88888888888889,200.59880806679138,16.69154419615584,0.3981489986751217,0.9189076226055719,0.36855036855036855,0.0,1.7952559775370958,20.444847116478957,40.40425502859804,316820.00000000006,2.0011963467839182,0.09030665883916124,84.33660933660934,0.0,89.55773955773955,10.073710073710073,201.64999999999998,461.7249999999999,752.3899999999996,1.296875,99.15704564460421,1.3079000000143424,nan,1519.993883307745,
10021,high,moderate,SemiGreedy,1628,1618,320.3382789616775,532.4634173724303,1.4742014742014742,17.977777777777778,370.63417640792954,25.706336608484175,0.3665778049569466,0.6327512021047003,0.0,0.0,1.6808959648225656,21.381705877594925,42.46450761231201,287620.0,1.8163364439615812,0.06859218052548895,98.52579852579852,0.0,70.7002457002457,29.2997542997543,214.7,405.5549999999999,645.4159999999985,1.125,97.96062522842409,1.1484205999877304,nan,1731.0730929253964,
10021,high,moderate,Fog-only,1628,1613,505.12335984901733,1034.8226826306325,34.95085995085995,17.92222222222222,136.91050876004485,13.169281001114097,0.42343166257123954,0.9791304760155711,0.0,0.0,1.8550039814411474,20.366165119365427,39.51745193644562,395660.0,2.498615108190805,0.15083361759696562,65.04914004914005,0.0,100.0,0.0,22.5,37.02999999999997,61.555999999999855,0.65625,100.73372527017646,0.6514699999825098,nan,3051.560317517879,
10021,high,moderate,DRL-OO,1628,1608,392.89942647158466,915.1102727514524,9.45945945945946,17.866666666666667,281.8963982327484,21.119059645640263,0.3811907736999095,0.7621585017524457,0.6142506142506142,0.0,1.7033602702178785,21.02081353528014,41.308741580787114,335800.00000000006,2.122475294147392,0.09932958323096551,90.54054054054055,0.0,74.93857493857494,24.447174447174447,275.9,543.7299999999997,917.7569999999965,1.34375,97.8378971455704,1.37344530003611,nan,1447.4548057703735,502
10022,high,moderate,DT-KF-CostAware,1596,1571,422.16376691125953,819.7042794023675,13.659147869674186,17.455555555555556,253.17029137459753,21.125546064977485,0.45526234962207207,0.9362060554949234,1.0025062656641603,0.0,1.8443261923172791,20.280723878547494,40.18076778250097,242360.0,2.0240414636201596,0.0676470653011387,86.34085213032581,0.0,84.89974937343358,14.097744360902256,189.1,354.265,573.1840000000004,1.0625,99.58413664302958,1.0669370000250638,nan,1808.9165526686784,
10022,high,moderate,DT-OPT,1596,1566,463.49832374395834,1006.9798245220679,15.726817042606516,17.4,227.50060494590926,19.660296341864903,0.41283805092199255,0.9131477957103685,1.1904761904761905,0.0,1.824389425540033,20.515071684798052,41.26764890770711,245280.0,2.0467311922150784,0.07003884776322758,84.27318295739349,0.0,83.52130325814537,15.288220551378446,184.0,321.165,543.8290000000004,1.046875,100.36261402359136,1.0430925999535248,nan,1850.267176745374,
10022,high,moderate,SemiGreedy,1596,1588,341.27457711951433,584.6142431683319,4.072681704260652,17.644444444444446,383.124010573817,27.439103792211647,0.37871239103521026,0.6506087856475459,0.0,0.0,1.7256025837058515,19.739746311621882,37.9808523003215,210240.0,1.7527343957118033,0.044733200904056365,95.92731829573935,0.0,67.98245614035088,32.01754385964912,216.2,427.765,716.7720000000008,1.140625,99.03719135481803,1.1517138000344858,nan,1675.7635446776883,
10022,high,moderate,Fog-only,1596,1566,798.3325125039948,1610.7430920890201,69.04761904761905,17.4,105.51440046258512,13.86394031755956,0.4528751237939131,0.9944477966365618,0.0,0.0,1.934859848810771,21.14715615719628,41.72193120613639,322660.0,2.6899604267521426,0.11794448188079805,30.952380952380953,0.0,100.0,0.0,22.4,38.2,59.155000000000015,0.609375,96.30475780119097,0.6327568999840878,nan,3050.144534257208,
10022,high,moderate,DRL-OO,1596,1563,422.2067720310295,940.5845498682771,12.907268170426065,17.366666666666667,314.30455276491296,23.79616479425751,0.40084654239668926,0.7483155435143325,1.5037593984962405,0.0,1.719647277168915,20.172576070097847,39.019045188249805,258420.00000000003,2.158594643123546,0.07892555288044893,87.09273182957394,0.0,66.16541353383458,32.330827067669176,270.6,484.5999999999999,718.9090000000007,1.203125,98.08807638790525,1.2265761999879032,nan,1573.4856097966308,503
10023,high,moderate,DT-KF-CostAware,1648,1638,408.530367009927,812.5515883847123,12.075242718446601,18.2,211.1101405919844,18.679371724415358,0.4230395012101374,0.9098534222211166,0.24271844660194175,0.0,1.8630523146610087,19.288512070913132,38.62493941566553,448220.0,2.0120526541727153,0.10110194336142725,87.9247572815534,0.0,93.14320388349515,6.614077669902913,194.8,361.5399999999999,553.1519999999982,1.125,99.68741571149482,1.1285275999689475,nan,1783.7401584643474,
10023,high,moderate,DT-OPT,1648,1634,465.7854135828945,1102.2836536012105,18.50728155339806,18.155555555555555,181.39836499850472,16.912625939460458,0.38575087379301815,0.9103722801010437,0.4854368932038835,0.0,1.8561650381004793,19.91805691526691,40.683693551960964,455520.0,2.0450191536479565,0.10626646804751948,81.49271844660194,0.0,93.26456310679612,6.25,192.9,344.5599999999999,573.1679999999996,1.140625,99.46481498461164,1.1467622999916784,nan,1755.37685535582,
10023,high,moderate,SemiGreedy,1648,1643,323.2340433628587,545.8719220301336,1.1529126213592233,18.255555555555556,352.4055115059103,26.143424387455436,0.3503684135062832,0.7108092723341561,0.0,0.0,1.7624511271002834,21.32102468185587,44.030661848647746,433620.0,1.945869711812307,0.07812689865767523,98.84708737864078,0.0,74.08980582524272,25.910194174757283,212.5,380.1399999999997,639.6959999999996,1.140625,100.41030345797479,1.135964100016281,nan,1772.0630431640832,
10023,high,moderate,Fog-only,1648,1642,502.7954563399352,1012.5734735616936,32.76699029126213,18.244444444444444,131.29800573736065,14.29541768810166,0.40677035698482833,0.9819143543067582,0.0,0.0,1.9098811632812611,19.817518863216062,39.339844166481726,446760.0,2.004835460655104,0.1691882521805883,67.23300970873787,0.0,100.0,0.0,22.1,37.93999999999998,57.10399999999991,0.640625,98.38772373701998,0.6511228999588639,nan,3091.582249875063,
10023,high,moderate,DRL-OO,1648,1634,417.8612337479452,966.8750842343369,13.895631067961165,18.155555555555555,248.0890199180159,20.498873887243953,0.37306260381139855,0.8049058796847537,0.4854368932038835,0.0,1.807860597507403,20.81019226853073,41.004262529221876,483260.0,2.169426431232917,0.11895169051187644,86.10436893203884,0.0,82.0995145631068,17.41504854368932,273.7,513.6399999999996,823.0439999999986,1.34375,99.49206662110576,1.3506102000246756,nan,1490.437433363988,504
10024,high,moderate,DT-KF-CostAware,1632,1610,430.9227412854396,866.3469711246648,13.72549019607843,17.88888888888889,239.9241433279608,21.12994928684186,0.45092670725125433,0.9146106784901175,1.1029411764705883,0.0,1.8495786478068779,22.10245168767869,42.924991087790076,367919.99999999977,1.7819735589647396,0.07603703493553392,86.27450980392157,0.0,85.90686274509804,12.990196078431373,189.4,347.45999999999987,586.6119999999999,1.078125,98.7582000825408,1.091681499965489,nan,1807.3036870757378,
10024,high,moderate,DT-OPT,1632,1610,469.08046238302336,1032.3115847606746,17.46323529411765,17.88888888888889,220.4188211073729,19.977680176387754,0.4074844089640021,0.8929880996653031,0.9803921568627451,0.0,1.8314055986576796,21.931452149493204,43.062578488898204,382519.99999999977,1.8506598938797585,0.08662661605607937,82.53676470588235,0.0,85.17156862745098,13.848039215686274,184.9,328.8399999999999,514.8519999999999,1.078125,100.49017300453185,1.0728661000030115,nan,1838.999293569311,
10024,high,moderate,SemiGreedy,1632,1629,351.93358679127647,620.4122066329312,3.982843137254902,18.1,366.45541067348586,27.322671365078083,0.3772336851053744,0.7294482936366042,0.0,0.0,1.7824951512542506,22.877958918908206,45.60395247568709,360619.99999999977,1.742694463115326,0.0617654498834227,96.0171568627451,0.0,68.81127450980392,31.188725490196077,215.5,455.29999999999995,720.4799999999998,1.140625,97.4160710115144,1.1708796999882907,nan,1685.0578244884857,
10024,high,moderate,Fog-only,1632,1626,840.7639959073431,1770.183349705861,71.0171568627451,18.066666666666666,105.87741104094341,14.511276564221557,0.4542617326854155,0.9955311957779063,0.0,0.0,1.9121007499040394,21.196990592864154,42.388394799724,378140.0,1.8273597811614157,0.14486832656314322,28.982843137254903,0.0,100.0,0.0,22.9,39.8,68.79999999999993,0.65625,98.9577356583999,0.6631619000108913,nan,2975.14076120416,
10024,high,moderate,DRL-OO,1632,1610,424.21774864417966,971.722254338188,12.683823529411764,17.88888888888889,290.0955290058926,23.346156520062753,0.393799668075214,0.7942994941344986,1.1029411764705883,0.0,1.8015007712566589,22.028947538894677,44.121145776344214,383979.9999999997,1.8592372711269851,0.08993481706325177,87.31617647058823,0.0,72.7328431372549,26.16421568627451,271.1,459.93999999999977,737.7879999999994,1.265625,99.98803896259383,1.265776399988681,nan,1558.7271180104503,505
10025,high,moderate,DT-KF-CostAware,1640,1629,390.4274822956453,799.6360762193211,9.085365853658537,18.1,209.42411121537816,18.745408287920878,0.41563679749600557,0.9504405068303307,0.36585365853658536,0.0,1.8589732919702857,20.74530973573346,40.56576985746083,478879.99999999977,2.305215699747387,0.10459575078571907,90.91463414634147,0.0,92.86585365853658,6.7682926829268295,195.2,378.7099999999997,610.7300000000001,1.125,99.44730283047184,1.1312523999949917,nan,1749.3885537911447,
10025,high,moderate,DT-OPT,1640,1630,437.5216016530427,989.6679404119226,13.78048780487805,18.11111111111111,174.0369481434089,16.731626617690704,0.3796170419358279,0.9437932760490532,0.3048780487804878,0.0,1.8644623420620774,21.010596834974013,40.89422486968999,467199.99999999977,2.2491854886711713,0.11260697582767985,86.21951219512195,0.0,93.84146341463415,5.853658536585366,196.3,405.7799999999999,691.138,1.171875,98.43758189908742,1.1904752000118606,nan,1662.3613830681088,
10025,high,moderate,SemiGreedy,1640,1637,315.4877785414899,535.68775467715,0.4878048780487805,18.18888888888889,350.44678254868614,26.13712239848672,0.34858791170606995,0.7043890035235757,0.0,0.0,1.790553413384279,21.24053115766799,42.18223415115856,437999.9999999998,2.1081263795773952,0.07315855376050884,99.51219512195122,0.0,73.96341463414635,26.036585365853657,213.3,406.91999999999996,726.0760000000005,1.125,98.88887580343413,1.1376405999762937,nan,1739.5652019110769,
10025,high,moderate,Fog-only,1640,1636,441.84974536721546,892.7465152134662,16.829268292682926,18.177777777777777,133.4822900409841,14.581477889720992,0.3897888674471466,0.9703074245939676,0.0,0.0,1.8815887399640105,20.945545208163832,40.62382636161196,489100.0000000001,2.354074457194759,0.18872466836607735,83.17073170731707,0.0,100.0,0.0,22.7,39.209999999999994,57.71800000000005,0.640625,96.54725175074893,0.6635352000012062,nan,2982.509443351916,
10025,high,moderate,DRL-OO,1640,1633,403.8662102674137,906.6110333583645,11.829268292682928,18.144444444444446,235.8328982442044,20.10618200956663,0.368927793826285,0.8319582958809514,0.18292682926829268,0.0,1.8301235932873245,20.809853777798487,41.206800560923526,462819.99999999965,2.2282772338549064,0.10596160753323317,88.17073170731707,0.0,83.53658536585365,16.28048780487805,269.9,531.1699999999998,899.2780000000007,1.3125,98.68234075747756,1.3300251999753527,nan,1487.941732259414,501
10026,high,moderate,DT-KF-CostAware,1632,1621,419.2383710791673,850.026317301651,11.151960784313726,18.011111111111113,226.80565857415021,18.85230276499899,0.4246798905430876,0.9678668624957584,0.30637254901960786,0.0,1.8302585508842844,20.194744957984067,40.287505799727086,350400.00000000006,2.2438820594072904,0.0713054889008138,88.84803921568627,0.0,92.46323529411765,7.230392156862745,199.5,383.7499999999996,566.1240000000005,1.15625,97.66860705593152,1.183850200031884,nan,1738.3956179122772,
10026,high,moderate,DT-OPT,1632,1616,463.96758521133137,1081.9807450937478,16.482843137254903,17.955555555555556,198.4022991211456,17.008713970047648,0.38451024317367777,0.9469349999157156,0.49019607843137253,0.0,1.8459666010378417,20.21081995346471,39.65825793511645,348940.00000000006,2.2361759097706164,0.08634943188961189,83.5171568627451,0.0,92.3406862745098,7.169117647058823,189.9,350.9049999999999,569.7070000000003,1.140625,100.37859837602315,1.1363228999543935,nan,1811.104924562022,
10026,high,moderate,SemiGreedy,1632,1628,332.29866109923887,577.830062479924,0.6740196078431373,18.08888888888889,373.74223808379526,26.687698203505256,0.35533399162088397,0.6923371042920956,0.0,0.0,1.8287699227650493,21.494513665576836,42.30420200467308,335800.00000000006,2.1497892207852742,0.055497152892280445,99.32598039215686,0.0,71.93627450980392,28.063725490196077,217.4,408.215,652.2790000000003,1.203125,98.52455360876479,1.2211422999971546,nan,1685.3072733659258,
10026,high,moderate,Fog-only,1632,1623,529.872347817654,1080.7543420221384,36.15196078431372,18.033333333333335,140.7203002280093,14.052245339172332,0.40702829471663526,0.9929288383075351,0.0,0.0,1.8270013037802286,19.716783272243276,40.31309878399694,313900.0,2.0095855759514514,0.11628571105784993,63.84803921568628,0.0,100.0,0.0,21.9,36.6,54.1,0.625,95.45622270861364,0.6547503999900073,nan,3143.1825013492303,
10026,high,moderate,DRL-OO,1632,1620,415.64559014691105,949.7146825857352,11.090686274509803,18.0,271.67828599310485,21.18150411328791,0.3705099095662855,0.8581463522464094,0.18382352941176472,0.0,1.8196736584419997,21.213220715981105,41.41968880287274,348940.00000000006,2.2342991882464625,0.08439133046812833,88.9093137254902,0.0,80.20833333333333,19.607843137254903,269.2,477.1849999999997,686.5790000000003,1.328125,100.73356409457168,1.3184532999875955,nan,1560.9199051793207,502
10027,high,moderate,DT-KF-CostAware,1610,1602,387.24308920503717,762.6889503580408,10.0,17.8,187.0032854211233,16.769111283873677,0.4187734760005387,0.9005532630195332,0.18633540372670807,0.0,1.8127375244117023,19.902304189950566,39.95067585167593,200020.0,2.2039821755338145,0.05787358200764086,90.0,0.0,94.09937888198758,5.714285714285714,197.4,370.03999999999985,583.6560000000007,1.109375,97.63924048862454,1.136197899992112,nan,1747.054804461248,
10027,high,moderate,DT-OPT,1610,1600,431.4604786269036,930.3770495713088,14.472049689440993,17.77777777777778,163.2314300634438,15.24260569201009,0.38453837522707723,0.8972251018492473,0.2484472049689441,0.0,1.8109723334580066,19.56435150815616,39.534799952129745,246740.00000000003,2.7195073011948576,0.08606954589183004,85.527950310559,0.0,93.9751552795031,5.77639751552795,194.8,399.11999999999995,682.1120000000001,1.15625,97.63687930555298,1.184234899992589,nan,1676.1877225645203,
10027,high,moderate,SemiGreedy,1610,1605,309.6626091460637,517.6875175377212,0.7453416149068323,17.833333333333332,332.702728438887,23.997556937368127,0.3539145670426964,0.694012499139596,0.0,0.0,1.7167564151542036,21.018065410609374,41.703792477644406,205860.0,2.268144078382194,0.06072854941932558,99.25465838509317,0.0,72.98136645962732,27.018633540372672,214.3,400.91999999999985,620.1600000000011,1.09375,96.15976367755377,1.137430000002496,nan,1745.162339656633,
10027,high,moderate,Fog-only,1610,1604,455.74105854625407,992.8966338172296,20.62111801242236,17.822222222222223,124.07405762875473,13.2498984923631,0.3950075068607154,0.9461108496116734,0.0,0.0,1.840156894790297,19.48903704432372,38.83182146408983,217540.00000000026,2.396833104106009,0.07935241781568408,79.37888198757764,0.0,100.0,0.0,25.5,50.68,84.18000000000004,0.796875,95.17835842167972,0.8372438999940641,nan,2370.8742458608217,
10027,high,moderate,DRL-OO,1610,1596,388.7384125230742,849.8084447561779,10.621118012422361,17.733333333333334,220.31039932026573,18.31786718709395,0.37231070003909417,0.808027598448303,0.43478260869565216,0.0,1.765955371788189,20.272500245576623,40.526150959739304,243819.99999999997,2.6878991073224907,0.08193709935434433,89.37888198757764,0.0,83.91304347826087,15.652173913043478,303.6,695.6399999999999,1021.4320000000005,1.578125,98.443462651639,1.6030775000108406,nan,1238.2433163627938,503
10028,high,moderate,DT-KF-CostAware,1644,1630,412.49546423309084,819.5556984429664,13.017031630170317,18.11111111111111,235.13079377678633,19.26634235912907,0.4279400304150179,0.9372358173917057,0.24330900243309003,0.0,1.7433764326327643,20.95968565245609,41.60881883646303,303680.00000000047,1.962579157833297,0.06929933105145608,86.98296836982968,0.0,92.21411192214111,7.542579075425791,193.5,346.8299999999999,598.6500000000001,1.109375,97.6029721799397,1.1366201000055298,nan,1784.2373190392582,
10028,high,moderate,DT-OPT,1644,1626,469.2988007815652,1127.2499932229146,17.63990267639903,18.066666666666666,197.1779422227954,16.911655132897383,0.3889725913571515,0.929500552616262,0.48661800486618007,0.0,1.7514836806099923,20.475805807552977,39.75212116126787,305140.00000000047,1.973508012355868,0.08139748990954593,82.36009732360097,0.0,92.2749391727494,7.238442822384428,190.3,354.2899999999999,563.4910000000001,1.125,99.13388705670484,1.134828899987042,nan,1787.0535373421992,
10028,high,moderate,SemiGreedy,1644,1635,327.66373431456736,575.0740218731378,2.1289537712895377,18.166666666666668,374.68594523641485,26.02724090274166,0.35743889067018575,0.6837529259329244,0.0,0.0,1.666186631311168,22.240131292990156,44.41872049592624,315360.00000000047,2.036947051971929,0.06579500288464382,97.87104622871047,0.0,72.81021897810218,27.18978102189781,221.2,479.50499999999977,724.9100000000001,1.296875,99.10093719347131,1.3086405000067316,nan,1549.699860266871,
10028,high,moderate,Fog-only,1644,1627,519.8083520371403,1184.750128968741,31.447688564476884,18.07777777777778,141.02843201828435,14.147198623470075,0.4074379478287441,0.9879381872684224,0.0,0.0,1.7854309414603406,19.83557954359963,39.203352813644564,322660.00000000006,2.0840986041009066,0.11717189166245331,68.55231143552311,0.0,100.0,0.0,23.3,45.36499999999999,86.81400000000004,0.75,100.2251591641046,0.7483150999760255,nan,2710.088303797388,
10028,high,moderate,DRL-OO,1644,1627,413.4403604996646,961.2392250729995,12.347931873479318,18.07777777777778,265.27766898077044,20.27729517925062,0.37484477610816264,0.8072536747691562,0.36496350364963503,0.0,1.704092992219028,21.70763457774434,43.212812815161314,335800.00000000047,2.1708792261274588,0.0900527098356545,87.65206812652067,0.0,81.2043795620438,18.43065693430657,267.15,470.2,746.4100000000001,1.296875,100.67637444933062,1.2881622000131756,nan,1574.3359027141591,504
10029,high,moderate,DT-KF-CostAware,1647,1617,412.0903243542402,795.2673063883183,13.539769277474196,17.966666666666665,242.9631921825336,20.938111002742698,0.44999910572958784,0.8563452099551215,1.2750455373406193,0.0,1.7670115403963362,19.26823529144284,37.56764568888976,242360.00000000006,1.875100192059281,0.06800757506141947,86.46023072252581,0.0,83.18154219793564,15.54341226472374,186.3,343.90999999999997,483.2,1.09375,100.1481322533083,1.092132199963089,nan,1840.4365332950829,
10029,high,moderate,DT-OPT,1647,1615,450.9478102569514,1008.023488273042,17.122040072859743,17.944444444444443,226.79067331697635,19.996180013107278,0.4107846686913354,0.8460871531966224,1.3357619914996963,0.0,1.7708022618051662,19.72208902923269,39.444009533286746,219000.00000000003,1.6954103229741184,0.05979222530571573,82.87795992714025,0.0,81.78506375227687,16.879174256223436,188.5,394.9,643.8230000000004,1.1875,100.21509746278073,1.184951200033538,nan,1696.2723865279097,
10029,high,moderate,SemiGreedy,1647,1638,330.6039158628496,537.8325890413178,3.764420157862781,18.2,359.9369366186591,26.62737019438559,0.3703247602166399,0.6426989611590502,0.0,0.0,1.659907708547832,19.561259230574713,39.87537123693819,229220.00000000003,1.7722607102047567,0.04773194911480699,96.23557984213721,0.0,68.36672738312083,31.633272616879175,210.1,388.74,597.8330000000005,1.140625,100.16269275439456,1.138772299978882,nan,1765.0587391678516,
10029,high,moderate,Fog-only,1647,1634,647.22471550531,1229.5609040155223,63.20582877959927,18.155555555555555,108.21066580934242,14.905588993744159,0.45019383928114415,0.9978308966424493,0.0,0.0,1.8912056796272418,19.44140934799935,38.44204310015043,278860.0,2.156062392669481,0.10398186897437617,36.79417122040073,0.0,100.0,0.0,22.3,37.754999999999995,61.53200000000042,0.65625,100.71239150141355,0.651607999985572,nan,3084.6766768432954,
10029,high,moderate,DRL-OO,1647,1607,397.67001439467793,843.5691956573206,12.81117182756527,17.855555555555554,301.2932908524008,23.380255079792935,0.39514125858468097,0.6612116839150181,1.9429265330904675,0.0,1.6573610959005596,19.245290537603505,37.632288910192024,237980.0,1.8454970469177958,0.07745972958491258,87.18882817243473,0.0,67.0916818457802,30.965391621129324,275.25,560.2,864.4230000000005,1.359375,97.51583980022335,1.3940043000038713,nan,1441.8893829770955,505
10000,low,impaired,DT-KF-CostAware,453,452,272.93832222696886,567.7944223995211,0.6622516556291391,5.022222222222222,99.70418924919262,3.9237899766592648,0.3089705645139221,0.5827539368265955,0.0,0.0,3.692796886116395,39.76217765131825,79.57189902897409,217540.00000000003,4.639349936521905,0.03585897667382506,99.33774834437087,0.0,99.55849889624724,0.44150110375275936,214.6,489.91999999999985,886.6160000000011,0.328125,93.16270233636415,0.3522063999553211,nan,1575.7805652322165,
10000,low,impaired,DT-OPT,453,452,285.9777772920226,524.8985332818903,0.8830022075055187,5.022222222222222,81.18700832757052,3.319816790818551,0.28105296537757063,0.35570226753579587,0.0,0.0,3.9066424504178068,40.66931893094699,80.20024365693516,208780.00000000003,4.452530475990821,0.04072990207997052,99.11699779249449,0.0,100.0,0.0,199.7,343.7099999999994,587.4480000000003,0.3125,101.98576898692139,0.3064153000013903,nan,1811.2672572077238,
10000,low,impaired,SemiGreedy,453,452,218.2031986092112,361.3126095812561,0.0,5.022222222222222,244.59304787390164,8.728320755464717,0.30141927311797867,0.20640561961374107,0.0,0.0,3.293485763633562,44.70820584814408,85.99786381114113,176660.0,3.7675257873768477,0.01996874929039189,100.0,0.0,58.05739514348786,41.94260485651214,207.5,414.09999999999974,623.2320000000009,0.3125,100.35914119507142,0.3113817000412382,nan,1782.3783476244682,
10000,low,impaired,Fog-only,453,452,260.7777947465977,492.074262987559,0.0,5.022222222222222,112.10913663766694,4.03171352077665,0.27487037570083,0.33322025052192067,0.0,0.0,3.504251924609536,39.23921906028354,78.68821430833712,229220.00000000003,4.888442550563349,0.04796363142259362,100.0,0.0,100.0,0.0,21.4,36.41999999999998,63.10600000000022,0.171875,98.32446532875996,0.17480389995034784,nan,3174.9863713432305,
10000,low,impaired,DRL-OO,453,452,277.5750476504702,591.3341869628538,0.22075055187637968,5.022222222222222,85.76678563974279,3.451766949269934,0.27224403940402686,0.37332982486916355,0.0,0.0,3.6728030422646327,38.000261763115255,74.05713046518562,256959.9999999998,5.480037508911775,0.05396595454620628,99.77924944812362,0.0,100.0,0.0,270.4,469.1199999999989,829.0080000000006,0.328125,92.80802505744903,0.3535524000180885,nan,1569.7814524002806,501
10001,low,impaired,DT-KF-CostAware,441,440,252.66885614012824,491.0177805571436,0.22675736961451248,4.888888888888889,92.88206693267969,3.8970900794906864,0.30424521254450587,0.6223712765132922,0.0,0.0,3.905917676838344,38.01146849938841,72.5619923597553,134320.0,5.45416523700565,0.027585204794902736,99.77324263038548,0.0,99.77324263038548,0.22675736961451248,209.9,373.2399999999999,582.8839999999992,0.296875,98.08122563095492,0.3026827999856323,nan,1760.9193519595444,
10001,low,impaired,DT-OPT,441,440,254.79028917499025,494.14374086373414,0.6802721088435374,4.888888888888889,91.05673055887364,3.7345382857616465,0.2756221942717889,0.38989495392150547,0.0,0.0,3.8778244440432417,38.34683190029926,73.68786429829716,162060.0,6.5805689272568175,0.03453957105690733,99.31972789115646,0.0,100.0,0.0,203.9,396.2199999999997,610.0439999999995,0.28125,94.95404898953664,0.2961959000094794,nan,1799.4847328505966,
10001,low,impaired,SemiGreedy,441,441,206.82881752824565,316.425730909554,0.0,4.9,213.6934808918068,7.878114873509315,0.29451412471853977,0.2738178819841296,0.0,0.0,3.5275596316749973,40.27382053703063,76.48664221533049,99280.0,4.031339523004176,0.011650676931020829,100.0,0.0,58.73015873015873,41.26984126984127,210.4,376.89999999999986,692.123999999998,0.296875,100.35748390860044,0.29581750003853813,nan,1801.7865742579886,
10001,low,impaired,Fog-only,441,440,243.78437022841754,467.96516400623034,0.0,4.888888888888889,94.83622483326985,3.7905957043314684,0.26779977099397456,0.3601726447388004,0.0,0.0,3.8855915017561937,38.667157318631986,72.49758612282663,134320.0,5.45416523700565,0.02827409028914193,100.0,0.0,100.0,0.0,21.6,38.35999999999999,53.50799999999947,0.171875,100.67141611066376,0.1707287000026554,nan,3121.9121330608746,
10001,low,impaired,DRL-OO,441,440,265.9241574399904,504.8269557085874,1.5873015873015872,4.888888888888889,78.79732961000695,4.058282960794634,0.2750188339874539,0.35649048376642506,0.0,0.0,4.081021021797157,37.15415383162985,72.21222268697186,128479.99999999993,5.217027618005401,0.027154323577133568,98.41269841269842,0.0,100.0,0.0,267.0,489.52,824.2959999999977,0.328125,98.12218435271663,0.3344045000267215,nan,1593.8780726856521,502
10002,low,impaired,DT-KF-CostAware,467,465,266.26096991298635,566.0706503980242,1.7130620985010707,5.166666666666667,105.92978972504814,4.207945422201613,0.3217796319720053,0.85912890915559,0.0,0.0,3.813297296911772,38.815239285745164,73.90979232310174,483260.0,3.9785019622067836,0.05352953064616487,98.28693790149893,0.0,99.14346895074947,0.8565310492505354,214.5,447.2799999999999,692.3439999999978,0.359375,102.67484579398969,0.35001270001521334,nan,1628.5123367672797,
10002,low,impaired,DT-OPT,467,464,273.0987257934232,537.4605855620323,2.569593147751606,5.155555555555556,93.52439273123908,3.653937158610157,0.2891393346959276,0.3833845844349925,0.0,0.0,3.769632213427432,38.469734124859926,73.76411177353363,456980.0,3.762148381180433,0.04896955794211724,97.4304068522484,0.0,99.57173447537473,0.4282655246252677,207.8,443.28499999999985,712.4059999999998,0.34375,99.07504974956298,0.34695919998921454,nan,1642.8444613018441,
10002,low,impaired,SemiGreedy,467,465,220.8924149595356,351.51967024068466,0.21413276231263384,5.166666666666667,232.16019564917238,8.482576437078952,0.31112910317786396,0.25478012055543353,0.0,0.0,3.7594068513831234,47.3395087769722,95.72732804572873,445300.0,3.66599123405761,0.03926852103585395,99.78586723768737,0.0,62.312633832976445,37.687366167023555,203.8,397.3849999999996,570.2299999999998,0.3125,96.59240540954053,0.323524399951566,nan,1761.8454746700193,
10002,low,impaired,Fog-only,467,464,258.8780690628032,520.377405877276,0.21413276231263384,5.155555555555556,107.5124625262442,4.032001278495115,0.2891719139595682,0.37145617667356795,0.0,0.0,3.947553828627087,42.80827659680151,80.1814055436332,524140.0,4.315051977136663,0.10053079667344655,99.78586723768737,0.0,100.0,0.0,22.6,41.8,70.84399999999987,0.1875,97.46391105598772,0.19237890001386404,nan,2962.9028961020267,
10002,low,impaired,DRL-OO,467,464,275.20484351535,648.0079033163166,1.4989293361884368,5.155555555555556,92.49083026260705,3.6814887855943694,0.28924512158566684,0.39125557250117315,0.0,0.0,3.785472471180901,41.16479210523915,78.83829033848052,468660.0,3.8583055283032555,0.054377453013391364,98.50107066381156,0.0,99.57173447537473,0.4282655246252677,266.1,503.48999999999995,743.9069999999979,0.375,102.38600342705894,0.36626099998829886,nan,1556.2672520912959,503
10003,low,impaired,DT-KF-CostAware,439,438,259.339306535962,506.2053474209451,0.0,4.866666666666666,93.70761393415309,3.7997616789889173,0.31981329124092384,0.8749450207088664,0.0,0.0,3.8321777985101773,38.577162557887874,73.43662512317742,195639.99999999997,4.5608003360687865,0.038317225354382235,100.0,0.0,99.77220956719817,0.22779043280182232,204.25,366.8399999999999,537.7879999999994,0.3125,100.9427568930898,0.3095814000116661,nan,1770.1321848772227,
10003,low,impaired,DT-OPT,439,438,266.458721743094,542.5217558184011,1.1389521640091116,4.866666666666666,77.64671235003428,3.4652652846684426,0.2893260731437904,0.34772489994779887,0.0,0.0,4.11290809916306,38.843334758957624,76.59235895192688,226300.00000000006,5.275552627542257,0.045318614552304216,98.86104783599089,0.0,100.0,0.0,204.9,395.07999999999987,670.0899999999999,0.3125,100.51570183428437,0.31089670001529157,nan,1762.6433473660106,
10003,low,impaired,SemiGreedy,439,438,219.237862232846,372.5881614464561,0.0,4.866666666666666,215.68790871502043,7.785574183839185,0.3116091103771809,0.3110467289719626,0.0,0.0,3.573721582607523,44.53859343731813,91.40380090642293,191260.0,4.458692865858293,0.024384576496614473,100.0,0.0,58.99772209567198,41.00227790432802,210.5,392.8899999999999,580.6669999999999,0.296875,96.70995580394772,0.3069746000110172,nan,1785.163984187397,
10003,low,impaired,Fog-only,439,438,251.78553179880709,490.6527885539751,0.0,4.866666666666666,101.49197922614778,3.5531930145084516,0.2928883799405235,0.39672600337491315,0.0,0.0,3.812602333883751,37.93497716249085,77.58081235134955,227759.99999999997,5.3095884509457525,0.04450788641576489,100.0,0.0,100.0,0.0,22.2,36.15999999999999,48.64199999999996,0.171875,97.85022695642891,0.17565109999850392,nan,3119.8210543780683,
10003,low,impaired,DRL-OO,439,438,269.62410791371747,543.5908361752992,1.366742596810934,4.866666666666666,76.1267097924912,3.539010003361651,0.29094144140062833,0.3556249258512279,0.0,0.0,4.126390727943472,40.09653394818817,77.07602369618866,249660.0,5.82012580199823,0.04704525012053322,98.63325740318906,0.0,100.0,0.0,261.2,506.3649999999999,758.306,0.34375,99.74262774978835,0.34463700000196695,nan,1590.078836563899,504
10004,low,impaired,DT-KF-CostAware,460,454,237.74365206919768,468.55097235336575,0.21739130434782608,5.044444444444444,111.59459376454102,3.603396286071941,0.2969507412552993,0.7484790347524146,0.0,0.0,3.997003910281143,33.64129497981247,64.39213286640567,151840.0,5.952411287157979,0.035694277530837044,99.78260869565217,0.0,99.78260869565217,0.21739130434782608,203.75,406.7299999999999,603.9540000000002,0.296875,97.14969742725454,0.30558509996626526,nan,1767.1018647820615,
10004,low,impaired,DT-OPT,460,453,241.56201729972818,512.2416891329563,1.3043478260869565,5.033333333333333,98.08618321452622,3.4517542554969936,0.266138551360481,0.32764660424836184,0.0,0.0,4.107815426696051,33.38791205098754,64.12655368658935,160599.99999999997,6.29581963064786,0.03721216301569157,98.69565217391305,0.0,100.0,0.0,209.9,489.9299999999998,809.4680000000002,0.328125,96.3384772672875,0.3405959999654442,nan,1585.45608302736,
10004,low,impaired,SemiGreedy,460,456,200.7053888956067,349.4209590722312,0.0,5.066666666666666,217.6896791679473,7.861696894626859,0.2838190771884585,0.21221922959650372,0.0,0.0,3.657617761621426,37.08182904121362,73.25464196982972,103660.0,4.06366539796362,0.013782420666693478,100.0,0.0,63.69565217391305,36.30434782608695,212.1,434.2049999999999,682.0050000000006,0.3125,98.68613230417645,0.31666050001513213,nan,1705.2963662161692,
10004,low,impaired,Fog-only,460,453,231.63785651781015,451.68840474503287,0.0,5.033333333333333,104.44254749548826,3.701761502709921,0.2629845429814754,0.3243488019219827,0.0,0.0,4.101327393146499,34.17787738007524,68.60374003621831,164979.99999999997,6.467523802392802,0.03781875236308487,100.0,0.0,100.0,0.0,21.8,41.205,69.12000000000003,0.1875,101.79335460807734,0.18419669999275357,nan,2931.6486127126273,
10004,low,impaired,DRL-OO,460,453,246.73024918740558,512.2839930373826,0.8695652173913043,5.033333333333333,92.61746845734007,3.5763752064191454,0.2668303406131655,0.34179169609188664,0.0,0.0,4.08907862873752,34.06170652219692,64.60082814318945,164980.0,6.467523802392804,0.038916406754278925,99.1304347826087,0.0,100.0,0.0,265.25,484.9749999999999,686.3540000000005,0.34375,100.11868615680298,0.3433424999821,nan,1572.7735425359595,505
10005,low,impaired,DT-KF-CostAware,427,425,268.63849874996066,623.144597998562,0.0,4.722222222222222,115.8128702081162,3.9645486414308926,0.31722530484041056,0.6737393439166189,0.0,0.0,4.2422114661005725,40.47403090884237,77.10782521666552,337259.99999999994,4.052488899393471,0.04342809012736855,100.0,0.0,99.53161592505855,0.468384074941452,206.1,381.80999999999995,596.6119999999997,0.296875,100.6274065866589,0.2950239999918267,nan,1803.2431260329276,
10005,low,impaired,DT-OPT,427,425,280.3954961734625,687.4092970134914,1.639344262295082,4.722222222222222,108.10822105072305,3.715377493772374,0.2875296082738492,0.3763145555629982,0.0,0.0,4.311979939369522,40.95743258203372,84.53762502818685,360620.0,4.333180771212934,0.05109379249400957,98.36065573770492,0.0,99.76580796252928,0.234192037470726,202.3,367.68,644.229999999996,0.296875,101.47262197253241,0.29256659996462986,nan,1818.3893857477808,
10005,low,impaired,SemiGreedy,427,425,222.73158573104956,426.082068636468,0.0,4.722222222222222,235.99477159167907,8.24844933564588,0.30378413694392664,0.2318029311845467,0.0,0.0,4.072901996152132,43.08535833930743,88.88527949839667,335800.0,4.034945657404756,0.028378351041472596,100.0,0.0,60.421545667447305,39.578454332552695,212.3,422.505,584.8829999999982,0.296875,97.97311569246656,0.303016799967736,nan,1755.6782332090008,
10005,low,impaired,Fog-only,427,425,264.14586716296446,635.6928804078414,0.0,4.722222222222222,119.75007481120292,3.6519115076854165,0.2827468755644962,0.3529431304809992,0.0,0.0,4.443126746250431,41.00090949859825,84.13164681938174,439460.0,5.280515838603615,0.07198379264507045,100.0,0.0,100.0,0.0,21.9,38.1,70.46599999999992,0.171875,101.86966016564932,0.16872050001984462,nan,3153.1438084727524,
10005,low,impaired,DRL-OO,427,425,296.49307520582556,770.6614018000647,0.702576112412178,4.722222222222222,87.81892118107476,3.870012647941117,0.29318048817917036,0.38073767727357044,0.0,0.0,4.402492603755205,41.476456782977266,87.39747042337562,423400.0,5.087540176727736,0.06826494358197348,99.29742388758783,0.0,100.0,0.0,267.95,466.4949999999999,819.4029999999983,0.34375,102.63936186557089,0.33491049997974187,nan,1588.4840876358899,501
10006,low,impaired,DT-KF-CostAware,433,432,261.41300080036507,540.3588940057175,0.6928406466512702,4.8,123.04189542233969,4.163928833571109,0.3134333545219359,0.4751411022576361,0.0,0.0,3.463258135136972,34.842067717560504,65.13544513536091,275939.99999999994,3.2970243262182963,0.035912025218644415,99.30715935334872,0.0,99.07621247113164,0.9237875288683602,208.45,431.95,587.9499999999997,0.3125,101.46858322889436,0.30797709996113554,nan,1740.3891395419962,
10006,low,impaired,DT-OPT,433,432,278.0382559888212,564.7238453283194,1.1547344110854503,4.8,104.74532335196822,3.7688921217843654,0.28433299900475467,0.4155474010474189,0.0,0.0,3.5100679389766882,37.34470701707805,71.7410776699266,309520.0,3.698249508773963,0.0520634213682322,98.84526558891454,0.0,100.0,0.0,201.85000000000002,375.45,589.3949999999992,0.296875,99.96487971407714,0.2969792999792844,nan,1804.8395966903697,
10006,low,impaired,SemiGreedy,433,432,213.33897979997724,381.307995312423,0.0,4.8,249.7099903074141,8.319932671791394,0.3115602463861969,0.2117073772514187,0.0,0.0,3.3271625173075003,36.159382335886214,73.99176565162396,284700.0,3.4016917651458622,0.02499888588905366,100.0,0.0,60.508083140877595,39.491916859122405,214.0,412.0,695.844999999998,0.3125,99.04394856213119,0.31551650003530085,nan,1698.8018057376742,
10006,low,impaired,Fog-only,433,432,257.22381023497076,498.21582540441784,0.0,4.8,130.09608548218054,3.72366755882637,0.29126741442561305,0.3370805999479814,0.0,0.0,3.5252950450551443,35.775601571225295,66.97976109576105,310980.00000000006,3.715694081928558,0.06115081614005664,100.0,0.0,100.0,0.0,21.9,38.95,59.569999999999865,0.171875,96.80698870295275,0.17754399997647852,nan,3018.9699458782648,
10006,low,impaired,DRL-OO,433,432,293.63646478583144,662.6613887657953,0.9237875288683602,4.8,81.92971405778793,3.8589131783038773,0.2879214967182981,0.4043681747269891,0.0,0.0,3.426195636960514,34.904788857587164,65.50623146532386,347480.0,4.151808410793412,0.057014758645607774,99.07621247113164,0.0,100.0,0.0,270.0,529.85,920.0649999999994,0.359375,99.47609486414707,0.36126770003465936,nan,1483.6643296607394,502
10007,low,impaired,DT-KF-CostAware,457,457,264.9778277417947,570.3646273318391,0.2188183807439825,5.0777777777777775,116.35886443178447,4.703300993378257,0.30762315829777,0.6693103981047536,0.0,0.0,3.5817777731078833,36.97212633997885,74.40530350240512,162060.00000000006,4.5858047187438205,0.03428469659642338,99.78118161925602,0.0,99.78118161925602,0.2188183807439825,213.9,431.2800000000001,648.2880000000007,0.34375,99.77059295078912,0.3445403999648988,nan,1651.4754149526984,
10007,low,impaired,DT-OPT,457,457,283.6421013929743,604.0591476163044,1.5317286652078774,5.0777777777777775,90.44228168131228,4.340456227346608,0.28110500207478156,0.44070639971639347,0.0,0.0,3.548655423639961,38.70383320261264,74.04995602312498,160599.99999999994,4.5444911627190985,0.03431837312682427,98.46827133479212,0.0,100.0,0.0,203.5,363.5200000000001,550.8000000000002,0.328125,103.85792837673789,0.3159363999729976,nan,1800.9953903653748,
10007,low,impaired,SemiGreedy,457,457,216.28961411880837,365.6089720496452,0.0,5.0777777777777775,246.80898242295544,9.275242140066792,0.3043217922957843,0.2786271718857367,0.0,0.0,3.093578041350515,39.53966402967775,74.4406016602782,108040.0,3.0572031458292126,0.011506195620673529,100.0,0.0,57.11159737417943,42.88840262582057,214.0,383.7200000000001,638.9240000000003,0.328125,101.24015135447273,0.324105600011535,nan,1755.6006436783232,
10007,low,impaired,Fog-only,457,457,257.79943002471316,556.5568580402668,0.0,5.0777777777777775,115.49070029991444,4.894651547018833,0.2788679582756493,0.36679815379427594,0.0,0.0,3.496353460075092,36.98583396905162,70.8839810653562,147460.0,4.172669158496628,0.03213795272491477,100.0,0.0,100.0,0.0,21.8,34.580000000000005,59.492000000000026,0.171875,96.38338690712509,0.17832429998088628,nan,3190.8158341907883,
10007,low,impaired,DRL-OO,457,457,282.4583795730405,679.6856847357901,0.437636761487965,5.0777777777777775,88.76838503295073,4.490199202342063,0.2801852668390609,0.41386396423532396,0.0,0.0,3.4885219654102233,36.58625546690651,71.85724156752116,144540.0,4.09004204644719,0.03295882670762557,99.56236323851203,0.0,100.0,0.0,270.8,434.68000000000006,649.0800000000063,0.359375,101.30273555424182,0.35475350002525374,nan,1603.930616497074,503
10008,low,impaired,DT-KF-CostAware,447,446,249.5581305328607,558.6857553603219,0.44742729306487694,4.955555555555556,96.779782803754,4.003968446178379,0.3049142645377318,0.5549000180147721,0.0,0.0,3.8380624353079025,35.84066278877366,67.30211533936001,162060.0,4.47067988762334,0.030707311258646387,99.55257270693512,0.0,99.55257270693512,0.44742729306487694,202.05,357.23500000000007,577.0360000000003,0.296875,97.91362757394438,0.3032008999725804,nan,1827.1713575061958,
10008,low,impaired,DT-OPT,447,446,251.50241697056515,536.3416336024414,0.6711409395973155,4.955555555555556,93.93229768269023,3.5482109560038215,0.2793705550887379,0.34426921798848026,0.0,0.0,3.9339374017973374,34.907014769534385,66.75864301936672,179580.0,4.953996632231268,0.03497033481692016,99.32885906040268,0.0,100.0,0.0,208.2,390.7700000000001,507.00500000000005,0.3125,98.92552633099875,0.31589420000091195,nan,1753.7517307959458,
10008,low,impaired,SemiGreedy,447,446,208.48064048480566,377.3405117527133,0.0,4.955555555555556,215.30303587940116,7.643763327419076,0.2987751908116677,0.2291754361348861,0.0,0.0,3.6472678532627048,39.13600950709102,79.43072881307653,143080.0,3.947086747631417,0.020444275246084567,100.0,0.0,62.86353467561521,37.13646532438479,206.5,375.76000000000005,610.4130000000008,0.296875,97.63659421064747,0.304061200004071,nan,1822.0016233330086,
10008,low,impaired,Fog-only,447,446,242.2949801039467,498.8344769840132,0.22371364653243847,4.955555555555556,96.60282886949946,3.622154460309021,0.27518185692142266,0.3432995526591926,0.0,0.0,3.9658932077491693,36.04121732801859,68.32442904766651,172280.0,4.752614655311298,0.036255997697730434,99.77628635346755,0.0,100.0,0.0,20.9,34.375000000000014,54.10300000000014,0.171875,100.59729186479994,0.17085449997102842,nan,3242.525073053043,
10008,low,impaired,DRL-OO,447,446,260.7831060784538,650.8993469689079,1.1185682326621924,4.955555555555556,85.69384503035556,3.8823793250675296,0.2763742067061912,0.38078501638641304,0.0,0.0,3.9745827554261015,34.32061858884939,65.39582779135706,200020.0,5.517866167607185,0.040387754820262974,98.8814317673378,0.0,100.0,0.0,261.05,497.0700000000003,735.9930000000006,0.328125,92.18755266954823,0.3559320000349544,nan,1556.4770797388105,504
10009,low,impaired,DT-KF-CostAware,442,442,255.49157027074082,473.50392480156097,0.0,4.911111111111111,106.33073551237686,3.8763968739460375,0.32345017889538,0.7207411637412839,0.0,0.0,3.907897011560895,38.40957574671718,75.88113703944238,275940.0,3.866857024664141,0.034516596872800405,100.0,0.0,99.09502262443439,0.9049773755656109,213.2,435.42,707.624,0.34375,100.9277721116155,0.340590100036934,nan,1611.9082731426008,
10009,low,impaired,DT-OPT,442,442,267.20796937112004,520.3198217652367,2.262443438914027,4.911111111111111,94.54480948279927,3.2575827241657986,0.29402923034817685,0.3699664429530201,0.0,0.0,3.9268149520212887,38.194947318991225,73.68732570600056,267180.0,3.744099658801787,0.03464338270969915,97.73755656108597,0.0,99.77375565610859,0.22624434389140272,210.7,477.62000000000006,810.1759999999988,0.34375,99.48804536504709,0.34551890002330765,nan,1588.9145281574065,
10009,low,impaired,SemiGreedy,442,442,215.0594472801432,342.74507494646645,0.0,4.911111111111111,214.04476620539833,7.569687623352305,0.3150181600359638,0.2374852363556459,0.0,0.0,3.2993488631421304,41.7525611939229,83.00421656804286,270100.0,3.7850187807559053,0.025665160279180324,100.0,0.0,59.502262443438916,40.497737556561084,210.5,396.68,692.7559999999997,0.3125,97.59604544047941,0.3201973999966867,nan,1714.5673262983423,
10009,low,impaired,Fog-only,442,442,252.65668816061054,455.2333245359518,0.22624434389140272,4.911111111111111,106.88041455215502,3.5993691639798717,0.30017272422581887,0.3534694881889764,0.0,0.0,3.7436625182701655,39.8275881615825,79.77105310752711,294920.0,4.132831317365907,0.06897730054170544,99.77375565610859,0.0,100.0,0.0,21.8,39.5,51.507999999999996,0.1875,103.80392959609769,0.18062900000950322,nan,3039.37905857374,
10009,low,impaired,DRL-OO,442,442,275.4381395487791,560.16808997431,2.262443438914027,4.911111111111111,88.37613565240427,3.4695654676804653,0.29660953056164485,0.40745653552240796,0.0,0.0,3.791659532839024,37.429766008132006,72.90483945304982,346020.0,4.8489159515629705,0.06821167909171882,97.73755656108597,0.0,100.0,0.0,263.7,444.0200000000002,691.4079999999991,0.34375,101.50451094337005,0.338654899969697,nan,1621.11931659375,505
10010,low,impaired,DT-KF-CostAware,456,454,253.06127489785388,493.7291001036108,0.0,5.044444444444444,118.79136526442174,4.421160458762642,0.3060141226083002,0.6500719091889671,0.0,0.0,3.994967552826713,37.95748466277467,74.79024696040784,181040.0,4.356067623955677,0.0274369124068483,100.0,0.0,99.12280701754386,0.8771929824561403,206.45,382.5749999999999,603.401,0.3125,101.84341468972956,0.3068436000030488,nan,1792.4440985392403,
10010,low,impaired,DT-OPT,456,453,267.8048615386571,544.3953929508673,1.0964912280701755,5.033333333333333,96.95993233690622,3.9662450836971397,0.27976687015558527,0.417491984179945,0.0,0.21929824561403508,4.144384805000426,39.31656034157944,75.42693368598103,230680.00000000006,5.550473262782235,0.05184309527875633,98.90350877192982,0.0,99.78070175438596,0.0,204.1,380.56999999999994,595.7109999999999,0.296875,96.75720369557499,0.30682470003375784,nan,1792.5545105706524,
10010,low,impaired,SemiGreedy,456,454,221.13721492644504,379.328175816422,0.0,5.044444444444444,240.8378983244954,8.440062670719257,0.3095710857872861,0.2278344258315125,0.0,0.0,3.704354338454391,44.18395210265719,87.59870998673466,202940.0,4.883011288143864,0.01971546023801875,100.0,0.0,60.30701754385965,39.69298245614035,209.1,380.24,524.012,0.28125,93.06614992725056,0.3022044000099413,nan,1819.960265244011,
10010,low,impaired,Fog-only,456,454,254.33682898819117,459.158091478999,0.0,5.044444444444444,121.58876748463379,4.119364675857717,0.28201573308539957,0.3653295332085531,0.0,0.0,4.018372311366818,40.15809142442294,81.65837233358879,240900.00000000006,5.796380306070056,0.047046421909969376,100.0,0.0,100.0,0.0,21.5,35.56499999999999,42.803999999999995,0.171875,100.24531304022386,0.17145439999876544,nan,3207.8500172871636,
10010,low,impaired,DRL-OO,456,454,274.83063041994063,579.2475048128747,1.0964912280701755,5.044444444444444,88.37169044427041,4.367204589886627,0.27894181457800066,0.4108253340561916,0.0,0.0,3.8109046299784315,36.460098195604814,69.09730808480191,197100.0,4.742492977693681,0.041557145512871596,98.90350877192982,0.0,100.0,0.0,255.55,442.9849999999998,713.2199999999992,0.34375,101.9233945353113,0.3372630999656394,nan,1630.7743125649808,501
10011,low,impaired,DT-KF-CostAware,455,455,256.94175558221815,487.1837110737116,0.8791208791208791,5.055555555555555,100.23656294028187,3.709269454538948,0.3202217853182165,0.5059094136441631,0.0,0.0,3.773844713381603,40.53901485468912,81.59089838990968,270099.99999999907,4.117275116902551,0.037839834941746954,99.12087912087912,0.0,99.56043956043956,0.43956043956043955,206.55,387.51999999999936,812.547,0.296875,95.05730814366109,0.31231160002062097,nan,1767.465569525926,
10011,low,impaired,DT-OPT,455,455,256.50016583341295,534.9737706309525,1.7582417582417582,5.055555555555555,102.68085350456161,3.3737564182385724,0.28831565641183166,0.3261163991696623,0.0,0.0,3.96442153545,40.13458188419243,80.53253636960662,275939.99999999907,4.206297281592336,0.04041255995084336,98.24175824175825,0.0,99.78021978021978,0.21978021978021978,206.45,383.4449999999997,544.8340000000001,0.3125,98.05136635765074,0.3187105000251904,nan,1731.9793353415425,
10011,low,impaired,SemiGreedy,455,455,211.78182306472175,340.3191157569608,0.0,5.055555555555555,218.12144036142072,7.487673376902522,0.3001923846425682,0.21106620056805767,0.0,0.0,3.9039016188146953,42.980169800625895,89.6526825607865,254039.99999999907,3.872464164005642,0.02554108240571374,100.0,0.0,61.0989010989011,38.9010989010989,215.1,444.8499999999999,732.5860000000008,0.34375,100.985204321025,0.3403963999589905,nan,1621.6387719332595,
10011,low,impaired,Fog-only,455,455,249.61046271389887,460.49211248114744,0.21978021978021978,5.055555555555555,106.38406051058918,3.362233406789522,0.28127287016333613,0.32037294955122253,0.0,0.0,4.005773906947251,41.69135512984947,85.11573650557395,328500.0,5.007496763800417,0.06226399330539046,99.78021978021978,0.0,100.0,0.0,21.9,39.5,56.18100000000006,0.1875,102.47391151339423,0.18297339999116957,nan,3016.831954954326,
10011,low,impaired,DRL-OO,455,455,260.01904137546643,566.0752354635973,0.0,5.055555555555555,88.9264178468475,3.6967190389844733,0.290989936310099,0.3784333597720396,0.0,0.0,3.8027958703136515,38.402283135210986,74.05160394633458,267179.99999999907,4.072764034557658,0.036508856573983374,100.0,0.0,99.78021978021978,0.21978021978021978,258.6,463.09999999999974,817.984,0.34375,99.89442429846417,0.3441133000305854,nan,1604.1228280073374,502
10012,low,impaired,DT-KF-CostAware,414,413,271.164586129927,613.1363099493396,0.0,4.588888888888889,117.37188036135416,4.630914478727563,0.32779633679909387,0.8768339265561247,0.0,0.0,4.006423103624752,38.44009518502136,79.76312831251245,366460.0,3.229986572718592,0.041784711096650724,100.0,0.0,97.34299516908213,2.657004830917874,205.75,373.90999999999997,677.0549999999964,0.296875,99.47280669290934,0.2984483999898657,nan,1782.5526959369354,
10012,low,impaired,DT-OPT,414,413,296.3513879050758,691.3268321356948,1.4492753623188406,4.588888888888889,88.09613574439256,3.735598951394091,0.294700491208519,0.4244672831440346,0.0,0.0,4.245933635617586,36.59383936894009,68.20530107717285,546040.0,4.812808678074714,0.09100830637030775,98.55072463768116,0.0,99.51690821256038,0.4830917874396135,200.35,388.94,675.4599999999998,0.296875,98.85690614637724,0.3003078000037931,nan,1771.5157581430801,
10012,low,impaired,SemiGreedy,414,413,224.72366383103622,410.48010050546236,0.24154589371980675,4.588888888888889,240.5634454534428,8.399125937051075,0.3230797730079709,0.21729153918896368,0.0,0.0,3.602746723801928,46.540516375368284,92.27533494105646,324120.0,2.856800873081782,0.02834971529519947,99.7584541062802,0.0,60.38647342995169,39.61352657004831,207.5,397.7799999999999,556.6229999999996,0.3125,104.19483399960014,0.2999189000111073,nan,1773.8128540091927,
10012,low,impaired,Fog-only,414,413,268.3596936533306,590.1118065968282,0.0,4.588888888888889,126.28647393632822,4.108228912413678,0.30840385583148366,0.34382811114157164,0.0,0.0,4.13227494888604,41.166721088330284,85.13795069294558,461360.0,4.066437278801096,0.07673774414392447,100.0,0.0,100.0,0.0,22.4,49.71499999999999,90.41799999999986,0.1875,97.74916262149634,0.1918174999882467,nan,2773.469574113923,
10012,low,impaired,DRL-OO,414,413,299.2303812251521,724.2406340833519,0.0,4.588888888888889,82.13982010685126,3.7372989809085317,0.291815145662072,0.40672442876859377,0.0,0.0,4.0746071608990855,36.830980370303976,70.21061153591225,478880.0,4.220858947616327,0.08015845243487127,100.0,0.0,99.7584541062802,0.24154589371980675,260.85,464.65999999999997,836.0739999999992,0.328125,98.11772453343981,0.3344196999678388,nan,1590.8153737688374,503
10013,low,impaired,DT-KF-CostAware,488,487,258.5285921618617,471.5915629508947,0.20491803278688525,5.411111111111111,96.09153545335738,4.114301630859862,0.31941955538926775,0.5106808039575189,0.0,0.0,3.920967432145772,44.28302435168819,90.35417323090952,131400.0,5.005824890607107,0.028040551770502273,99.79508196721312,0.0,99.79508196721312,0.20491803278688525,208.1,380.3999999999999,693.916000000001,0.328125,97.72643269267333,0.33575870003551245,nan,1766.1493207392086,
10013,low,impaired,DT-OPT,488,487,257.6837125367422,487.3286296582033,1.0245901639344261,5.411111111111111,97.07227168503752,3.878364130036394,0.28329048648065064,0.42480870362675,0.0,0.0,4.022666324249114,41.34474949562871,84.5819572513498,119720.00000000001,4.560862678108698,0.026560540941370257,98.97540983606558,0.0,100.0,0.0,208.6,405.96,643.748,0.359375,104.11159313584209,0.34518250002292916,nan,1717.9318185615125,
10013,low,impaired,SemiGreedy,488,487,207.50172190625543,328.79257749265986,0.0,5.411111111111111,222.10102052798544,8.216253059192475,0.3034476101610708,0.20865721688766956,0.0,0.0,3.3756554630500877,41.999431185832144,86.06118164586898,112420.0,4.282761295297191,0.014212490011585227,100.0,0.0,60.86065573770492,39.13934426229508,214.5,434.34,933.8760000000008,0.359375,99.64188533182922,0.36066659999778494,nan,1644.1777530928618,
10013,low,impaired,Fog-only,488,487,247.43107690991127,456.1682259742153,0.0,5.411111111111111,102.34400757394418,4.111988278875147,0.2830526626477389,0.3252419062873693,0.0,0.0,3.896514077452424,43.773600297613825,89.21714101413254,135780.0,5.172685720294011,0.02922861509745809,100.0,0.0,100.0,0.0,22.5,39.919999999999995,52.61600000000001,0.203125,100.92280082592383,0.20126770000206307,nan,2946.324720727278,
10013,low,impaired,DRL-OO,488,487,262.37763435451046,518.8300582740811,1.0245901639344261,5.411111111111111,92.6031599830656,4.298895795715751,0.2901062566830673,0.3360210026409149,0.0,0.0,3.8640151912969913,44.56980849925294,88.85235161992759,140159.99999999997,5.339546549980913,0.03233533813758923,98.97540983606558,0.0,100.0,0.0,270.4,569.7799999999999,905.204000000002,0.375,93.53881275177203,0.4009030999732204,nan,1479.1604256480216,504
10014,low,impaired,DT-KF-CostAware,439,437,270.22951370822227,554.837090037103,0.22779043280182232,4.855555555555555,92.57411916941304,4.29682665909487,0.32387845703390217,0.8745594961385619,0.0,0.0,3.9030397892708812,41.93610903450897,82.93078151384032,135780.0,5.327969524861896,0.024567726338999066,99.77220956719817,0.0,98.86104783599089,1.1389521640091116,208.65,407.87999999999954,709.3520000000003,0.296875,93.70430190409353,0.3168210999574512,nan,1704.4319335818275,
10014,low,impaired,DT-OPT,439,437,282.313019316681,567.5269800829755,2.5056947608200457,4.855555555555555,80.09212543087612,3.48470315299395,0.2947392692423287,0.42465488410154234,0.0,0.0,3.839784007451772,39.548091463647246,76.70284317446907,134320.0,5.2706795299709075,0.029971103706934055,97.49430523917995,0.0,100.0,0.0,201.6,378.3149999999999,607.5520000000002,0.3125,103.84360920064822,0.3009332999936305,nan,1794.4175669872013,
10014,low,impaired,SemiGreedy,439,437,224.99177066011765,357.50165695522736,0.0,4.855555555555555,213.96838502187703,8.067229755760586,0.32373213282310515,0.24009436815679633,0.0,0.0,3.2531929127904147,48.004522645143645,97.73797073015618,99280.0,3.8957196525871924,0.014272415091036201,100.0,0.0,57.40318906605923,42.59681093394077,204.0,416.1099999999996,692.1060000000016,0.3125,102.27562445398783,0.3055469000246376,nan,1767.3227905649098,
10014,low,impaired,Fog-only,439,437,261.65417370163556,533.332096771622,0.0,4.855555555555555,85.1848474679255,4.04907114032732,0.3008878541873971,0.3665206743539744,0.0,0.0,3.7037341114326847,39.576621612447326,76.82376690715219,125560.0,4.926939560624979,0.027797141687913796,100.0,0.0,100.0,0.0,21.7,39.01999999999998,58.525000000000034,0.171875,96.37176764063967,0.17834580002818257,nan,3027.8257178731883,
10014,low,impaired,DRL-OO,439,437,278.72315670427804,569.3370171855674,1.8223234624145785,4.855555555555555,79.20024384271825,3.6234818997834837,0.29697232059356793,0.42638429936590155,0.0,0.0,3.7336717081337922,39.61750537231161,75.50758239085414,137240.00000000003,5.385259519752886,0.02961651506909038,98.17767653758543,0.0,100.0,0.0,260.95,511.8249999999999,722.1260000000004,0.34375,101.05603928386519,0.34015780000481755,nan,1587.4985080229005,505
10015,low,impaired,DT-KF-CostAware,450,447,269.65919474768157,562.4245773727562,0.2222222222222222,4.966666666666667,90.16829721557919,3.685864282026233,0.3164780442271674,0.7565417148420861,0.0,0.0,4.244142357548343,41.80903667622643,80.88873604707318,233600.0,7.479120255673213,0.04943583184670476,99.77777777777777,0.0,99.77777777777777,0.2222222222222222,202.0,374.8199999999999,545.3280000000001,0.3125,101.87133568707426,0.30675950000295416,nan,1802.7151563184661,
10015,low,impaired,DT-OPT,450,448,278.59600950909106,572.3862300203439,1.3333333333333333,4.977777777777778,84.77028511621059,3.0702002875881207,0.2787481382922179,0.42516268980477223,0.0,0.0,4.201570142722081,41.93508168670483,85.16760808428123,217540.0,6.96493073809568,0.043291793628132236,98.66666666666667,0.0,100.0,0.0,211.4,480.8,714.3320000000001,0.328125,92.6451928464444,0.3541737999767065,nan,1561.3803167720764,
10015,low,impaired,SemiGreedy,450,448,214.36766841714788,351.3439467413217,0.0,4.977777777777778,226.27450648850484,8.20736055359812,0.3014217484313358,0.2182967298177869,0.0,0.0,3.940978738410424,44.13433635317416,88.94200655902179,147460.0,4.721194661393716,0.014314270419850965,100.0,0.0,60.0,40.0,256.8,719.2999999999997,1117.2200000000005,0.453125,94.62698330611317,0.47885389998555183,nan,1154.8407562655025,
10015,low,impaired,Fog-only,450,447,251.4260811071517,476.5626531072873,0.0,4.966666666666667,103.01347145537498,3.959183250213659,0.278309052278359,0.33765665346293716,0.0,0.0,4.265398974846718,43.879537020634764,83.45423404964656,200020.0,6.403996718920189,0.03870077964241205,100.0,0.0,100.0,0.0,27.9,70.37999999999997,131.08800000000028,0.28125,97.10997268601933,0.28962009999668226,nan,1909.3978629464423,
10015,low,impaired,DRL-OO,450,447,274.9685892860458,583.1433359744758,0.8888888888888888,4.966666666666667,81.84935139160338,3.7886435877760696,0.2866000371706696,0.48115211235045946,0.0,0.0,4.188759275578204,43.115228569992304,85.74059788029639,198560.0,6.357252217322231,0.04211912383856726,99.11111111111111,0.0,100.0,0.0,315.2,722.2599999999999,1077.428000000001,0.46875,100.93193278613751,0.464421900047455,nan,1190.7276550556596,501
10016,low,impaired,DT-KF-CostAware,435,435,288.3032380627432,565.9591478600674,0.6896551724137931,4.833333333333333,89.32830360634105,3.7826348533889487,0.3340983703338454,0.8343202035362595,0.0,0.0,3.982307321894281,36.847001454776134,73.95180197519173,164980.0,5.514529538565106,0.03010615552094082,99.3103448275862,0.0,98.16091954022988,1.839080459770115,218.5,451.45,809.675,0.34375,103.1448141195714,0.33326929999748245,nan,1578.303192055114,
10016,low,impaired,DT-OPT,435,435,299.4098790129408,650.2218786327949,1.3793103448275863,4.833333333333333,74.7359308301391,3.0990061892676626,0.29463938838661285,0.4261593967893627,0.0,0.0,4.065944831556923,39.041863514999484,77.2530270952233,172280.0,5.758535270360022,0.03651492638279505,98.62068965517241,0.0,100.0,0.0,213.45,478.175,807.8,0.328125,96.14164707161295,0.34129330003634095,nan,1541.1963842946564,
10016,low,impaired,SemiGreedy,435,435,223.53771945580863,375.20575365807457,0.0,4.833333333333333,233.9697633959972,8.347364138175132,0.32094194535429493,0.22653754377862448,0.0,0.0,3.585910034978776,41.66481487723335,78.67220908481552,116800.0,3.904091708718659,0.016452572814900975,100.0,0.0,49.88505747126437,50.11494252873563,205.64999999999998,383.625,581.15,0.296875,100.48636245569432,0.29543810000177473,nan,1780.4067924781546,
10016,low,impaired,Fog-only,435,435,288.66661236312206,593.57262764091,0.0,4.833333333333333,81.72450879630111,2.992340517870264,0.29924265815376966,0.395107742420446,0.0,0.0,4.21460553042817,39.838087473037376,73.46388998252557,170820.0,5.709734124001039,0.03635708438244577,100.0,0.0,100.0,0.0,21.7,40.825,66.575,0.171875,99.91466197199892,0.17202180001186207,nan,3057.751982386702,
10016,low,impaired,DRL-OO,435,435,307.5120920489489,639.7063421112558,2.0689655172413794,4.833333333333333,65.06766926672105,3.372279199748054,0.2962446167286707,0.4189285524521351,0.0,0.0,3.968672133586231,37.78081544312111,73.43785927466348,167900.0,5.612131831283072,0.04296964842219176,97.93103448275862,0.0,100.0,0.0,257.9,488.20000000000005,835.95,0.328125,97.90693254806918,0.3351396999787539,nan,1569.4947510943812,502
10017,low,impaired,DT-KF-CostAware,418,418,271.4987322062652,544.2375349990093,0.0,4.644444444444445,94.67262052013753,4.266901477570665,0.3218486917250119,0.9009468508056079,0.0,0.0,3.8978587642918456,39.07369377571086,73.17491426745507,289080.0,4.106371907916016,0.03765487961560377,100.0,0.0,99.2822966507177,0.7177033492822966,213.0,429.78,739.2679999999999,0.3125,101.29167138026745,0.3085150000406429,nan,1662.8040773784703,
10017,low,impaired,DT-OPT,418,418,283.9334844015222,558.2107056141098,2.3923444976076556,4.644444444444445,85.02739481608397,3.872959746333633,0.2912264843654297,0.40807519008729937,0.0,0.0,3.963399193146613,36.43830445376402,72.73103725155102,296380.0,4.210068168216925,0.0421772752365094,97.60765550239235,0.0,99.76076555023923,0.23923444976076555,202.6,339.9399999999998,737.6319999999995,0.296875,104.44320295397824,0.28424539999105036,nan,1804.778547044744,
10017,low,impaired,SemiGreedy,418,418,223.49224030144126,363.4874871307133,0.0,4.644444444444445,217.92378263652034,8.093239953141195,0.3182909939566666,0.21569419690058303,0.0,0.0,3.4219702055274333,46.082511838610095,91.50513318916538,287620.0,4.085632655855834,0.02761798177967411,100.0,0.0,57.177033492822964,42.822966507177036,204.3,371.7399999999999,594.98,0.28125,98.74047528814397,0.2848375999601558,nan,1801.026269255746,
10017,low,impaired,Fog-only,418,418,260.20174066837546,556.7023033595497,0.0,4.644444444444445,99.9896138867712,4.384228780645841,0.29445169343442795,0.34385824044335284,0.0,0.0,3.651667716391143,41.3287704789982,78.83454919711815,284700.0,4.04415415173547,0.05356316033296913,100.0,0.0,100.0,0.0,21.7,42.53999999999998,65.46399999999997,0.171875,102.46408614090184,0.1677417000173591,nan,3058.273523798263,
10017,low,impaired,DRL-OO,418,418,279.95933230937584,584.3308284256791,1.1961722488038278,4.644444444444445,82.2320650426299,4.253473367156321,0.300393259077237,0.39229263210834503,0.0,0.0,3.530504871506194,39.081344167476665,74.6347257478296,309520.0,4.396721436758563,0.057743525329648104,98.80382775119617,0.0,100.0,0.0,263.8,465.17999999999967,818.8119999999999,0.3125,96.36282004789169,0.3242952000000514,nan,1581.89205390619,503
10018,low,impaired,DT-KF-CostAware,437,435,269.7448745334673,534.7495771776519,0.2288329519450801,4.833333333333333,78.54824250084057,3.8426299485858504,0.3224575726634132,0.7064381321543214,0.0,0.0,3.9977765281155735,38.901587340109735,78.16027170405104,137239.99999999994,5.289543131321655,0.026290087149427273,99.77116704805492,0.0,99.31350114416476,0.6864988558352403,208.3,372.6599999999999,623.0639999999999,0.296875,97.03601747701917,0.3059431000147015,nan,1755.2283413948396,
10018,low,impaired,DT-OPT,437,435,278.03758147866745,566.3642411611771,1.3729977116704806,4.833333333333333,68.50317263666788,3.0641771028502007,0.2952547535556497,0.40696348996059944,0.0,0.0,3.833314327911419,38.12967196736309,76.5428211425361,143079.99999999994,5.514630073080023,0.02795793535920218,98.62700228832952,0.0,100.0,0.0,202.5,376.43999999999994,571.496,0.296875,98.4575454302203,0.3015259000239894,nan,1780.941537550427,
10018,low,impaired,SemiGreedy,437,435,225.39072623345805,369.4555086172329,0.0,4.833333333333333,214.03187214544607,7.786831368550356,0.3167041876432297,0.21804714877349474,0.0,0.0,3.6842100371110167,46.70142605718863,97.45071189610168,124100.0,4.7830975123653285,0.017601680353523955,100.0,0.0,53.775743707093824,46.224256292906176,212.3,413.58,723.6519999999995,0.3125,99.92766836415183,0.3127261999761686,nan,1717.1570531695852,
10018,low,impaired,Fog-only,437,435,266.3648918209851,526.9271410386336,0.0,4.833333333333333,84.28705558165397,3.4934656785973965,0.2958748155699392,0.3554776146320203,0.0,0.0,4.033414014479697,40.64870980329714,82.86582871192542,164979.99999999994,6.358706104673905,0.0363662944356828,100.0,0.0,100.0,0.0,22.5,43.66,65.09199999999996,0.1875,96.84402120221873,0.19361030001891777,nan,2773.6127672315442,
10018,low,impaired,DRL-OO,437,435,281.70440541689595,592.7238535429524,1.6018306636155606,4.833333333333333,64.19224954663213,3.255923374514807,0.29869892169758955,0.39701772496097487,0.0,0.0,3.846818535499393,36.16589573350116,74.1336788001159,167900.0,6.471249575553092,0.03452647890355126,98.39816933638444,0.0,100.0,0.0,270.1,591.26,1037.5599999999988,0.34375,93.55775581594553,0.36742010002490133,nan,1461.5422508556435,504
10019,low,impaired,DT-KF-CostAware,446,446,269.49581454410304,573.7463283672204,1.345291479820628,4.955555555555556,112.04345497191933,4.548323060514292,0.32011697503516584,0.5863371602228601,0.0,0.0,3.945513547470024,37.72608613631134,72.96926662305397,322660.0,4.2654431289892685,0.04083276278545983,98.65470852017937,0.0,98.87892376681614,1.1210762331838564,211.4,384.8,571.9800000000001,0.3125,101.03047855076687,0.30931260000215843,nan,1716.7098915346307,
10019,low,impaired,DT-OPT,446,446,283.87121558275163,565.6616220048676,2.0179372197309418,4.955555555555556,89.20648078107577,3.5577941399723154,0.2940508056625827,0.37433006142358183,0.0,0.0,4.273273279790849,40.1548031951959,80.1234974020193,372299.99999999994,4.921665148833771,0.07246533278564153,97.98206278026906,0.0,100.0,0.0,205.1,394.15,596.6700000000001,0.296875,98.04527040658616,0.3027938000159338,nan,1753.6686681565388,
10019,low,impaired,SemiGreedy,446,446,220.82862091072695,380.070354432366,0.0,4.955555555555556,233.803728079474,8.517722285005709,0.30936432515377327,0.20580014840465002,0.0,0.0,3.857395897966101,43.92956690834105,84.94187616592293,294920.0,3.8987308237820466,0.024187304980523648,100.0,0.0,57.847533632286996,42.152466367713004,210.6,389.45,576.3400000000004,0.296875,99.6305740264375,0.29797580000013113,nan,1782.0239093233959,
10019,low,impaired,Fog-only,446,446,261.9128119550079,527.0998193391492,0.0,4.955555555555556,106.31927697653792,4.057471699717237,0.2841390234138619,0.3362794157424939,0.0,0.0,4.067983260220146,36.79874813282378,71.34469568738363,299300.0,3.9566327667095025,0.06072944301866252,100.0,0.0,100.0,0.0,21.6,37.0,47.960000000000036,0.171875,101.67868176630913,0.1690373999881558,nan,3141.316655587499,
10019,low,impaired,DRL-OO,446,446,285.44659548633587,608.2099336611843,0.672645739910314,4.955555555555556,83.52656402606326,3.856570181336804,0.2883030656432321,0.357927391028963,0.0,0.0,4.166998232731558,37.558472974116256,75.31527623094502,327040.0,4.323345071916725,0.06311791397668681,99.32735426008969,0.0,100.0,0.0,262.9,456.15,717.2300000000014,0.34375,104.11697447644205,0.33015749999321997,nan,1608.323300276094,505
10020,low,impaired,DT-KF-CostAware,431,430,253.1911833867485,520.5891868300192,0.0,4.777777777777778,107.26233214398327,3.8970304012144035,0.31396160572964504,0.5731882959369314,0.0,0.0,3.9200857244362832,38.06233902641053,75.04825059683203,245280.0,4.244018612222525,0.040029080749335186,100.0,0.0,99.07192575406033,0.9280742459396751,208.8,406.38999999999993,578.228,0.3125,101.18943730322077,0.3088267000275664,nan,1745.315414605952,
10020,low,impaired,DT-OPT,431,430,278.0593158129307,620.847775094946,1.6241299303944317,4.777777777777778,82.86631473112247,3.3488170043081515,0.29593472690080913,0.36443550930305896,0.0,0.0,3.6949787172957356,39.668645491783764,77.82468099760689,277400.0,4.799782954299284,0.05660933904388904,98.37587006960557,0.0,100.0,0.0,192.6,374.6199999999999,513.3380000000001,0.296875,101.77443186508636,0.29169899999396876,nan,1847.7951587463258,
10020,low,impaired,SemiGreedy,431,430,210.43273020573918,356.97461331363377,0.0,4.777777777777778,226.96681912162498,7.917248586580367,0.307982484745575,0.2134373249393123,0.0,0.0,3.486345028831226,37.936442370040055,76.36105261573196,191260.0,3.3093240369116113,0.018586198981156172,100.0,0.0,58.932714617169374,41.067285382830626,211.6,389.05999999999966,543.482,0.3125,103.88341123591036,0.3008179999887943,nan,1791.781076996982,
10020,low,impaired,Fog-only,431,430,252.3789336055428,505.81903583631413,0.0,4.777777777777778,112.66669634523296,3.8172616706662486,0.2903237115296905,0.34971251323952185,0.0,0.0,4.078411983497805,37.8441947514815,78.00921175884204,308060.0,5.330285280827099,0.06284681116543821,100.0,0.0,100.0,0.0,21.9,37.81999999999999,52.79800000000001,0.171875,97.36283382349686,0.17653040000004694,nan,3053.2984687048615,
10020,low,impaired,DRL-OO,431,430,278.0441646484255,601.7364217173888,0.9280742459396751,4.777777777777778,76.37678827673506,3.6990421688155055,0.29221555332653715,0.3813188807496865,0.0,0.0,3.8553377003851814,38.69250375786288,72.6473422904578,245280.0,4.244018612222525,0.04550635978771009,99.07192575406033,0.0,100.0,0.0,266.8,552.1499999999997,784.1800000000001,0.359375,102.10964566214818,0.3519500999827869,nan,1531.4671029397668,501
10021,low,impaired,DT-KF-CostAware,431,428,257.79059562201235,562.9371511272402,0.46403712296983757,4.7555555555555555,125.67524733647402,4.0131421387656285,0.32359974990871865,0.648729792147806,0.0,0.0,3.795917229998294,38.33353106255352,74.92978565121376,284700.0,4.052753844101791,0.04010343362614424,99.53596287703016,0.0,99.07192575406033,0.9280742459396751,214.75,446.44999999999993,590.95,0.3125,96.04152190139948,0.3253800999955274,nan,1659.597498456183,
10021,low,impaired,DT-OPT,431,428,272.2892346354835,581.6902076532813,1.160092807424594,4.7555555555555555,107.97082847757319,3.485510366918579,0.29840474631655106,0.4381050778708912,0.0,0.0,3.8675825999631313,38.18825523695337,68.10883390855486,319740.0,4.551554317222012,0.05665716611837275,98.83990719257541,0.0,100.0,0.0,211.95,420.14999999999986,612.3630000000004,0.3125,96.75722420267063,0.32297330000437796,nan,1671.9648342221485,
10021,low,impaired,SemiGreedy,431,428,212.1834723772037,383.56780296641443,0.23201856148491878,4.7555555555555555,237.39106719232342,7.966628135803348,0.31742810616083295,0.22249993940715965,0.0,0.0,3.403698413602167,40.542463582946205,80.9674920504997,261340.0,3.7202201953549774,0.024689287250167394,99.76798143851508,0.0,63.109048723897914,36.890951276102086,213.5,381.76499999999993,565.3310000000001,0.296875,95.92062312618374,0.3095006999792531,nan,1744.7456501267948,
10021,low,impaired,Fog-only,431,428,246.88375091597842,533.8276353699775,0.0,4.7555555555555555,144.8266823500724,3.721642216644407,0.30330812570952514,0.33569857792112595,0.0,0.0,3.8438496359758787,38.26105647899059,76.82526917411697,322660.0,4.593121023315363,0.05911413154490128,100.0,0.0,100.0,0.0,21.8,37.6,71.8140000000001,0.171875,98.16912790465177,0.17508050001924857,nan,3084.2955094406957,
10021,low,impaired,DRL-OO,431,428,287.8296385954641,728.2100889331105,1.3921113689095128,4.7555555555555555,86.12474485271551,4.27206680587607,0.2985183677976459,0.4205943940340178,0.0,0.0,3.6938058560462714,36.99419768710462,70.79746798112468,318280.0,4.5307709641753355,0.056895043806539175,98.60788863109049,0.0,100.0,0.0,257.15,462.6249999999996,737.2770000000007,0.34375,102.17539213027192,0.33643129997653887,nan,1605.0825236464534,502
10022,low,impaired,DT-KF-CostAware,410,410,258.6082978852263,533.0603071528005,0.975609756097561,4.555555555555555,104.7647102255408,3.9138575930331885,0.3306096147263462,0.42872451102788184,0.0,0.0,4.126502361338027,38.89874551294736,81.82553281424799,129940.00000000001,5.712838630993887,0.025373329260760767,99.02439024390245,0.0,99.02439024390245,0.975609756097561,212.6,382.46,605.1959999999999,0.28125,96.76923229753827,0.2906399000203237,nan,1744.4266942169565,
10022,low,impaired,DT-OPT,410,410,279.67007069947834,561.9005059855324,1.2195121951219512,4.555555555555555,77.73453736731155,3.188394731157238,0.30447090173619246,0.41277059678623346,0.0,0.0,4.008986756654257,40.07601805615322,82.3435612238981,127020.00000000004,5.584460234791778,0.026969404713952,98.78048780487805,0.0,100.0,0.0,203.5,372.39,528.582,0.28125,100.28954704947898,0.2804380000452511,nan,1807.8862348119412,
10022,low,impaired,SemiGreedy,410,410,207.04516685391832,328.42084045529947,0.0,4.555555555555555,205.2365247876761,7.241574260599129,0.307618718277095,0.20329988907935867,0.0,0.0,3.6161970248474105,39.267296582913296,80.84802898753235,94900.0,4.172297876568568,0.010265871136309852,100.0,0.0,61.951219512195124,38.048780487804876,202.4,374.06,553.746,0.28125,100.32975939254088,0.2803256000042893,nan,1808.6111293162035,
10022,low,impaired,Fog-only,410,410,246.96900712203075,472.37342983555874,0.0,4.555555555555555,107.56074430653764,3.7396066884970542,0.29604886617152976,0.30685933757812955,0.0,0.0,4.162900796365026,38.480468994171844,77.16598640604147,131400.0,5.7770278290949415,0.025305027643695507,100.0,0.0,100.0,0.0,21.3,39.0,65.874,0.171875,106.06431800209621,0.16204790002666414,nan,3128.704536847289,
10022,low,impaired,DRL-OO,410,410,276.02440722986756,582.5014480069625,1.2195121951219512,4.555555555555555,81.45272761475793,3.421631251620434,0.29937906347131854,0.3985527863131141,0.0,0.0,4.087578241186103,39.213871949852276,77.70882961170372,132860.0,5.841217027195996,0.025399847058820847,98.78048780487805,0.0,100.0,0.0,261.9,514.36,778.4999999999999,0.3125,97.64337328653416,0.3200421999790706,nan,1584.16608820073,503
10023,low,impaired,DT-KF-CostAware,466,465,242.15834134253183,485.79325650344,0.0,5.166666666666667,111.7781018665911,4.3317756159306136,0.2961531488339321,0.627676208100068,0.0,0.0,3.8252188847516218,36.2318973153612,68.57062339856442,173740.0,4.860376767320722,0.02995229323014222,100.0,0.0,99.57081545064378,0.4291845493562232,203.1,366.2449999999996,620.8049999999998,0.296875,95.67995535271048,0.3102791999699548,nan,1798.380297661051,
10023,low,impaired,DT-OPT,466,465,257.64897296264905,520.5676007413302,1.7167381974248928,5.166666666666667,105.99475548462641,3.705227219282812,0.27371492573706874,0.3532210954142109,0.0,0.0,4.004154592934985,37.20263817692177,72.84567456995961,205860.0,5.75893381674136,0.04357896868911716,98.28326180257511,0.0,100.0,0.0,212.1,401.22499999999997,636.8869999999985,0.296875,89.93312458940271,0.330106400011573,nan,1690.364076493026,
10023,low,impaired,SemiGreedy,466,465,218.56463652159218,359.7069320408206,0.2145922746781116,5.166666666666667,227.46210004220796,8.57736440856681,0.2982779113666841,0.2415322188745262,0.0,0.0,3.4677474084647697,45.90691539279534,86.35353520338224,181040.0,5.064594278552685,0.018799303456288993,99.78540772532189,0.0,60.72961373390558,39.27038626609442,214.8,459.0749999999999,787.2909999999982,0.34375,102.12557866096942,0.33659540000371635,nan,1657.7766659729728,
10023,low,impaired,Fog-only,466,465,242.8316816262912,457.21103832453736,0.0,5.166666666666667,107.15004183447968,4.44897357585346,0.267237630447954,0.3688285503745855,0.0,0.0,3.5509848401087547,38.48988088937472,72.42376194750383,176660.0,4.942063771813507,0.03561804337400329,100.0,0.0,100.0,0.0,21.7,39.629999999999995,54.614999999999974,0.1875,102.13102511094225,0.18358770001213998,nan,3039.4193073016413,
10023,low,impaired,DRL-OO,466,465,260.72615217185705,517.8269732108927,0.8583690987124464,5.166666666666667,98.18362726633084,4.340519904350345,0.27682533010715527,0.3850324800205137,0.0,0.0,3.7476083566665848,38.875745787059515,72.48268315699721,210240.00000000003,5.881464323480539,0.0423635116571137,99.14163090128756,0.0,100.0,0.0,270.5,517.6399999999999,846.2169999999979,0.359375,97.51376861068171,0.36853769997833297,nan,1514.092045488985,504
10024,low,impaired,DT-KF-CostAware,438,438,277.5166056816916,555.2027565554663,0.684931506849315,4.866666666666666,95.86205237967165,4.179013071328727,0.3243717313579394,0.7201144569058227,0.0,0.0,3.897144003128905,41.380674327382735,77.31926951534282,274480.0,5.397213733635861,0.038591313145104306,99.31506849315069,0.0,98.85844748858447,1.1415525114155252,210.35000000000002,359.32999999999976,581.1240000000005,0.296875,98.48573314531055,0.3014395999489352,nan,1758.2295096257546,
10024,low,impaired,DT-OPT,438,438,291.06507768073226,606.268465696721,2.73972602739726,4.866666666666666,83.20779514886652,3.508489325307447,0.29480251759921094,0.34972291089397695,0.0,0.0,3.7997069687103675,40.65261267857246,82.05488286837964,251120.0,4.937876394603022,0.04905164166496144,97.26027397260275,0.0,100.0,0.0,204.7,380.0499999999998,630.3750000000005,0.296875,99.61024921186154,0.29803659999743104,nan,1778.3050806664967,
10024,low,impaired,SemiGreedy,438,438,228.7447814910464,394.4298270780299,0.0,4.866666666666666,226.8779342458854,8.361821090496534,0.32214337929560644,0.23136230802710936,0.0,0.0,3.6395625400409455,47.72845542109565,91.40688143959639,249660.0,4.90916781091347,0.022383939066957268,100.0,0.0,55.70776255707762,44.29223744292238,212.0,417.9799999999999,677.6600000000002,0.296875,97.8022778147505,0.30354609998175874,nan,1746.0280334085983,
10024,low,impaired,Fog-only,438,438,274.54549941331686,555.2027565554663,0.0,4.866666666666666,91.11897922264872,3.713542151231966,0.2964989102843936,0.3665285971937762,0.0,0.0,3.927439295983351,43.133057634832255,78.49940265074646,262800.0,5.167545064119442,0.05288649955082043,100.0,0.0,100.0,0.0,21.2,34.46499999999999,48.85300000000016,0.140625,85.55273605940079,0.1643723000306636,nan,3224.3875634831943,
10024,low,impaired,DRL-OO,438,438,290.0291205902987,630.4883619587334,1.82648401826484,4.866666666666666,80.92182966282542,3.665876766875607,0.29659535031159207,0.36638299822770887,0.0,0.0,3.7147853447024093,40.154612764409904,81.70652052590691,210240.0,4.134036051295554,0.041196527272199024,98.17351598173516,0.0,100.0,0.0,263.95,471.21999999999997,784.1540000000014,0.328125,98.4729601020814,0.3332133000367321,nan,1590.572765077429,505
10025,low,impaired,DT-KF-CostAware,452,451,245.69813463826284,503.0867755891101,0.22123893805309736,5.011111111111111,105.83654947343105,4.132602160735054,0.3088268938935752,0.8142994474424016,0.0,0.0,3.9362205218719013,40.22838226171458,76.93689212420995,235060.0,4.114197060342665,0.034077612245725135,99.77876106194691,0.0,99.5575221238938,0.4424778761061947,203.95,387.75500000000034,548.5370000000007,0.296875,97.8843785527454,0.3032915000221692,nan,1793.6539598380969,
10025,low,impaired,DT-OPT,452,451,255.17257838448123,522.0392869426803,1.1061946902654867,5.011111111111111,98.66433422187082,3.928408451041581,0.29000993591641727,0.44886614409547515,0.0,0.0,4.140790708723372,40.145272442479836,75.72782779915185,270099.99999999953,4.727493516542807,0.049825237885098884,98.89380530973452,0.0,100.0,0.0,199.2,377.7650000000002,564.1000000000035,0.296875,98.2175763764133,0.30226259998744354,nan,1799.7595469058979,
10025,low,impaired,SemiGreedy,452,451,207.7893577654893,359.1907835659011,0.0,5.011111111111111,218.20995887892536,7.896496848672956,0.3015143464376886,0.24490663632738277,0.0,0.0,3.90045777203881,41.181505152016264,80.01946248065032,233600.0,4.0886430413343255,0.02678326556936802,100.0,0.0,63.93805309734513,36.06194690265487,213.1,408.4600000000002,646.7170000000024,0.296875,96.21508101993997,0.30855349998455495,nan,1763.0654004159105,
10025,low,impaired,Fog-only,452,451,238.055702818438,472.0664055989523,0.0,5.011111111111111,113.82678913428144,4.131298752528861,0.2804682841315905,0.36229997007566583,0.0,0.0,4.037720111178541,39.05444912292968,77.96698809937992,262799.99999999953,4.599723421501109,0.05133566388378608,100.0,0.0,100.0,0.0,22.1,40.355000000000004,62.41000000000015,0.1875,104.69461835688689,0.1790923000080511,nan,3037.5398605944783,
10025,low,impaired,DRL-OO,452,451,251.44137173267666,543.0943564510677,0.4424778761061947,5.011111111111111,90.90476012619284,4.047932245734391,0.2871069553336121,0.48396545160369275,0.0,0.0,4.162766451536049,37.7098888670599,72.76487819363274,275939.99999999953,4.829709592576164,0.04953144838388317,99.5575221238938,0.0,100.0,0.0,275.75,596.0250000000001,876.1730000000009,0.375,99.90765869154897,0.375346599961631,nan,1449.3271020854038,501
10026,low,impaired,DT-KF-CostAware,482,481,274.01193985247176,655.8596961589642,0.8298755186721992,5.344444444444444,138.4046308681833,4.7853211080236635,0.31454530758530674,0.8047229434759038,0.0,0.0,3.874273781430868,38.69929903305716,78.63968473325943,230679.99999999997,5.083512806957192,0.039364104508215064,99.1701244813278,0.0,98.7551867219917,1.2448132780082988,216.75,485.3999999999999,832.6559999999994,0.375,96.91179579038564,0.38694980001309887,nan,1576.431878190273,
10026,low,impaired,DT-OPT,482,480,279.0179306002701,665.1983943781084,1.6597510373443984,5.333333333333333,124.6872826454984,4.013845049880104,0.2868733960793666,0.37791307999160195,0.0,0.0,3.9367260199640985,39.62132767565468,78.63968473325943,249660.0,5.501776518922026,0.0482921276938867,98.34024896265561,0.0,100.0,0.0,207.05,378.7399999999998,573.5639999999987,0.328125,93.87582041736563,0.3495309000136331,nan,1745.1962043304543,
10026,low,impaired,SemiGreedy,482,480,221.24150158281205,401.54764695589915,0.0,5.333333333333333,268.51288020767174,9.470874702796424,0.3062927583776043,0.2257464194089247,0.0,0.0,3.909745466084427,42.68971184801752,83.55127902989345,211700.0,4.665249094992361,0.025001320665278187,100.0,0.0,62.24066390041494,37.75933609958506,217.05,390.1,561.385,0.359375,102.14621453926333,0.351824100012891,nan,1733.8209633099304,
10026,low,impaired,Fog-only,482,480,256.59033057371727,609.1275004295836,0.0,5.333333333333333,139.06148936342575,4.499451538901419,0.2782103598769697,0.36441857522459825,0.0,0.0,4.02770138657015,35.425967370421205,72.19256316975385,262799.9999999999,5.791343704128446,0.053092867893852924,100.0,0.0,100.0,0.0,21.7,42.33999999999997,53.91999999999994,0.203125,101.99070797693912,0.19916030002059415,nan,3062.8594149382334,
10026,low,impaired,DRL-OO,482,480,275.8414898800832,667.8294253082278,0.4149377593360996,5.333333333333333,120.74602738275993,4.374439170759569,0.28046485190404047,0.36359045575053656,0.0,0.0,3.8778948041026635,36.92354890040103,73.43187574284052,198560.0,4.375681909785938,0.03944109234641989,99.5850622406639,0.0,100.0,0.0,267.70000000000005,509.77499999999975,798.337,0.375,97.50324100516755,0.38460260001011193,nan,1586.0527203507256,502
10027,low,impaired,DT-KF-CostAware,475,472,258.4075369140838,559.4231832325283,0.0,5.2444444444444445,131.4056133281931,4.374075769735225,0.31594960967522184,0.7028943081152632,0.0,0.0,3.783360817444212,38.80048455746558,73.4719320958715,324120.0,3.8026583176815283,0.04595603642601622,100.0,0.0,99.57894736842105,0.42105263157894735,212.5,413.02000000000015,774.8000000000005,0.328125,100.43396655141672,0.32670720003079623,nan,1741.6206313982816,
10027,low,impaired,DT-OPT,475,472,266.4964907121454,599.6110257907651,1.263157894736842,5.2444444444444445,112.07631499599935,4.348556817795171,0.29586798079462895,0.3579142842391936,0.0,0.0,3.825424395494878,35.20199386671035,71.35005473089969,334340.00000000006,3.922561958329145,0.04816489684949984,98.73684210526316,0.0,99.78947368421052,0.21052631578947367,208.1,408.64000000000004,521.7640000000013,0.3125,96.67248660625249,0.3232564000063576,nan,1760.2126361266453,
10027,low,impaired,SemiGreedy,475,472,217.42937853463835,408.96214553307067,0.0,5.2444444444444445,252.1337509658396,8.891568085384641,0.31140332195413006,0.2466239915819011,0.0,0.0,3.5957370989134763,43.74064261475625,89.47628384417438,275940.0,3.2373982974856252,0.024548049883043137,100.0,0.0,63.36842105263158,36.63157894736842,211.8,385.3800000000004,628.2160000000014,0.3125,97.67523562422215,0.3199377999990247,nan,1778.470690245837,
10027,low,impaired,Fog-only,475,472,254.8140851829514,552.3239994004939,0.0,5.2444444444444445,127.55466461622764,3.9346856974087956,0.29297269551918215,0.3812183436002738,0.0,0.0,3.792011636597107,39.36335895494777,79.23344141027638,359160.0,4.213756514187639,0.06382607231531738,100.0,0.0,100.0,0.0,22.2,36.42,55.5,0.171875,95.5802045217423,0.17982279998250306,nan,3164.2261162397886,
10027,low,impaired,DRL-OO,475,472,279.20068352067307,722.995408579066,1.263157894736842,5.2444444444444445,97.98880675446189,4.432412526568991,0.29509230511418544,0.36748482449195036,0.0,0.0,3.84981466119881,34.76183809048363,68.36187106794956,350400.0000000001,4.1109819650611135,0.06157162296410608,98.73684210526316,0.0,100.0,0.0,273.5,518.4600000000003,912.052,0.375,100.5919635823672,0.37279320001835003,nan,1526.315394089785,503
10028,low,impaired,DT-KF-CostAware,492,492,263.0457333064442,504.68987143532684,0.2032520325203252,5.466666666666667,127.86069317183807,4.334679513785,0.3187234690879755,0.9262545521881366,0.0,0.0,3.693615382038667,40.45079722265226,77.04678171446714,173740.0,4.8237447963027025,0.03741631884570612,99.79674796747967,0.0,99.59349593495935,0.4065040650406504,218.8,501.00999999999885,773.5400000000008,0.359375,94.18625435186809,0.38155779999215156,nan,1546.2925931854518,
10028,low,impaired,DT-OPT,492,492,271.34342163525804,505.7517378585881,1.4227642276422765,5.466666666666667,117.18245103646571,3.800524413516491,0.28310319271111356,0.41834420971131514,0.0,0.0,3.7389695386831576,39.13448634653592,76.14477397529852,173740.00000000003,4.823744796302703,0.033268494528203,98.57723577235772,0.0,100.0,0.0,207.6,399.3249999999998,652.9200000000005,0.34375,99.83608003371879,0.3443144000484608,nan,1713.550173669646,
10028,low,impaired,SemiGreedy,492,492,218.99509106753118,376.1549120010549,0.0,5.466666666666667,261.6385150008694,8.816531622134304,0.3136147089443486,0.2595452811393934,0.0,0.0,3.346526177909561,47.54883248267566,95.87587444588752,140160.0,3.8914243734878946,0.021327218766475364,100.0,0.0,63.61788617886179,36.38211382113821,210.95,397.7549999999999,669.7020000000003,0.34375,102.49720463208115,0.3353749999660067,nan,1759.2247485942655,
10028,low,impaired,Fog-only,492,492,251.06204415515734,456.4509944745885,0.0,5.466666666666667,155.5299628709705,4.167401836075106,0.29597341439660724,0.3906274206041828,0.0,0.0,3.5230892205988247,45.16591644998204,90.26014076182086,164980.0,4.580530772959709,0.03654074265774885,100.0,0.0,100.0,0.0,21.9,39.155,57.04300000000001,0.203125,106.59853456302669,0.19055140001000836,nan,3096.277434692221,
10028,low,impaired,DRL-OO,492,492,298.5077830926645,613.612565290087,2.845528455284553,5.466666666666667,80.48444619886149,4.585968717993561,0.2918811040966628,0.3886805056006577,0.0,0.0,3.6384408557850327,36.11204282852191,69.07493700521434,173740.0,4.8237447963027025,0.032528081482386784,97.15447154471545,0.0,100.0,0.0,259.1,488.29999999999984,760.2940000000002,0.359375,96.56335227448037,0.3721650000079535,nan,1585.3183399497298,504
10029,low,impaired,DT-KF-CostAware,478,475,272.09944569990057,596.5143027851526,1.4644351464435146,5.277777777777778,120.78576974578954,4.574869696291628,0.31682106576358043,0.5133212084189482,0.0,0.0,3.7838268661583787,36.01565984131882,71.33346435735568,191260.0,5.074741394086597,0.03910166665952302,98.53556485355648,0.0,99.16317991631799,0.8368200836820083,209.3,396.19999999999936,544.49,0.328125,101.23987024028007,0.32410649996018037,nan,1749.4249577520397,
10029,low,impaired,DT-OPT,478,475,284.3687541007967,689.2864885855681,2.928870292887029,5.277777777777778,107.2658117875514,3.9160233420096637,0.28837068201589117,0.36239158368133634,0.0,0.0,3.812568598012157,35.45818503471522,72.51331994756562,197100.0,5.2296953297838975,0.03915944867528005,97.07112970711297,0.0,100.0,0.0,201.8,349.15999999999957,556.5940000000003,0.3125,99.96826607404671,0.31259919999865815,nan,1813.8242196475035,
10029,low,impaired,SemiGreedy,478,475,215.0248480025587,377.16381390160404,0.0,5.277777777777778,248.9043140133182,9.211129844301315,0.2992344580748454,0.27423535510627267,0.0,0.0,3.355665489664826,36.03931129711686,70.82228435788123,131400.0,3.486463553189265,0.015374339496138398,100.0,0.0,57.94979079497908,42.05020920502092,214.6,361.1899999999996,638.6780000000022,0.328125,102.45757671946129,0.320254499965813,nan,1770.4669257122912,
10029,low,impaired,Fog-only,478,475,264.0511267118979,582.5154094768205,0.0,5.277777777777778,109.89408009577984,4.391841544771184,0.28102786728154994,0.38826422445242914,0.0,0.0,3.8065459479848323,37.39609687058985,73.4248198605312,198559.99999999997,5.268433813708222,0.041793501760134556,100.0,0.0,100.0,0.0,21.2,33.2,69.65200000000009,0.15625,90.58580170446922,0.17248840001411736,nan,3287.1775722517787,
10029,low,impaired,DRL-OO,478,475,288.6635517221927,718.6092607598526,2.092050209205021,5.277777777777778,94.375928132395,4.331953768176334,0.286136185966434,0.406297270042498,0.0,0.0,3.786645469811549,34.207851875922806,64.10668054493664,229220.0,6.081941976119051,0.0421805010813551,97.90794979079497,0.0,100.0,0.0,261.1,469.08,645.2180000000001,0.359375,102.40984797485798,0.350918400043156,nan,1615.760244918107,505
10000,medium,impaired,DT-KF-CostAware,867,865,360.7172715355213,799.3936594596156,6.459054209919262,9.61111111111111,126.4681033550647,7.793005286344247,0.3841493147452311,0.7516193707587908,0.0,0.0,4.820869612553022,51.23702661075234,97.80435277683414,366459.99999999994,6.343609833547319,0.09135271156666525,93.54094579008074,0.0,98.84659746251442,1.1534025374855825,209.4,475.00999999999993,628.104,0.671875,100.62225175352512,0.6677200999693014,nan,1609.956028056402,
10000,medium,impaired,DT-OPT,867,865,375.7721454560275,875.3358197637339,9.457900807381776,9.61111111111111,108.87907096622823,6.794539639762986,0.3375554811545193,0.5921939455480104,0.0,0.0,4.890708912501352,50.59557757219612,98.0784031219987,400039.99999999994,6.924896790406237,0.10763909309735506,90.54209919261822,0.0,99.88465974625144,0.11534025374855825,201.0,365.60999999999996,590.2679999999999,0.609375,99.17746381923743,0.6144289000076242,nan,1749.5921822470602,
10000,medium,impaired,SemiGreedy,867,865,284.6177185723499,497.17992471503567,0.3460207612456747,9.61111111111111,299.0306862093395,14.650831207770526,0.3372248129551497,0.35409453560138493,0.0,0.0,4.37811353648299,56.096936821812754,108.40250768127247,313900.0,5.433769379333362,0.048010261109866635,99.65397923875433,0.0,67.35870818915802,32.641291810841984,211.1,388.73,584.6419999999999,0.59375,98.40506724460042,0.6033733999938704,nan,1781.649638533818,
10000,medium,impaired,Fog-only,867,865,342.90762377761916,711.5563984559988,1.2687427912341407,9.61111111111111,119.31806728391616,7.235768049285153,0.3290522067086405,0.6127406822633796,0.0,0.0,4.76860268889991,51.136315575832896,98.27731873317532,344559.99999999994,5.964509644291502,0.09249054877867056,98.73125720876585,0.0,100.0,0.0,22.3,37.9,54.778,0.34375,99.52658641208119,0.3453850999940187,nan,3112.4677932505388,
10000,medium,impaired,DRL-OO,867,864,364.7602658131869,894.763910745727,7.151095732410611,9.6,117.76523525789595,7.196603158235004,0.3346480467804911,0.5341802854047945,0.11534025374855825,0.0,4.709547731198057,50.55352205310864,99.41821456519408,386899.99999999994,6.697923643670461,0.10049149078589595,92.84890426758939,0.0,98.50057670126874,1.3840830449826989,284.8,581.0799999999999,889.0599999999993,0.78125,96.23441064124552,0.8118198000011034,nan,1324.1854904235383,501
10001,medium,impaired,DT-KF-CostAware,821,814,328.32875337616076,648.0193324952523,2.5578562728380025,9.044444444444444,131.15857142793428,8.185303193984133,0.3686215899282976,0.7821818964000078,0.0,0.0,5.0552398835071894,48.55674883596948,99.07284536319716,343100.0,6.610297074187339,0.07847617322383889,97.44214372716199,0.0,98.17295980511571,1.8270401948842874,203.3,373.7099999999999,578.7979999999999,0.5625,97.11302401694776,0.5792220000294037,nan,1766.1621967882234,
10001,medium,impaired,DT-OPT,821,815,353.22163427617016,776.2621818474571,5.84652862362972,9.055555555555555,108.41470396416396,7.050414847809762,0.33213184340410984,0.6367431649986579,0.0,0.0,4.983965035968532,48.68915320745231,97.83656579351799,367919.99999999994,7.088488777426422,0.09908751832473449,94.15347137637028,0.0,100.0,0.0,208.8,430.3599999999999,653.9179999999998,0.609375,96.35106366879195,0.6324527999968268,nan,1617.5120103905504,
10001,medium,impaired,SemiGreedy,821,816,275.10217947587506,487.815647813008,0.48721071863581,9.066666666666666,273.9983624278584,13.905511941318553,0.3294170895589632,0.36492059706238944,0.0,0.0,4.579189593835902,50.41433261285978,96.44582368621415,303680.0,5.850816133748793,0.05380175368368117,99.51278928136419,0.0,66.38246041412911,33.61753958587089,213.7,398.2199999999998,679.3799999999987,0.59375,99.54657061218579,0.5964544999878854,nan,1715.1350187160601,
10001,medium,impaired,Fog-only,821,815,325.85104317906973,645.6154929881706,0.48721071863581,9.055555555555555,110.5675370546086,7.227308441629864,0.32022625452215503,0.570220696807159,0.0,0.0,5.005662859890024,48.99232798308454,95.57137364432103,346020.0,6.666554921627231,0.08651403022533237,99.51278928136419,0.0,100.0,0.0,21.6,34.6,49.056,0.3125,97.81213808789249,0.3194900000235066,nan,3201.9781524452483,
10001,medium,impaired,DRL-OO,821,814,352.37024768569506,771.5897503547283,5.724725943970768,9.044444444444444,105.40256327078909,7.452605240709147,0.33158562554416554,0.5649324833778875,0.0,0.0,5.006032796780159,48.494979264308455,95.35734700705403,346020.0,6.666554921627231,0.09388007791821534,94.27527405602923,0.0,99.75639464068209,0.243605359317905,263.0,506.14,842.6759999999999,0.65625,100.05238552284192,0.6559064000030048,nan,1559.673758321787,502
10002,medium,impaired,DT-KF-CostAware,923,919,356.1391656925668,726.0469226030764,4.658721560130011,10.21111111111111,152.45412062129392,9.196138627872458,0.3884248616111179,0.9399683462770069,0.0,0.0,4.916781088639646,51.67589375797362,102.13896104475897,1076020.0,4.433296951584064,0.14908395112072925,95.34127843987,0.0,98.37486457204767,1.6251354279523293,201.6,374.9,625.1400000000008,0.640625,100.33633129729118,0.6384776000049897,nan,1771.4012206397865,
10002,medium,impaired,DT-OPT,923,919,380.3397840244119,800.120673763567,9.967497291440953,10.21111111111111,123.02014925112852,7.590768274216009,0.34928983474093545,0.6262939772331978,0.0,0.0,4.94666592106803,49.749184860194596,98.63662986539983,1125660.0,4.637818113529598,0.17957150835549676,90.03250270855905,0.0,99.45828819068255,0.5417118093174431,198.5,366.65,600.8800000000005,0.625,98.05030497663479,0.6374279000447132,nan,1774.3183188571832,
10002,medium,impaired,SemiGreedy,923,919,295.4829354846672,519.1191394379643,0.21668472372697725,10.21111111111111,322.0342303369859,16.064124760878805,0.3485709506930669,0.42225081565037054,0.0,0.0,4.780604195432361,59.12929681046186,114.51454997353707,1071640.0,4.415250966706518,0.11091374194269732,99.78331527627303,0.0,68.79739978331527,31.202600216684722,216.2,516.85,728.1300000000015,0.703125,98.80623102699691,0.7116200999589637,nan,1589.3311614795875,
10002,medium,impaired,Fog-only,923,919,348.6514609174247,692.3676433025192,0.9750812567713976,10.21111111111111,135.11464726267897,8.184085022723592,0.34333831927689423,0.6910622524792983,0.0,0.0,4.907466756040943,52.80834410903641,103.63866983963334,1306700.0,5.383718821801544,0.30097967799250724,99.0249187432286,0.0,100.0,0.0,22.8,40.7,64.4700000000001,0.390625,100.92216701508114,0.38705570000456646,nan,2922.0600548878533,
10002,medium,impaired,DRL-OO,923,918,378.9446159659874,807.9582370513014,9.100758396533044,10.2,129.1595361125101,7.941705604994651,0.35148622844106275,0.620904631940579,0.0,0.0,4.959478470295915,52.10285103572097,103.47122290644212,1157780.0,4.770155335964943,0.1952468441555956,90.89924160346696,0.0,99.24160346695558,0.7583965330444203,261.4,479.70000000000005,716.1600000000004,0.6875,95.58444360264086,0.7192593000363559,nan,1572.450992212172,503
10003,medium,impaired,DT-KF-CostAware,871,868,330.4311722776552,687.7157163252452,1.148105625717566,9.644444444444444,137.5336389580703,8.31008270999978,0.3798249525822708,0.8870471765409011,0.0,0.0,4.941102570482465,49.86350652731596,93.14578491772998,518300.00000000023,5.521496443785565,0.1059648604127487,98.85189437428244,0.0,98.85189437428244,1.148105625717566,206.2,399.2799999999999,651.9269999999993,0.609375,97.78118740605252,0.6232026999932714,nan,1716.9373624529428,
10003,medium,impaired,DT-OPT,871,868,369.1147679195602,861.177856769924,8.725602755453501,9.644444444444444,116.43474424014532,7.240698667590252,0.34995500161351656,0.6276832942751925,0.0,0.0,5.086207342140132,50.62645316851319,97.49703134169218,544580.0,5.801459643752154,0.12040500360860087,91.27439724454649,0.0,99.77037887485649,0.2296211251435132,202.0,391.0799999999998,613.8959999999993,0.59375,97.60641935682065,0.6083103999844752,nan,1758.9704204092313,
10003,medium,impaired,SemiGreedy,871,868,281.97570867681253,504.9494963700152,0.2296211251435132,9.644444444444444,295.09315212618685,14.523244896772447,0.34661815365536675,0.4531796783869355,0.0,0.0,4.6199047756860505,53.86613337417955,105.24013158263884,442380.00000000023,4.712713866104299,0.05749746299883279,99.77037887485649,0.0,67.85304247990815,32.146957520091846,215.35000000000002,441.0099999999997,764.2549999999994,0.625,96.81678793665138,0.6455492000095546,nan,1657.5034094754717,
10003,medium,impaired,Fog-only,871,868,329.65213595171,679.8205201489864,0.1148105625717566,9.644444444444444,127.84910943523214,7.370858223950206,0.33836429068068763,0.6394920893596795,0.0,0.0,4.890670095576908,50.82337920869337,99.69175890178458,515379.9999999999,5.490389421567051,0.13355494927423534,99.88518943742824,0.0,100.0,0.0,22.9,45.7,68.05099999999989,0.390625,100.65906076498536,0.38806740002473816,nan,2757.252992474479,
10003,medium,impaired,DRL-OO,871,868,360.90988533155985,835.2991592540704,7.003444316877153,9.644444444444444,117.2756829989264,7.423162277942035,0.3480652859984064,0.6475806116584849,0.0,0.0,4.987326895757671,50.21421709075853,98.80517392677822,588379.9999999998,6.268064977029805,0.12895614008983433,92.99655568312285,0.0,99.65556831228473,0.34443168771526983,272.7,542.8499999999999,890.8699999999991,0.71875,98.75660793497961,0.7277993999887258,nan,1470.185328562479,504
10004,medium,impaired,DT-KF-CostAware,911,908,309.4242676452925,613.1970951940176,1.2074643249176729,10.088888888888889,160.67859850806036,8.094587372196147,0.35086346819913616,0.7833336578527201,0.0,0.0,5.16151043259284,43.83784254968659,90.13276022690468,595680.0,5.1728494873435915,0.12044707995699848,98.79253567508233,0.0,98.79253567508233,1.2074643249176729,205.9,387.54999999999995,575.4639999999954,0.625,99.69688954741781,0.6269002000335604,nan,1746.68950487076,
10004,medium,impaired,DT-OPT,911,908,333.8181222434172,708.0714182564059,4.939626783754116,10.088888888888889,139.03014222842157,7.237210240140383,0.3224156088080656,0.5836699053426777,0.0,0.0,5.165467191842152,42.83065862122897,86.21292134846668,659920.0,5.730705804606136,0.14556882049380618,95.06037321624588,0.0,99.78046103183316,0.21953896816684962,238.0,561.8499999999999,852.1739999999993,0.828125,97.86478971389819,0.8461929999757558,nan,1294.0310307830161,
10004,medium,impaired,SemiGreedy,911,908,270.89348814703214,458.41056384692,0.32930845225027444,10.088888888888889,301.4927249313838,14.81334473532969,0.3233635430455044,0.429041705817953,0.0,0.0,4.778081121997594,47.05141559622379,93.7599225831453,522680.0000000001,4.5389218540907015,0.07779365117931668,99.67069154774973,0.0,69.37431394072448,30.625686059275523,251.6,566.3199999999998,854.661999999999,0.796875,99.19040712027707,0.8033790999907069,nan,1362.9928884292192,
10004,medium,impaired,Fog-only,911,908,309.8619428221127,612.5322714480924,0.10976948408342481,10.088888888888889,139.22292795478427,7.296638370920918,0.31175092316680064,0.6375457784816391,0.0,0.0,5.221991063000857,43.30866242396812,84.45290918125941,795700.0,6.909811202456513,0.23887533412610784,99.89023051591657,0.0,100.0,0.0,22.8,41.529999999999994,59.82999999999997,0.375,98.01935555155914,0.38257750001503155,nan,2862.165182105527,
10004,medium,impaired,DRL-OO,911,908,334.26156044608257,708.0714182564059,4.939626783754116,10.088888888888889,134.89911442913314,7.3278684163101655,0.3225795913725545,0.5987988342097141,0.0,0.0,5.193225305537671,43.800296332854145,82.66492158014323,680360.0,5.908205541916945,0.17334855652539133,95.06037321624588,0.0,99.89023051591657,0.10976948408342481,268.1,542.0799999999999,823.8199999999994,0.703125,96.53052973273337,0.7283964999951422,nan,1503.302116371101,505
10005,medium,impaired,DT-KF-CostAware,889,886,328.9331320224147,650.8273699072737,2.249718785151856,9.844444444444445,165.73398881953142,8.846030393108755,0.37301747780849587,0.7726474690294528,0.0,0.0,5.37734050858956,50.480493114282716,97.95317897315394,643860.0,6.018824320365306,0.11431229256042492,97.75028121484814,0.0,97.97525309336334,2.0247469066366706,202.8,345.72999999999996,584.539999999999,0.609375,100.48193403168683,0.6064522999804467,nan,1794.0405206395942,
10005,medium,impaired,DT-OPT,889,886,357.99958509179606,832.2650528492653,5.399325084364454,9.844444444444445,135.7122021619339,7.418589679741838,0.33953259513193523,0.6593380228572199,0.0,0.0,5.435368866791644,50.830534406867386,99.96700444605034,694960.0,6.496508790235569,0.14692576571911678,94.60067491563555,0.0,99.8875140607424,0.1124859392575928,209.45,413.6899999999994,621.352999999999,0.65625,98.27924093744315,0.6677402000059374,nan,1629.3762154657243,
10005,medium,impaired,SemiGreedy,889,888,284.1204395506712,505.0144674670686,0.4499437570303712,9.866666666666667,305.3161319797801,14.644284908416948,0.33654207113204865,0.409418775701247,0.0,0.0,5.3287182176088495,54.15779892168487,109.42930607004895,649700.0,6.073416831207622,0.08628888070870074,99.55005624296963,0.0,70.4161979752531,29.583802024746905,222.55,470.6849999999999,690.3169999999999,0.703125,100.08167376322533,0.7025511999963783,nan,1548.6415794402012,
10005,medium,impaired,Fog-only,889,886,330.86660804484313,676.9310466697206,0.562429696287964,9.844444444444445,142.63973577298648,7.4519310354732395,0.33145547055827507,0.6190507734625381,0.0,0.0,5.574081413420961,52.57240072643139,105.41469296048346,801540.0,7.49282211310783,0.19748964122814847,99.43757030371204,0.0,100.0,0.0,23.0,43.16499999999999,60.1629999999994,0.390625,100.79469439780885,0.38754520000657067,nan,2807.4144641232906,
10005,medium,impaired,DRL-OO,889,886,354.70192186762796,783.8211818749213,5.174353205849269,9.844444444444445,132.8539067705372,7.650888903986979,0.33584255303318317,0.6088237763281449,0.0,0.0,5.541378959439089,50.69916807550435,97.6912949299863,661380.0,6.182601852892253,0.14622783277643,94.82564679415073,0.0,99.8875140607424,0.1124859392575928,262.3,477.0699999999995,659.4489999999956,0.671875,98.24997689085068,0.6838424000306986,nan,1591.0098583403985,501
10006,medium,impaired,DT-KF-CostAware,849,847,339.8734320222669,705.9914266041602,3.415783274440518,9.411111111111111,156.4305452412757,8.514801401503613,0.3737127961786561,0.6374642820129399,0.0,0.0,4.5182108781767,46.80943823526427,91.2336996061852,938780.0,4.6250054562235485,0.13433940120064258,96.58421672555949,0.0,97.99764428739694,2.0023557126030624,205.45,353.925,535.3850000000001,0.59375,98.71611689562663,0.6014721999526955,nan,1755.6921169142183,
10006,medium,impaired,DT-OPT,849,847,359.31839699856624,816.8600132384515,4.829210836277974,9.411111111111111,129.3582479534216,7.223806679618227,0.33275398624295677,0.612208135089794,0.0,0.0,4.511056986229009,46.503756792053046,92.85494751357903,941700.0,4.639391165263124,0.14763742273265887,95.17078916372202,0.0,99.64664310954063,0.35335689045936397,195.7,380.5,541.8300000000006,0.578125,99.3290553201111,0.5820300999912433,nan,1814.3391553390238,
10006,medium,impaired,SemiGreedy,849,848,273.6559164266141,470.075477023431,0.0,9.422222222222222,319.57779127590703,14.788541499743578,0.3370626064665115,0.3374465340484758,0.0,0.0,4.311721276189334,49.283103564481834,96.49298946677017,873080.0,4.301327002833098,0.08973843075111038,100.0,0.0,66.43109540636043,33.56890459363957,212.7,393.825,648.7950000000005,0.59375,99.25202005731988,0.5982246000203304,nan,1765.223295672081,
10006,medium,impaired,Fog-only,849,847,338.0876315615879,674.0451658235411,0.7067137809187279,9.411111111111111,137.5686996495375,7.168791817982709,0.3313287044186969,0.5821575100135679,0.0,0.0,4.5808895960411,46.791858635419906,88.95820236697921,1109600.0,5.4665694350387195,0.281982055506372,99.29328621908127,0.0,100.0,0.0,22.2,40.05,60.94500000000019,0.359375,103.22074576677014,0.3481616000062786,nan,3033.0742964788665,
10006,medium,impaired,DRL-OO,849,847,363.10002080087645,839.6350278547541,4.122497055359246,9.411111111111111,124.62456064973398,7.365084844752327,0.33111061906264283,0.5786869972574697,0.0,0.0,4.540505498524739,46.989934339725885,91.30120784691823,982580.0,4.840791091817182,0.1894356904637918,95.87750294464075,0.0,99.17550058892814,0.8244994110718492,273.1,576.6,862.9100000000008,0.734375,99.58801920140802,0.7374129999661818,nan,1432.033338235736,502
10007,medium,impaired,DT-KF-CostAware,930,925,326.7264325776294,639.2250215902149,2.150537634408602,10.277777777777779,156.8254290091705,9.777925152734788,0.3659488375351092,0.7966344270981317,0.0,0.0,4.622316249088856,48.73047486273542,95.39345964988776,378140.0,5.386638845053577,0.08395531102387843,97.84946236559139,0.0,98.49462365591398,1.5053763440860215,206.05,377.85,658.9449999999986,0.640625,97.80977855378651,0.6549702999764122,nan,1749.697658109492,
10007,medium,impaired,DT-OPT,930,926,356.76488715968526,737.7934277068525,6.236559139784946,10.28888888888889,126.43107774692076,8.64029714608496,0.3291267390577654,0.671296064333492,0.0,0.0,4.574768398947603,49.41927989116691,95.35200185834695,436540.0,6.218552180196987,0.12053399458206746,93.76344086021506,0.0,100.0,0.0,201.6,392.65,622.615,0.65625,100.07640117989277,0.6557490000268444,nan,1747.6198971757274,
10007,medium,impaired,SemiGreedy,930,927,279.06043187283956,453.27331797852565,0.21505376344086022,10.3,313.381450852903,16.154336231749156,0.3325731452020591,0.44394406336690184,0.0,0.0,4.153024202855169,52.35815499991074,99.38807511435678,347480.0,4.949884344103287,0.050072706804015654,99.78494623655914,0.0,68.06451612903226,31.93548387096774,211.2,415.575,693.0149999999999,0.671875,100.77259867105172,0.6667239000089467,nan,1718.85243649526,
10007,medium,impaired,Fog-only,930,926,325.9281998574651,627.0034425749169,0.10752688172043011,10.28888888888889,139.39951480698267,8.995142043356914,0.32120845275138726,0.6269712674606331,0.0,0.0,4.579061125139884,49.668289886881645,96.86463228403923,459899.99999999994,6.551317514254349,0.1257450569780265,99.89247311827957,0.0,100.0,0.0,22.0,37.275,64.48999999999982,0.359375,96.8631565771251,0.3710131000261754,nan,3088.83971999681,
10007,medium,impaired,DRL-OO,930,927,351.2548679048296,714.1065616382901,5.591397849462366,10.3,130.26171129952854,8.853276924016548,0.3286367563572326,0.5837490605291535,0.0,0.0,4.544229567015829,48.39743582321651,96.39116043301284,416099.99999999994,5.927382512896792,0.11192875601113131,94.40860215053763,0.0,99.89247311827957,0.10752688172043011,270.35,533.95,821.6499999999996,0.765625,99.72837410311615,0.7677102999878116,nan,1492.7505857589695,503
10008,medium,impaired,DT-KF-CostAware,909,904,339.95837260347975,703.4946746427066,5.720572057205721,10.044444444444444,149.3001962675089,9.259944364176455,0.3777035967664592,0.7616350435624395,0.0,0.0,4.934597299383907,47.09860090374939,93.43267337820424,633639.9999999991,5.675237142942095,0.11227119536534777,94.27942794279429,0.0,98.12981298129813,1.87018701870187,209.5,399.9899999999997,655.4619999999998,0.671875,100.07137369369448,0.6713958000182174,nan,1666.677092662238,
10008,medium,impaired,DT-OPT,909,902,357.5617510502836,776.3574975454853,6.49064906490649,10.022222222222222,121.66120234940067,7.808174890700364,0.33895068966746283,0.6553250950938668,0.0,0.0,4.979611160730333,45.5804964025453,91.0785678776874,667219.9999999991,5.975998558351469,0.14323096937876334,93.50935093509351,0.0,99.8899889988999,0.11001100110011001,201.0,370.31,614.2599999999995,0.609375,95.95970093787469,0.6350322000216693,nan,1762.1153698376495,
10008,medium,impaired,SemiGreedy,909,904,279.8635156324054,486.9907470157186,0.33003300330033003,10.044444444444444,306.5622358590359,15.351908500612952,0.33541825204165504,0.40371833775867155,0.0,0.0,4.750621192405933,49.161664391663024,103.13551545239571,617579.9999999991,5.531394726876742,0.08045291937102383,99.66996699669967,0.0,68.53685368536854,31.463146314631462,211.0,395.2299999999996,615.0759999999989,0.625,98.3952908764205,0.6351930000237189,nan,1761.6692878514327,
10008,medium,impaired,Fog-only,909,903,331.64910861712764,668.4753867011095,0.33003300330033003,10.033333333333333,122.23010019135693,7.977880144244139,0.32893132587403195,0.6275968708245334,0.0,0.0,5.071006849909861,46.224451220868495,93.12728981979728,744600.0,6.669057472120904,0.1797759005613319,99.66996699669967,0.0,100.0,0.0,22.1,37.10999999999999,58.06599999999992,0.359375,99.51493479967394,0.361126699950546,nan,3098.635465484108,
10008,medium,impaired,DRL-OO,909,904,358.4910976929366,782.3565686531338,7.370737073707371,10.044444444444444,120.25209768560171,8.089308138525242,0.33752270277848906,0.5796749960101228,0.0,0.0,5.077952298441706,46.75953229556195,91.90154680586224,702260.0,6.289836557039519,0.17548631411427648,92.62926292629263,0.0,99.77997799779978,0.22002200220022003,266.7,488.93999999999994,787.8299999999989,0.71875,100.66024719805634,0.7140355999581516,nan,1567.1487528991308,504
10009,medium,impaired,DT-KF-CostAware,867,865,325.96394790781017,613.4715386165531,2.5374855824682814,9.61111111111111,147.5502837884039,8.289811024477988,0.38340168318031215,0.8061898496918142,0.0,0.0,4.992723538994647,48.539311007205626,96.97252761246772,290540.0,6.561622884873714,0.08135414518344489,97.46251441753172,0.0,97.80853517877739,2.1914648212226067,209.2,472.2,713.3600000000013,0.671875,102.1733983091654,0.6575831000227481,nan,1613.484288089667,
10009,medium,impaired,DT-OPT,867,862,360.16105371856116,732.2289537783606,7.612456747404845,9.577777777777778,117.33734075592791,6.515306174603278,0.3507191169575978,0.6339965870307167,0.0,0.0,5.106193707264068,48.90962286373166,94.9344888100967,331420.0,7.48486630586097,0.10927014238129387,92.38754325259515,0.0,100.0,0.0,203.8,425.5,714.1000000000004,0.609375,97.02379170387974,0.6280676000169478,nan,1689.3086030410896,
10009,medium,impaired,SemiGreedy,867,865,277.42771003383893,463.4039311709336,0.3460207612456747,9.61111111111111,293.90688976456977,14.276214427205833,0.34987834322086564,0.38956150218064844,0.0,0.0,4.422061537205397,52.71175319255977,103.03201742477609,242360.0,5.47351456728159,0.04634545291657788,99.65397923875433,0.0,65.05190311418686,34.94809688581315,212.7,404.6,619.9600000000006,0.609375,101.50597809470203,0.6003340999595821,nan,1767.3492144981146,
10009,medium,impaired,Fog-only,867,864,329.0481232426361,629.3444132436989,0.461361014994233,9.6,126.3332863563378,7.129017290456655,0.3447423619729382,0.6248878293130466,0.0,0.0,4.955376659536482,50.48579525686893,104.32711197724907,305140.0,6.8913526780834475,0.09108601370284616,99.53863898500576,0.0,100.0,0.0,22.3,40.1,74.18000000000042,0.359375,102.94546490132943,0.3490925999940373,nan,3039.30819506951,
10009,medium,impaired,DRL-OO,867,862,359.4518274094044,717.876473379519,7.151095732410611,9.577777777777778,119.06444808254099,7.188727552867007,0.35440302462565904,0.613669403397183,0.0,0.0,4.91133070948373,49.09851236775951,99.92562737992995,351859.99999999994,7.946488016354596,0.10452189325250537,92.84890426758939,0.0,99.65397923875433,0.3460207612456747,262.9,507.9,767.22,0.671875,99.97144629410732,0.6720669000060298,nan,1578.711881198852,505
10010,medium,impaired,DT-KF-CostAware,890,888,323.2087211825258,629.6036998377976,2.134831460674157,9.866666666666667,162.46201013674363,9.271611716803667,0.36941153271285965,0.7356314242617444,0.0,0.0,5.146230612856618,50.453147898932514,97.73058016487718,645319.9999999999,5.4720935693064146,0.10314633168446824,97.86516853932584,0.0,97.97752808988764,2.0224719101123596,206.4,394.7749999999994,648.9769999999993,0.625,100.39338141985002,0.6225510000367649,nan,1757.2857483730547,
10010,medium,impaired,DT-OPT,890,888,354.37810592158957,713.4110043168158,5.730337078651686,9.866666666666667,129.0864302688005,7.878069863633234,0.3373791911093976,0.6364579895289313,0.0,0.0,5.246744157434424,50.943193157766466,98.04550583079343,747519.9999999999,6.33871472281648,0.1634957437958178,94.26966292134831,0.0,99.88764044943821,0.11235955056179775,207.2,425.8349999999998,719.7109999999964,0.65625,99.65734577370117,0.6585064000100829,nan,1661.3354099265382,
10010,medium,impaired,SemiGreedy,890,888,284.88733700242886,480.8273124077665,0.449438202247191,9.866666666666667,302.8368705687959,14.932872531355665,0.3392946051330727,0.4004143623012882,0.0,0.0,4.868000179597219,55.23873005808082,103.13411662006253,646780.0,5.484473871499416,0.08193617301375532,99.5505617977528,0.0,69.32584269662921,30.674157303370787,213.4,392.5799999999999,756.842999999999,0.640625,99.5029396210343,0.6438251999788918,nan,1699.2189806113017,
10010,medium,impaired,Fog-only,890,887,329.3494228124394,607.556413938961,0.33707865168539325,9.855555555555556,137.32780034142473,7.935361378453421,0.3277854965605665,0.6020392703008784,0.0,0.0,5.201610743364977,51.02898077262838,95.4335346669574,719780.0,6.1034889811494635,0.18064172737106945,99.66292134831461,0.0,100.0,0.0,21.7,38.23499999999999,62.93499999999997,0.34375,98.3560870804617,0.34949540003435686,nan,3130.227178648003,
10010,medium,impaired,DRL-OO,890,889,357.2857309738911,755.5928445961655,6.966292134831461,9.877777777777778,126.19583621470683,8.244155644998362,0.33608326483895007,0.5996058106431127,0.0,0.0,5.041773984829702,47.99667711492262,93.55969425158852,675980.0,5.732079915359435,0.14856345514165356,93.03370786516854,0.0,99.88764044943821,0.11235955056179775,266.6,506.1449999999996,743.4329999999993,0.71875,100.33470961681857,0.7163522999617271,nan,1527.1815279415584,501
10011,medium,impaired,DT-KF-CostAware,926,924,356.0301007494362,704.9725698999652,7.559395248380129,10.266666666666667,141.93181235542545,8.693103019407516,0.3953828102008897,0.7341587589295234,0.0,0.0,4.911883036031236,51.96751116854672,101.39344202982961,535820.0,6.167779676439627,0.10483857518256258,92.44060475161987,0.0,98.38012958963283,1.6198704103671706,202.7,360.28999999999996,574.0399999999986,0.625,98.75805035952924,0.6328598000109196,nan,1761.8436184140016,
10011,medium,impaired,DT-OPT,926,924,366.7735031250226,759.1828124065181,8.531317494600431,10.266666666666667,124.95107842020066,7.585863694978952,0.3510209370154027,0.592906850601965,0.0,0.0,4.953183236738405,51.45062514759858,101.29147047132788,550420.0,6.3358390681682275,0.12294831939345335,91.46868250539957,0.0,99.67602591792657,0.32397408207343414,198.5,370.81999999999994,544.7999999999995,0.625,99.49087732892538,0.6281982999644242,nan,1774.9172515480288,
10011,medium,impaired,SemiGreedy,926,924,285.34714581208686,464.8853146590675,0.6479481641468683,10.266666666666667,300.3469938549332,14.760311228995615,0.34190221343260374,0.39955382632669373,0.0,0.0,4.878793340013765,54.820785422176364,106.30224843252486,531440.0,6.117361858921047,0.0766221964322055,99.35205183585313,0.0,67.71058315334773,32.289416846652266,215.7,451.12999999999994,759.885999999998,0.703125,101.61760045179244,0.6919322999892756,nan,1611.4293262755352,
10011,medium,impaired,Fog-only,926,924,338.01510153803736,628.9543283710302,1.079913606911447,10.266666666666667,124.06504257401038,7.5889845092099755,0.34094726734267394,0.6232742308500946,0.0,0.0,4.9961610353353185,52.7067441455688,102.31952026240981,597140.0,6.873629121699748,0.16078406830412395,98.92008639308855,0.0,100.0,0.0,22.5,39.73,57.77199999999998,0.375,99.42023423245729,0.3771867999457754,nan,2956.09496451173,
10011,medium,impaired,DRL-OO,926,924,360.4885553244424,747.3102249477446,7.1274298056155505,10.266666666666667,123.92605491029933,7.818558842759922,0.3483621232723846,0.5861294288588353,0.0,0.0,5.010291175822366,51.596196258356535,102.95504917775288,527060.0,6.066944041402468,0.11773732296535042,92.87257019438445,0.0,99.13606911447084,0.8639308855291576,270.4,500.28,798.1759999999958,0.71875,99.0454430815136,0.7256770000094548,nan,1536.4962648471328,502
10012,medium,impaired,DT-KF-CostAware,860,857,335.09249178545656,690.4948456801021,2.0930232558139537,9.522222222222222,147.0713351634831,8.864405987384085,0.38169164474619927,0.8826616129391629,0.0,0.0,5.180958358666265,49.15564675739355,97.19513431396196,436540.00000000006,5.495437882694167,0.09129614910362341,97.90697674418605,0.0,97.44186046511628,2.558139534883721,203.6,377.33999999999986,547.3320000000001,0.609375,100.15321078610698,0.6084428000031039,nan,1770.09243924738,
10012,medium,impaired,DT-OPT,860,857,364.79223473553424,810.0962192725422,6.162790697674419,9.522222222222222,114.47223794631718,7.377905387740304,0.35004503008202703,0.6540689617446482,0.0,0.0,5.331091545305448,49.160180412197946,97.16147419218306,535820.0,6.745236464711569,0.1357443483981332,93.83720930232558,0.0,98.83720930232558,1.1627906976744187,210.6,414.1599999999998,655.86,0.65625,99.75449374678078,0.6578650999581441,nan,1637.1137488043107,
10012,medium,impaired,SemiGreedy,860,857,287.1395115543837,517.9843057138361,0.3488372093023256,9.522222222222222,300.33400903500643,14.768006529799788,0.353660201026683,0.39965253005084483,0.0,0.0,4.745607557800239,58.336018637636386,114.82678363492516,395660.00000000006,4.98081493715759,0.06284288091559297,99.65116279069767,0.0,69.4186046511628,30.58139534883721,211.1,424.7599999999999,713.2560000000001,0.640625,101.09701605347573,0.6336734999786131,nan,1699.6134445204816,
10012,medium,impaired,Fog-only,860,857,332.30021408857823,715.6773749007903,0.46511627906976744,9.522222222222222,135.92381528598602,7.812806866597843,0.34378822364287964,0.605146200950504,0.0,0.0,5.325712481999088,51.906434628761936,104.21215647331428,585460.0,7.370135755720271,0.14515359404900116,99.53488372093024,0.0,100.0,0.0,23.1,43.93999999999998,61.79200000000001,0.390625,99.05643751189677,0.3943458999856375,nan,2731.1048499280087,
10012,medium,impaired,DRL-OO,860,857,357.9310667373236,807.9628478156397,5.5813953488372094,9.522222222222222,122.98929905042539,7.902043015194284,0.3487749092020978,0.6346445809879833,0.0,0.0,5.250586714800008,50.49188772085008,98.37980854825899,535820.0,6.745236464711569,0.1308876324965041,94.4186046511628,0.0,98.25581395348837,1.744186046511628,272.8,536.8199999999998,827.5840000000001,0.71875,98.77536414139782,0.7276611999841407,nan,1480.084412943102,503
10013,medium,impaired,DT-KF-CostAware,948,941,367.6932429142491,699.0194813629153,6.540084388185654,10.455555555555556,146.13291904279154,9.609248874216677,0.399035519008474,0.8023535896584011,0.0,0.0,5.013263949482561,52.28150202835874,103.08927547747342,627799.9999999998,4.931331716419989,0.10347700460374572,93.45991561181435,0.0,97.9957805907173,2.0042194092827006,202.0,380.7600000000001,614.9270000000009,0.65625,99.26593878342088,0.6611028999905102,nan,1757.6688893917724,
10013,medium,impaired,DT-OPT,948,942,390.13159985447334,831.4701938686254,8.649789029535865,10.466666666666667,121.06881912807513,8.245307744718756,0.35222349850122436,0.6797128794345404,0.0,0.0,5.161985454216842,52.40556550504632,106.40747734706629,751900.0,5.90612984640999,0.16095400818653346,91.35021097046413,0.0,99.89451476793249,0.10548523206751055,200.85000000000002,383.55000000000024,603.3020000000001,0.640625,96.35287177696756,0.6648738000076264,nan,1747.700089831591,
10013,medium,impaired,SemiGreedy,948,942,287.41491255144103,476.5772436575784,0.5274261603375527,10.466666666666667,325.67243159478045,16.508257966729005,0.34362302293723485,0.3758278470483918,0.0,0.0,4.57337548957938,53.16884302987312,107.98491799076113,601519.9999999998,4.72490387712799,0.07516917588711979,99.47257383966245,0.0,65.71729957805907,34.28270042194093,213.5,381.92500000000007,663.3940000000044,0.65625,98.71211710939679,0.664812000002712,nan,1747.8625536170523,
10013,medium,impaired,Fog-only,948,942,359.62608893834243,702.098637568425,1.2658227848101267,10.466666666666667,121.30306536199043,8.314121072865994,0.344728628682683,0.6676889830610501,0.0,0.0,5.154424631251564,52.509514820226926,103.01074295862617,730000.0,5.73410664699999,0.1733055330594866,98.73417721518987,0.0,100.0,0.0,22.6,38.99000000000001,68.24800000000032,0.390625,100.44105354603504,0.38890969997737557,nan,2987.8401080446133,
10013,medium,impaired,DRL-OO,948,942,385.3475029039784,848.3038514843026,8.227848101265822,10.466666666666667,128.76278392741133,8.861654807501784,0.3531038760793591,0.5807155895115367,0.0,0.0,5.0954650676881315,53.97346211822328,104.73732821079187,766500.0,6.02081197934999,0.1667921992439554,91.77215189873418,0.0,97.8902953586498,2.109704641350211,273.2,595.0100000000001,916.7850000000021,0.796875,97.68657354248612,0.8157466999837197,nan,1424.4617845505113,504
10014,medium,impaired,DT-KF-CostAware,904,902,360.3681669926929,723.2880602612304,3.7610619469026547,10.022222222222222,139.55084211949736,9.491102956530591,0.38932757041037985,0.9739438312533804,0.0,0.0,5.00836834234476,52.298127344314125,104.24697228931853,686199.9999999999,4.725643087231913,0.11496039919772824,96.23893805309734,0.0,97.78761061946902,2.2123893805309733,206.25,362.775,518.5750000000005,0.640625,99.51182701358162,0.6437677000067197,nan,1718.0110154461859,
10014,medium,impaired,DT-OPT,904,902,388.6582892606066,852.6315416178428,9.623893805309734,10.022222222222222,114.66845744459397,7.950962358881461,0.3529670203736932,0.6734220090323615,0.0,0.0,5.0072696435207105,50.78059618144106,96.32005839506192,713940.0,4.916679722673204,0.13807760102311414,90.37610619469027,0.0,99.5575221238938,0.4424778761061947,195.85000000000002,387.95000000000005,603.6350000000011,0.640625,102.0785543918944,0.627580400032457,nan,1762.323998555086,
10014,medium,impaired,SemiGreedy,904,903,298.5949344419325,505.931251915948,0.22123893805309736,10.033333333333333,302.56103351728666,15.886986782794159,0.3563985875406355,0.41915411377179024,0.0,0.0,4.4006365332352315,58.1590525677021,116.78963312204938,635099.9999999999,4.373733495629537,0.07972608630901917,99.77876106194691,0.0,66.70353982300885,33.296460176991154,219.64999999999998,420.3,641.9750000000003,0.65625,98.50762265474965,0.6661920999758877,nan,1660.1818004747142,
10014,medium,impaired,Fog-only,904,902,354.19232485864313,703.3857692729545,0.8849557522123894,10.022222222222222,112.83953693697337,8.460680874908762,0.3472387196340512,0.678546170269549,0.0,0.0,4.949717230596537,52.71268627490171,104.11145583192507,798620.0,5.499844188757143,0.1954491972033528,99.11504424778761,0.0,100.0,0.0,22.5,37.75,57.04500000000005,0.375,101.70804420848594,0.36870240001007915,nan,2999.709250522279,
10014,medium,impaired,DRL-OO,904,901,374.66152487899205,795.6490942546151,7.411504424778761,10.011111111111111,113.48130246250464,8.289651054176177,0.3516307115400934,0.6552318612090139,0.0,0.0,4.894265801987442,50.51164665623922,97.709291800693,797160.0,5.489789628997075,0.16358986755001906,92.58849557522124,0.0,99.5575221238938,0.4424778761061947,273.2,560.65,860.3100000000006,0.75,98.47314112056385,0.7616290000150912,nan,1452.1505877245816,505
10015,medium,impaired,DT-KF-CostAware,923,917,350.00202659615854,715.4458957032844,4.117009750812568,10.188888888888888,140.21399270675929,8.63777509104285,0.38013995722061555,0.8380205672473179,0.0,0.0,5.453589949299112,50.501985990223886,100.52786843570425,756279.9999999999,5.997855688077243,0.128599387646701,95.88299024918743,0.0,98.37486457204767,1.6251354279523293,208.2,420.3,709.869,0.671875,98.18962805192243,0.6842626999714412,nan,1657.2582431386795,
10015,medium,impaired,DT-OPT,923,917,374.22321567500217,787.2654734628197,6.933911159263272,10.188888888888888,119.6908942542195,7.171740506953653,0.34042383340175203,0.6867051148843265,0.0,0.0,5.452270967239269,52.07823519416036,105.98434925769509,779640.0000000001,6.183117639832527,0.16731466469402728,93.06608884073673,0.0,99.67497291440954,0.3250270855904659,201.55,391.92499999999967,642.6420000000008,0.65625,99.3145066779518,0.6607796000316739,nan,1716.1546753950072,
10015,medium,impaired,SemiGreedy,923,917,284.57991968409146,484.99730645143086,0.866738894907909,10.188888888888888,315.8842779775212,15.859196983996096,0.3408901173583487,0.3858875763101562,0.0,0.0,5.190638789948558,54.13093287007609,107.47662775949227,668680.0,5.303123368994937,0.08322817375164941,99.13326110509209,0.0,68.03900325027085,31.960996749729144,239.85000000000002,607.9399999999996,1018.1930000000006,0.8125,96.88049572959642,0.8386621000245214,nan,1352.1536265521518,
10015,medium,impaired,Fog-only,923,917,345.71825641770215,678.7471404871318,1.191765980498375,10.188888888888888,124.91829458109399,7.852772649786264,0.33791811603896743,0.6425553083144336,0.0,0.0,5.532750076011689,56.096896813973714,109.36263320899371,878920.0,6.970480934792472,0.2065319311516835,98.80823401950163,0.0,100.0,0.0,28.5,63.17999999999993,96.70700000000015,0.5625,98.00850209304306,0.5739297999534756,nan,1975.8514021957483,
10015,medium,impaired,DRL-OO,923,917,369.0518407592911,793.6819209120827,5.742145178764897,10.188888888888888,124.25026207420267,8.06042808384537,0.3395226073915996,0.6523449473791765,0.0,0.0,5.4448733757017305,53.66071641937175,101.3467381052849,795700.0,6.310485231664281,0.17049125617381622,94.2578548212351,0.0,98.59154929577464,1.408450704225352,287.15,582.4249999999998,944.7170000000025,0.796875,97.19535818729123,0.8198694000020623,nan,1383.1471207452644,501
10016,medium,impaired,DT-KF-CostAware,903,898,362.3225624857937,680.8622219407168,5.2048726467331115,9.977777777777778,122.69488535351057,7.866566257054979,0.40339186015034834,0.9356418259851736,0.0,0.0,5.084794402697919,47.57760386963785,93.81591167495847,322660.0,6.847438534657491,0.08508492956535316,94.79512735326689,0.0,97.56367663344408,2.4363233665559245,205.5,364.4,584.3080000000001,0.625,100.14199333452801,0.6241138000041246,nan,1735.2604605007014,
10016,medium,impaired,DT-OPT,903,893,398.2109891253454,846.594844070001,10.520487264673312,9.922222222222222,92.270843282758,6.147131978072808,0.36115097747932795,0.6799338237304821,0.0,0.11074197120708748,5.1955724877588825,49.62776722576248,100.82948814427547,354780.0,7.52908399964602,0.10109227622781987,89.4795127353267,0.0,99.77851605758582,0.11074197120708748,199.1,365.1599999999999,568.1900000000016,0.59375,97.55500458599545,0.6086310000391677,nan,1779.403283648557,
10016,medium,impaired,SemiGreedy,903,899,291.3030066302478,469.1074628070537,1.2181616832779623,9.988888888888889,303.63044257768894,14.855577652093823,0.35367228465913514,0.39644546045406664,0.0,0.0,4.680949436606331,52.8100044783957,101.4713885458831,277400.0,5.88693810671911,0.053910665069126666,98.78183831672204,0.0,59.136212624584715,40.863787375415285,211.6,403.5699999999997,601.7800000000001,0.609375,97.2685630759586,0.6264870999730192,nan,1728.686831774575,
10016,medium,impaired,Fog-only,903,897,363.58001730423325,745.1489850037694,2.6578073089700998,9.966666666666667,92.77503669373219,6.146530046935192,0.3548803799082518,0.7025680206768887,0.0,0.11074197120708748,5.216547469719353,50.81933554135727,98.62278597083424,381060.0,8.086793925545726,0.11421612189530123,97.3421926910299,0.0,99.88925802879291,0.0,22.6,36.389999999999986,63.536000000000016,0.359375,101.06067662614495,0.35560319997603074,nan,3045.5293992658085,
10016,medium,impaired,DRL-OO,903,897,391.99001185618357,846.3751107446772,10.188261351052049,9.966666666666667,97.35109817797948,6.788793230462756,0.3590052815097805,0.6586318926152276,0.0,0.11074197120708748,5.155269921999692,49.23221947416795,97.75343777557273,337260.0,7.15727738237955,0.09339801317886735,89.81173864894795,0.0,97.3421926910299,2.547065337763012,263.8,497.4699999999997,738.2760000000009,0.703125,102.11110210412569,0.6885882000206038,nan,1572.7832686758134,502
10017,medium,impaired,DT-KF-CostAware,858,852,337.9072265625932,656.1960490948386,1.6317016317016317,9.466666666666667,156.96112361306965,10.011769228600558,0.3848234866944161,0.9292614593636888,0.0,0.0,4.99611549861315,52.351607038436605,103.65427149524169,595680.0000000002,4.791657265227257,0.09141191792517127,98.36829836829837,0.0,97.08624708624708,2.913752913752914,212.5,456.85999999999956,737.1640000000014,0.65625,99.58040421761301,0.6590151999844238,nan,1606.9432086316522,
10017,medium,impaired,DT-OPT,858,853,379.9974992778174,856.5274619580981,8.041958041958042,9.477777777777778,117.63463535353496,8.18845962893566,0.3485688262437368,0.655504346304183,0.0,0.0,5.07000972505097,50.037183509718304,94.6727734455012,735840.0,5.919106033516021,0.15551570721257446,91.95804195804196,0.0,99.41724941724942,0.5827505827505828,201.4,356.16999999999985,509.4460000000023,0.59375,98.96677849937073,0.5999487999943085,nan,1765.1506262035132,
10017,medium,impaired,SemiGreedy,858,855,291.01155601788145,496.6710647877988,0.2331002331002331,9.5,294.8340820054792,15.386265134308982,0.34911605392866063,0.40742743025920847,0.0,0.0,4.532580139590816,57.284409883194655,107.30203443057262,563560.0000000002,4.533283589161082,0.06794711920712043,99.76689976689977,0.0,68.06526806526807,31.934731934731936,208.1,405.4199999999993,636.3720000000009,0.609375,101.25244812892966,0.601837299996987,nan,1759.611775483676,
10017,medium,impaired,Fog-only,858,854,345.01545011869575,696.5773909851974,0.6993006993006993,9.488888888888889,123.44514846884057,8.684372695538038,0.34140752457079626,0.6461901049050184,0.0,0.0,4.926345997302508,52.26357429095509,104.9447415152359,744600.0,5.989571581534069,0.177482937610399,99.3006993006993,0.0,100.0,0.0,21.9,37.61999999999998,55.4880000000001,0.328125,96.53574580166551,0.3399000000208616,nan,3115.6222416446103,
10017,medium,impaired,DRL-OO,858,853,376.9124677735909,903.689168251249,7.6923076923076925,9.477777777777778,119.97622033301434,8.816390235526107,0.35380007769279676,0.6108139000108214,0.0,0.0,4.865276178246577,51.87855858738234,101.79079378845067,638020.0000000001,5.132240747314488,0.13261225835000837,92.3076923076923,0.0,99.65034965034965,0.34965034965034963,264.0,474.22999999999996,705.7420000000047,0.671875,100.38210564857529,0.6693175000254996,nan,1582.2087424274046,503
10018,medium,impaired,DT-KF-CostAware,906,900,363.12478612481397,729.5291092713469,4.746136865342163,10.0,143.35098887482084,9.876296731653428,0.3966996599165103,0.8089623038411377,0.0,0.0,5.105233506422685,51.773253189425645,106.96196175906424,632180.0000000002,5.422955439515623,0.1049059806299421,95.25386313465783,0.0,97.46136865342163,2.5386313465783665,203.4,373.63999999999976,615.5989999999997,0.609375,98.2874000189929,0.6199930000002496,nan,1764.536051212771,
10018,medium,impaired,DT-OPT,906,900,404.66982159911663,970.191700022383,10.816777041942604,10.0,101.25547727684118,7.5482863210970645,0.36095677145990457,0.6599024436446297,0.0,0.0,5.0604027319392015,50.31932146664918,97.71208870934346,627800.0,5.3853829999808704,0.12798741168118305,89.1832229580574,0.0,99.8896247240618,0.11037527593818984,207.4,428.84499999999974,760.9859999999987,0.671875,99.12397641559602,0.6778127999859862,nan,1614.0149610963654,
10018,medium,impaired,SemiGreedy,906,902,305.40608383771286,533.506609588004,0.8830022075055187,10.022222222222222,312.2823824152538,15.867997907094628,0.3579898977293001,0.4247343215056104,0.0,0.0,4.844579189891647,57.198313093336516,117.15273186742053,600060.0000000001,5.147424216260787,0.07916787380869393,99.11699779249449,0.0,64.90066225165563,35.09933774834437,214.64999999999998,416.2449999999994,587.6329999999999,0.625,97.48270032748657,0.6411394000169821,nan,1706.3371865323247,
10018,medium,impaired,Fog-only,906,901,370.5760312091056,782.8554023943184,1.6556291390728477,10.011111111111111,105.88846485505312,7.938375113593015,0.35252016193369595,0.6913275038662515,0.0,0.0,5.133296381335286,53.042686840589255,104.34201411606331,665760.0,5.7110108092820395,0.16213776290531529,98.34437086092716,0.0,100.0,0.0,22.2,39.43499999999999,64.32799999999997,0.359375,99.35077464934655,0.36172340001212433,nan,3024.4103642820205,
10018,medium,impaired,DRL-OO,906,899,396.0457164281202,906.1635495636207,9.933774834437086,9.988888888888889,99.52960056727345,7.707674153065552,0.3607714153377841,0.6349943809229176,0.0,0.11037527593818984,5.071852083484214,51.295017148108585,101.07131764907164,651160.0,5.585769344166206,0.13138884633111766,90.06622516556291,0.0,99.66887417218543,0.22075055187637968,261.95,485.35499999999985,728.2719999999994,0.6875,98.36963947586126,0.6988945000339299,nan,1565.3292448958869,504
10019,medium,impaired,DT-KF-CostAware,906,904,353.3737988185381,717.4366028287551,5.298013245033113,10.044444444444444,147.3759706423541,9.372446237625159,0.38257569060743873,0.8364857186797788,0.0,0.0,5.096903455488731,50.10310520648409,104.15681129046779,674520.0,5.913106474313333,0.10752369610179038,94.70198675496688,0.0,97.90286975717439,2.097130242825607,203.64999999999998,397.15,538.3950000000012,0.625,99.54093314230333,0.6278824000037275,nan,1729.6232542806626,
10019,medium,impaired,DT-OPT,906,904,385.4228707973221,831.0246081218544,8.278145695364238,10.044444444444444,116.27141644708027,7.560110560910799,0.3432254217925157,0.6499188606699016,0.0,0.0,5.320337405857346,52.139168550762,102.93357702057185,753360.0,6.6042487894928135,0.1621591464685808,91.72185430463576,0.0,99.8896247240618,0.11037527593818984,203.3,419.85,649.905000000006,0.640625,100.17728153891208,0.6394912999821827,nan,1698.2248234342794,
10019,medium,impaired,SemiGreedy,906,904,291.56674049293485,482.39337746890953,0.6622516556291391,10.044444444444444,300.6355538639497,15.161071007207212,0.33848657919632397,0.38171046066855147,0.0,0.0,5.022929478983174,55.03622223855009,111.70019124626901,648240.0,5.68272570258684,0.07517171325756128,99.33774834437087,0.0,66.99779249448123,33.00220750551876,243.14999999999998,619.1750000000001,1125.3850000000011,0.8125,97.63848260775862,0.8321514000417665,nan,1305.0509798403182,
10019,medium,impaired,Fog-only,906,904,346.60819256199176,660.2511823326491,1.1037527593818985,10.044444444444444,121.65520955636569,7.753620978368515,0.33097317480281563,0.653195897383431,0.0,0.0,5.190470694690332,51.75178722871816,105.22020044992253,697880.0,6.117889382514661,0.1753326186694845,98.8962472406181,0.0,100.0,0.0,25.8,51.025,84.14500000000002,0.4375,95.826015877357,0.4565565999946557,nan,2378.675502692793,
10019,medium,impaired,DRL-OO,906,903,370.9043474186746,785.2072651320459,6.843267108167771,10.033333333333333,116.97516722465814,7.799085656403385,0.33940865720948965,0.5989620079802214,0.0,0.0,5.191034899710943,49.038285489089134,95.99024501930589,743140.0,6.514656267154733,0.18464536464602688,93.15673289183223,0.0,99.55849889624724,0.44150110375275936,278.1,541.9250000000001,814.3800000000001,0.71875,98.32702467329432,0.7309790999861434,nan,1485.6785919331844,505
10020,medium,impaired,DT-KF-CostAware,872,870,338.5626786455617,666.5621018139208,4.3577981651376145,9.666666666666666,151.1371182035648,8.602750045978354,0.38302248929582755,0.7009450502870795,0.0,0.0,5.033982166205255,49.93442724407314,103.51967120243536,519760.0,5.300329394219953,0.10094170573187895,95.64220183486239,0.0,98.05045871559633,1.9495412844036697,205.7,384.81999999999954,613.9059999999996,0.609375,100.35692893417121,0.6072077000280842,nan,1752.2834442823905,
10020,medium,impaired,DT-OPT,872,869,376.6044703546619,835.8635863804313,9.288990825688073,9.655555555555555,121.21344929090169,7.227377289040192,0.35290164871570917,0.6117679156056748,0.0,0.0,4.95466202674081,50.260784993090574,98.93363832434451,550420.0000000001,5.612989274216075,0.1196416840546617,90.71100917431193,0.0,99.88532110091744,0.11467889908256881,202.3,379.9649999999997,615.4189999999979,0.609375,100.58876720962323,0.605808199965395,nan,1756.331459463206,
10020,medium,impaired,SemiGreedy,872,870,277.6951033047906,467.51241776102023,0.11467889908256881,9.666666666666666,310.05234061307675,15.13576395661398,0.34420258826960753,0.42206444944929505,0.0,0.0,4.583970961236774,49.47972586259891,95.82324613468802,458440.0,4.675009634227711,0.0675827102995598,99.88532110091744,0.0,65.94036697247707,34.059633027522935,217.9,438.39999999999907,737.822,0.65625,99.55485893831147,0.6591842999914661,nan,1614.1161129198233,
10020,medium,impaired,Fog-only,872,870,335.08217240130006,678.471317209465,0.3440366972477064,9.666666666666666,129.41046860174373,7.437894465721478,0.339275926108925,0.6289302950130955,0.0,0.0,5.084800002347615,49.545566238572704,95.14542013053581,566480.0,5.776763497071185,0.13526787563558273,99.6559633027523,0.0,100.0,0.0,22.6,42.4,82.30699999999989,0.375,100.34548280599067,0.3737089000060223,nan,2847.1358321486423,
10020,medium,impaired,DRL-OO,872,869,363.79719556284317,773.9094338850272,6.422018348623853,9.655555555555555,118.11162267890421,7.3589087932611905,0.3457114469020203,0.5966859777874702,0.0,0.0,5.011409745690521,47.38122891772425,94.88752663795587,598600.0000000001,6.104311942781408,0.14505508316563911,93.57798165137615,0.0,100.0,0.0,270.0,514.9999999999998,822.6719999999983,0.703125,100.8608658698418,0.6971236999961548,nan,1526.2714493939438,501
10021,medium,impaired,DT-KF-CostAware,875,874,338.5370271160242,707.7222101852616,4.685714285714286,9.71111111111111,164.96753570926617,8.35609792984078,0.3840249849711634,0.7246774421120291,0.0,0.0,4.935650232733798,50.853662635908165,101.41897871780256,524140.0,5.878154626845853,0.09894269498561256,95.31428571428572,0.0,98.4,1.6,204.2,387.94999999999993,626.7780000000008,0.625,100.53068945156116,0.6217006999650039,nan,1741.9957868166516,
10021,medium,impaired,DT-OPT,875,874,356.4585104636787,759.8177473953019,6.857142857142857,9.71111111111111,146.80590870500367,7.232660669105775,0.34930470665510804,0.6664051904062516,0.0,0.0,5.003702896196756,50.80592958241876,102.7042100737691,608820.0,6.827828633411478,0.15453244705062427,93.14285714285714,0.0,99.65714285714286,0.34285714285714286,196.4,358.8399999999997,604.5120000000009,0.609375,100.55852369706557,0.6059904000139795,nan,1787.1570242284636,
10021,medium,impaired,SemiGreedy,875,874,276.15398509409846,467.78870115193376,0.11428571428571428,9.71111111111111,313.7079248051767,14.40722069118731,0.34485285024464823,0.3857800234403326,0.0,0.0,4.533607750797663,52.35870515900734,102.19961223877378,496400.00000000006,5.56705452124677,0.06996866980406206,99.88571428571429,0.0,69.25714285714285,30.742857142857144,210.2,394.16999999999985,676.8700000000023,0.609375,98.66696977164386,0.6176078999997117,nan,1753.5397458492769,
10021,medium,impaired,Fog-only,875,874,323.7806765878845,646.158929440409,0.34285714285714286,9.71111111111111,160.5977294094217,7.235823330157313,0.3398488328564692,0.593949440788246,0.0,0.0,4.9971663499577055,49.47775219997633,97.24636509261695,600059.9999999994,6.729586494801235,0.16156945438440146,99.65714285714286,0.0,100.0,0.0,22.4,40.94999999999993,70.86200000000038,0.359375,97.20806271363033,0.369696700014174,nan,2929.428366437889,
10021,medium,impaired,DRL-OO,875,874,352.35381867146936,793.3400330149684,5.142857142857143,9.71111111111111,140.70120769468897,8.191587775546322,0.3455087505267685,0.5933584925035942,0.0,0.0,4.853671739749407,48.57131108098908,95.55424794512393,537279.9999999999,6.0255178347612075,0.14527599591854257,94.85714285714286,0.0,98.4,1.6,312.8,731.8699999999997,1093.3400000000065,0.859375,89.2315727403391,0.9630839999881573,nan,1124.5125035960698,502
10022,medium,impaired,DT-KF-CostAware,847,841,351.80920339174,690.0277380311102,5.548996458087367,9.344444444444445,157.67635552684496,9.245521040335964,0.39599016930903674,0.6875950036349217,0.0,0.0,5.268382240627289,49.160803438315654,99.08671979407967,351859.99999999994,5.2257346266628,0.07291639841516004,94.45100354191263,0.0,97.04840613931523,2.9515938606847696,205.45,386.80999999999983,544.6529999999999,0.59375,99.99163017916831,0.5937996999709867,nan,1721.1190912523791,
10022,medium,impaired,DT-OPT,847,840,382.66455799907595,821.778594808608,6.847697756788666,9.333333333333334,115.30175832151492,7.339497135542813,0.3561729703059624,0.6271167565872467,0.0,0.0,5.2606240264406186,50.23029410781224,93.13556605325007,443839.99999999994,6.591798035292495,0.11491835565583587,93.15230224321134,0.0,99.8819362455726,0.1180637544273908,201.3,373.68499999999995,526.49,0.578125,99.7472867383261,0.5795897000352852,nan,1763.3163597244413,
10022,medium,impaired,SemiGreedy,847,841,280.3149131713712,489.19302681452245,0.5903187721369539,9.344444444444445,312.2773515274856,15.161771530990396,0.3454644528760398,0.33250468698305335,0.0,0.0,4.678340066147436,49.72208165477714,98.47348208814991,335799.99999999994,4.987215618806822,0.05441020974978926,99.40968122786305,0.0,63.99055489964581,36.00944510035419,207.7,405.09000000000003,536.374,0.578125,100.40875590277062,0.5757715000072494,nan,1775.009704348222,
10022,medium,impaired,Fog-only,847,841,355.26921579727593,745.982396014687,1.8890200708382527,9.344444444444445,125.12626013222908,7.605106792251477,0.35136452175537036,0.594094177334274,0.0,0.0,5.334218721266025,52.115547931675664,102.0759075715142,445299.9999999999,6.613481581461219,0.11778360750383352,98.11097992916174,0.0,100.0,0.0,22.6,41.79499999999999,62.1,0.34375,98.66747953823304,0.34839240001747385,nan,2933.4738643803394,
10022,medium,impaired,DRL-OO,847,841,376.2045027099947,837.3901538428182,6.6115702479338845,9.344444444444445,123.11096339030765,7.706890336406565,0.3534373429704714,0.5359709918686955,0.0,0.0,5.27994201155754,49.259090746288834,95.75086634170648,452599.99999999994,6.721899312304847,0.11628282435944304,93.38842975206612,0.0,98.34710743801652,1.6528925619834711,271.2,531.2599999999996,781.364,0.6875,100.02925947035281,0.6872988999821246,nan,1486.9804098720083,503
10023,medium,impaired,DT-KF-CostAware,909,907,311.55422487030535,603.9792365508389,1.7601760176017602,10.077777777777778,144.9446627024178,8.552834308312717,0.3551848747662917,0.6850043395420427,0.0,0.0,4.971197771120601,49.557519712127004,97.50956718095347,456980.0,6.415969583884401,0.09481778598843728,98.23982398239824,0.0,99.00990099009901,0.9900990099009901,209.8,392.92999999999995,716.6550000000042,0.640625,96.69093253723129,0.662549200002104,nan,1675.3472798646123,
10023,medium,impaired,DT-OPT,909,907,335.477117781834,675.3709054822142,6.930693069306931,10.077777777777778,129.32823195474947,7.483790863462611,0.3240546613929158,0.5790986422332476,0.0,0.0,4.970052418073875,48.20298723851956,94.5993755882051,455520.0,6.395471278504578,0.12097419579386906,93.06930693069307,0.0,100.0,0.0,201.0,384.7399999999997,657.8800000000007,0.609375,95.65772406923492,0.6370368999778293,nan,1742.4422353534483,
10023,medium,impaired,SemiGreedy,909,906,275.61212124323066,472.9232013475237,0.33003300330033003,10.066666666666666,282.1785443760553,14.525984063538838,0.3261917919529302,0.4303505077003285,0.0,0.0,4.609911697585234,55.52745884437042,107.67112518729975,420480.00000000006,5.903511949388843,0.05856946547052245,99.66996699669967,0.0,71.06710671067107,28.932893289328934,217.9,506.2999999999999,803.2060000000038,0.6875,97.29780984611257,0.7065934999845922,nan,1570.9173662426904,
10023,medium,impaired,Fog-only,909,907,307.46697785140464,580.501310915427,0.44004400440044006,10.077777777777778,129.9848807842561,8.01999711473387,0.31234025331390536,0.5987779136460244,0.0,0.0,4.839074766563163,48.90334162073367,93.53073424274984,383980.0,5.391054314893283,0.106263729625671,99.55995599559957,0.0,100.0,0.0,22.85,42.455,64.18600000000038,0.40625,99.24718718048183,0.40933150000637397,nan,2711.738529731319,
10023,medium,impaired,DRL-OO,909,907,333.6886395310808,668.7943983998982,5.5005500550055,10.077777777777778,128.45216090230042,7.979344774276139,0.32459425377221274,0.5841550618858385,0.0,0.0,4.776763908613173,49.35761529905533,100.34248957933904,486180.0,6.825935691480848,0.1265930809301497,94.4994499449945,0.0,99.8899889988999,0.11001100110011001,271.2,517.03,807.0920000000009,0.75,100.54352488488945,0.745945600036066,nan,1488.044168296364,504
10024,medium,impaired,DT-KF-CostAware,914,910,374.3192013815079,756.4263519657015,5.7986870897155365,10.11111111111111,146.57989864811228,9.677864587542457,0.396898652204936,0.8150250238714564,0.10940919037199125,0.0,5.058065223963696,54.57429964456079,105.76229232037346,767960.0,5.75611135237736,0.1340450445622615,94.20131291028446,0.0,97.70240700218818,2.1881838074398248,231.14999999999998,554.3849999999998,855.8859999999999,0.8125,99.09589176583604,0.8199129000422545,nan,1339.1666358016982,
10024,medium,impaired,DT-OPT,914,909,398.64623958907623,904.0203785323804,10.065645514223196,10.1,118.54041939795394,8.12217615512704,0.35347238665731145,0.6559558209721955,0.0,0.0,5.0269391486362975,52.5710234900468,104.0331292871932,760660.0,5.701299742839647,0.13900311995699988,89.93435448577681,0.0,99.45295404814004,0.5470459518599562,225.9,449.67999999999984,670.3429999999998,0.734375,99.77351835845222,0.7360420000040904,nan,1491.7626983159903,
10024,medium,impaired,SemiGreedy,914,910,305.5349946331892,530.9499269797797,0.6564551422319475,10.11111111111111,324.42843352689533,16.40976014078391,0.3541562266096628,0.43396162255292137,0.0,0.0,4.797527635472655,57.7065125519807,114.44884906495813,713940.0,5.351123942895561,0.08600730607831462,99.34354485776805,0.0,64.55142231947484,35.44857768052516,223.2,438.30499999999853,668.2619999999985,0.6875,100.91288363728792,0.6812806999660097,nan,1611.670490672613,
10024,medium,impaired,Fog-only,914,911,368.903888972203,840.0275916291781,1.0940919037199124,10.122222222222222,116.65443456572676,8.040676117276384,0.34484614172176953,0.7191340801486237,0.0,0.0,5.08590148464292,52.20864181942852,99.53532384271557,814680.0,6.106190511524996,0.21424641131460687,98.90590809628009,0.0,100.0,0.0,22.6,40.52999999999997,67.5139999999999,0.359375,98.63141450175398,0.3643616000190377,nan,3013.489895594459,
10024,medium,impaired,DRL-OO,914,909,391.68837787090285,892.4486517238144,8.424507658643327,10.1,118.7837407310782,8.273863516373028,0.3539073713257333,0.6434042124357553,0.0,0.0,5.009227440458245,52.45316204084596,101.18541129551545,746060.0000000001,5.591869805357121,0.13684928035765584,91.57549234135668,0.0,99.45295404814004,0.5470459518599562,268.4,530.045,856.5729999999998,0.703125,98.18238485649576,0.7161416999879293,nan,1533.2161219190377,505
10025,medium,impaired,DT-KF-CostAware,921,919,330.60525058547523,696.6115253184313,2.9315960912052117,10.21111111111111,163.32005488456892,9.562912929270077,0.36773332668782405,0.8846294881920517,0.0,0.0,5.072997188612559,53.40345320092792,104.27897345538881,719780.0,5.249309377205885,0.11758467827796253,97.06840390879479,0.0,98.26275787187839,1.737242128121607,209.1,450.7799999999997,740.3919999999999,0.703125,101.98850940657778,0.689415899978485,nan,1608.6080985869478,
10025,medium,impaired,DT-OPT,921,920,345.6963827717093,713.4472806964993,5.4288816503800215,10.222222222222221,140.94206850212038,8.574060003944789,0.33261716150820886,0.675926876531961,0.0,0.0,5.19586814412144,51.896688829517146,103.08430076625292,721240.0,5.259957063569386,0.14284889867036454,94.57111834961998,0.0,99.7828447339848,0.21715526601520088,209.8,391.69999999999993,720.5560000000036,0.671875,99.74326177003319,0.6736044000135735,nan,1646.3669179976453,
10025,medium,impaired,SemiGreedy,921,919,281.07164064524795,503.94241770945314,0.10857763300760044,10.21111111111111,312.0053135633198,15.67324144466522,0.3310524644960068,0.43248103371333524,0.0,0.0,4.896548442105108,53.38252696299753,106.13307939005986,711020.0,5.185423259024881,0.0850629667003922,99.8914223669924,0.0,71.11834961997829,28.881650380021714,210.7,409.3399999999996,732.7160000000056,0.640625,99.18722600385168,0.6458744999836199,nan,1717.0518421583845,
10025,medium,impaired,Fog-only,921,920,324.23732747515146,649.0997687034862,0.6514657980456026,10.222222222222221,145.68798639861643,8.590033770252909,0.32357057899235947,0.6481016380186957,0.0,0.0,5.056601002425359,53.818661467250706,104.47751477388,858480.0000000005,6.2608395817384626,0.20040009653743965,99.3485342019544,0.0,100.0,0.0,22.1,38.66,54.45600000000013,0.34375,94.51764655829496,0.36368869995931163,nan,3049.311128237065,
10025,medium,impaired,DRL-OO,921,919,345.52366220879526,739.9821613731845,4.99457111834962,10.21111111111111,135.0950325128402,8.668232546149463,0.33321434704015396,0.6190545252159984,0.0,0.0,5.157426907844114,50.01741658014154,100.92343399678752,746060.0000000005,5.440967731748903,0.1619075461931376,95.00542888165037,0.0,99.7828447339848,0.21715526601520088,265.3,525.0399999999995,871.6720000000033,0.71875,100.97170249468117,0.7118331000092439,nan,1557.9494687527151,501
10026,medium,impaired,DT-KF-CostAware,970,968,333.4779082700253,692.2841988240195,3.917525773195876,10.755555555555556,172.86500349023208,9.342236692853579,0.36889603030984497,0.8797837972166997,0.0,0.0,4.971468575546698,49.37340056579141,95.92973839006561,373759.99999999994,6.235961120677759,0.08341551599620063,96.08247422680412,0.0,98.35051546391753,1.6494845360824741,208.6,436.14499999999964,708.2870000000007,0.71875,100.01321914199278,0.7186549999751151,nan,1675.3518726533468,
10026,medium,impaired,DT-OPT,970,967,355.36038137814006,805.5222352526745,6.907216494845361,10.744444444444444,149.35132389070745,7.781326140423181,0.33258902827751796,0.6431962504195854,0.0,0.0,5.145834669258744,49.6393370887905,98.42199558560615,446760.0,7.453922277060135,0.11974234877580721,93.09278350515464,0.0,100.0,0.0,209.2,438.83499999999975,653.6780000000002,0.734375,97.49314345082934,0.7532581000123173,nan,1598.3897152653415,
10026,medium,impaired,SemiGreedy,970,968,281.63449232870676,486.9510939052386,0.30927835051546393,10.755555555555556,329.6182085532087,15.992843616189013,0.3328923781643207,0.41360768357584066,0.0,0.0,5.015962387194368,55.584267035793715,115.60154313700403,383979.99999999994,6.406475682571291,0.06643784075002888,99.69072164948453,0.0,69.17525773195877,30.824742268041238,213.64999999999998,438.21999999999986,619.4630000000003,0.71875,99.1751524951245,0.7247279000002891,nan,1661.3131631878941,
10026,medium,impaired,Fog-only,970,968,323.9480864244433,672.214769144514,0.41237113402061853,10.755555555555556,155.35051942456914,8.243634672807627,0.31799558766052355,0.6420646406174626,0.0,0.0,5.094232601628808,48.10972950487265,96.21823351500807,468660.0,7.8193106239748476,0.1281037064901148,99.58762886597938,0.0,100.0,0.0,26.35,52.584999999999994,79.27600000000002,0.515625,99.48742151514956,0.5182815999723971,nan,2323.061440082232,
10026,medium,impaired,DRL-OO,970,968,350.49768997236447,816.3972741683335,6.494845360824742,10.755555555555556,150.6328528596999,8.296981401354854,0.3279171837583733,0.5907367396962575,0.0,0.0,5.071632345748292,47.89027865196849,96.65362035374248,401500.0,6.698786360103063,0.10509043164075235,93.50515463917526,0.0,99.89690721649484,0.10309278350515463,331.1,729.9949999999997,1076.4350000000009,1.015625,98.9239991010197,1.0266719999490306,nan,1172.7211807274114,502
10027,medium,impaired,DT-KF-CostAware,913,909,312.0875853664847,595.978655524604,1.9715224534501643,10.1,150.12087928314318,8.141718744135074,0.3646312387926195,0.794088481479168,0.0,0.0,4.933725326244949,49.113483258899855,97.31380681213913,509539.99999999994,5.635061998510557,0.10086894816611902,98.02847754654984,0.0,99.23329682365826,0.7667031763417306,210.0,417.3,720.5999999999967,0.671875,98.96726416854744,0.6788861000095494,nan,1643.869273482403,
10027,medium,impaired,DT-OPT,913,910,326.20494053131205,661.1683436322409,5.147864184008762,10.11111111111111,133.94036039089434,7.621472285328251,0.3338932858200592,0.5997034437109164,0.0,0.0,4.912074576656213,46.09189512609416,91.95610169922347,532900.0,5.893402949731673,0.11855633060168973,94.85213581599123,0.0,99.89047097480832,0.10952902519167579,210.8,449.9,780.0499999999952,0.703125,98.02893696160476,0.7172626999672502,nan,1555.9152874545907,
10027,medium,impaired,SemiGreedy,913,910,275.2826868918761,486.7259390803212,0.43811610076670315,10.11111111111111,298.7430620011875,14.262397293368908,0.3376862503752121,0.43350252066257416,0.0,0.0,4.615791463874528,55.63610901593238,108.243220026002,487639.99999999994,5.392867356740763,0.06394545463358299,99.5618838992333,0.0,69.76998904709748,30.230010952902518,231.64999999999998,515.4749999999999,850.7449999999997,0.78125,100.76506642468367,0.7753183000022545,nan,1439.4088208633214,
10027,medium,impaired,Fog-only,913,909,310.948188644496,604.1239970282602,0.43811610076670315,10.1,142.49647106330778,7.2854484228399,0.32781242152559437,0.6400555558998321,0.0,0.0,4.88962118007678,51.324474188018115,103.6497202636595,554800.0,6.135597591501467,0.13840576162387017,99.5618838992333,0.0,100.0,0.0,24.1,48.375,80.1,0.421875,97.36343846779978,0.43329920002724975,nan,2575.587492268197,
10027,medium,impaired,DRL-OO,913,909,336.64235341315447,725.6948386533732,5.47645125958379,10.1,125.47053995726431,7.956553842280907,0.335417675195209,0.5926820831668953,0.0,0.0,4.910000862547882,46.42585064310156,90.90246090372715,538740.0,5.957988187536952,0.11628781779619776,94.52354874041622,0.0,99.5618838992333,0.43811610076670315,290.35,640.825,884.6699999999993,0.828125,99.65598603222972,0.830983699997887,nan,1342.9866313898067,503
10028,medium,impaired,DT-KF-CostAware,917,917,338.1846648410026,645.3924198220943,3.707742639040349,10.188888888888888,168.72227701546026,8.89670776572718,0.37943167677690676,0.9255493757094211,0.0,0.0,4.775212447825762,52.001421072091446,99.00748001622011,454060.0,5.0547403915570275,0.09251449842044128,96.29225736095965,0.0,98.47328244274809,1.5267175572519085,205.14999999999998,391.3149999999989,613.2059999999997,0.640625,99.25319764179228,0.6454451999743469,nan,1741.4336647707244,
10028,medium,impaired,DT-OPT,917,916,366.6865869687649,790.6974475819397,8.287895310796074,10.177777777777777,144.1876360141176,7.1601495476851875,0.3373380735262403,0.6268348075543868,0.0,0.0,4.835178622859533,50.71290635052965,94.12132697171442,535820.0,5.964918725728068,0.13461274729020448,91.71210468920393,0.0,100.0,0.0,201.64999999999998,360.1499999999999,578.5959999999998,0.609375,96.51026789648706,0.6314095000270754,nan,1780.1442644619726,
10028,medium,impaired,SemiGreedy,917,917,284.1203473807582,482.10245199146135,0.5452562704471101,10.188888888888888,326.15738639896244,14.983625933335638,0.34301103842174807,0.4277931887303232,0.0,0.0,4.420739977834691,58.856652360588186,115.57062781055446,417560.0,4.648410778087813,0.061385854805188766,99.45474372955289,0.0,69.7928026172301,30.207197382769902,211.6,393.4149999999993,723.7919999999995,0.625,96.97952987597651,0.6444658999680541,nan,1744.0798652895617,
10028,medium,impaired,Fog-only,917,917,325.6214563707105,615.040283668051,0.6543075245365322,10.188888888888888,167.8181617985612,7.602350985282672,0.33044093663343344,0.6095059233530296,0.0,0.0,4.717712522180027,52.532888244085356,107.43512964234039,543119.9999999999,6.046184648421908,0.133999249405339,99.34569247546347,0.0,100.0,0.0,22.7,39.88499999999999,61.90299999999993,0.375,96.88911028297287,0.38704040000448003,nan,2904.08959888164,
10028,medium,impaired,DRL-OO,917,917,363.27393005472516,803.1813194551705,7.1973827699018535,10.188888888888888,137.57345930457504,7.8443380104131695,0.3425605173548752,0.6245795972452478,0.0,0.0,4.655335504952151,52.375899506714966,102.83714342915874,487640.00000000006,5.428563635948706,0.11828703340804643,92.80261723009815,0.0,100.0,0.0,275.35,531.0949999999998,839.1169999999994,0.765625,97.98862391370363,0.7813406999921426,nan,1438.5529897665683,504
10029,medium,impaired,DT-KF-CostAware,953,951,343.07773283244813,675.5319327868718,6.295907660020986,10.566666666666666,168.48189230383926,9.978587018858146,0.38626124295520686,0.630230662934486,0.0,0.0,4.905933853716536,48.05727996012955,97.77293780122416,357700.0,6.009946570785309,0.08324606379323161,93.70409233997901,0.0,97.16684155299056,2.8331584470094437,203.2,365.13999999999993,592.8299999999995,0.625,96.8776263513024,0.645143800007645,nan,1773.2480727342393,
10029,medium,impaired,DT-OPT,953,952,374.1758641221685,786.0911591028519,8.289611752360965,10.577777777777778,130.87503929483114,8.237001451376834,0.3493737369577942,0.6127371303275917,0.0,0.0,4.923654988375799,46.29832531714054,89.26680792033324,426320.00000000006,7.16287509660943,0.11348975528202712,91.71038824763903,0.0,99.58027282266526,0.4197271773347324,199.8,370.79999999999984,593.8549999999999,0.640625,98.54465409500683,0.6500859999796376,nan,1759.767169321956,
10029,medium,impaired,SemiGreedy,953,952,281.2164850318355,468.8825224267587,0.3147953830010493,10.577777777777778,316.1194650573183,15.969193204777936,0.3380105009099913,0.4397798115023454,0.0,0.0,4.4420913204164405,48.78386531335181,99.00782642072603,321200.0,5.396686716623543,0.05143498632112852,99.68520461699894,0.0,66.84155299055614,33.15844700944386,214.4,420.0049999999999,676.6099999999992,0.640625,96.29328895380118,0.6652851999970153,nan,1719.563279034514,
10029,medium,impaired,Fog-only,953,952,340.551243982214,671.7668836416775,1.5739769150052465,10.577777777777778,129.29394835110224,8.459740103563064,0.3402951039136698,0.6335309249524662,0.0,0.0,4.964150992890328,48.51636856211281,96.98168214644707,416100.0000000001,6.991162337444137,0.11407637645369538,98.42602308499475,0.0,100.0,0.0,22.3,38.684999999999995,56.79699999999987,0.359375,96.51713796062576,0.37234319996787235,nan,3072.4342490979025,
10029,medium,impaired,DRL-OO,953,952,372.1823532924712,802.4103863316495,7.869884575026233,10.577777777777778,135.5253407483153,8.701911396329882,0.3494196293169814,0.5975123671598824,0.0,0.0,4.846147626320815,47.10198974293963,91.51668735297835,432160.0000000001,7.260996673275314,0.11993265779575786,92.13011542497377,0.0,97.79643231899266,2.2035676810073452,275.6,568.1499999999997,900.6619999999989,0.796875,99.96864983366913,0.7971248999820091,nan,1435.1577776905724,505
10000,high,impaired,DT-KF-CostAware,1568,1452,484.81555855673827,1003.7037842852611,28.95408163265306,16.133333333333333,231.83553196535738,18.86120365874973,0.5047911091147227,0.861133491256823,6.505102040816326,0.06377551020408163,5.847360895344863,65.633920505761,128.83697342053867,931480.0000000002,7.61879647749671,0.24195569267283001,71.04591836734694,0.0,78.76275510204081,14.668367346938776,187.7,366.1,634.5,1.046875,98.91159686595097,1.0583945999969728,nan,1815.0130395652948,
10000,high,impaired,DT-OPT,1568,1427,527.3691650462991,1212.669896068944,31.441326530612244,15.855555555555556,214.39510967519712,17.58742206810515,0.4635445236966609,0.801261764020525,7.908163265306122,0.06377551020408163,5.838445127986052,67.04584068566587,138.0172844011338,911040.0000000002,7.451582991081316,0.26800458481089995,68.55867346938776,0.0,74.80867346938776,17.21938775510204,182.8,329.9,565.1399999999992,1.015625,100.28478162743498,1.0127408999833278,nan,1896.8326449851331,
10000,high,impaired,SemiGreedy,1568,1554,396.34429082160295,692.0474769527076,14.540816326530612,17.266666666666666,343.0840438277168,24.817459429793832,0.40540188280911044,0.6914175405816744,0.0,0.0,5.6613582439584,68.61489153368123,135.3184997626696,930020.0000000002,7.5614855479133825,0.19307313724453723,85.45918367346938,0.0,72.32142857142857,27.678571428571427,213.5,415.4,689.0399999999992,1.109375,98.47528524440861,1.1265516999992542,nan,1705.2035871955736,
10000,high,impaired,Fog-only,1568,1550,594.8351654666019,1223.7504890299058,56.25,17.22222222222222,107.12423122013855,12.930670457196285,0.43797814094984305,0.9919029342986616,0.0,0.0,6.174913151461743,62.44771558244443,118.1629392820755,900820.0,7.324076268544043,0.39801874579233476,43.75,0.0,100.0,0.0,22.8,41.2,74.77999999999987,0.671875,100.07196989209577,0.6713918000459671,nan,2861.220527072982,
10000,high,impaired,DRL-OO,1568,1437,503.7618087425842,1211.6365957830214,28.380102040816325,15.966666666666667,262.4099813202909,20.151860331655218,0.4557276464286668,0.6966116941529236,7.461734693877551,0.0,5.68377115498739,68.32394835453952,136.517301829009,857020.0,7.005566884272861,0.26484247111361947,71.61989795918367,0.0,67.92091836734694,24.617346938775512,268.3,472.9,813.5999999999993,1.203125,98.40536080709336,1.2226214000256732,nan,1571.2141141645827,501
10001,high,impaired,DT-KF-CostAware,1549,1504,467.33890783262024,914.2579833716296,22.466107165913492,16.711111111111112,212.5575806229503,18.549311810978224,0.47884228321005917,0.9550478953019303,2.5177533892834085,0.0,6.083422573815154,59.85402649937185,118.77262799572746,730000.0,6.842222473832717,0.2040355379868594,77.5338928340865,0.0,85.28082633957392,12.201420271142673,189.5,361.05999999999995,570.0679999999999,1.046875,98.6887348603659,1.0607846999773756,nan,1803.3819681230325,
10001,high,impaired,DT-OPT,1549,1502,489.7948620848348,1006.0069100663062,25.37120723047127,16.68888888888889,197.90859155359513,17.70033503813986,0.42932490274748375,0.9024003899110515,2.711426726920594,0.0,6.018645604862308,59.132966121617855,115.8805849415034,789860.0,7.4015593820382914,0.24856027217170099,74.62879276952873,0.0,83.47320852162686,13.81536475145255,190.3,379.5999999999999,630.2799999999999,1.109375,99.95187894284601,1.1099090999923646,nan,1723.5645693986653,
10001,high,impaired,SemiGreedy,1549,1544,377.9760518880978,616.9213946331149,9.360877985797288,17.155555555555555,332.6887862947979,24.91923395663707,0.39667029642789187,0.7067916599134039,0.0,0.0,5.753138819400271,59.54680616275524,118.6326971922093,719780.0,6.726226292500666,0.16282112706764418,90.63912201420271,0.0,71.53001936733376,28.469980632666235,210.5,387.6199999999997,697.4079999999985,1.09375,98.32986223187002,1.1123274000128731,nan,1719.8173846817588,
10001,high,impaired,Fog-only,1549,1544,576.5530176786465,1103.8192809103011,52.033570045190444,17.155555555555555,106.70235652018268,13.026346707673119,0.4322380446068564,0.9877751259612835,0.0,0.0,6.330303556365978,59.7274029585912,116.34327793706082,878920.0,8.213363545812172,0.33282877339312084,47.966429954809556,0.0,100.0,0.0,22.7,40.23999999999999,62.14399999999955,0.625,97.07593310789714,0.6438258999842219,nan,2971.300160566516,
10001,high,impaired,DRL-OO,1549,1492,466.08386466857854,1032.2589494474933,22.466107165913492,16.57777777777778,249.4570064067677,20.481978891697945,0.42721492052672955,0.7720673846601659,3.357004519044545,0.0,5.84119811276275,59.924398509292914,118.54649536808631,832200.0,7.816138720401728,0.24020413002345364,77.5338928340865,0.0,74.30600387346675,22.336991607488702,265.6,472.01999999999924,710.9079999999992,1.21875,99.62099473272379,1.223386700032279,nan,1563.6920034765178,502
10002,high,impaired,DT-KF-CostAware,1598,1530,489.3956973036022,992.0057860652086,24.530663329161452,17.0,214.51647462843914,18.85488531228025,0.4924269250095558,0.9919596771803243,3.44180225281602,0.0625782227784731,5.934788768472704,63.275171983234024,125.22107992847978,1528620.0,6.082882588054005,0.3146985791870501,75.46933667083854,0.0,86.35794743429287,10.137672090112641,193.6,389.3199999999998,585.448,1.140625,98.83172988333399,1.1541081000468694,nan,1706.9458224233904,
10002,high,impaired,DT-OPT,1598,1526,513.0578478638166,1080.9922949692905,27.909887359198997,16.955555555555556,204.3060207832385,17.883667057505235,0.4435737064322833,0.8959424083769634,3.8172715894868587,0.1251564455569462,5.931181756798265,64.12539948410094,127.50784580097051,1521320.0,6.052510256866861,0.33180093130429505,72.090112640801,0.0,83.85481852315394,12.202753441802253,185.55,378.9599999999999,569.9319999999991,1.078125,99.13116733107074,1.0875741999479942,nan,1811.3706633480288,
10002,high,impaired,SemiGreedy,1598,1588,403.9475596528867,721.0029655249749,13.516896120150188,17.644444444444446,342.60043018629506,25.63498890891295,0.4125178137216668,0.7724643814360277,0.0,0.0625782227784731,5.796897985259964,69.24506545066049,140.59960631796545,1495040.0,5.935132994832046,0.2513544786177498,86.4831038798498,0.0,74.46808510638297,25.469336670838548,211.8,407.40999999999997,718.3369999999999,1.09375,96.67628052392428,1.1313530000043102,nan,1741.2779212080534,
10002,high,impaired,Fog-only,1598,1589,684.0318738578884,1605.7951518969248,50.75093867334168,17.655555555555555,118.15409000439028,13.717978083012747,0.44491321258800653,0.9941291392501551,0.0,0.0,5.979446619331232,61.34461004097949,119.0926550475182,1960780.0,7.784066027401796,0.7230315231797925,49.24906132665832,0.0,100.0,0.0,22.9,41.655,72.2269999999999,0.6875,98.47087267729162,0.6981759999762289,nan,2821.638097080211,
10002,high,impaired,DRL-OO,1598,1498,490.2241403796593,1083.1071294808628,26.53316645807259,16.644444444444446,246.5619802515327,20.101279419410872,0.4501008587023312,0.8403262123125926,5.506883604505632,0.0625782227784731,5.822318503775871,67.42266864296523,135.21563473266784,1551980.0,6.195011330989391,0.3241516640613558,73.46683354192741,0.0,76.40801001251565,18.02252816020025,265.3,478.16999999999985,842.2409999999993,1.234375,98.82979122032943,1.2489907999988645,nan,1577.2734274758398,503
10003,high,impaired,DT-KF-CostAware,1557,1506,465.8815464846773,936.7654448301845,20.616570327552985,16.733333333333334,214.6912665561429,18.387515922605377,0.4861041251085276,0.9443792682461561,2.697495183044316,0.0,5.976376659416907,63.90079254158776,123.89124415708767,878920.0,6.881676381753426,0.25266729355246986,79.38342967244701,0.0,86.25561978163134,11.046885035324342,183.7,272.7,383.41000000000014,0.984375,99.9780416523893,0.9845911999582313,nan,1961.2200475506156,
10003,high,impaired,DT-OPT,1557,1502,507.97742975199645,1127.265560340853,25.690430314707772,16.68888888888889,199.03539946093764,17.365939321144786,0.43769616570404,0.9045907230559345,3.0186255619781632,0.0,5.978147608783961,62.42594565711389,124.4827072081113,906660.0,7.096165780382959,0.27925290223514715,74.30956968529223,0.0,84.84264611432242,12.138728323699421,178.6,274.04999999999995,443.48,0.984375,100.32448314138263,0.981191199971363,nan,1968.016019768989,
10003,high,impaired,SemiGreedy,1557,1550,395.9182288106564,712.8255511982372,10.789980732177264,17.22222222222222,329.59855616385744,24.436687970832246,0.411930508099266,0.7789130105291078,0.0,0.0,5.758352435192191,67.61688938983305,133.929720022103,886220.0,6.911294884774579,0.18928085053489024,89.21001926782273,0.0,74.05266538214515,25.94733461785485,209.7,358.25,598.3400000000014,1.0625,99.84526568376727,1.06414659996517,nan,1814.5996050386314,
10003,high,impaired,Fog-only,1557,1549,580.0447413102962,1215.4010088788732,45.98587026332691,17.211111111111112,117.96878824391537,13.185491097066437,0.4391332843785468,0.9807019164429563,0.0,0.0,6.111426977091158,60.411404662338825,120.85853572317107,984040.0,7.674156099403733,0.4071058396060289,54.01412973667309,0.0,100.0,0.0,21.2,29.6,44.27,0.578125,99.23383327534754,0.5825885999947786,nan,3314.5173112163648,
10003,high,impaired,DRL-OO,1557,1502,475.05016710625796,1002.1407007605371,21.836865767501607,16.68888888888889,237.288084150213,19.403936521174348,0.43476111655928146,0.8176143187870981,3.0186255619781632,0.0,5.790669414185111,64.78789912397015,127.83226195881475,932940.0,7.299507083363619,0.26812250055059983,78.1631342324984,0.0,79.1907514450867,17.79062299293513,318.2,736.5,1462.8400000000001,1.453125,92.687655947176,1.567765399988275,nan,1231.6893841479352,504
10004,high,impaired,DT-KF-CostAware,1569,1530,453.3512222050297,911.2444081927781,19.18419375398343,17.0,201.2682683124189,16.366770010442917,0.4634377069484983,0.9334753744831423,1.9120458891013383,0.0,6.1748035965326995,55.83364724805017,110.60077187693194,1500880.0,6.204172621074849,0.3170260608642575,80.81580624601658,0.0,91.77820267686424,6.309751434034417,195.7,399.2749999999999,455.3039999999999,1.140625,99.87793547911339,1.1420190000208095,nan,1696.9945333349851,
10004,high,impaired,DT-OPT,1569,1536,484.13985236675387,1079.590471950392,22.753346080305928,17.066666666666666,190.31880436703884,15.646226246843986,0.4151022995781982,0.8705199890863681,1.5933715742511154,0.0,6.160753195844647,56.889893638340105,113.3520883082899,1533000.0,6.334156374247907,0.34778386584465154,77.24665391969407,0.0,90.31230082855322,8.094327597195665,177.0,213.71499999999997,308.76099999999946,0.921875,100.09943980652865,0.9209591999533586,nan,2104.327748827688,
10004,high,impaired,SemiGreedy,1569,1561,368.55983358277825,641.287873150442,5.417463352453792,17.344444444444445,331.56673145899225,23.721772999865188,0.388416010096701,0.7418300268601856,0.0,0.0,5.895791011068004,57.52680167690491,116.08038966130863,1436640.0,5.931571406476554,0.2604104158639687,94.5825366475462,0.0,75.39834289356278,24.601657106437223,196.64999999999998,241.57499999999993,355.7379999999997,0.9375,100.34722817101976,0.9342559999786317,nan,2074.377900751321,
10004,high,impaired,Fog-only,1569,1562,485.04866573374846,986.5261735351254,26.832377310388782,17.355555555555554,134.50295504374762,12.632459324808822,0.41554891640342273,0.9725949855536492,0.0,0.0,6.321489383448571,57.69714545670487,114.11519220779591,1817700.0,7.504884553926128,0.6571268621907881,73.16762268961122,0.0,100.0,0.0,22.8,40.61499999999999,46.41499999999994,0.625,96.83843429762734,0.6454048999585211,nan,3002.7661707008288,
10004,high,impaired,DRL-OO,1569,1536,457.65500720058697,996.1541947176818,20.01274697259401,17.066666666666666,227.66380311638702,17.742772308733127,0.40937809014808507,0.8173065394227563,1.5933715742511154,0.0,6.04366341374377,57.04170987011016,114.66459090393107,1547600.0,6.397434279962902,0.35526836598206696,79.98725302740598,0.0,84.63989802421925,13.766730401529637,264.75,607.745,883.5289999999978,1.296875,93.75478036459201,1.3832627999945544,nan,1401.0352913471174,505
10005,high,impaired,DT-KF-CostAware,1634,1565,471.6692677851504,943.5906469241828,25.091799265605875,17.38888888888889,237.53196333787167,19.527777385133902,0.48885845248239246,0.9531531531531532,3.916768665850673,0.0,6.38825080419108,62.19108275042702,125.74438671324306,1311080.0,7.984839596736002,0.3176032298023611,74.90820073439413,0.0,84.76132190942472,11.321909424724602,235.45,445.475,507.3800000000001,1.46875,100.54609450377184,1.4607728000264615,nan,1359.5543399795124,
10005,high,impaired,DT-OPT,1634,1579,516.3222301334573,1154.9334067839125,27.723378212974296,17.544444444444444,211.59366205590095,18.01500649043008,0.43566982803047655,0.9413153087102318,3.0599755201958385,0.0,6.412014524635351,62.36242063421503,118.5311567362852,1391380.0,8.466606412575981,0.4118051802956346,72.2766217870257,0.0,84.21052631578948,12.729498164014688,185.9,334.075,413.4150000000007,1.0625,99.17193997172753,1.071371599973645,nan,1853.6985673774197,
10005,high,impaired,SemiGreedy,1634,1630,410.3271369669714,749.87041295749,13.219094247246023,18.11111111111111,342.47175201150617,25.28155044032393,0.407870369574744,0.7647998275066691,0.0,0.0,6.462233865090224,65.04897098186689,127.41796102481625,1261440.0,7.635218340406511,0.26116020271940227,86.78090575275398,0.5507955936352509,75.70379436964504,23.745410036719708,207.95,284.22499999999997,386.8550000000002,1.0,99.04700929730967,1.0096215999801643,nan,1967.07360464457,
10005,high,impaired,Fog-only,1634,1605,714.206168849354,2230.0159956856037,51.468788249694,17.833333333333332,128.3801055517222,13.793208825048367,0.441357762652613,0.9912699060149798,0.0,0.06119951040391677,6.476280434021477,61.457372429808856,122.62959011663038,1476060.0,8.933329387334688,0.5516197624834533,48.531211750306,0.0,99.93880048959608,0.0,20.9,28.725,39.5,0.5625,99.38794693505551,0.5659640000085346,nan,3509.05711312036,
10005,high,impaired,DRL-OO,1634,1558,492.56265489831253,1122.7065536716718,26.193390452876375,17.31111111111111,256.807701550406,20.428343472781165,0.4384867258123735,0.8270862715646163,4.34516523867809,0.0,6.407106456685763,63.68931302757126,127.54845876669202,1468760.0,8.941679460917959,0.438642797124343,73.80660954712363,0.0,75.64259485924113,20.012239902080783,687.2,1483.8,4694.740000000005,2.65625,0.36371409712044267,730.3126332000247,nan,2.7193833294351024,501
10006,high,impaired,DT-KF-CostAware,1618,1549,467.74960055751603,921.087489841304,22.064276885043263,17.211111111111112,257.8792403141944,20.560404229764373,0.48575089683268063,0.8933436641020304,3.4610630407911,0.0,5.560674009122291,58.83964862082557,115.32608175848219,1038059.9999999999,6.452567759078775,0.22437843336373398,77.93572311495673,0.0,80.778739184178,15.760197775030901,452.7,1259.7,7624.240000000002,2.59375,17.453143969199605,14.861219299957156,nan,131.9541795608691,
10006,high,impaired,DT-OPT,1618,1536,506.69677138977266,1149.2223143458177,25.957972805933252,17.066666666666666,234.4416488367615,19.093407791519468,0.43979262531452523,0.8709927477562832,4.3881334981458595,0.0,5.539154714541036,57.719379786684684,109.78608144944926,1064340.0,6.616393168692476,0.265478802614629,74.04202719406675,0.0,79.17181705809641,16.440049443757726,684.6,2029.0,4821.060000000003,3.625,68.59930365153616,5.284310200018808,nan,371.098577822517,
10006,high,impaired,SemiGreedy,1618,1608,383.8959276740399,680.4568980266849,10.3831891223733,17.866666666666667,369.5953984021637,26.218958291721407,0.4002610364550223,0.6621232475595424,0.0,0.0,5.408824840810481,58.00992939962687,114.75224120743636,1024919.9999999999,6.352369057692876,0.18980888040877217,89.6168108776267,0.0,71.87886279357231,28.12113720642769,670.2,1464.9,3786.9400000000014,3.203125,78.52037883450699,4.079354999994393,nan,480.71325001199824,
10006,high,impaired,Fog-only,1618,1600,675.2183734771617,1383.5969243514814,66.81087762669964,17.77777777777778,114.12376514843518,13.550790740849784,0.4496475745252961,0.9939308099914894,0.0,0.0,5.816724076466084,57.688252404511495,114.80344035611111,1239539.9999999998,7.682565997124288,0.4243776961014188,33.18912237330037,0.0,100.0,0.0,36.2,76.9,118.24000000000001,1.171875,93.21200268790149,1.257214700046461,nan,1559.7972247123184,
10006,high,impaired,DRL-OO,1618,1535,481.368484779961,1087.164264769596,23.794808405438815,17.055555555555557,295.5690604794294,22.206126439329143,0.4348051720864234,0.7254665100045886,4.449938195302843,0.0,5.447522912182655,58.793190639678606,114.38749715945856,1093540.0,6.796015561343092,0.2563595647901598,76.20519159456119,0.0,69.65389369592089,25.896168108776266,508.2,1316.4,2245.0600000000027,2.609375,94.07171625608615,2.77381460001925,nan,706.9686632936429,502
10007,high,impaired,DT-KF-CostAware,1610,1555,474.99754482735915,912.4024421825301,24.40993788819876,17.27777777777778,225.14992930217232,20.105677715890735,0.48050494555453555,0.9323611926601937,2.7950310559006213,0.0,5.536933784241829,61.86276592262248,121.3515397274639,943160.0,5.800617221195857,0.23013646481194205,75.59006211180125,0.0,86.52173913043478,10.683229813664596,454.1,1207.2299999999998,1920.4520000000027,2.875,95.0666398958741,3.0241944000008516,nan,655.7118153513682,
10007,high,impaired,DT-OPT,1610,1549,507.0374596172046,1031.4056653226685,27.018633540372672,17.211111111111112,208.6896301695835,19.154523497796422,0.4303937425702648,0.8802767943785791,2.919254658385093,0.0,5.487611414755925,62.07653593554616,122.33433437147467,1030760.0000000001,6.334054842212744,0.2946571269654254,72.98136645962732,0.0,84.90683229813665,12.173913043478262,532.0,1539.96,2233.7180000000035,3.515625,96.96065159194076,3.6258265000069514,nan,546.9097873260616,
10007,high,impaired,SemiGreedy,1610,1600,388.3240940312706,650.6536958393343,10.807453416149068,17.77777777777778,344.9996546149559,26.304762858619654,0.39767458500555164,0.7365439957860658,0.0,0.0,5.240232407824849,64.36004307026438,128.1562379940333,867240.0,5.318851742803429,0.1779129169307689,89.19254658385093,0.062111801242236024,73.2919254658385,26.645962732919255,443.3,1016.4499999999999,1534.4320000000005,2.546875,97.88853634488443,2.601811299973633,nan,762.1613450676057,
10007,high,impaired,Fog-only,1610,1590,546.7501986969265,1039.4237314769289,46.45962732919255,17.666666666666668,122.15496996749481,15.041319266799778,0.4293411467242915,0.9840395717728827,0.0,0.0,5.737361095726892,60.98761436948944,119.1938083201421,1146100.0,7.029053277108266,0.41510026037523995,53.54037267080745,0.0,100.0,0.0,54.5,138.6,223.14400000000006,1.6875,91.0381112236313,1.8536193000036292,nan,1069.798960334583,
10007,high,impaired,DRL-OO,1610,1545,484.1243071992926,1026.676101898947,24.285714285714285,17.166666666666668,255.04858684824202,21.443375643745476,0.42579586299815947,0.7806761643544878,3.2919254658385095,0.0,5.331780888041981,62.56480750290567,121.02770323046859,972360.0,5.987024050798454,0.2703612379629283,75.71428571428571,0.0,77.32919254658385,19.37888198757764,704.7,1876.8599999999967,3257.2300000000005,3.34375,91.76659288127665,3.643755200027954,nan,544.218777371429,503
10008,high,impaired,DT-KF-CostAware,1639,1598,476.1642105198215,939.4427762528353,24.771201952410006,17.755555555555556,218.69350233252771,19.40269688752415,0.4823453931728153,0.9469278895669685,1.769371568029286,0.0,5.897535055453456,61.05861319428631,122.95836421806428,981119.9999999999,6.679608953666135,0.2617534007698232,75.22879804758999,0.0,86.33312995729104,11.897498474679683,681.8,1408.7299999999998,1807.2479999999982,3.75,96.30184975006817,3.894006200018339,nan,517.4619393236997,
10008,high,impaired,DT-OPT,1639,1578,499.68724467071996,1074.0213018474772,26.357535082367296,17.533333333333335,207.56364440932623,18.499484378831006,0.4367725887329044,0.9157814238042269,2.989627821842587,0.0,5.884417138469731,60.70594825266762,119.92372063036954,986960.0,6.714192650579526,0.29684330080561816,73.64246491763271,0.0,83.52654057352044,13.483831604636974,474.9,890.38,1177.6119999999992,2.84375,98.7554503889319,2.8795879000099376,nan,699.7529056130032,
10008,high,impaired,SemiGreedy,1639,1629,383.07783568145663,647.280567240238,9.57901159243441,18.1,342.6133959253534,25.71008941199293,0.40321033213164914,0.758679968198119,0.0,0.0,5.815173151524134,60.80504328557849,120.37645597159964,951919.9999999999,6.460483898333841,0.2075636506762208,90.42098840756559,0.0,73.4594264795607,26.540573520439292,645.8,1124.31,1407.6459999999984,3.328125,97.24424314679833,3.4224391000461765,nan,588.7613894934794,
10008,high,impaired,Fog-only,1639,1625,566.1930958284665,1122.2076075159907,50.76266015863331,18.055555555555557,110.44776349028626,13.870389990570292,0.4425074823139106,0.9907287486455741,0.0,0.06101281269066504,6.029242022811853,58.75697563132072,116.38456848199112,1179680.0,8.006243849468934,0.4361183788688444,49.23733984136669,0.0,99.93898718730934,0.0,70.8,164.80999999999992,260.31199999999956,2.265625,93.40185970544056,2.4256744000012986,nan,830.6968156974907,
10008,high,impaired,DRL-OO,1639,1571,472.7647491120008,1041.4951967648867,23.978035387431362,17.455555555555556,253.51909948932095,20.953236499944374,0.43204730863827506,0.8009591516236343,3.416717510677242,0.0,5.86208258503011,61.242952446670344,119.09233479887689,972359.9999999999,6.623459823868936,0.28155942762226727,76.02196461256864,0.0,75.65588773642465,20.92739475289811,982.9,2389.52,3953.749999999998,4.46875,92.25809689599153,4.843748299987055,nan,416.0001460037436,504
10009,high,impaired,DT-KF-CostAware,1620,1546,457.22525544999195,849.3930269838625,21.97530864197531,17.177777777777777,270.8760950476298,21.507523929023016,0.49595118802633714,0.9410959909655562,3.8271604938271606,0.0,5.797881727536938,61.44424779986952,119.4650760736273,1204500.0000000002,5.705440944375765,0.2753577821882687,78.0246913580247,0.0,80.18518518518519,15.987654320987655,374.7,687.65,953.2199999999997,2.046875,96.73041623544388,2.116061399981845,nan,931.4474523361705,
10009,high,impaired,DT-OPT,1620,1535,499.56885781606917,1073.0536129009492,26.54320987654321,17.055555555555557,245.57166652749967,19.730261774350872,0.45145581367873716,0.8928008021390375,4.506172839506172,0.0,5.843806160385183,61.884490511264765,118.65472372430172,1192820.0000000002,5.6521737688283595,0.292519277914201,73.45679012345678,0.0,78.64197530864197,16.85185185185185,348.6,785.35,1063.209999999999,2.15625,100.19381258674183,2.152079000021331,nan,915.8585720972436,
10009,high,impaired,SemiGreedy,1620,1610,393.9812033583999,700.6198820563438,11.296296296296296,17.88888888888889,362.64881381935106,26.23946630345322,0.4164229359958899,0.7619319958893704,0.0,0.0,5.6058622445514965,62.90501111103572,124.10489761732082,1151940.0000000002,5.446000307204456,0.2272772333230642,88.70370370370371,0.0,72.53086419753086,27.469135802469136,453.5,786.5,1132.14,2.25,100.10283453061284,2.2476885999785736,nan,876.9008304881685,
10009,high,impaired,Fog-only,1620,1607,692.8800117179939,1328.1653213952052,64.87654320987654,17.855555555555554,126.67137989601974,14.161899287032819,0.45788573140331223,0.9951756630524924,0.0,0.06172839506172839,6.072434511599252,59.31671943385682,113.86365069753482,1457080.0,6.88860368389106,0.5685389721339192,35.123456790123456,0.0,99.93827160493827,0.0,36.7,68.44999999999999,94.01999999999998,1.078125,95.87406916268245,1.1245219999691471,nan,1752.7447218054224,
10009,high,impaired,DRL-OO,1620,1526,474.074410414026,1015.0417688193663,24.444444444444443,16.955555555555556,293.9252948457641,22.389891315068763,0.45073096522906153,0.7948649238770122,5.1234567901234565,0.0,5.647666614877908,62.64754688668638,122.45109619348156,1176760.0000000002,5.579865559930425,0.26748993610471294,75.55555555555556,0.0,70.24691358024691,24.62962962962963,921.2,2310.35,3395.08,4.34375,97.09729223540002,4.473605700011831,nan,440.58420258065826,505
10010,high,impaired,DT-KF-CostAware,1630,1569,475.7926250630596,956.9753144097451,22.94478527607362,17.433333333333334,230.24292265361512,19.7907326244335,0.4855062575431781,0.9361493571623963,3.558282208588957,0.0,6.10454129263341,64.54883540815365,126.49047299624344,1378240.0,6.925569871881681,0.2904498385407476,77.05521472392638,0.0,86.31901840490798,10.122699386503067,324.75,829.6049999999997,1262.2139999999981,2.125,94.585692413107,2.2466399999684654,nan,889.3280632535897,
10010,high,impaired,DT-OPT,1630,1563,527.7283111862388,1215.466034625116,28.588957055214724,17.366666666666667,208.63554850292982,18.34307287691729,0.4412837571658433,0.8938093993582675,3.803680981595092,0.06134969325153374,6.126795815551798,65.41270827681925,129.46819888913478,1487740.0,7.477777744827808,0.4014835702882345,71.41104294478528,0.0,84.23312883435582,11.901840490797547,471.4,1384.5,1941.3279999999997,3.234375,98.98373788417915,3.2675822000019252,nan,611.4612816775727,
10010,high,impaired,SemiGreedy,1630,1627,396.098456888861,699.6665561795432,10.736196319018404,18.07777777777778,348.03104020658867,25.95839792458916,0.4032171938202719,0.7561047776433911,0.0,0.0,6.00333783216162,66.57820404240479,130.52736785677118,1365100.0,6.8454898572065215,0.23962406234604502,89.2638036809816,0.0,75.6441717791411,24.355828220858896,399.04999999999995,843.8349999999999,1154.7139999999995,2.140625,97.5148623484086,2.1951781999669038,nan,910.1766772420223,
10010,high,impaired,Fog-only,1630,1617,678.8829503412678,1538.6408229443175,51.34969325153374,17.966666666666665,128.2565838863094,14.567011448140233,0.43929825670750133,0.9959263102083352,0.0,0.06134969325153374,6.215042687487139,63.039825909398274,123.02618247711237,1645420.0,8.251194726279946,0.6069806422398278,48.65030674846626,0.0,99.93865030674847,0.0,42.0,79.84499999999996,111.51199999999999,1.265625,98.67660877075997,1.2825988000258803,nan,1557.774730461064,
10010,high,impaired,DRL-OO,1630,1555,496.949189770898,1153.4526376901592,24.846625766871167,17.27777777777778,255.67792224865542,20.90517530995448,0.43657236156337537,0.8075800510951049,4.355828220858895,0.0,6.011736012107911,64.74058728910143,130.49232249007312,1382620.0,6.955528025402151,0.35695055871876613,75.15337423312883,0.0,76.38036809815951,19.263803680981596,620.7,1163.4849999999997,1471.0919999999994,2.6875,99.13333671804646,2.710995199973695,nan,736.9987228377928,501
10011,high,impaired,DT-KF-CostAware,1655,1569,480.70946722532153,948.4398967234483,26.46525679758308,17.433333333333334,254.15635302068569,21.231545922709973,0.5035957493554221,0.9119094465539064,4.652567975830816,0.06042296072507553,5.921952527447694,63.48780093716272,125.18177848933374,1497960.0,7.443068693209683,0.29529889696044975,73.53474320241692,0.0,76.43504531722054,18.851963746223564,347.1,690.8,1062.4439999999981,2.078125,100.01389907381403,2.0778362000128254,nan,959.1708913280547,
10011,high,impaired,DT-OPT,1655,1546,507.35237554414095,1091.4420585688129,29.184290030211482,17.177777777777777,244.69002581119332,20.448371356501557,0.46003932047072393,0.8417028592110025,5.981873111782478,0.06042296072507553,5.940086040657225,62.116485043009206,124.21803842067303,1476060.0,7.33295587036636,0.32233687020576224,70.81570996978851,0.0,74.13897280966768,19.818731117824772,418.5,766.2399999999993,1049.0759999999996,2.359375,99.4226983486211,2.373074800008908,nan,839.8386768055178,
10011,high,impaired,SemiGreedy,1655,1647,398.2681126533913,666.1120452423993,15.407854984894259,18.3,352.1234758746403,26.30218961783277,0.4150657830719143,0.7455797887684763,0.0,0.06042296072507553,5.956706796143491,63.98606094073271,130.05101751122638,1514020.0,7.499273486520234,0.2645705094732081,84.59214501510574,0.0,71.3595166163142,28.580060422960724,378.1,754.8799999999993,1069.668,2.0625,99.39795921395502,2.07499229995301,nan,960.4854919438175,
10011,high,impaired,Fog-only,1655,1643,789.2438654619243,1439.1659435806166,76.07250755287009,18.255555555555556,112.2407527997193,14.361367819047768,0.4645428095089739,0.9963978402544212,0.0,0.06042296072507553,6.017027308560811,63.70905270246677,124.5385801873545,1807480.0,8.952845300204483,0.6537248974194058,23.92749244712991,0.0,99.93957703927492,0.0,41.8,74.1,107.17199999999993,1.265625,100.19312286337413,1.2631854999926873,nan,1577.757186107296,
10011,high,impaired,DRL-OO,1655,1543,480.33410280194283,1039.3048158802117,26.404833836858007,17.144444444444446,293.26323784598026,22.82180784679601,0.45516570728642486,0.7272948205154169,6.102719033232629,0.06042296072507553,5.930329075921085,63.662855743538316,123.25867108670977,1499420.0,7.460576746537327,0.3056172217764445,73.595166163142,0.0,65.13595166163142,28.700906344410875,553.6,1082.1999999999998,1472.0399999999975,2.484375,98.54890004972943,2.5209565999684855,nan,790.5729118957917,502
10012,high,impaired,DT-KF-CostAware,1599,1533,460.2662789969302,888.0194668490101,21.01313320825516,17.033333333333335,233.04050700727456,19.713333924321994,0.4888303948504665,0.9563870626637856,3.4396497811131956,0.06253908692933083,6.100971896577758,62.27321950143228,128.37310049112008,1173840.0,6.160824798107078,0.3030853478765782,78.98686679174484,0.0,85.05315822388994,11.444652908067543,385.6,745.1999999999996,1043.397,2.125,99.29410535459888,2.140106900013052,nan,912.1039701278919,
10012,high,impaired,DT-OPT,1599,1530,505.73229447471874,1125.2943200775662,25.078173858661664,17.0,207.13346332774438,18.160607641090042,0.44478272110364264,0.9179363168382597,3.75234521575985,0.06253908692933083,6.143565798097357,62.69543069252319,126.31437368305326,1186980.0,6.227026305616164,0.3382062803487619,74.92182614133834,0.0,83.61475922451532,12.570356472795497,378.45000000000005,703.535,952.9010000000001,2.09375,99.50170023847156,2.104235399980098,nan,927.6528662232668,
10012,high,impaired,SemiGreedy,1599,1589,391.8417395127642,691.3195298575331,9.631019387116948,17.655555555555555,348.7266953334965,25.753507125699024,0.4120821574874493,0.7468566727142315,0.0,0.0,5.900911036145127,66.92653568775569,133.5176110851691,1071640.0,5.614351120546716,0.23245946057930283,90.36898061288305,0.0,74.73420888055034,25.265791119449656,474.45,867.5799999999992,1140.684,2.328125,99.33512189659871,2.3437077999697067,nan,832.8683294159922,
10012,high,impaired,Fog-only,1599,1588,539.8763853017027,1124.2508363780564,42.4015009380863,17.644444444444446,126.7389468363537,14.042359073032827,0.44335858906491904,0.9876426391613037,0.0,0.0,6.350511620003423,58.937010872939695,115.9124470726625,1613300.0,8.452122599733135,0.719347682802244,57.5984990619137,0.0,100.0,0.0,44.9,84.3,117.698,1.296875,99.95834025546196,1.2974154999828897,nan,1504.5295821005243,
10012,high,impaired,DRL-OO,1599,1516,483.99594242128927,1081.337912458133,24.265165728580364,16.844444444444445,243.59332910861437,20.157914759828945,0.4451522540923702,0.8215292949140565,4.627892432770482,0.06253908692933083,6.050410906015084,64.95753594442736,130.90498218184428,1165080.0,6.121973496249669,0.325318689711833,75.73483427141964,0.0,77.67354596622889,17.636022514071296,529.85,1014.3449999999996,1480.0380000000002,2.40625,98.18063179799073,2.4508398000034504,nan,796.4616863155445,503
10013,high,impaired,DT-KF-CostAware,1640,1556,481.29258985280563,929.7367892416636,26.890243902439025,17.288888888888888,248.87203384161413,21.100723299874588,0.5049196714860966,0.9408016963825421,4.695121951219512,0.06097560975609756,5.7800124912219175,64.03351728030754,129.19897822613257,1035140.0000000002,5.849865397826338,0.2412690592213933,73.10975609756098,0.0,76.15853658536585,19.085365853658537,403.8,761.9649999999999,982.5829999999997,2.265625,98.41798826018035,2.3020436000078917,nan,878.3500017085116,
10013,high,impaired,DT-OPT,1640,1548,499.2052071833419,1056.4482586868467,27.134146341463413,17.2,246.09765328149786,20.686373034614903,0.4537830574083438,0.8432803629077146,5.121951219512195,0.06097560975609756,5.807353145039637,63.08225790730161,129.89033597768818,1100840.0000000002,6.219856362021361,0.2644772718072944,72.86585365853658,0.0,73.96341463414635,20.853658536585368,376.35,750.395,1047.5839999999996,2.203125,98.77938385341267,2.230349000019487,nan,906.5845748725125,
10013,high,impaired,SemiGreedy,1640,1634,399.8740838135718,660.6706004276741,16.890243902439025,18.155555555555555,358.18437167734265,26.721170102452916,0.41280817434923056,0.7078814555546716,0.0,0.06097560975609756,5.683535424407945,64.09056219211824,127.73815162327776,1020540.0000000002,5.739041798100383,0.2062109158570473,83.10975609756098,0.0,69.20731707317073,30.73170731707317,485.5,934.9649999999999,1281.0629999999987,2.4375,96.70767402571944,2.520482500025537,nan,802.2273513025834,
10013,high,impaired,Fog-only,1640,1611,1036.7425278549258,2608.85730647493,78.84146341463415,17.9,101.47153874354325,14.046798469489442,0.46108885704976743,0.9946106054149179,0.0,0.0,6.1685601500948675,63.793045772119136,128.0696748987422,1495039.9999999998,8.40740887160914,0.4917461788134568,21.158536585365855,0.0,100.0,0.0,40.9,77.17499999999991,110.0,1.28125,97.26825937188063,1.3172333999536932,nan,1535.0354766824792,
10013,high,impaired,DRL-OO,1640,1528,481.55005723111105,1050.4582079073991,27.25609756097561,16.977777777777778,302.7504959373481,23.49845339900681,0.4568319579540667,0.7091729234849943,6.402439024390244,0.06097560975609756,5.61984423450164,62.50481956214403,124.09792442773683,1086240.0000000002,6.145669753759065,0.25652046689322366,72.7439024390244,0.0,62.98780487804878,30.548780487804876,605.5999999999999,1379.784999999998,2342.6499999999996,2.84375,97.39067979680344,2.9199405999970622,nan,692.4798401727879,504
10014,high,impaired,DT-KF-CostAware,1623,1520,495.81252663065993,1015.0976079762878,27.911275415896487,16.88888888888889,231.75602687751052,20.503353224613587,0.5114170322157882,0.9896262332616058,5.85335797905114,0.061614294516327786,5.906317127731411,65.85419615388828,132.6133174614955,1368020.0000000002,5.768194413307099,0.3185322733581974,72.08872458410352,0.0,79.85212569316081,14.232902033271719,315.95,675.295,959.7069999999995,1.90625,98.51002202636869,1.9350823000422679,nan,1027.3464854474541,
10014,high,impaired,DT-OPT,1623,1497,528.2497773024069,1174.00833079233,30.99199014171288,16.633333333333333,220.0572328448185,19.566710467673893,0.4681732176299631,0.9303528124026912,7.270486752926679,0.0,5.9078084397972646,66.05856135999133,133.09930315225023,1414740.0000000002,5.971933003956933,0.33980108432820816,69.00800985828712,0.0,77.75723967960568,14.972273567467653,370.95,654.8599999999999,980.5289999999997,2.0625,99.3797163805918,2.075373200001195,nan,957.9000056466255,
10014,high,impaired,SemiGreedy,1623,1616,421.5711920288887,747.7570609647895,17.621688231669747,17.955555555555556,337.60937338579265,26.29941419662679,0.422676461562835,0.8007803664329337,0.0,0.0,5.660962035702578,69.3147446064473,140.47152698748846,1350500.0000000002,5.675532039628621,0.25977627524864205,82.37831176833025,0.3080714725816389,73.56746765249538,26.12446087492298,402.79999999999995,902.7299999999997,1332.211999999995,2.25,95.95805481502923,2.344774500001222,nan,847.842724321236,
10014,high,impaired,Fog-only,1623,1609,779.4689741606403,1721.0031882863886,68.57670979667283,17.877777777777776,108.64320491428644,14.320730959081159,0.4533405536568009,0.9942702972578539,0.0,0.12322858903265557,6.224975583458101,62.6142945485318,126.15416806138494,1735940.0,7.295195233484153,0.6462437380698234,31.423290203327173,0.0,99.87677141096735,0.0,51.650000000000006,89.4,117.15599999999986,1.390625,98.81592847410693,1.4072883000480942,nan,1412.6458664738846,
10014,high,impaired,DRL-OO,1623,1496,498.8278988191162,1130.899144046494,27.972889710412815,16.622222222222224,255.41173464258426,21.561742097156493,0.46503806364633976,0.8431129466524497,7.393715341959335,0.0,5.750838926262555,67.03219017215103,133.93107140354866,1375320.0000000002,5.813838713278775,0.2938126554353102,72.02711028958718,0.0,72.82809611829944,19.77818853974122,527.85,1086.6899999999996,1487.5999999999976,2.4375,98.08422890098255,2.4851090000011027,nan,799.9649109955008,505
10015,high,impaired,DT-KF-CostAware,1658,1558,474.2941454708723,945.7785576581695,26.29674306393245,17.31111111111111,245.39169947877434,20.256342173706056,0.4986206383942225,0.930873798263727,5.48854041013269,0.0,6.463594746631611,64.73560668834004,126.67762820903025,1505260.0,7.056310223760311,0.3072351016660431,73.70325693606755,0.0,78.46803377563329,16.043425814234016,378.7,742.25,1015.4800000000002,2.21875,99.50389543987019,2.229812200006563,nan,913.0813796758342,
10015,high,impaired,DT-OPT,1658,1568,499.690880760662,1076.5641006201977,26.77925211097708,17.42222222222222,232.1571339590262,19.33759906944932,0.4419131821770108,0.8700247981904584,4.704463208685163,0.06031363088057901,6.473282907997495,64.3166318994985,126.93633897430736,1509640.0,7.072834774786593,0.3121166176177727,73.22074788902292,0.0,78.58866103739444,16.646562123039807,409.0,729.875,1020.4250000000009,2.328125,100.09658716270708,2.3258784999488853,nan,875.368167359019,
10015,high,impaired,SemiGreedy,1658,1650,395.7623445906966,694.8147186308128,14.776839565741858,18.333333333333332,351.0441743044652,25.98715041393163,0.4056862529098531,0.7305852862770064,0.0,0.0,6.399332528707073,65.84175478962226,127.40869241900054,1481900.0,6.922845103875145,0.24581583312502597,85.22316043425815,0.0,73.40168878166466,26.598311218335343,401.0,747.375,1018.6250000000002,2.1875,100.37560896973486,2.1793143000104465,nan,934.2388107994522,
10015,high,impaired,Fog-only,1658,1630,729.9052037874906,1641.5012747033234,62.66586248492159,18.11111111111111,114.32712205176794,13.637746346617318,0.44178829560127997,0.9931712699912678,0.0,0.0,6.676925009692495,63.822504065999084,125.7970573827116,1813320.0000000005,8.471107013805844,0.6482397286717156,37.33413751507841,0.0,100.0,0.0,52.2,93.225,119.99000000000005,1.390625,98.51920629373649,1.4115268000168726,nan,1442.409736730229,
10015,high,impaired,DRL-OO,1658,1548,468.6066192580228,997.1399667275263,24.788902291917974,17.2,275.4565002491118,21.70277661947641,0.44642270899809533,0.776026625951667,6.031363088057901,0.0,6.379640401402825,64.83358371685296,129.19169597637924,1553440.0,7.280068076772138,0.33004381862282,75.21109770808202,0.0,70.44632086851628,23.522316043425814,528.05,1038.025,1479.3000000000004,2.515625,98.7502579534124,2.5474616999854334,nan,799.2269324448105,501
10016,high,impaired,DT-KF-CostAware,1639,1519,496.9049062231373,988.0992589894058,28.737034777303233,16.877777777777776,261.4888853828157,20.910502632172264,0.5208036312710074,0.9855346336415379,6.467358145210494,0.0,5.85546930777593,60.87716909057088,121.22983065685065,797160.0,7.575779894494464,0.21401624026528734,71.26296522269676,0.0,72.91031116534472,20.622330689444784,427.8,815.2799999999999,1151.215999999999,2.328125,97.8766243101431,2.3786323000094853,nan,827.786623427315,
10016,high,impaired,DT-OPT,1639,1496,516.1285554332832,1098.5473316736322,29.103111653447225,16.622222222222224,269.48081359728326,20.957361043747838,0.4735608706896472,0.8915364894044244,7.87065283709579,0.0,5.817167808094858,61.34323578653231,118.81523241919318,794240.0000000001,7.541342363498324,0.21945650248790477,70.89688834655277,0.0,68.21232458816351,23.917022574740695,329.1,638.3199999999998,893.9599999999994,1.9375,99.4879362354395,1.9474722999730147,nan,1011.0541752133181,
10016,high,impaired,SemiGreedy,1639,1626,419.2938008903418,701.6308537998902,19.402074435631484,18.066666666666666,369.47712665341544,26.725511936835407,0.4252377506841124,0.808601580237461,0.0,0.0,5.756284417538898,63.57204520408939,125.22005186247179,759200.0000000001,7.137317878295006,0.163338446909041,80.59792556436852,0.0,67.84624771201952,32.153752287980474,433.0,806.8399999999997,1101.992,2.203125,98.82305858258265,2.229363300022669,nan,883.211812081045,
10016,high,impaired,Fog-only,1639,1596,1409.7069534938576,2559.4457913304104,87.431360585723,17.733333333333334,91.17365373493881,12.283461795423745,0.46584486656948076,0.9911963390716931,0.0,0.0,6.193042025614689,59.645253334515395,119.3103554719247,931480.0,8.756940012215795,0.35467920386305773,12.568639414276998,0.0,100.0,0.0,51.9,87.69999999999986,122.45599999999963,1.359375,97.89390292187662,1.388620699988678,nan,1417.953801218759,
10016,high,impaired,DRL-OO,1639,1477,487.6286779963839,1014.966311734265,28.431970713849907,16.41111111111111,317.70803472471636,23.53161873086222,0.47713565176260314,0.7491714729797428,9.151921903599757,0.0,5.736572797140325,62.416800768040474,120.64324982446294,751900.0000000001,7.172111503393424,0.1815316132697386,71.5680292861501,0.0,59.42647956070775,31.421598535692496,532.5,1062.6,1431.4439999999997,2.421875,99.34968949410892,2.4377277999883518,nan,807.7193852444923,502
10017,high,impaired,DT-KF-CostAware,1662,1602,466.3781746146271,886.3994247134101,25.210589651022865,17.8,228.26833324262128,20.537660770224,0.49057883242469835,0.9727008528005844,3.068592057761733,0.0,5.995014308169626,63.438356650367496,122.53801498836268,1001560.0000000002,6.978834737505971,0.2671633546659122,74.78941034897714,0.0,84.71720818291216,12.214199759326114,350.7,896.8599999999999,1526.7439999999997,2.390625,98.08487449039531,2.4373024000087753,nan,819.3484731286565,
10017,high,impaired,DT-OPT,1662,1598,492.1733846463791,1006.7871063451022,25.9927797833935,17.755555555555556,213.42071029489912,19.67929137825963,0.4398055123512203,0.9271583367937759,3.309265944645006,0.0,5.993467514313964,64.49602245051994,124.59525685520333,1011780.0000000002,7.039653696183471,0.2940006087685299,74.0072202166065,0.0,83.27316486161251,13.417569193742478,442.1,1003.9999999999998,1578.7719999999995,2.78125,97.63642788610832,2.848578199977055,nan,701.0514929925693,
10017,high,impaired,SemiGreedy,1662,1653,387.10273708415116,646.6039773303669,11.432009626955475,18.366666666666667,343.48801073591716,26.497298235856178,0.4103734592153065,0.7656665719930331,0.0,0.0,5.787426362851584,66.34309669303339,130.63345427665067,973820.0000000002,6.757784546989304,0.20212732884712567,88.56799037304452,0.0,73.22503008423585,26.77496991576414,462.4,862.78,1156.8639999999998,2.3125,98.01349428545208,2.3593690000125207,nan,846.4127484888554,
10017,high,impaired,Fog-only,1662,1643,573.406275438146,1066.645554891873,50.30084235860409,18.255555555555556,117.89858891769022,15.191670772634472,0.441555765233739,0.9911880087301098,0.0,0.0,6.1484110374067384,61.46243354198269,122.73119372213222,1010320.0000000002,7.011074822363716,0.3826702495738759,49.69915764139591,0.0,100.0,0.0,42.9,82.83999999999996,129.09199999999964,1.296875,99.64099660937883,1.301547600014601,nan,1534.3272885122276,
10017,high,impaired,DRL-OO,1662,1576,467.73633932520227,964.848601694978,24.548736462093864,17.511111111111113,262.12894789409563,22.199760287238547,0.4439575245666352,0.8143582964489644,4.632972322503009,0.0,5.892311953012377,65.33010308841882,127.82459793259174,962140.0000000003,6.718318502929551,0.26979108898600773,75.45126353790614,0.0,75.15042117930204,20.216606498194945,631.8,1180.9199999999992,1570.0199999999998,2.8125,98.00152502423722,2.8698533000424504,nan,695.8543839054284,503
10018,high,impaired,DT-KF-CostAware,1640,1511,511.34712752798407,1037.0374337170356,28.841463414634145,16.788888888888888,272.73204363140894,23.195822562100723,0.5243384375180763,0.9343308957775868,7.560975609756097,0.0,6.069135257298668,66.64409823207725,130.374130378653,2092180.0,6.128163256626481,0.3477972196843448,71.15853658536585,0.0,76.15853658536585,16.28048780487805,444.8,949.5449999999995,1495.49,2.5625,97.92744632981666,2.6167331999749877,nan,757.4329702466209,
10018,high,impaired,DT-OPT,1640,1477,547.4028207474109,1203.1296734050757,31.646341463414632,16.41111111111111,262.15737856429024,22.192910859371704,0.4872424517247221,0.8595620204273425,9.512195121951219,0.0,6.088192915411071,68.47379127112173,131.24689826036843,2067360.0,6.057139023171481,0.33774280305854765,68.35365853658537,0.0,70.73170731707317,19.75609756097561,386.5,752.695,1029.6090000000002,2.140625,99.17180970081684,2.1585015000309795,nan,918.2296143743953,
10018,high,impaired,SemiGreedy,1640,1635,442.2764829188533,790.266225811969,20.182926829268293,18.166666666666668,366.844343025524,28.11756954194282,0.4299786860104238,0.8287306390211052,0.0,0.0,5.9930901673728885,69.3265735915262,140.82340552729315,2099480.0,6.1232990730587264,0.31361353984826573,79.8170731707317,0.0,73.53658536585365,26.463414634146343,388.4,745.7499999999994,1008.9550000000003,2.0625,99.08653504458503,2.081513900018763,nan,952.1915755557213,
10018,high,impaired,Fog-only,1640,1609,1131.6426470629415,2045.5339529917633,91.82926829268293,17.877777777777776,103.53019292172748,15.773938975564638,0.46854007056890457,0.9801169834178844,0.0,0.0,6.2352261989356945,64.22027652997076,128.31281045208564,2585660.0,7.541281403607097,0.8338751552949021,8.170731707317072,0.0,100.0,0.0,47.3,88.29499999999997,119.75700000000002,1.34375,97.7667989541445,1.3744441000162624,nan,1442.0375481087583,
10018,high,impaired,DRL-OO,1640,1467,520.5151132946977,1099.3642976402266,28.78048780487805,16.3,288.2125651897932,23.33858543336769,0.48623286438914404,0.8013968649646535,10.24390243902439,0.0,6.024773787739336,67.41472166029413,134.01505395816372,2134520.0,6.265884359718335,0.3588302376838243,71.21951219512195,0.0,65.91463414634147,23.841463414634145,633.7,1219.0949999999984,1573.784,2.8125,99.98564828262815,2.812903699988965,nan,704.6099729641563,504
10019,high,impaired,DT-KF-CostAware,1649,1545,491.0840847715156,980.1108965684996,27.65312310491207,17.166666666666668,256.02254252278345,21.80664305531699,0.504372792139646,0.9670138724939326,5.700424499696786,0.0,6.116267821931355,65.90098581385885,129.38402456657022,1143180.0000000005,7.21256719707177,0.2490455282959278,72.34687689508793,0.0,78.16858702243785,16.130988477865372,427.5,817.1099999999997,1109.2720000000004,2.28125,95.96800194393036,2.377094399998896,nan,834.2117166238418,
10019,high,impaired,DT-OPT,1649,1541,530.8818393867059,1148.9451723694692,30.321406913280775,17.122222222222224,238.39290979080195,20.481737372986075,0.4539448621582379,0.9026451561467849,5.942995755003032,0.0,6.17711611878347,63.90421638296825,126.97702241200537,1216180.0000000005,7.649182903889414,0.34499744321815257,69.67859308671922,0.0,76.89508793208005,17.16191631291692,409.4,760.619999999999,1042.8460000000005,2.265625,99.96089584920057,2.266511299996637,nan,874.9129113112926,
10019,high,impaired,SemiGreedy,1649,1643,421.27894335978885,748.0175150445716,20.133414190418435,18.255555555555556,351.81270999112803,26.647868489997816,0.4126433436166919,0.8001621084557863,0.0,0.0,6.104510299455148,66.28520216975996,131.1218907716604,1156320.0000000005,7.2319281070094235,0.2222867927070626,79.86658580958157,0.18192844147968465,73.74166161309884,26.076409945421467,483.5,829.6699999999994,1142.8680000000002,2.28125,98.98231643413057,2.304704599955585,nan,860.4139550197519,
10019,high,impaired,Fog-only,1649,1601,849.8225050312994,2559.340532791526,65.00909642207398,17.788888888888888,114.3975853997498,14.925541300074224,0.4445414199325363,0.9947256123117426,0.0,0.0,6.205078151126145,63.365128491190774,128.16249559647562,1316920.0,8.236045262350864,0.484647588163819,34.99090357792601,0.0,100.0,0.0,34.4,63.0,111.48600000000017,1.09375,100.16192577733499,1.0919817999820225,nan,1815.9643320361627,
10019,high,impaired,DRL-OO,1649,1514,500.8357601499025,1046.5389839929194,28.562765312310493,16.822222222222223,284.2645078739669,22.574812382817786,0.4617189869114289,0.8141002928333976,7.701637355973317,0.0,6.093197924193001,67.52965339091891,136.7136127039917,1222020.0000000005,7.7233381237891825,0.32680075562041394,71.43723468768951,0.0,68.22316555488175,24.075197089144936,519.1,969.2299999999999,1455.0980000000002,2.375,98.7358444501663,2.4054080999922007,nan,824.3923349249675,505
10020,high,impaired,DT-KF-CostAware,1534,1469,468.8606823602483,891.167098649148,25.619295958279007,16.322222222222223,209.06052985163265,17.78313637836532,0.491577911687907,0.8945209551613676,3.650586701434159,0.0,5.948200934472893,61.74299724891896,120.47283324054646,794240.0,6.0694798942365,0.21370239034254626,74.38070404172099,0.0,83.37679269882659,12.972620599739244,441.6,854.2699999999999,1162.616,2.328125,97.96165284899834,2.3765677000046708,nan,790.6360083898755,
10020,high,impaired,DT-OPT,1534,1468,502.42408793036753,1094.953082738069,29.20469361147327,16.31111111111111,198.33305613095337,16.861492314234944,0.44325994552900533,0.8319501107734196,3.7809647979139505,0.0,5.859732450613045,62.76235486133966,118.60289847521202,848260.0,6.47941400053286,0.2512973447318251,70.79530638852673,0.0,81.16036505867014,15.058670143415906,322.3,662.0799999999999,975.118,1.84375,98.12602313781,1.8789613000117242,nan,1000.0205964797016,
10020,high,impaired,SemiGreedy,1534,1528,382.38858024332586,657.9089690125041,12.646675358539765,16.977777777777778,328.0435337657877,24.008400440521452,0.4049281051063689,0.7037297495625341,0.0,0.0,5.659502448110159,61.733007171587595,118.27531059637602,781100.0,5.942653055650424,0.17929709891007134,87.35332464146023,0.0,71.57757496740548,28.422425032594525,495.3,967.7599999999996,1290.5060000000003,2.421875,97.49334176906213,2.4841440000454895,nan,756.3973746955055,
10020,high,impaired,Fog-only,1534,1524,597.4667818068878,1254.0169699008738,52.73794002607562,16.933333333333334,107.10073096977813,12.43123600158418,0.4380915936255046,0.9797319186847008,0.0,0.0,6.249191003093939,63.47121144643107,124.24122889573032,1125660.0,8.564085057769116,0.4126993284987107,47.26205997392438,0.0,100.0,0.0,48.2,100.3,148.07400000000004,1.359375,93.7429919017944,1.4501084000221454,nan,1295.7651993266882,
10020,high,impaired,DRL-OO,1534,1450,456.17499409545934,944.9718772987893,23.533246414602345,16.11111111111111,255.34172759589634,19.807711185679175,0.44186425922495326,0.6990624654744234,5.019556714471968,0.0,5.641693169541692,61.3983366752998,118.38828465183904,857020.0,6.554262289490344,0.24161586965362516,76.46675358539765,0.0,70.73011734028684,24.2503259452412,1115.0,2384.04,3134.5600000000004,4.671875,96.3831383418669,4.847191200009547,nan,387.64718008159014,501
10021,high,impaired,DT-KF-CostAware,1628,1551,457.6542166338524,870.6593367729738,23.15724815724816,17.233333333333334,241.68769749900642,18.903386608749646,0.4928085401422461,0.885513698630137,4.115479115479116,0.0,5.881080855424859,63.410967841730574,124.35731544938949,979659.9999999999,6.20764583557488,0.2488323428205522,76.84275184275184,0.0,82.002457002457,13.882063882063882,371.79999999999995,685.2099999999998,993.4779999999988,2.109375,99.23683084008749,2.1255969000048935,nan,935.2667008478528,
10021,high,impaired,DT-OPT,1628,1544,487.1033415777366,1058.4157431672024,25.061425061425062,17.155555555555555,223.22891481913734,17.687247449562413,0.44768635529730477,0.8743212576332728,4.484029484029484,0.0,5.841860917700522,63.28010270907587,122.61393498293187,1036600.0,6.566788886479504,0.28016346634318157,74.93857493857494,0.0,80.58968058968058,14.926289926289927,360.54999999999995,669.56,932.4249999999997,2.09375,100.51838923486618,2.0829522000276484,nan,954.4146044127234,
10021,high,impaired,SemiGreedy,1628,1617,380.5333911940679,624.2780710171581,10.135135135135135,17.966666666666665,357.0737823785034,25.036913808344252,0.4087396752957903,0.6892762342244969,0.0,0.0,5.645569329659372,64.89893897128451,127.24204780292587,900819.9999999999,5.688728862559875,0.19456478341122674,89.86486486486487,0.0,72.85012285012284,27.14987714987715,504.2,1015.7449999999999,1373.510999999997,2.6875,97.42996960419163,2.7583914999850094,nan,720.7098774814249,
10021,high,impaired,Fog-only,1628,1611,553.3196692377211,1096.0206159458664,49.26289926289926,17.9,136.58681797464575,13.175314853655035,0.4462551275894155,0.9847442334135703,0.0,0.0,6.199793593045774,64.03140388949956,124.28798454078984,1283340.0,8.10436413320929,0.4761138717407136,50.73710073710074,0.0,100.0,0.0,51.2,90.22999999999998,123.73899999999996,1.375,99.90676337602332,1.3762831999920309,nan,1444.4701497566134,
10021,high,impaired,DRL-OO,1628,1546,464.12262485833,999.6359126584924,23.71007371007371,17.177777777777777,276.9828510141275,20.610431698375823,0.4425692388381355,0.7356940705460068,4.422604422604422,0.0,5.674490244922894,65.33925147598549,127.7349459057861,1038060.0,6.577111189268752,0.2917065042626353,76.28992628992629,0.0,72.23587223587224,23.34152334152334,544.9000000000001,1135.164999999999,1618.743999999999,2.59375,100.29004170117621,2.5862487999838777,nan,768.6808786580754,502
10022,high,impaired,DT-KF-CostAware,1596,1487,481.917252229372,941.9915688543572,29.51127819548872,16.522222222222222,266.95003986297417,21.44854527964775,0.5147367704424664,0.8923601049308341,6.265664160401003,0.0,5.997358080800164,63.76067446258531,127.25931976620025,819060.0000000001,6.870094354965948,0.21231314387329944,70.48872180451127,0.0,74.62406015037594,19.11027568922306,461.54999999999995,1036.9299999999998,1576.6530000000002,2.765625,97.43178533302653,2.838524399965536,nan,679.9307414878778,
10022,high,impaired,DT-OPT,1596,1466,517.1510900532008,1132.2664781812523,30.263157894736842,16.288888888888888,252.69525863677106,20.44751987881769,0.47251279495897275,0.8397802220847446,7.518796992481203,0.0,5.914576795089831,62.87759060091187,121.06982402692876,874540.0000000001,7.3453949084169015,0.2718238865663594,69.73684210526316,0.0,71.42857142857143,21.05263157894737,346.5,913.1749999999998,1538.2250000000004,2.171875,96.5908022006111,2.248531900055241,nan,858.3378336560778,
10022,high,impaired,SemiGreedy,1596,1587,407.079343934654,698.9150461797742,18.671679197994987,17.633333333333333,367.7411633911893,26.723013839099753,0.4194320391884041,0.7150792653676589,0.0,0.0,5.79466383080456,63.52941952045273,123.80921692882899,817600.0000000001,6.816189316657014,0.1917654240072238,81.32832080200501,0.0,70.5513784461153,29.448621553884713,487.2,843.1999999999998,1154.4210000000003,2.265625,98.9704582380541,2.289193200005684,nan,843.0917932113409,
10022,high,impaired,Fog-only,1596,1565,842.5828402551546,1671.375523754957,77.69423558897243,17.38888888888889,105.47427533593526,13.858531859363389,0.46310953702867413,0.9938003752479201,0.0,0.0,6.451357731067356,66.42767727824975,137.13665027540668,1030759.9999999999,8.59326724564259,0.39535806990236605,22.305764411027567,0.0,100.0,0.0,39.0,80.655,119.25500000000002,1.15625,96.9691531135365,1.19238950003637,nan,1618.5986206194634,
10022,high,impaired,DRL-OO,1596,1451,498.0854333588467,1110.769745728127,28.383458646616543,16.122222222222224,304.4520648262269,22.91570174038895,0.4744139585466701,0.7121222858438687,8.521303258145364,0.0,5.6858939962231,61.86492250916889,119.55812803102306,880380.0000000001,7.406473896549973,0.2536487383412901,71.61654135338345,0.0,59.962406015037594,31.516290726817044,589.05,1111.7949999999996,1620.8210000000008,2.484375,99.03863311021198,2.508490799984429,nan,769.386915834804,503
10023,high,impaired,DT-KF-CostAware,1648,1589,476.7505580192959,942.6576974215433,25.788834951456312,17.655555555555555,215.27089555977184,18.761418484795193,0.4754596195087995,0.8933326688571468,3.1553398058252426,0.0,6.157200572125053,62.833919317434024,130.59016393580106,1530080.0,6.874694221276929,0.3231268481195454,74.21116504854369,0.0,87.9247572815534,8.919902912621358,448.1,877.8599999999999,1160.2599999999975,2.578125,97.60686979732506,2.6413355999975465,nan,762.1144393775141,
10023,high,impaired,DT-OPT,1648,1595,513.554144703892,1135.3835692066316,28.033980582524272,17.72222222222222,204.98628362713663,17.981873397548377,0.42728861059091033,0.8733348499894469,2.6699029126213594,0.0,6.109831534181866,63.012310653345544,125.97889892092631,1611840.0,7.241156746757228,0.3799901188397746,71.96601941747574,0.0,86.6504854368932,10.679611650485437,427.8,927.0399999999998,1323.7,2.625,98.72803315343522,2.6588193000061437,nan,757.1029742394861,
10023,high,impaired,SemiGreedy,1648,1641,386.47493778880516,655.9434547543927,9.405339805825243,18.233333333333334,337.53560412752864,25.321417700615882,0.39277193135928995,0.7591139718053941,0.0,0.0,5.926159723388405,64.85375012215891,131.7744523547229,1487740.0,6.676233118978925,0.254867107445366,90.59466019417475,0.0,76.45631067961165,23.54368932038835,413.3,780.1799999999994,1036.5519999999988,2.203125,99.2071443815907,2.2207322000176646,nan,906.4577890049002,
10023,high,impaired,Fog-only,1648,1641,555.7087713688709,1082.4193650523794,45.327669902912625,18.233333333333334,132.22395064152772,14.28319608622811,0.43022256427142413,0.9844329883339719,0.0,0.0,6.397071763498932,61.347654591093466,121.70324009863133,1568040.0,7.03657936190713,0.6192332113746082,54.672330097087375,0.0,100.0,0.0,37.1,83.23999999999998,127.91599999999991,1.28125,96.17927501484456,1.3321477000135928,nan,1511.0937022820067,
10023,high,impaired,DRL-OO,1648,1581,486.3894173059525,1150.2882092561858,25.060679611650485,17.566666666666666,243.97731426863183,20.067722805109504,0.4270653964090641,0.7815907760071594,3.5800970873786406,0.0,5.98657936776938,63.49389914031413,126.10672708395806,1578260.0,7.101648206398035,0.3488876541176215,74.93932038834951,0.0,79.49029126213593,16.929611650485437,636.6,1263.4799999999998,1659.1199999999985,3.0,98.19786942660382,3.0550561000127345,nan,658.9077038525116,504
10024,high,impaired,DT-KF-CostAware,1632,1540,502.65305999675616,1015.882350700556,28.308823529411764,17.11111111111111,245.19245004068557,21.148631662226084,0.5096589402508604,0.9105500183281258,5.330882352941177,0.0,6.121057653812856,69.12926380878,135.6412485982758,1347580.0,6.546105650544691,0.2649012145539639,71.69117647058823,0.0,79.41176470588235,15.257352941176471,384.5,748.8199999999999,1023.6279999999997,2.140625,98.96866387959034,2.1629321000073105,nan,912.1876733871264,
10024,high,impaired,DT-OPT,1632,1500,519.998927605945,1117.5574080804456,30.330882352941178,16.666666666666668,242.13056833342284,20.523851100358733,0.4693348936690944,0.8164851805108543,7.720588235294118,0.0,6.03979001041265,68.52479675021965,134.56794875699697,1370940.0,6.676401360545543,0.29474913900098054,69.66911764705883,0.0,75.12254901960785,17.15686274509804,348.4,642.7999999999997,889.9319999999997,1.96875,99.79909396733427,1.9727133000269532,nan,1000.1453328129551,
10024,high,impaired,SemiGreedy,1632,1626,420.1076374961421,754.4601254920634,17.340686274509803,18.066666666666666,349.45141513074776,26.51497047244349,0.4208377034611724,0.8015315856663876,0.0,0.0,5.976203292041958,70.35936836734447,141.17592152055093,1404520.0,6.787336330028116,0.2700174089159989,82.6593137254902,0.0,71.99754901960785,28.002450980392158,405.9,801.4999999999995,1106.128,2.15625,98.56648109898359,2.1876097999629565,nan,901.8975870529605,
10024,high,impaired,Fog-only,1632,1625,896.7460709550805,1832.7038998370717,78.49264705882354,18.055555555555557,106.37246237475254,14.523341599335447,0.46399919707567633,0.9917050736241847,0.0,0.0,6.389024369285673,67.22423232339764,131.88324957993737,1594320.0,7.704543942194078,0.5688813578216415,21.50735294117647,0.0,100.0,0.0,51.2,84.23999999999998,124.2079999999999,1.375,100.29793226945682,1.3709156000404619,nan,1439.1841481282786,
10024,high,impaired,DRL-OO,1632,1497,512.6603533293761,1091.8694541315538,30.514705882352942,16.633333333333333,271.93776719121354,21.940979226427746,0.4694069520424921,0.7710330518522103,8.088235294117647,0.0,5.998248874332674,71.37777713500319,142.75278353592603,1370940.0,6.678954011513442,0.30490105671716344,69.48529411764706,0.0,69.30147058823529,22.610294117647058,594.2,1127.4199999999998,1519.5,2.578125,98.43866211470743,2.6190166999585927,nan,753.3361662150508,505
10025,high,impaired,DT-KF-CostAware,1640,1595,462.7701234850065,920.8406980854385,22.195121951219512,17.72222222222222,214.44989176081054,18.85247547263983,0.4730242340755618,0.9713991155658219,2.317073170731707,0.06097560975609756,6.177480299050422,65.12686547361642,128.73440310905153,1516940.0,7.3197414624891115,0.3180660319209905,77.8048780487805,0.0,89.20731707317073,8.414634146341463,360.1,707.13,991.0560000000003,2.078125,99.29688369415818,2.092840099998284,nan,945.6049700125789,
10025,high,impaired,DT-OPT,1640,1594,492.7977780345653,1116.8016741105444,23.71951219512195,17.711111111111112,193.02367196745877,17.61582802743189,0.4232076362133804,0.9381785827726603,2.4390243902439024,0.0,6.179513892655289,65.79954244608295,132.80752093548853,1626440.0,7.84495198389104,0.4000736902872196,76.28048780487805,0.0,88.23170731707317,9.329268292682928,397.5,709.1999999999999,997.5320000000003,2.15625,98.27090155391521,2.194189700006973,nan,901.9274860299047,
10025,high,impaired,SemiGreedy,1640,1635,379.31343932593666,647.723507417448,8.658536585365853,18.166666666666668,333.4957486818833,25.222746579049083,0.39469643297019674,0.768870333058643,0.0,0.06097560975609756,6.004100445815736,67.33544784907019,133.65122175116934,1514020.0,7.287090185405865,0.2583508780177953,91.34146341463415,0.0,76.28048780487805,23.658536585365855,486.0,881.9999999999999,1198.94,2.34375,97.61899615008667,2.4009159000124782,nan,824.2687717590252,
10025,high,impaired,Fog-only,1640,1635,497.95509170104833,985.5254614533401,31.21951219512195,18.166666666666668,132.8029161180824,14.543322396608996,0.4219322359659098,0.9822053191145391,0.0,0.0,6.311407648775112,63.463674662572686,125.08785895658539,1505260.0,7.2449276578143165,0.5667900718520694,68.78048780487805,0.0,100.0,0.0,39.1,84.51999999999998,120.6,1.21875,98.87637496070698,1.2325997999869287,nan,1605.5495060286287,
10025,high,impaired,DRL-OO,1640,1584,468.13878017637654,1031.5600724908268,23.78048780487805,17.6,233.91048230230402,19.829559978538356,0.4239987248617369,0.8431561671149903,3.1097560975609757,0.0,6.085282995694787,66.67123267496909,130.11042217012167,1543220.0,7.4470844984131235,0.37754883512341675,76.21951219512195,0.0,81.89024390243902,15.0,629.2,1233.9999999999998,1607.0680000000004,2.78125,97.91939806828235,2.840346299984958,nan,696.7460270638409,501
10026,high,impaired,DT-KF-CostAware,1632,1594,477.6137924062884,956.0175945027822,22.67156862745098,17.711111111111112,230.99367365107366,19.016046973739652,0.4725445066386085,0.982371752177901,1.8995098039215685,0.0,6.057419630867343,63.71727163105843,126.11770879329104,1157779.9999999998,7.428658653526263,0.27832737837824456,77.32843137254902,0.0,88.48039215686275,9.620098039215685,392.45,755.0549999999995,1035.0380000000005,2.265625,97.604864404824,2.3212213999941014,nan,886.6022000336675,
10026,high,impaired,DT-OPT,1632,1581,509.6900786936321,1092.8489416641862,25.857843137254903,17.566666666666666,219.05321809019415,18.031717971951302,0.42747828430528473,0.94579191341016,2.6348039215686274,0.0,6.101492896260171,63.81389821119933,128.4845763137283,1099379.9999999998,7.058251148752233,0.27420235122434766,74.1421568627451,0.0,86.88725490196079,10.477941176470589,394.1,751.76,1045.9240000000018,2.28125,97.93891445206027,2.329258000012487,nan,883.5431712540934,
10026,high,impaired,SemiGreedy,1632,1627,396.6471024779849,713.5588743001326,10.294117647058824,18.07777777777778,355.51246218016405,25.726829892800488,0.39755368523689677,0.7733693904064096,0.0,0.0,6.061879521201967,65.81427215209655,131.7723066494245,1195739.9999999998,7.6551190079266895,0.22336174647326082,89.70588235294117,0.0,74.81617647058823,25.183823529411764,403.25,754.5399999999997,1070.7590000000007,2.1875,98.48088230802763,2.221243299951311,nan,926.508140753924,
10026,high,impaired,Fog-only,1632,1623,578.819866675873,1137.168489886417,47.181372549019606,18.033333333333335,140.4842838505736,14.060716087078285,0.42890415081642536,0.9962395123884675,0.0,0.0,6.0861115558885865,60.25176943368458,121.91667507531142,1198660.0,7.673812827237867,0.41909611549673187,52.818627450980394,0.0,100.0,0.0,51.2,93.11499999999998,134.67400000000012,1.421875,98.55176470501752,1.4427697000210173,nan,1426.423080530469,
10026,high,impaired,DRL-OO,1632,1575,495.53879750999647,1082.9305811854722,24.816176470588236,17.5,256.9198934536857,20.23359148934117,0.42488987457986366,0.8606690272834635,2.9411764705882355,0.0,6.024139733367813,64.70122399997358,131.2919683923294,1141719.9999999998,7.343511715516424,0.25989758725370615,75.18382352941177,0.0,80.63725490196079,16.42156862745098,642.75,1363.3949999999998,1805.8250000000012,3.15625,94.23755243922496,3.3492487000185065,nan,614.4661637066929,502
10027,high,impaired,DT-KF-CostAware,1610,1571,459.9156712206439,917.7448462781391,21.801242236024844,17.455555555555556,189.41622182782748,16.72040982004177,0.47337797342095456,0.9094912415381394,1.9875776397515528,0.0,6.046270295671541,60.68724530018342,120.43427563031452,770880.0,8.514413357273126,0.2546102352262063,78.19875776397515,0.0,90.06211180124224,7.950310559006211,348.0,859.5,1173.3440000000003,2.1875,95.98748191544972,2.2789430000120774,nan,871.0178358956238,
10027,high,impaired,DT-OPT,1610,1571,476.55223179109356,976.2004085230635,23.850931677018632,17.455555555555556,177.72470357408517,15.949038462349925,0.4239473151058759,0.8773135622137128,1.9875776397515528,0.0,5.986155662092493,60.1430334280639,118.32742213172695,763580.0,8.427027983299569,0.28185542342206377,76.14906832298136,0.0,89.06832298136646,8.944099378881987,439.3,934.4599999999998,1373.3800000000006,2.578125,97.89853032212235,2.63346649997402,nan,753.7593510377226,
10027,high,impaired,SemiGreedy,1610,1604,368.6915149003988,619.776565150865,6.832298136645963,17.822222222222223,320.2471890227101,23.411022446817263,0.3979104646922855,0.748795284930559,0.0,0.0,5.759017570988084,65.59037693760514,130.8741490723592,664300.0,7.319188338041831,0.17378819526358683,93.16770186335404,0.0,75.15527950310559,24.84472049689441,354.3,721.1999999999998,1052.7640000000006,1.96875,99.92485143709845,1.9702305999817327,nan,1007.4962798864276,
10027,high,impaired,Fog-only,1610,1603,506.3629500617085,1039.1991688664148,32.732919254658384,17.81111111111111,123.49063509427941,13.280316006559106,0.4237122320168133,0.9598608774388658,0.0,0.0,6.151457856088298,60.81135310959705,119.87060521154342,839500.0,9.249523723899017,0.3263174639643859,67.26708074534162,0.0,100.0,0.0,43.5,89.1,123.29200000000009,1.3125,98.67701378183484,1.3300969999982044,nan,1492.3723608147975,
10027,high,impaired,DRL-OO,1610,1574,463.03042216958687,996.8930569915784,22.422360248447205,17.488888888888887,213.10340699171786,17.96451851159199,0.42009804318058724,0.825215857792959,1.8633540372670807,0.0,5.890012057928722,62.624758945585654,126.51790022223224,807380.0,8.91331875342924,0.2814669745218593,77.5776397515528,0.0,83.7888198757764,14.347826086956522,633.6,1248.2999999999997,1613.068000000001,2.875,99.400554153592,2.892338000005111,nan,686.2959999821917,503
10028,high,impaired,DT-KF-CostAware,1644,1592,477.17685591097404,939.0163029346025,23.661800486618006,17.68888888888889,230.23227798346318,19.087422967260178,0.4807787090015999,0.9746832507222943,2.5547445255474455,0.0,5.803178985945722,65.39167531523927,132.52315439990448,1017620.0000000001,6.589007774889317,0.2576863160697398,76.338199513382,0.0,87.8345498783455,9.610705596107056,360.55,733.8299999999999,1009.5430000000007,2.140625,98.21434675459842,2.1795440999558195,nan,930.4698170783095,
10028,high,impaired,DT-OPT,1644,1579,524.0798027336764,1173.6137791505394,29.37956204379562,17.544444444444444,217.05264696517065,17.770868765540378,0.43344213151668887,0.8996077256384254,3.223844282238443,0.0,5.789791137950331,65.24530920895538,128.5912402439771,1014700.0,6.57448692177948,0.2753259348035745,70.62043795620438,0.0,85.52311435523114,11.253041362530414,410.05,900.5499999999998,1151.2360000000003,2.53125,98.38479089437978,2.5728062000125647,nan,788.2443691211938,
10028,high,impaired,SemiGreedy,1644,1635,396.5251641098884,693.7841891644566,10.827250608272506,18.166666666666668,354.27647494897263,25.030303636803918,0.40363588479882795,0.7605518550563174,0.0,0.0,5.622731750526225,69.94956946380621,140.31562468825666,1011780.0000000001,6.535205125076598,0.20226725065218504,89.17274939172749,0.0,75.91240875912409,24.087591240875913,574.8,1178.5499999999995,1497.5270000000003,3.390625,98.09875960289982,3.456338300020434,nan,586.7481201096577,
10028,high,impaired,Fog-only,1644,1625,562.5304159298868,1231.2178627297944,44.28223844282238,18.055555555555557,140.43836137817806,14.109197899147938,0.43110596975777654,0.9925579531683671,0.0,0.06082725060827251,5.960198742102572,61.31266486247942,117.39125817465614,1205960.0,7.7894364117074595,0.44661552907262875,55.71776155717762,0.0,99.93917274939173,0.0,55.5,116.66499999999999,183.865,1.84375,98.23331871488645,1.8769090000423603,nan,1080.4999070036054,
10028,high,impaired,DRL-OO,1644,1568,492.01203247170696,1064.7772112933917,25.912408759124087,17.42222222222222,257.5789190322867,19.807373660775184,0.43478702909709915,0.8215014104726145,4.014598540145985,0.0,5.64526042576013,66.40587696048559,129.72192311519473,988420.0,6.413636397260023,0.2420891636143006,74.08759124087591,0.0,79.68369829683698,16.30170316301703,707.9,2168.834999999999,3043.3210000000004,3.84375,95.46088727476086,4.026518200000282,nan,503.66095451893347,504
10029,high,impaired,DT-KF-CostAware,1647,1547,461.3598960973361,864.5172981909685,27.018822100789315,17.18888888888889,262.1876524493174,21.469069456751043,0.5011694927275295,0.7608936560625116,5.403764420157863,0.0,5.741315080695913,59.92459639701882,121.70786310065868,805920.0,6.265114339580516,0.20956177176407276,72.98117789921069,0.0,74.25622343655131,20.34001214329083,506.75,1118.7649999999992,1737.4670000000053,3.046875,97.02888671986068,3.1401730999932624,nan,640.0921019304039,
10029,high,impaired,DT-OPT,1647,1531,490.8222015229508,1030.010065491924,28.901032179720705,17.011111111111113,249.60267494430897,20.591580741120683,0.46139382487145764,0.7761225052326806,6.49666059502125,0.0,5.710621204820875,59.732963215268356,119.28114078034625,838040.0,6.520635269413098,0.2358284246779657,71.0989678202793,0.0,71.82756527018822,21.67577413479053,314.04999999999995,717.705,1024.782,1.90625,94.91363021609227,2.0084048999706283,nan,1000.7942123768943,
10029,high,impaired,SemiGreedy,1647,1637,386.2562092452277,628.1041060000763,14.389799635701275,18.18888888888889,349.3628218234439,26.14079556254834,0.40891567534979134,0.6862024725915559,0.0,0.0,5.583802762455992,60.47936381394742,121.7652768526331,781100.0,6.039307067025329,0.18347061067220355,85.61020036429872,0.06071645415907711,70.06678809957498,29.872495446265937,455.25,902.5799999999999,1196.9500000000005,2.34375,97.63315162430895,2.400567799981218,nan,837.3019083300735,
10029,high,impaired,Fog-only,1647,1632,696.2417416986837,1287.3463331158277,72.25258044930176,18.133333333333333,108.518153491348,14.901311180588792,0.4613493756941366,0.9985782928716684,0.0,0.0,6.299325977772447,62.01214348326122,122.82812460308173,1111060.0,8.5903847163428,0.4692413404098835,27.74741955069824,0.0,100.0,0.0,45.25,85.88499999999998,116.18200000000002,1.296875,96.06049565220964,1.3500606999732554,nan,1488.821947072319,
10029,high,impaired,DRL-OO,1647,1524,462.3096701720218,963.1750299050002,25.01517911353977,16.933333333333334,297.2726962447165,22.745402886070064,0.45630892140473345,0.6270690576857657,6.9216757741347905,0.0,5.45235210004669,60.02862878550533,119.36373462737384,791320.0,6.165747593779056,0.20868291357232857,74.98482088646023,0.0,62.11293260473588,30.965391621129324,550.25,1058.84,1509.682,2.515625,98.64194959428426,2.550258799979929,nan,788.1553040874985,505
