seed,load,qos_regime,algorithm,fog_node_id,completed_tasks
10000,low,clean,DT-KF-CostAware,fog-1,2
10000,low,clean,DT-KF-CostAware,fog-2,0
10000,low,clean,DT-KF-CostAware,fog-3,107
10000,low,clean,DT-KF-CostAware,fog-4,38
10000,low,clean,DT-KF-CostAware,fog-5,106
10000,low,clean,DT-KF-CostAware,fog-6,107
10000,low,clean,DT-KF-CostAware,fog-7,86
10000,low,clean,DT-KF-CostAware,fog-8,3
10000,low,clean,DT-OPT,fog-1,2
10000,low,clean,DT-OPT,fog-2,0
10000,low,clean,DT-OPT,fog-3,219
10000,low,clean,DT-OPT,fog-4,9
10000,low,clean,DT-OPT,fog-5,143
10000,low,clean,DT-OPT,fog-6,57
10000,low,clean,DT-OPT,fog-7,22
10000,low,clean,DT-OPT,fog-8,0
10000,low,clean,SemiGreedy,fog-1,0
10000,low,clean,SemiGreedy,fog-2,0
10000,low,clean,SemiGreedy,fog-3,56
10000,low,clean,SemiGreedy,fog-4,0
10000,low,clean,SemiGreedy,fog-5,1
10000,low,clean,SemiGreedy,fog-6,201
10000,low,clean,SemiGreedy,fog-7,1
10000,low,clean,SemiGreedy,fog-8,0
10000,low,clean,Fog-only,fog-1,0
10000,low,clean,Fog-only,fog-2,0
10000,low,clean,Fog-only,fog-3,138
10000,low,clean,Fog-only,fog-4,4
10000,low,clean,Fog-only,fog-5,14
10000,low,clean,Fog-only,fog-6,242
10000,low,clean,Fog-only,fog-7,53
10000,low,clean,Fog-only,fog-8,1
10000,low,clean,DRL-OO,fog-1,0
10000,low,clean,DRL-OO,fog-2,0
10000,low,clean,DRL-OO,fog-3,216
10000,low,clean,DRL-OO,fog-4,3
10000,low,clean,DRL-OO,fog-5,86
10000,low,clean,DRL-OO,fog-6,125
10000,low,clean,DRL-OO,fog-7,21
10000,low,clean,DRL-OO,fog-8,1
10001,low,clean,DT-KF-CostAware,fog-1,26
10001,low,clean,DT-KF-CostAware,fog-2,13
10001,low,clean,DT-KF-CostAware,fog-3,114
10001,low,clean,DT-KF-CostAware,fog-4,114
10001,low,clean,DT-KF-CostAware,fog-5,115
10001,low,clean,DT-KF-CostAware,fog-6,13
10001,low,clean,DT-KF-CostAware,fog-7,2
10001,low,clean,DT-KF-CostAware,fog-8,42
10001,low,clean,DT-OPT,fog-1,34
10001,low,clean,DT-OPT,fog-2,2
10001,low,clean,DT-OPT,fog-3,196
10001,low,clean,DT-OPT,fog-4,34
10001,low,clean,DT-OPT,fog-5,148
10001,low,clean,DT-OPT,fog-6,0
10001,low,clean,DT-OPT,fog-7,21
10001,low,clean,DT-OPT,fog-8,5
10001,low,clean,SemiGreedy,fog-1,0
10001,low,clean,SemiGreedy,fog-2,0
10001,low,clean,SemiGreedy,fog-3,136
10001,low,clean,SemiGreedy,fog-4,7
10001,low,clean,SemiGreedy,fog-5,109
10001,low,clean,SemiGreedy,fog-6,0
10001,low,clean,SemiGreedy,fog-7,0
10001,low,clean,SemiGreedy,fog-8,2
10001,low,clean,Fog-only,fog-1,3
10001,low,clean,Fog-only,fog-2,1
10001,low,clean,Fog-only,fog-3,199
10001,low,clean,Fog-only,fog-4,54
10001,low,clean,Fog-only,fog-5,167
10001,low,clean,Fog-only,fog-6,0
10001,low,clean,Fog-only,fog-7,0
10001,low,clean,Fog-only,fog-8,16
10001,low,clean,DRL-OO,fog-1,1
10001,low,clean,DRL-OO,fog-2,3
10001,low,clean,DRL-OO,fog-3,96
10001,low,clean,DRL-OO,fog-4,13
10001,low,clean,DRL-OO,fog-5,240
10001,low,clean,DRL-OO,fog-6,0
10001,low,clean,DRL-OO,fog-7,14
10001,low,clean,DRL-OO,fog-8,73
10002,low,clean,DT-KF-CostAware,fog-1,13
10002,low,clean,DT-KF-CostAware,fog-2,12
10002,low,clean,DT-KF-CostAware,fog-3,118
10002,low,clean,DT-KF-CostAware,fog-4,141
10002,low,clean,DT-KF-CostAware,fog-5,12
10002,low,clean,DT-KF-CostAware,fog-6,12
10002,low,clean,DT-KF-CostAware,fog-7,141
10002,low,clean,DT-KF-CostAware,fog-8,12
10002,low,clean,DT-OPT,fog-1,38
10002,low,clean,DT-OPT,fog-2,1
10002,low,clean,DT-OPT,fog-3,3
10002,low,clean,DT-OPT,fog-4,232
10002,low,clean,DT-OPT,fog-5,0
10002,low,clean,DT-OPT,fog-6,5
10002,low,clean,DT-OPT,fog-7,105
10002,low,clean,DT-OPT,fog-8,80
10002,low,clean,SemiGreedy,fog-1,0
10002,low,clean,SemiGreedy,fog-2,0
10002,low,clean,SemiGreedy,fog-3,14
10002,low,clean,SemiGreedy,fog-4,63
10002,low,clean,SemiGreedy,fog-5,1
10002,low,clean,SemiGreedy,fog-6,1
10002,low,clean,SemiGreedy,fog-7,200
10002,low,clean,SemiGreedy,fog-8,0
10002,low,clean,Fog-only,fog-1,1
10002,low,clean,Fog-only,fog-2,1
10002,low,clean,Fog-only,fog-3,64
10002,low,clean,Fog-only,fog-4,136
10002,low,clean,Fog-only,fog-5,15
10002,low,clean,Fog-only,fog-6,10
10002,low,clean,Fog-only,fog-7,236
10002,low,clean,Fog-only,fog-8,2
10002,low,clean,DRL-OO,fog-1,11
10002,low,clean,DRL-OO,fog-2,0
10002,low,clean,DRL-OO,fog-3,9
10002,low,clean,DRL-OO,fog-4,203
10002,low,clean,DRL-OO,fog-5,1
10002,low,clean,DRL-OO,fog-6,20
10002,low,clean,DRL-OO,fog-7,165
10002,low,clean,DRL-OO,fog-8,55
10003,low,clean,DT-KF-CostAware,fog-1,0
10003,low,clean,DT-KF-CostAware,fog-2,65
10003,low,clean,DT-KF-CostAware,fog-3,64
10003,low,clean,DT-KF-CostAware,fog-4,64
10003,low,clean,DT-KF-CostAware,fog-5,65
10003,low,clean,DT-KF-CostAware,fog-6,51
10003,low,clean,DT-KF-CostAware,fog-7,64
10003,low,clean,DT-KF-CostAware,fog-8,64
10003,low,clean,DT-OPT,fog-1,3
10003,low,clean,DT-OPT,fog-2,27
10003,low,clean,DT-OPT,fog-3,161
10003,low,clean,DT-OPT,fog-4,198
10003,low,clean,DT-OPT,fog-5,42
10003,low,clean,DT-OPT,fog-6,4
10003,low,clean,DT-OPT,fog-7,2
10003,low,clean,DT-OPT,fog-8,1
10003,low,clean,SemiGreedy,fog-1,0
10003,low,clean,SemiGreedy,fog-2,107
10003,low,clean,SemiGreedy,fog-3,0
10003,low,clean,SemiGreedy,fog-4,123
10003,low,clean,SemiGreedy,fog-5,15
10003,low,clean,SemiGreedy,fog-6,0
10003,low,clean,SemiGreedy,fog-7,0
10003,low,clean,SemiGreedy,fog-8,5
10003,low,clean,Fog-only,fog-1,0
10003,low,clean,Fog-only,fog-2,164
10003,low,clean,Fog-only,fog-3,3
10003,low,clean,Fog-only,fog-4,177
10003,low,clean,Fog-only,fog-5,42
10003,low,clean,Fog-only,fog-6,0
10003,low,clean,Fog-only,fog-7,2
10003,low,clean,Fog-only,fog-8,50
10003,low,clean,DRL-OO,fog-1,1
10003,low,clean,DRL-OO,fog-2,2
10003,low,clean,DRL-OO,fog-3,124
10003,low,clean,DRL-OO,fog-4,230
10003,low,clean,DRL-OO,fog-5,63
10003,low,clean,DRL-OO,fog-6,3
10003,low,clean,DRL-OO,fog-7,10
10003,low,clean,DRL-OO,fog-8,5
10004,low,clean,DT-KF-CostAware,fog-1,76
10004,low,clean,DT-KF-CostAware,fog-2,75
10004,low,clean,DT-KF-CostAware,fog-3,76
10004,low,clean,DT-KF-CostAware,fog-4,75
10004,low,clean,DT-KF-CostAware,fog-5,0
10004,low,clean,DT-KF-CostAware,fog-6,77
10004,low,clean,DT-KF-CostAware,fog-7,75
10004,low,clean,DT-KF-CostAware,fog-8,0
10004,low,clean,DT-OPT,fog-1,230
10004,low,clean,DT-OPT,fog-2,8
10004,low,clean,DT-OPT,fog-3,47
10004,low,clean,DT-OPT,fog-4,2
10004,low,clean,DT-OPT,fog-5,0
10004,low,clean,DT-OPT,fog-6,8
10004,low,clean,DT-OPT,fog-7,159
10004,low,clean,DT-OPT,fog-8,0
10004,low,clean,SemiGreedy,fog-1,218
10004,low,clean,SemiGreedy,fog-2,0
10004,low,clean,SemiGreedy,fog-3,56
10004,low,clean,SemiGreedy,fog-4,0
10004,low,clean,SemiGreedy,fog-5,0
10004,low,clean,SemiGreedy,fog-6,12
10004,low,clean,SemiGreedy,fog-7,0
10004,low,clean,SemiGreedy,fog-8,0
10004,low,clean,Fog-only,fog-1,252
10004,low,clean,Fog-only,fog-2,2
10004,low,clean,Fog-only,fog-3,137
10004,low,clean,Fog-only,fog-4,0
10004,low,clean,Fog-only,fog-5,0
10004,low,clean,Fog-only,fog-6,55
10004,low,clean,Fog-only,fog-7,10
10004,low,clean,Fog-only,fog-8,0
10004,low,clean,DRL-OO,fog-1,243
10004,low,clean,DRL-OO,fog-2,0
10004,low,clean,DRL-OO,fog-3,61
10004,low,clean,DRL-OO,fog-4,0
10004,low,clean,DRL-OO,fog-5,4
10004,low,clean,DRL-OO,fog-6,8
10004,low,clean,DRL-OO,fog-7,127
10004,low,clean,DRL-OO,fog-8,11
10005,low,clean,DT-KF-CostAware,fog-1,99
10005,low,clean,DT-KF-CostAware,fog-2,99
10005,low,clean,DT-KF-CostAware,fog-3,7
10005,low,clean,DT-KF-CostAware,fog-4,99
10005,low,clean,DT-KF-CostAware,fog-5,6
10005,low,clean,DT-KF-CostAware,fog-6,99
10005,low,clean,DT-KF-CostAware,fog-7,8
10005,low,clean,DT-KF-CostAware,fog-8,7
10005,low,clean,DT-OPT,fog-1,11
10005,low,clean,DT-OPT,fog-2,31
10005,low,clean,DT-OPT,fog-3,11
10005,low,clean,DT-OPT,fog-4,220
10005,low,clean,DT-OPT,fog-5,37
10005,low,clean,DT-OPT,fog-6,114
10005,low,clean,DT-OPT,fog-7,0
10005,low,clean,DT-OPT,fog-8,1
10005,low,clean,SemiGreedy,fog-1,54
10005,low,clean,SemiGreedy,fog-2,3
10005,low,clean,SemiGreedy,fog-3,0
10005,low,clean,SemiGreedy,fog-4,184
10005,low,clean,SemiGreedy,fog-5,0
10005,low,clean,SemiGreedy,fog-6,12
10005,low,clean,SemiGreedy,fog-7,0
10005,low,clean,SemiGreedy,fog-8,0
10005,low,clean,Fog-only,fog-1,125
10005,low,clean,Fog-only,fog-2,20
10005,low,clean,Fog-only,fog-3,3
10005,low,clean,Fog-only,fog-4,217
10005,low,clean,Fog-only,fog-5,0
10005,low,clean,Fog-only,fog-6,60
10005,low,clean,Fog-only,fog-7,1
10005,low,clean,Fog-only,fog-8,0
10005,low,clean,DRL-OO,fog-1,16
10005,low,clean,DRL-OO,fog-2,3
10005,low,clean,DRL-OO,fog-3,42
10005,low,clean,DRL-OO,fog-4,138
10005,low,clean,DRL-OO,fog-5,17
10005,low,clean,DRL-OO,fog-6,208
10005,low,clean,DRL-OO,fog-7,0
10005,low,clean,DRL-OO,fog-8,2
10006,low,clean,DT-KF-CostAware,fog-1,11
10006,low,clean,DT-KF-CostAware,fog-2,127
10006,low,clean,DT-KF-CostAware,fog-3,123
10006,low,clean,DT-KF-CostAware,fog-4,11
10006,low,clean,DT-KF-CostAware,fog-5,11
10006,low,clean,DT-KF-CostAware,fog-6,11
10006,low,clean,DT-KF-CostAware,fog-7,125
10006,low,clean,DT-KF-CostAware,fog-8,10
10006,low,clean,DT-OPT,fog-1,10
10006,low,clean,DT-OPT,fog-2,51
10006,low,clean,DT-OPT,fog-3,84
10006,low,clean,DT-OPT,fog-4,0
10006,low,clean,DT-OPT,fog-5,71
10006,low,clean,DT-OPT,fog-6,1
10006,low,clean,DT-OPT,fog-7,213
10006,low,clean,DT-OPT,fog-8,2
10006,low,clean,SemiGreedy,fog-1,0
10006,low,clean,SemiGreedy,fog-2,8
10006,low,clean,SemiGreedy,fog-3,194
10006,low,clean,SemiGreedy,fog-4,0
10006,low,clean,SemiGreedy,fog-5,0
10006,low,clean,SemiGreedy,fog-6,1
10006,low,clean,SemiGreedy,fog-7,50
10006,low,clean,SemiGreedy,fog-8,0
10006,low,clean,Fog-only,fog-1,0
10006,low,clean,Fog-only,fog-2,60
10006,low,clean,Fog-only,fog-3,227
10006,low,clean,Fog-only,fog-4,0
10006,low,clean,Fog-only,fog-5,2
10006,low,clean,Fog-only,fog-6,11
10006,low,clean,Fog-only,fog-7,132
10006,low,clean,Fog-only,fog-8,0
10006,low,clean,DRL-OO,fog-1,17
10006,low,clean,DRL-OO,fog-2,121
10006,low,clean,DRL-OO,fog-3,40
10006,low,clean,DRL-OO,fog-4,1
10006,low,clean,DRL-OO,fog-5,41
10006,low,clean,DRL-OO,fog-6,7
10006,low,clean,DRL-OO,fog-7,204
10006,low,clean,DRL-OO,fog-8,1
10007,low,clean,DT-KF-CostAware,fog-1,82
10007,low,clean,DT-KF-CostAware,fog-2,2
10007,low,clean,DT-KF-CostAware,fog-3,63
10007,low,clean,DT-KF-CostAware,fog-4,82
10007,low,clean,DT-KF-CostAware,fog-5,0
10007,low,clean,DT-KF-CostAware,fog-6,64
10007,low,clean,DT-KF-CostAware,fog-7,81
10007,low,clean,DT-KF-CostAware,fog-8,82
10007,low,clean,DT-OPT,fog-1,70
10007,low,clean,DT-OPT,fog-2,0
10007,low,clean,DT-OPT,fog-3,0
10007,low,clean,DT-OPT,fog-4,22
10007,low,clean,DT-OPT,fog-5,23
10007,low,clean,DT-OPT,fog-6,178
10007,low,clean,DT-OPT,fog-7,1
10007,low,clean,DT-OPT,fog-8,163
10007,low,clean,SemiGreedy,fog-1,5
10007,low,clean,SemiGreedy,fog-2,0
10007,low,clean,SemiGreedy,fog-3,0
10007,low,clean,SemiGreedy,fog-4,142
10007,low,clean,SemiGreedy,fog-5,0
10007,low,clean,SemiGreedy,fog-6,0
10007,low,clean,SemiGreedy,fog-7,7
10007,low,clean,SemiGreedy,fog-8,101
10007,low,clean,Fog-only,fog-1,38
10007,low,clean,Fog-only,fog-2,0
10007,low,clean,Fog-only,fog-3,0
10007,low,clean,Fog-only,fog-4,201
10007,low,clean,Fog-only,fog-5,0
10007,low,clean,Fog-only,fog-6,2
10007,low,clean,Fog-only,fog-7,46
10007,low,clean,Fog-only,fog-8,170
10007,low,clean,DRL-OO,fog-1,17
10007,low,clean,DRL-OO,fog-2,2
10007,low,clean,DRL-OO,fog-3,0
10007,low,clean,DRL-OO,fog-4,89
10007,low,clean,DRL-OO,fog-5,24
10007,low,clean,DRL-OO,fog-6,92
10007,low,clean,DRL-OO,fog-7,1
10007,low,clean,DRL-OO,fog-8,232
10008,low,clean,DT-KF-CostAware,fog-1,115
10008,low,clean,DT-KF-CostAware,fog-2,17
10008,low,clean,DT-KF-CostAware,fog-3,53
10008,low,clean,DT-KF-CostAware,fog-4,2
10008,low,clean,DT-KF-CostAware,fog-5,18
10008,low,clean,DT-KF-CostAware,fog-6,115
10008,low,clean,DT-KF-CostAware,fog-7,116
10008,low,clean,DT-KF-CostAware,fog-8,6
10008,low,clean,DT-OPT,fog-1,231
10008,low,clean,DT-OPT,fog-2,2
10008,low,clean,DT-OPT,fog-3,17
10008,low,clean,DT-OPT,fog-4,0
10008,low,clean,DT-OPT,fog-5,26
10008,low,clean,DT-OPT,fog-6,129
10008,low,clean,DT-OPT,fog-7,22
10008,low,clean,DT-OPT,fog-8,19
10008,low,clean,SemiGreedy,fog-1,196
10008,low,clean,SemiGreedy,fog-2,0
10008,low,clean,SemiGreedy,fog-3,0
10008,low,clean,SemiGreedy,fog-4,0
10008,low,clean,SemiGreedy,fog-5,0
10008,low,clean,SemiGreedy,fog-6,64
10008,low,clean,SemiGreedy,fog-7,11
10008,low,clean,SemiGreedy,fog-8,0
10008,low,clean,Fog-only,fog-1,233
10008,low,clean,Fog-only,fog-2,0
10008,low,clean,Fog-only,fog-3,19
10008,low,clean,Fog-only,fog-4,0
10008,low,clean,Fog-only,fog-5,7
10008,low,clean,Fog-only,fog-6,133
10008,low,clean,Fog-only,fog-7,54
10008,low,clean,Fog-only,fog-8,0
10008,low,clean,DRL-OO,fog-1,138
10008,low,clean,DRL-OO,fog-2,3
10008,low,clean,DRL-OO,fog-3,28
10008,low,clean,DRL-OO,fog-4,23
10008,low,clean,DRL-OO,fog-5,0
10008,low,clean,DRL-OO,fog-6,215
10008,low,clean,DRL-OO,fog-7,38
10008,low,clean,DRL-OO,fog-8,1
10009,low,clean,DT-KF-CostAware,fog-1,86
10009,low,clean,DT-KF-CostAware,fog-2,87
10009,low,clean,DT-KF-CostAware,fog-3,3
10009,low,clean,DT-KF-CostAware,fog-4,3
10009,low,clean,DT-KF-CostAware,fog-5,2
10009,low,clean,DT-KF-CostAware,fog-6,85
10009,low,clean,DT-KF-CostAware,fog-7,86
10009,low,clean,DT-KF-CostAware,fog-8,86
10009,low,clean,DT-OPT,fog-1,11
10009,low,clean,DT-OPT,fog-2,136
10009,low,clean,DT-OPT,fog-3,1
10009,low,clean,DT-OPT,fog-4,0
10009,low,clean,DT-OPT,fog-5,19
10009,low,clean,DT-OPT,fog-6,67
10009,low,clean,DT-OPT,fog-7,2
10009,low,clean,DT-OPT,fog-8,205
10009,low,clean,SemiGreedy,fog-1,60
10009,low,clean,SemiGreedy,fog-2,0
10009,low,clean,SemiGreedy,fog-3,0
10009,low,clean,SemiGreedy,fog-4,0
10009,low,clean,SemiGreedy,fog-5,0
10009,low,clean,SemiGreedy,fog-6,8
10009,low,clean,SemiGreedy,fog-7,2
10009,low,clean,SemiGreedy,fog-8,185
10009,low,clean,Fog-only,fog-1,128
10009,low,clean,Fog-only,fog-2,3
10009,low,clean,Fog-only,fog-3,0
10009,low,clean,Fog-only,fog-4,0
10009,low,clean,Fog-only,fog-5,0
10009,low,clean,Fog-only,fog-6,56
10009,low,clean,Fog-only,fog-7,21
10009,low,clean,Fog-only,fog-8,234
10009,low,clean,DRL-OO,fog-1,58
10009,low,clean,DRL-OO,fog-2,126
10009,low,clean,DRL-OO,fog-3,11
10009,low,clean,DRL-OO,fog-4,9
10009,low,clean,DRL-OO,fog-5,0
10009,low,clean,DRL-OO,fog-6,17
10009,low,clean,DRL-OO,fog-7,7
10009,low,clean,DRL-OO,fog-8,214
10010,low,clean,DT-KF-CostAware,fog-1,87
10010,low,clean,DT-KF-CostAware,fog-2,3
10010,low,clean,DT-KF-CostAware,fog-3,2
10010,low,clean,DT-KF-CostAware,fog-4,87
10010,low,clean,DT-KF-CostAware,fog-5,87
10010,low,clean,DT-KF-CostAware,fog-6,87
10010,low,clean,DT-KF-CostAware,fog-7,9
10010,low,clean,DT-KF-CostAware,fog-8,88
10010,low,clean,DT-OPT,fog-1,77
10010,low,clean,DT-OPT,fog-2,0
10010,low,clean,DT-OPT,fog-3,0
10010,low,clean,DT-OPT,fog-4,224
10010,low,clean,DT-OPT,fog-5,48
10010,low,clean,DT-OPT,fog-6,55
10010,low,clean,DT-OPT,fog-7,40
10010,low,clean,DT-OPT,fog-8,10
10010,low,clean,SemiGreedy,fog-1,194
10010,low,clean,SemiGreedy,fog-2,0
10010,low,clean,SemiGreedy,fog-3,0
10010,low,clean,SemiGreedy,fog-4,10
10010,low,clean,SemiGreedy,fog-5,1
10010,low,clean,SemiGreedy,fog-6,57
10010,low,clean,SemiGreedy,fog-7,0
10010,low,clean,SemiGreedy,fog-8,2
10010,low,clean,Fog-only,fog-1,223
10010,low,clean,Fog-only,fog-2,0
10010,low,clean,Fog-only,fog-3,0
10010,low,clean,Fog-only,fog-4,62
10010,low,clean,Fog-only,fog-5,4
10010,low,clean,Fog-only,fog-6,144
10010,low,clean,Fog-only,fog-7,0
10010,low,clean,Fog-only,fog-8,22
10010,low,clean,DRL-OO,fog-1,12
10010,low,clean,DRL-OO,fog-2,22
10010,low,clean,DRL-OO,fog-3,1
10010,low,clean,DRL-OO,fog-4,231
10010,low,clean,DRL-OO,fog-5,3
10010,low,clean,DRL-OO,fog-6,55
10010,low,clean,DRL-OO,fog-7,0
10010,low,clean,DRL-OO,fog-8,130
10011,low,clean,DT-KF-CostAware,fog-1,71
10011,low,clean,DT-KF-CostAware,fog-2,73
10011,low,clean,DT-KF-CostAware,fog-3,2
10011,low,clean,DT-KF-CostAware,fog-4,210
10011,low,clean,DT-KF-CostAware,fog-5,89
10011,low,clean,DT-KF-CostAware,fog-6,3
10011,low,clean,DT-KF-CostAware,fog-7,1
10011,low,clean,DT-KF-CostAware,fog-8,2
10011,low,clean,DT-OPT,fog-1,8
10011,low,clean,DT-OPT,fog-2,117
10011,low,clean,DT-OPT,fog-3,0
10011,low,clean,DT-OPT,fog-4,258
10011,low,clean,DT-OPT,fog-5,59
10011,low,clean,DT-OPT,fog-6,12
10011,low,clean,DT-OPT,fog-7,0
10011,low,clean,DT-OPT,fog-8,0
10011,low,clean,SemiGreedy,fog-1,1
10011,low,clean,SemiGreedy,fog-2,8
10011,low,clean,SemiGreedy,fog-3,0
10011,low,clean,SemiGreedy,fog-4,206
10011,low,clean,SemiGreedy,fog-5,59
10011,low,clean,SemiGreedy,fog-6,0
10011,low,clean,SemiGreedy,fog-7,0
10011,low,clean,SemiGreedy,fog-8,0
10011,low,clean,Fog-only,fog-1,16
10011,low,clean,Fog-only,fog-2,48
10011,low,clean,Fog-only,fog-3,0
10011,low,clean,Fog-only,fog-4,254
10011,low,clean,Fog-only,fog-5,134
10011,low,clean,Fog-only,fog-6,3
10011,low,clean,Fog-only,fog-7,0
10011,low,clean,Fog-only,fog-8,0
10011,low,clean,DRL-OO,fog-1,17
10011,low,clean,DRL-OO,fog-2,155
10011,low,clean,DRL-OO,fog-3,5
10011,low,clean,DRL-OO,fog-4,208
10011,low,clean,DRL-OO,fog-5,63
10011,low,clean,DRL-OO,fog-6,5
10011,low,clean,DRL-OO,fog-7,1
10011,low,clean,DRL-OO,fog-8,0
10012,low,clean,DT-KF-CostAware,fog-1,60
10012,low,clean,DT-KF-CostAware,fog-2,0
10012,low,clean,DT-KF-CostAware,fog-3,59
10012,low,clean,DT-KF-CostAware,fog-4,59
10012,low,clean,DT-KF-CostAware,fog-5,59
10012,low,clean,DT-KF-CostAware,fog-6,60
10012,low,clean,DT-KF-CostAware,fog-7,49
10012,low,clean,DT-KF-CostAware,fog-8,59
10012,low,clean,DT-OPT,fog-1,5
10012,low,clean,DT-OPT,fog-2,0
10012,low,clean,DT-OPT,fog-3,21
10012,low,clean,DT-OPT,fog-4,11
10012,low,clean,DT-OPT,fog-5,136
10012,low,clean,DT-OPT,fog-6,156
10012,low,clean,DT-OPT,fog-7,10
10012,low,clean,DT-OPT,fog-8,73
10012,low,clean,SemiGreedy,fog-1,0
10012,low,clean,SemiGreedy,fog-2,0
10012,low,clean,SemiGreedy,fog-3,44
10012,low,clean,SemiGreedy,fog-4,187
10012,low,clean,SemiGreedy,fog-5,0
10012,low,clean,SemiGreedy,fog-6,0
10012,low,clean,SemiGreedy,fog-7,0
10012,low,clean,SemiGreedy,fog-8,14
10012,low,clean,Fog-only,fog-1,0
10012,low,clean,Fog-only,fog-2,0
10012,low,clean,Fog-only,fog-3,124
10012,low,clean,Fog-only,fog-4,218
10012,low,clean,Fog-only,fog-5,3
10012,low,clean,Fog-only,fog-6,17
10012,low,clean,Fog-only,fog-7,0
10012,low,clean,Fog-only,fog-8,51
10012,low,clean,DRL-OO,fog-1,11
10012,low,clean,DRL-OO,fog-2,7
10012,low,clean,DRL-OO,fog-3,156
10012,low,clean,DRL-OO,fog-4,7
10012,low,clean,DRL-OO,fog-5,42
10012,low,clean,DRL-OO,fog-6,161
10012,low,clean,DRL-OO,fog-7,7
10012,low,clean,DRL-OO,fog-8,20
10013,low,clean,DT-KF-CostAware,fog-1,16
10013,low,clean,DT-KF-CostAware,fog-2,17
10013,low,clean,DT-KF-CostAware,fog-3,0
10013,low,clean,DT-KF-CostAware,fog-4,16
10013,low,clean,DT-KF-CostAware,fog-5,202
10013,low,clean,DT-KF-CostAware,fog-6,15
10013,low,clean,DT-KF-CostAware,fog-7,16
10013,low,clean,DT-KF-CostAware,fog-8,203
10013,low,clean,DT-OPT,fog-1,1
10013,low,clean,DT-OPT,fog-2,81
10013,low,clean,DT-OPT,fog-3,0
10013,low,clean,DT-OPT,fog-4,0
10013,low,clean,DT-OPT,fog-5,190
10013,low,clean,DT-OPT,fog-6,16
10013,low,clean,DT-OPT,fog-7,1
10013,low,clean,DT-OPT,fog-8,198
10013,low,clean,SemiGreedy,fog-1,0
10013,low,clean,SemiGreedy,fog-2,2
10013,low,clean,SemiGreedy,fog-3,0
10013,low,clean,SemiGreedy,fog-4,0
10013,low,clean,SemiGreedy,fog-5,224
10013,low,clean,SemiGreedy,fog-6,0
10013,low,clean,SemiGreedy,fog-7,0
10013,low,clean,SemiGreedy,fog-8,60
10013,low,clean,Fog-only,fog-1,0
10013,low,clean,Fog-only,fog-2,48
10013,low,clean,Fog-only,fog-3,0
10013,low,clean,Fog-only,fog-4,0
10013,low,clean,Fog-only,fog-5,268
10013,low,clean,Fog-only,fog-6,16
10013,low,clean,Fog-only,fog-7,1
10013,low,clean,Fog-only,fog-8,154
10013,low,clean,DRL-OO,fog-1,0
10013,low,clean,DRL-OO,fog-2,4
10013,low,clean,DRL-OO,fog-3,0
10013,low,clean,DRL-OO,fog-4,0
10013,low,clean,DRL-OO,fog-5,267
10013,low,clean,DRL-OO,fog-6,36
10013,low,clean,DRL-OO,fog-7,43
10013,low,clean,DRL-OO,fog-8,137
10014,low,clean,DT-KF-CostAware,fog-1,70
10014,low,clean,DT-KF-CostAware,fog-2,69
10014,low,clean,DT-KF-CostAware,fog-3,40
10014,low,clean,DT-KF-CostAware,fog-4,70
10014,low,clean,DT-KF-CostAware,fog-5,69
10014,low,clean,DT-KF-CostAware,fog-6,40
10014,low,clean,DT-KF-CostAware,fog-7,4
10014,low,clean,DT-KF-CostAware,fog-8,69
10014,low,clean,DT-OPT,fog-1,23
10014,low,clean,DT-OPT,fog-2,147
10014,low,clean,DT-OPT,fog-3,13
10014,low,clean,DT-OPT,fog-4,7
10014,low,clean,DT-OPT,fog-5,180
10014,low,clean,DT-OPT,fog-6,2
10014,low,clean,DT-OPT,fog-7,9
10014,low,clean,DT-OPT,fog-8,56
10014,low,clean,SemiGreedy,fog-1,53
10014,low,clean,SemiGreedy,fog-2,0
10014,low,clean,SemiGreedy,fog-3,0
10014,low,clean,SemiGreedy,fog-4,12
10014,low,clean,SemiGreedy,fog-5,177
10014,low,clean,SemiGreedy,fog-6,0
10014,low,clean,SemiGreedy,fog-7,0
10014,low,clean,SemiGreedy,fog-8,2
10014,low,clean,Fog-only,fog-1,129
10014,low,clean,Fog-only,fog-2,9
10014,low,clean,Fog-only,fog-3,0
10014,low,clean,Fog-only,fog-4,52
10014,low,clean,Fog-only,fog-5,221
10014,low,clean,Fog-only,fog-6,1
10014,low,clean,Fog-only,fog-7,0
10014,low,clean,Fog-only,fog-8,25
10014,low,clean,DRL-OO,fog-1,64
10014,low,clean,DRL-OO,fog-2,107
10014,low,clean,DRL-OO,fog-3,0
10014,low,clean,DRL-OO,fog-4,40
10014,low,clean,DRL-OO,fog-5,195
10014,low,clean,DRL-OO,fog-6,5
10014,low,clean,DRL-OO,fog-7,2
10014,low,clean,DRL-OO,fog-8,24
10015,low,clean,DT-KF-CostAware,fog-1,76
10015,low,clean,DT-KF-CostAware,fog-2,17
10015,low,clean,DT-KF-CostAware,fog-3,96
10015,low,clean,DT-KF-CostAware,fog-4,76
10015,low,clean,DT-KF-CostAware,fog-5,6
10015,low,clean,DT-KF-CostAware,fog-6,1
10015,low,clean,DT-KF-CostAware,fog-7,96
10015,low,clean,DT-KF-CostAware,fog-8,79
10015,low,clean,DT-OPT,fog-1,198
10015,low,clean,DT-OPT,fog-2,18
10015,low,clean,DT-OPT,fog-3,12
10015,low,clean,DT-OPT,fog-4,4
10015,low,clean,DT-OPT,fog-5,2
10015,low,clean,DT-OPT,fog-6,0
10015,low,clean,DT-OPT,fog-7,113
10015,low,clean,DT-OPT,fog-8,101
10015,low,clean,SemiGreedy,fog-1,1
10015,low,clean,SemiGreedy,fog-2,0
10015,low,clean,SemiGreedy,fog-3,54
10015,low,clean,SemiGreedy,fog-4,0
10015,low,clean,SemiGreedy,fog-5,0
10015,low,clean,SemiGreedy,fog-6,0
10015,low,clean,SemiGreedy,fog-7,202
10015,low,clean,SemiGreedy,fog-8,8
10015,low,clean,Fog-only,fog-1,14
10015,low,clean,Fog-only,fog-2,2
10015,low,clean,Fog-only,fog-3,143
10015,low,clean,Fog-only,fog-4,3
10015,low,clean,Fog-only,fog-5,0
10015,low,clean,Fog-only,fog-6,0
10015,low,clean,Fog-only,fog-7,235
10015,low,clean,Fog-only,fog-8,51
10015,low,clean,DRL-OO,fog-1,99
10015,low,clean,DRL-OO,fog-2,15
10015,low,clean,DRL-OO,fog-3,186
10015,low,clean,DRL-OO,fog-4,14
10015,low,clean,DRL-OO,fog-5,2
10015,low,clean,DRL-OO,fog-6,2
10015,low,clean,DRL-OO,fog-7,118
10015,low,clean,DRL-OO,fog-8,12
10016,low,clean,DT-KF-CostAware,fog-1,113
10016,low,clean,DT-KF-CostAware,fog-2,112
10016,low,clean,DT-KF-CostAware,fog-3,26
10016,low,clean,DT-KF-CostAware,fog-4,11
10016,low,clean,DT-KF-CostAware,fog-5,26
10016,low,clean,DT-KF-CostAware,fog-6,9
10016,low,clean,DT-KF-CostAware,fog-7,112
10016,low,clean,DT-KF-CostAware,fog-8,18
10016,low,clean,DT-OPT,fog-1,140
10016,low,clean,DT-OPT,fog-2,88
10016,low,clean,DT-OPT,fog-3,10
10016,low,clean,DT-OPT,fog-4,1
10016,low,clean,DT-OPT,fog-5,3
10016,low,clean,DT-OPT,fog-6,1
10016,low,clean,DT-OPT,fog-7,169
10016,low,clean,DT-OPT,fog-8,23
10016,low,clean,SemiGreedy,fog-1,41
10016,low,clean,SemiGreedy,fog-2,9
10016,low,clean,SemiGreedy,fog-3,1
10016,low,clean,SemiGreedy,fog-4,0
10016,low,clean,SemiGreedy,fog-5,0
10016,low,clean,SemiGreedy,fog-6,0
10016,low,clean,SemiGreedy,fog-7,161
10016,low,clean,SemiGreedy,fog-8,0
10016,low,clean,Fog-only,fog-1,119
10016,low,clean,Fog-only,fog-2,64
10016,low,clean,Fog-only,fog-3,25
10016,low,clean,Fog-only,fog-4,0
10016,low,clean,Fog-only,fog-5,12
10016,low,clean,Fog-only,fog-6,1
10016,low,clean,Fog-only,fog-7,212
10016,low,clean,Fog-only,fog-8,2
10016,low,clean,DRL-OO,fog-1,120
10016,low,clean,DRL-OO,fog-2,178
10016,low,clean,DRL-OO,fog-3,8
10016,low,clean,DRL-OO,fog-4,13
10016,low,clean,DRL-OO,fog-5,3
10016,low,clean,DRL-OO,fog-6,0
10016,low,clean,DRL-OO,fog-7,82
10016,low,clean,DRL-OO,fog-8,31
10017,low,clean,DT-KF-CostAware,fog-1,77
10017,low,clean,DT-KF-CostAware,fog-2,26
10017,low,clean,DT-KF-CostAware,fog-3,8
10017,low,clean,DT-KF-CostAware,fog-4,76
10017,low,clean,DT-KF-CostAware,fog-5,71
10017,low,clean,DT-KF-CostAware,fog-6,8
10017,low,clean,DT-KF-CostAware,fog-7,74
10017,low,clean,DT-KF-CostAware,fog-8,74
10017,low,clean,DT-OPT,fog-1,102
10017,low,clean,DT-OPT,fog-2,60
10017,low,clean,DT-OPT,fog-3,2
10017,low,clean,DT-OPT,fog-4,179
10017,low,clean,DT-OPT,fog-5,0
10017,low,clean,DT-OPT,fog-6,3
10017,low,clean,DT-OPT,fog-7,70
10017,low,clean,DT-OPT,fog-8,1
10017,low,clean,SemiGreedy,fog-1,180
10017,low,clean,SemiGreedy,fog-2,0
10017,low,clean,SemiGreedy,fog-3,0
10017,low,clean,SemiGreedy,fog-4,39
10017,low,clean,SemiGreedy,fog-5,10
10017,low,clean,SemiGreedy,fog-6,0
10017,low,clean,SemiGreedy,fog-7,1
10017,low,clean,SemiGreedy,fog-8,1
10017,low,clean,Fog-only,fog-1,221
10017,low,clean,Fog-only,fog-2,1
10017,low,clean,Fog-only,fog-3,1
10017,low,clean,Fog-only,fog-4,122
10017,low,clean,Fog-only,fog-5,50
10017,low,clean,Fog-only,fog-6,0
10017,low,clean,Fog-only,fog-7,19
10017,low,clean,Fog-only,fog-8,4
10017,low,clean,DRL-OO,fog-1,134
10017,low,clean,DRL-OO,fog-2,0
10017,low,clean,DRL-OO,fog-3,25
10017,low,clean,DRL-OO,fog-4,206
10017,low,clean,DRL-OO,fog-5,3
10017,low,clean,DRL-OO,fog-6,1
10017,low,clean,DRL-OO,fog-7,19
10017,low,clean,DRL-OO,fog-8,30
10018,low,clean,DT-KF-CostAware,fog-1,81
10018,low,clean,DT-KF-CostAware,fog-2,82
10018,low,clean,DT-KF-CostAware,fog-3,12
10018,low,clean,DT-KF-CostAware,fog-4,82
10018,low,clean,DT-KF-CostAware,fog-5,1
10018,low,clean,DT-KF-CostAware,fog-6,81
10018,low,clean,DT-KF-CostAware,fog-7,11
10018,low,clean,DT-KF-CostAware,fog-8,81
10018,low,clean,DT-OPT,fog-1,157
10018,low,clean,DT-OPT,fog-2,5
10018,low,clean,DT-OPT,fog-3,0
10018,low,clean,DT-OPT,fog-4,183
10018,low,clean,DT-OPT,fog-5,0
10018,low,clean,DT-OPT,fog-6,23
10018,low,clean,DT-OPT,fog-7,1
10018,low,clean,DT-OPT,fog-8,66
10018,low,clean,SemiGreedy,fog-1,176
10018,low,clean,SemiGreedy,fog-2,40
10018,low,clean,SemiGreedy,fog-3,0
10018,low,clean,SemiGreedy,fog-4,0
10018,low,clean,SemiGreedy,fog-5,0
10018,low,clean,SemiGreedy,fog-6,2
10018,low,clean,SemiGreedy,fog-7,0
10018,low,clean,SemiGreedy,fog-8,8
10018,low,clean,Fog-only,fog-1,221
10018,low,clean,Fog-only,fog-2,131
10018,low,clean,Fog-only,fog-3,1
10018,low,clean,Fog-only,fog-4,4
10018,low,clean,Fog-only,fog-5,0
10018,low,clean,Fog-only,fog-6,18
10018,low,clean,Fog-only,fog-7,0
10018,low,clean,Fog-only,fog-8,61
10018,low,clean,DRL-OO,fog-1,106
10018,low,clean,DRL-OO,fog-2,3
10018,low,clean,DRL-OO,fog-3,0
10018,low,clean,DRL-OO,fog-4,87
10018,low,clean,DRL-OO,fog-5,0
10018,low,clean,DRL-OO,fog-6,51
10018,low,clean,DRL-OO,fog-7,8
10018,low,clean,DRL-OO,fog-8,180
10019,low,clean,DT-KF-CostAware,fog-1,37
10019,low,clean,DT-KF-CostAware,fog-2,10
10019,low,clean,DT-KF-CostAware,fog-3,38
10019,low,clean,DT-KF-CostAware,fog-4,136
10019,low,clean,DT-KF-CostAware,fog-5,37
10019,low,clean,DT-KF-CostAware,fog-6,10
10019,low,clean,DT-KF-CostAware,fog-7,38
10019,low,clean,DT-KF-CostAware,fog-8,135
10019,low,clean,DT-OPT,fog-1,3
10019,low,clean,DT-OPT,fog-2,2
10019,low,clean,DT-OPT,fog-3,51
10019,low,clean,DT-OPT,fog-4,183
10019,low,clean,DT-OPT,fog-5,175
10019,low,clean,DT-OPT,fog-6,0
10019,low,clean,DT-OPT,fog-7,23
10019,low,clean,DT-OPT,fog-8,9
10019,low,clean,SemiGreedy,fog-1,0
10019,low,clean,SemiGreedy,fog-2,0
10019,low,clean,SemiGreedy,fog-3,1
10019,low,clean,SemiGreedy,fog-4,196
10019,low,clean,SemiGreedy,fog-5,7
10019,low,clean,SemiGreedy,fog-6,0
10019,low,clean,SemiGreedy,fog-7,0
10019,low,clean,SemiGreedy,fog-8,45
10019,low,clean,Fog-only,fog-1,0
10019,low,clean,Fog-only,fog-2,0
10019,low,clean,Fog-only,fog-3,17
10019,low,clean,Fog-only,fog-4,240
10019,low,clean,Fog-only,fog-5,46
10019,low,clean,Fog-only,fog-6,1
10019,low,clean,Fog-only,fog-7,6
10019,low,clean,Fog-only,fog-8,136
10019,low,clean,DRL-OO,fog-1,1
10019,low,clean,DRL-OO,fog-2,32
10019,low,clean,DRL-OO,fog-3,7
10019,low,clean,DRL-OO,fog-4,243
10019,low,clean,DRL-OO,fog-5,113
10019,low,clean,DRL-OO,fog-6,0
10019,low,clean,DRL-OO,fog-7,27
10019,low,clean,DRL-OO,fog-8,23
10020,low,clean,DT-KF-CostAware,fog-1,106
10020,low,clean,DT-KF-CostAware,fog-2,0
10020,low,clean,DT-KF-CostAware,fog-3,0
10020,low,clean,DT-KF-CostAware,fog-4,107
10020,low,clean,DT-KF-CostAware,fog-5,105
10020,low,clean,DT-KF-CostAware,fog-6,2
10020,low,clean,DT-KF-CostAware,fog-7,107
10020,low,clean,DT-KF-CostAware,fog-8,0
10020,low,clean,DT-OPT,fog-1,61
10020,low,clean,DT-OPT,fog-2,0
10020,low,clean,DT-OPT,fog-3,0
10020,low,clean,DT-OPT,fog-4,8
10020,low,clean,DT-OPT,fog-5,206
10020,low,clean,DT-OPT,fog-6,17
10020,low,clean,DT-OPT,fog-7,139
10020,low,clean,DT-OPT,fog-8,0
10020,low,clean,SemiGreedy,fog-1,29
10020,low,clean,SemiGreedy,fog-2,0
10020,low,clean,SemiGreedy,fog-3,0
10020,low,clean,SemiGreedy,fog-4,189
10020,low,clean,SemiGreedy,fog-5,3
10020,low,clean,SemiGreedy,fog-6,0
10020,low,clean,SemiGreedy,fog-7,25
10020,low,clean,SemiGreedy,fog-8,0
10020,low,clean,Fog-only,fog-1,93
10020,low,clean,Fog-only,fog-2,0
10020,low,clean,Fog-only,fog-3,0
10020,low,clean,Fog-only,fog-4,225
10020,low,clean,Fog-only,fog-5,19
10020,low,clean,Fog-only,fog-6,0
10020,low,clean,Fog-only,fog-7,94
10020,low,clean,Fog-only,fog-8,0
10020,low,clean,DRL-OO,fog-1,54
10020,low,clean,DRL-OO,fog-2,17
10020,low,clean,DRL-OO,fog-3,0
10020,low,clean,DRL-OO,fog-4,9
10020,low,clean,DRL-OO,fog-5,120
10020,low,clean,DRL-OO,fog-6,0
10020,low,clean,DRL-OO,fog-7,226
10020,low,clean,DRL-OO,fog-8,5
10021,low,clean,DT-KF-CostAware,fog-1,84
10021,low,clean,DT-KF-CostAware,fog-2,3
10021,low,clean,DT-KF-CostAware,fog-3,2
10021,low,clean,DT-KF-CostAware,fog-4,83
10021,low,clean,DT-KF-CostAware,fog-5,83
10021,low,clean,DT-KF-CostAware,fog-6,83
10021,low,clean,DT-KF-CostAware,fog-7,84
10021,low,clean,DT-KF-CostAware,fog-8,1
10021,low,clean,DT-OPT,fog-1,118
10021,low,clean,DT-OPT,fog-2,1
10021,low,clean,DT-OPT,fog-3,16
10021,low,clean,DT-OPT,fog-4,165
10021,low,clean,DT-OPT,fog-5,101
10021,low,clean,DT-OPT,fog-6,21
10021,low,clean,DT-OPT,fog-7,4
10021,low,clean,DT-OPT,fog-8,2
10021,low,clean,SemiGreedy,fog-1,0
10021,low,clean,SemiGreedy,fog-2,0
10021,low,clean,SemiGreedy,fog-3,0
10021,low,clean,SemiGreedy,fog-4,60
10021,low,clean,SemiGreedy,fog-5,10
10021,low,clean,SemiGreedy,fog-6,0
10021,low,clean,SemiGreedy,fog-7,199
10021,low,clean,SemiGreedy,fog-8,0
10021,low,clean,Fog-only,fog-1,15
10021,low,clean,Fog-only,fog-2,0
10021,low,clean,Fog-only,fog-3,0
10021,low,clean,Fog-only,fog-4,131
10021,low,clean,Fog-only,fog-5,55
10021,low,clean,Fog-only,fog-6,3
10021,low,clean,Fog-only,fog-7,224
10021,low,clean,Fog-only,fog-8,0
10021,low,clean,DRL-OO,fog-1,207
10021,low,clean,DRL-OO,fog-2,18
10021,low,clean,DRL-OO,fog-3,4
10021,low,clean,DRL-OO,fog-4,4
10021,low,clean,DRL-OO,fog-5,15
10021,low,clean,DRL-OO,fog-6,105
10021,low,clean,DRL-OO,fog-7,75
10021,low,clean,DRL-OO,fog-8,0
10022,low,clean,DT-KF-CostAware,fog-1,9
10022,low,clean,DT-KF-CostAware,fog-2,9
10022,low,clean,DT-KF-CostAware,fog-3,69
10022,low,clean,DT-KF-CostAware,fog-4,10
10022,low,clean,DT-KF-CostAware,fog-5,25
10022,low,clean,DT-KF-CostAware,fog-6,182
10022,low,clean,DT-KF-CostAware,fog-7,32
10022,low,clean,DT-KF-CostAware,fog-8,71
10022,low,clean,DT-OPT,fog-1,1
10022,low,clean,DT-OPT,fog-2,0
10022,low,clean,DT-OPT,fog-3,130
10022,low,clean,DT-OPT,fog-4,6
10022,low,clean,DT-OPT,fog-5,2
10022,low,clean,DT-OPT,fog-6,92
10022,low,clean,DT-OPT,fog-7,51
10022,low,clean,DT-OPT,fog-8,128
10022,low,clean,SemiGreedy,fog-1,0
10022,low,clean,SemiGreedy,fog-2,0
10022,low,clean,SemiGreedy,fog-3,48
10022,low,clean,SemiGreedy,fog-4,0
10022,low,clean,SemiGreedy,fog-5,0
10022,low,clean,SemiGreedy,fog-6,197
10022,low,clean,SemiGreedy,fog-7,0
10022,low,clean,SemiGreedy,fog-8,5
10022,low,clean,Fog-only,fog-1,0
10022,low,clean,Fog-only,fog-2,0
10022,low,clean,Fog-only,fog-3,115
10022,low,clean,Fog-only,fog-4,0
10022,low,clean,Fog-only,fog-5,1
10022,low,clean,Fog-only,fog-6,236
10022,low,clean,Fog-only,fog-7,11
10022,low,clean,Fog-only,fog-8,47
10022,low,clean,DRL-OO,fog-1,7
10022,low,clean,DRL-OO,fog-2,0
10022,low,clean,DRL-OO,fog-3,67
10022,low,clean,DRL-OO,fog-4,0
10022,low,clean,DRL-OO,fog-5,7
10022,low,clean,DRL-OO,fog-6,193
10022,low,clean,DRL-OO,fog-7,48
10022,low,clean,DRL-OO,fog-8,88
10023,low,clean,DT-KF-CostAware,fog-1,0
10023,low,clean,DT-KF-CostAware,fog-2,1
10023,low,clean,DT-KF-CostAware,fog-3,92
10023,low,clean,DT-KF-CostAware,fog-4,92
10023,low,clean,DT-KF-CostAware,fog-5,0
10023,low,clean,DT-KF-CostAware,fog-6,93
10023,low,clean,DT-KF-CostAware,fog-7,93
10023,low,clean,DT-KF-CostAware,fog-8,93
10023,low,clean,DT-OPT,fog-1,0
10023,low,clean,DT-OPT,fog-2,12
10023,low,clean,DT-OPT,fog-3,223
10023,low,clean,DT-OPT,fog-4,105
10023,low,clean,DT-OPT,fog-5,0
10023,low,clean,DT-OPT,fog-6,115
10023,low,clean,DT-OPT,fog-7,9
10023,low,clean,DT-OPT,fog-8,2
10023,low,clean,SemiGreedy,fog-1,0
10023,low,clean,SemiGreedy,fog-2,0
10023,low,clean,SemiGreedy,fog-3,1
10023,low,clean,SemiGreedy,fog-4,198
10023,low,clean,SemiGreedy,fog-5,0
10023,low,clean,SemiGreedy,fog-6,48
10023,low,clean,SemiGreedy,fog-7,24
10023,low,clean,SemiGreedy,fog-8,0
10023,low,clean,Fog-only,fog-1,0
10023,low,clean,Fog-only,fog-2,0
10023,low,clean,Fog-only,fog-3,19
10023,low,clean,Fog-only,fog-4,228
10023,low,clean,Fog-only,fog-5,0
10023,low,clean,Fog-only,fog-6,120
10023,low,clean,Fog-only,fog-7,97
10023,low,clean,Fog-only,fog-8,2
10023,low,clean,DRL-OO,fog-1,1
10023,low,clean,DRL-OO,fog-2,0
10023,low,clean,DRL-OO,fog-3,28
10023,low,clean,DRL-OO,fog-4,202
10023,low,clean,DRL-OO,fog-5,7
10023,low,clean,DRL-OO,fog-6,196
10023,low,clean,DRL-OO,fog-7,24
10023,low,clean,DRL-OO,fog-8,8
10024,low,clean,DT-KF-CostAware,fog-1,82
10024,low,clean,DT-KF-CostAware,fog-2,81
10024,low,clean,DT-KF-CostAware,fog-3,81
10024,low,clean,DT-KF-CostAware,fog-4,0
10024,low,clean,DT-KF-CostAware,fog-5,81
10024,low,clean,DT-KF-CostAware,fog-6,81
10024,low,clean,DT-KF-CostAware,fog-7,28
10024,low,clean,DT-KF-CostAware,fog-8,0
10024,low,clean,DT-OPT,fog-1,2
10024,low,clean,DT-OPT,fog-2,225
10024,low,clean,DT-OPT,fog-3,34
10024,low,clean,DT-OPT,fog-4,0
10024,low,clean,DT-OPT,fog-5,78
10024,low,clean,DT-OPT,fog-6,97
10024,low,clean,DT-OPT,fog-7,2
10024,low,clean,DT-OPT,fog-8,0
10024,low,clean,SemiGreedy,fog-1,0
10024,low,clean,SemiGreedy,fog-2,61
10024,low,clean,SemiGreedy,fog-3,6
10024,low,clean,SemiGreedy,fog-4,0
10024,low,clean,SemiGreedy,fog-5,167
10024,low,clean,SemiGreedy,fog-6,0
10024,low,clean,SemiGreedy,fog-7,0
10024,low,clean,SemiGreedy,fog-8,0
10024,low,clean,Fog-only,fog-1,2
10024,low,clean,Fog-only,fog-2,136
10024,low,clean,Fog-only,fog-3,53
10024,low,clean,Fog-only,fog-4,0
10024,low,clean,Fog-only,fog-5,220
10024,low,clean,Fog-only,fog-6,24
10024,low,clean,Fog-only,fog-7,3
10024,low,clean,Fog-only,fog-8,0
10024,low,clean,DRL-OO,fog-1,54
10024,low,clean,DRL-OO,fog-2,227
10024,low,clean,DRL-OO,fog-3,10
10024,low,clean,DRL-OO,fog-4,0
10024,low,clean,DRL-OO,fog-5,109
10024,low,clean,DRL-OO,fog-6,35
10024,low,clean,DRL-OO,fog-7,2
10024,low,clean,DRL-OO,fog-8,1
10025,low,clean,DT-KF-CostAware,fog-1,71
10025,low,clean,DT-KF-CostAware,fog-2,72
10025,low,clean,DT-KF-CostAware,fog-3,72
10025,low,clean,DT-KF-CostAware,fog-4,1
10025,low,clean,DT-KF-CostAware,fog-5,18
10025,low,clean,DT-KF-CostAware,fog-6,71
10025,low,clean,DT-KF-CostAware,fog-7,72
10025,low,clean,DT-KF-CostAware,fog-8,71
10025,low,clean,DT-OPT,fog-1,4
10025,low,clean,DT-OPT,fog-2,38
10025,low,clean,DT-OPT,fog-3,20
10025,low,clean,DT-OPT,fog-4,13
10025,low,clean,DT-OPT,fog-5,32
10025,low,clean,DT-OPT,fog-6,0
10025,low,clean,DT-OPT,fog-7,154
10025,low,clean,DT-OPT,fog-8,190
10025,low,clean,SemiGreedy,fog-1,0
10025,low,clean,SemiGreedy,fog-2,191
10025,low,clean,SemiGreedy,fog-3,10
10025,low,clean,SemiGreedy,fog-4,0
10025,low,clean,SemiGreedy,fog-5,0
10025,low,clean,SemiGreedy,fog-6,0
10025,low,clean,SemiGreedy,fog-7,74
10025,low,clean,SemiGreedy,fog-8,2
10025,low,clean,Fog-only,fog-1,4
10025,low,clean,Fog-only,fog-2,225
10025,low,clean,Fog-only,fog-3,63
10025,low,clean,Fog-only,fog-4,0
10025,low,clean,Fog-only,fog-5,0
10025,low,clean,Fog-only,fog-6,0
10025,low,clean,Fog-only,fog-7,142
10025,low,clean,Fog-only,fog-8,17
10025,low,clean,DRL-OO,fog-1,0
10025,low,clean,DRL-OO,fog-2,44
10025,low,clean,DRL-OO,fog-3,4
10025,low,clean,DRL-OO,fog-4,6
10025,low,clean,DRL-OO,fog-5,16
10025,low,clean,DRL-OO,fog-6,47
10025,low,clean,DRL-OO,fog-7,142
10025,low,clean,DRL-OO,fog-8,192
10026,low,clean,DT-KF-CostAware,fog-1,113
10026,low,clean,DT-KF-CostAware,fog-2,112
10026,low,clean,DT-KF-CostAware,fog-3,9
10026,low,clean,DT-KF-CostAware,fog-4,12
10026,low,clean,DT-KF-CostAware,fog-5,115
10026,low,clean,DT-KF-CostAware,fog-6,8
10026,low,clean,DT-KF-CostAware,fog-7,8
10026,low,clean,DT-KF-CostAware,fog-8,98
10026,low,clean,DT-OPT,fog-1,234
10026,low,clean,DT-OPT,fog-2,135
10026,low,clean,DT-OPT,fog-3,24
10026,low,clean,DT-OPT,fog-4,0
10026,low,clean,DT-OPT,fog-5,19
10026,low,clean,DT-OPT,fog-6,0
10026,low,clean,DT-OPT,fog-7,40
10026,low,clean,DT-OPT,fog-8,29
10026,low,clean,SemiGreedy,fog-1,67
10026,low,clean,SemiGreedy,fog-2,215
10026,low,clean,SemiGreedy,fog-3,0
10026,low,clean,SemiGreedy,fog-4,0
10026,low,clean,SemiGreedy,fog-5,12
10026,low,clean,SemiGreedy,fog-6,0
10026,low,clean,SemiGreedy,fog-7,0
10026,low,clean,SemiGreedy,fog-8,1
10026,low,clean,Fog-only,fog-1,145
10026,low,clean,Fog-only,fog-2,233
10026,low,clean,Fog-only,fog-3,0
10026,low,clean,Fog-only,fog-4,4
10026,low,clean,Fog-only,fog-5,77
10026,low,clean,Fog-only,fog-6,0
10026,low,clean,Fog-only,fog-7,0
10026,low,clean,Fog-only,fog-8,22
10026,low,clean,DRL-OO,fog-1,245
10026,low,clean,DRL-OO,fog-2,149
10026,low,clean,DRL-OO,fog-3,10
10026,low,clean,DRL-OO,fog-4,0
10026,low,clean,DRL-OO,fog-5,31
10026,low,clean,DRL-OO,fog-6,39
10026,low,clean,DRL-OO,fog-7,0
10026,low,clean,DRL-OO,fog-8,7
10027,low,clean,DT-KF-CostAware,fog-1,6
10027,low,clean,DT-KF-CostAware,fog-2,92
10027,low,clean,DT-KF-CostAware,fog-3,6
10027,low,clean,DT-KF-CostAware,fog-4,92
10027,low,clean,DT-KF-CostAware,fog-5,92
10027,low,clean,DT-KF-CostAware,fog-6,0
10027,low,clean,DT-KF-CostAware,fog-7,91
10027,low,clean,DT-KF-CostAware,fog-8,91
10027,low,clean,DT-OPT,fog-1,2
10027,low,clean,DT-OPT,fog-2,18
10027,low,clean,DT-OPT,fog-3,13
10027,low,clean,DT-OPT,fog-4,77
10027,low,clean,DT-OPT,fog-5,54
10027,low,clean,DT-OPT,fog-6,0
10027,low,clean,DT-OPT,fog-7,76
10027,low,clean,DT-OPT,fog-8,232
10027,low,clean,SemiGreedy,fog-1,0
10027,low,clean,SemiGreedy,fog-2,1
10027,low,clean,SemiGreedy,fog-3,0
10027,low,clean,SemiGreedy,fog-4,3
10027,low,clean,SemiGreedy,fog-5,67
10027,low,clean,SemiGreedy,fog-6,0
10027,low,clean,SemiGreedy,fog-7,20
10027,low,clean,SemiGreedy,fog-8,205
10027,low,clean,Fog-only,fog-1,1
10027,low,clean,Fog-only,fog-2,6
10027,low,clean,Fog-only,fog-3,0
10027,low,clean,Fog-only,fog-4,21
10027,low,clean,Fog-only,fog-5,138
10027,low,clean,Fog-only,fog-6,0
10027,low,clean,Fog-only,fog-7,81
10027,low,clean,Fog-only,fog-8,225
10027,low,clean,DRL-OO,fog-1,17
10027,low,clean,DRL-OO,fog-2,46
10027,low,clean,DRL-OO,fog-3,23
10027,low,clean,DRL-OO,fog-4,125
10027,low,clean,DRL-OO,fog-5,13
10027,low,clean,DRL-OO,fog-6,1
10027,low,clean,DRL-OO,fog-7,1
10027,low,clean,DRL-OO,fog-8,246
10028,low,clean,DT-KF-CostAware,fog-1,4
10028,low,clean,DT-KF-CostAware,fog-2,120
10028,low,clean,DT-KF-CostAware,fog-3,4
10028,low,clean,DT-KF-CostAware,fog-4,59
10028,low,clean,DT-KF-CostAware,fog-5,4
10028,low,clean,DT-KF-CostAware,fog-6,120
10028,low,clean,DT-KF-CostAware,fog-7,59
10028,low,clean,DT-KF-CostAware,fog-8,120
10028,low,clean,DT-OPT,fog-1,4
10028,low,clean,DT-OPT,fog-2,90
10028,low,clean,DT-OPT,fog-3,6
10028,low,clean,DT-OPT,fog-4,109
10028,low,clean,DT-OPT,fog-5,0
10028,low,clean,DT-OPT,fog-6,231
10028,low,clean,DT-OPT,fog-7,49
10028,low,clean,DT-OPT,fog-8,3
10028,low,clean,SemiGreedy,fog-1,0
10028,low,clean,SemiGreedy,fog-2,29
10028,low,clean,SemiGreedy,fog-3,0
10028,low,clean,SemiGreedy,fog-4,3
10028,low,clean,SemiGreedy,fog-5,0
10028,low,clean,SemiGreedy,fog-6,61
10028,low,clean,SemiGreedy,fog-7,0
10028,low,clean,SemiGreedy,fog-8,208
10028,low,clean,Fog-only,fog-1,0
10028,low,clean,Fog-only,fog-2,90
10028,low,clean,Fog-only,fog-3,2
10028,low,clean,Fog-only,fog-4,19
10028,low,clean,Fog-only,fog-5,2
10028,low,clean,Fog-only,fog-6,134
10028,low,clean,Fog-only,fog-7,7
10028,low,clean,Fog-only,fog-8,238
10028,low,clean,DRL-OO,fog-1,58
10028,low,clean,DRL-OO,fog-2,118
10028,low,clean,DRL-OO,fog-3,25
10028,low,clean,DRL-OO,fog-4,239
10028,low,clean,DRL-OO,fog-5,0
10028,low,clean,DRL-OO,fog-6,33
10028,low,clean,DRL-OO,fog-7,7
10028,low,clean,DRL-OO,fog-8,12
10029,low,clean,DT-KF-CostAware,fog-1,3
10029,low,clean,DT-KF-CostAware,fog-2,3
10029,low,clean,DT-KF-CostAware,fog-3,115
10029,low,clean,DT-KF-CostAware,fog-4,114
10029,low,clean,DT-KF-CostAware,fog-5,2
10029,low,clean,DT-KF-CostAware,fog-6,3
10029,low,clean,DT-KF-CostAware,fog-7,116
10029,low,clean,DT-KF-CostAware,fog-8,115
10029,low,clean,DT-OPT,fog-1,2
10029,low,clean,DT-OPT,fog-2,7
10029,low,clean,DT-OPT,fog-3,154
10029,low,clean,DT-OPT,fog-4,67
10029,low,clean,DT-OPT,fog-5,5
10029,low,clean,DT-OPT,fog-6,0
10029,low,clean,DT-OPT,fog-7,23
10029,low,clean,DT-OPT,fog-8,217
10029,low,clean,SemiGreedy,fog-1,0
10029,low,clean,SemiGreedy,fog-2,0
10029,low,clean,SemiGreedy,fog-3,3
10029,low,clean,SemiGreedy,fog-4,105
10029,low,clean,SemiGreedy,fog-5,0
10029,low,clean,SemiGreedy,fog-6,0
10029,low,clean,SemiGreedy,fog-7,11
10029,low,clean,SemiGreedy,fog-8,150
10029,low,clean,Fog-only,fog-1,0
10029,low,clean,Fog-only,fog-2,0
10029,low,clean,Fog-only,fog-3,58
10029,low,clean,Fog-only,fog-4,158
10029,low,clean,Fog-only,fog-5,2
10029,low,clean,Fog-only,fog-6,0
10029,low,clean,Fog-only,fog-7,43
10029,low,clean,Fog-only,fog-8,214
10029,low,clean,DRL-OO,fog-1,0
10029,low,clean,DRL-OO,fog-2,6
10029,low,clean,DRL-OO,fog-3,24
10029,low,clean,DRL-OO,fog-4,140
10029,low,clean,DRL-OO,fog-5,23
10029,low,clean,DRL-OO,fog-6,1
10029,low,clean,DRL-OO,fog-7,59
10029,low,clean,DRL-OO,fog-8,222
10000,medium,clean,DT-KF-CostAware,fog-1,19
10000,medium,clean,DT-KF-CostAware,fog-2,22
10000,medium,clean,DT-KF-CostAware,fog-3,169
10000,medium,clean,DT-KF-CostAware,fog-4,94
10000,medium,clean,DT-KF-CostAware,fog-5,167
10000,medium,clean,DT-KF-CostAware,fog-6,216
10000,medium,clean,DT-KF-CostAware,fog-7,145
10000,medium,clean,DT-KF-CostAware,fog-8,21
10000,medium,clean,DT-OPT,fog-1,28
10000,medium,clean,DT-OPT,fog-2,1
10000,medium,clean,DT-OPT,fog-3,239
10000,medium,clean,DT-OPT,fog-4,63
10000,medium,clean,DT-OPT,fog-5,201
10000,medium,clean,DT-OPT,fog-6,213
10000,medium,clean,DT-OPT,fog-7,115
10000,medium,clean,DT-OPT,fog-8,6
10000,medium,clean,SemiGreedy,fog-1,0
10000,medium,clean,SemiGreedy,fog-2,0
10000,medium,clean,SemiGreedy,fog-3,160
10000,medium,clean,SemiGreedy,fog-4,1
10000,medium,clean,SemiGreedy,fog-5,28
10000,medium,clean,SemiGreedy,fog-6,309
10000,medium,clean,SemiGreedy,fog-7,57
10000,medium,clean,SemiGreedy,fog-8,0
10000,medium,clean,Fog-only,fog-1,16
10000,medium,clean,Fog-only,fog-2,4
10000,medium,clean,Fog-only,fog-3,216
10000,medium,clean,Fog-only,fog-4,64
10000,medium,clean,Fog-only,fog-5,114
10000,medium,clean,Fog-only,fog-6,260
10000,medium,clean,Fog-only,fog-7,171
10000,medium,clean,Fog-only,fog-8,21
10000,medium,clean,DRL-OO,fog-1,4
10000,medium,clean,DRL-OO,fog-2,1
10000,medium,clean,DRL-OO,fog-3,200
10000,medium,clean,DRL-OO,fog-4,55
10000,medium,clean,DRL-OO,fog-5,149
10000,medium,clean,DRL-OO,fog-6,322
10000,medium,clean,DRL-OO,fog-7,105
10000,medium,clean,DRL-OO,fog-8,20
10001,medium,clean,DT-KF-CostAware,fog-1,66
10001,medium,clean,DT-KF-CostAware,fog-2,42
10001,medium,clean,DT-KF-CostAware,fog-3,183
10001,medium,clean,DT-KF-CostAware,fog-4,182
10001,medium,clean,DT-KF-CostAware,fog-5,181
10001,medium,clean,DT-KF-CostAware,fog-6,41
10001,medium,clean,DT-KF-CostAware,fog-7,9
10001,medium,clean,DT-KF-CostAware,fog-8,101
10001,medium,clean,DT-OPT,fog-1,115
10001,medium,clean,DT-OPT,fog-2,30
10001,medium,clean,DT-OPT,fog-3,239
10001,medium,clean,DT-OPT,fog-4,145
10001,medium,clean,DT-OPT,fog-5,225
10001,medium,clean,DT-OPT,fog-6,4
10001,medium,clean,DT-OPT,fog-7,12
10001,medium,clean,DT-OPT,fog-8,46
10001,medium,clean,SemiGreedy,fog-1,3
10001,medium,clean,SemiGreedy,fog-2,1
10001,medium,clean,SemiGreedy,fog-3,242
10001,medium,clean,SemiGreedy,fog-4,57
10001,medium,clean,SemiGreedy,fog-5,203
10001,medium,clean,SemiGreedy,fog-6,0
10001,medium,clean,SemiGreedy,fog-7,0
10001,medium,clean,SemiGreedy,fog-8,15
10001,medium,clean,Fog-only,fog-1,42
10001,medium,clean,Fog-only,fog-2,14
10001,medium,clean,Fog-only,fog-3,234
10001,medium,clean,Fog-only,fog-4,174
10001,medium,clean,Fog-only,fog-5,250
10001,medium,clean,Fog-only,fog-6,7
10001,medium,clean,Fog-only,fog-7,2
10001,medium,clean,Fog-only,fog-8,93
10001,medium,clean,DRL-OO,fog-1,47
10001,medium,clean,DRL-OO,fog-2,21
10001,medium,clean,DRL-OO,fog-3,218
10001,medium,clean,DRL-OO,fog-4,170
10001,medium,clean,DRL-OO,fog-5,242
10001,medium,clean,DRL-OO,fog-6,5
10001,medium,clean,DRL-OO,fog-7,6
10001,medium,clean,DRL-OO,fog-8,106
10002,medium,clean,DT-KF-CostAware,fog-1,64
10002,medium,clean,DT-KF-CostAware,fog-2,55
10002,medium,clean,DT-KF-CostAware,fog-3,155
10002,medium,clean,DT-KF-CostAware,fog-4,219
10002,medium,clean,DT-KF-CostAware,fog-5,62
10002,medium,clean,DT-KF-CostAware,fog-6,62
10002,medium,clean,DT-KF-CostAware,fog-7,218
10002,medium,clean,DT-KF-CostAware,fog-8,63
10002,medium,clean,DT-OPT,fog-1,135
10002,medium,clean,DT-OPT,fog-2,3
10002,medium,clean,DT-OPT,fog-3,58
10002,medium,clean,DT-OPT,fog-4,264
10002,medium,clean,DT-OPT,fog-5,12
10002,medium,clean,DT-OPT,fog-6,54
10002,medium,clean,DT-OPT,fog-7,209
10002,medium,clean,DT-OPT,fog-8,180
10002,medium,clean,SemiGreedy,fog-1,1
10002,medium,clean,SemiGreedy,fog-2,0
10002,medium,clean,SemiGreedy,fog-3,89
10002,medium,clean,SemiGreedy,fog-4,179
10002,medium,clean,SemiGreedy,fog-5,27
10002,medium,clean,SemiGreedy,fog-6,22
10002,medium,clean,SemiGreedy,fog-7,283
10002,medium,clean,SemiGreedy,fog-8,7
10002,medium,clean,Fog-only,fog-1,16
10002,medium,clean,Fog-only,fog-2,9
10002,medium,clean,Fog-only,fog-3,174
10002,medium,clean,Fog-only,fog-4,221
10002,medium,clean,Fog-only,fog-5,109
10002,medium,clean,Fog-only,fog-6,98
10002,medium,clean,Fog-only,fog-7,251
10002,medium,clean,Fog-only,fog-8,42
10002,medium,clean,DRL-OO,fog-1,28
10002,medium,clean,DRL-OO,fog-2,5
10002,medium,clean,DRL-OO,fog-3,160
10002,medium,clean,DRL-OO,fog-4,221
10002,medium,clean,DRL-OO,fog-5,31
10002,medium,clean,DRL-OO,fog-6,79
10002,medium,clean,DRL-OO,fog-7,296
10002,medium,clean,DRL-OO,fog-8,90
10003,medium,clean,DT-KF-CostAware,fog-1,3
10003,medium,clean,DT-KF-CostAware,fog-2,131
10003,medium,clean,DT-KF-CostAware,fog-3,131
10003,medium,clean,DT-KF-CostAware,fog-4,131
10003,medium,clean,DT-KF-CostAware,fog-5,131
10003,medium,clean,DT-KF-CostAware,fog-6,62
10003,medium,clean,DT-KF-CostAware,fog-7,131
10003,medium,clean,DT-KF-CostAware,fog-8,131
10003,medium,clean,DT-OPT,fog-1,12
10003,medium,clean,DT-OPT,fog-2,153
10003,medium,clean,DT-OPT,fog-3,231
10003,medium,clean,DT-OPT,fog-4,241
10003,medium,clean,DT-OPT,fog-5,130
10003,medium,clean,DT-OPT,fog-6,22
10003,medium,clean,DT-OPT,fog-7,23
10003,medium,clean,DT-OPT,fog-8,55
10003,medium,clean,SemiGreedy,fog-1,0
10003,medium,clean,SemiGreedy,fog-2,200
10003,medium,clean,SemiGreedy,fog-3,9
10003,medium,clean,SemiGreedy,fog-4,212
10003,medium,clean,SemiGreedy,fog-5,61
10003,medium,clean,SemiGreedy,fog-6,0
10003,medium,clean,SemiGreedy,fog-7,1
10003,medium,clean,SemiGreedy,fog-8,79
10003,medium,clean,Fog-only,fog-1,0
10003,medium,clean,Fog-only,fog-2,227
10003,medium,clean,Fog-only,fog-3,74
10003,medium,clean,Fog-only,fog-4,212
10003,medium,clean,Fog-only,fog-5,156
10003,medium,clean,Fog-only,fog-6,9
10003,medium,clean,Fog-only,fog-7,30
10003,medium,clean,Fog-only,fog-8,160
10003,medium,clean,DRL-OO,fog-1,11
10003,medium,clean,DRL-OO,fog-2,116
10003,medium,clean,DRL-OO,fog-3,148
10003,medium,clean,DRL-OO,fog-4,261
10003,medium,clean,DRL-OO,fog-5,197
10003,medium,clean,DRL-OO,fog-6,19
10003,medium,clean,DRL-OO,fog-7,27
10003,medium,clean,DRL-OO,fog-8,86
10004,medium,clean,DT-KF-CostAware,fog-1,148
10004,medium,clean,DT-KF-CostAware,fog-2,147
10004,medium,clean,DT-KF-CostAware,fog-3,148
10004,medium,clean,DT-KF-CostAware,fog-4,147
10004,medium,clean,DT-KF-CostAware,fog-5,8
10004,medium,clean,DT-KF-CostAware,fog-6,147
10004,medium,clean,DT-KF-CostAware,fog-7,147
10004,medium,clean,DT-KF-CostAware,fog-8,6
10004,medium,clean,DT-OPT,fog-1,265
10004,medium,clean,DT-OPT,fog-2,95
10004,medium,clean,DT-OPT,fog-3,156
10004,medium,clean,DT-OPT,fog-4,48
10004,medium,clean,DT-OPT,fog-5,13
10004,medium,clean,DT-OPT,fog-6,99
10004,medium,clean,DT-OPT,fog-7,232
10004,medium,clean,DT-OPT,fog-8,0
10004,medium,clean,SemiGreedy,fog-1,283
10004,medium,clean,SemiGreedy,fog-2,14
10004,medium,clean,SemiGreedy,fog-3,169
10004,medium,clean,SemiGreedy,fog-4,10
10004,medium,clean,SemiGreedy,fog-5,0
10004,medium,clean,SemiGreedy,fog-6,94
10004,medium,clean,SemiGreedy,fog-7,35
10004,medium,clean,SemiGreedy,fog-8,0
10004,medium,clean,Fog-only,fog-1,266
10004,medium,clean,Fog-only,fog-2,68
10004,medium,clean,Fog-only,fog-3,228
10004,medium,clean,Fog-only,fog-4,52
10004,medium,clean,Fog-only,fog-5,10
10004,medium,clean,Fog-only,fog-6,176
10004,medium,clean,Fog-only,fog-7,107
10004,medium,clean,Fog-only,fog-8,1
10004,medium,clean,DRL-OO,fog-1,285
10004,medium,clean,DRL-OO,fog-2,37
10004,medium,clean,DRL-OO,fog-3,226
10004,medium,clean,DRL-OO,fog-4,36
10004,medium,clean,DRL-OO,fog-5,17
10004,medium,clean,DRL-OO,fog-6,137
10004,medium,clean,DRL-OO,fog-7,164
10004,medium,clean,DRL-OO,fog-8,5
10005,medium,clean,DT-KF-CostAware,fog-1,187
10005,medium,clean,DT-KF-CostAware,fog-2,186
10005,medium,clean,DT-KF-CostAware,fog-3,29
10005,medium,clean,DT-KF-CostAware,fog-4,190
10005,medium,clean,DT-KF-CostAware,fog-5,26
10005,medium,clean,DT-KF-CostAware,fog-6,189
10005,medium,clean,DT-KF-CostAware,fog-7,30
10005,medium,clean,DT-KF-CostAware,fog-8,30
10005,medium,clean,DT-OPT,fog-1,116
10005,medium,clean,DT-OPT,fog-2,132
10005,medium,clean,DT-OPT,fog-3,59
10005,medium,clean,DT-OPT,fog-4,270
10005,medium,clean,DT-OPT,fog-5,59
10005,medium,clean,DT-OPT,fog-6,217
10005,medium,clean,DT-OPT,fog-7,21
10005,medium,clean,DT-OPT,fog-8,12
10005,medium,clean,SemiGreedy,fog-1,179
10005,medium,clean,SemiGreedy,fog-2,38
10005,medium,clean,SemiGreedy,fog-3,8
10005,medium,clean,SemiGreedy,fog-4,293
10005,medium,clean,SemiGreedy,fog-5,0
10005,medium,clean,SemiGreedy,fog-6,89
10005,medium,clean,SemiGreedy,fog-7,1
10005,medium,clean,SemiGreedy,fog-8,0
10005,medium,clean,Fog-only,fog-1,232
10005,medium,clean,Fog-only,fog-2,121
10005,medium,clean,Fog-only,fog-3,63
10005,medium,clean,Fog-only,fog-4,259
10005,medium,clean,Fog-only,fog-5,3
10005,medium,clean,Fog-only,fog-6,171
10005,medium,clean,Fog-only,fog-7,27
10005,medium,clean,Fog-only,fog-8,12
10005,medium,clean,DRL-OO,fog-1,171
10005,medium,clean,DRL-OO,fog-2,84
10005,medium,clean,DRL-OO,fog-3,66
10005,medium,clean,DRL-OO,fog-4,296
10005,medium,clean,DRL-OO,fog-5,9
10005,medium,clean,DRL-OO,fog-6,213
10005,medium,clean,DRL-OO,fog-7,34
10005,medium,clean,DRL-OO,fog-8,11
10006,medium,clean,DT-KF-CostAware,fog-1,40
10006,medium,clean,DT-KF-CostAware,fog-2,192
10006,medium,clean,DT-KF-CostAware,fog-3,219
10006,medium,clean,DT-KF-CostAware,fog-4,39
10006,medium,clean,DT-KF-CostAware,fog-5,40
10006,medium,clean,DT-KF-CostAware,fog-6,41
10006,medium,clean,DT-KF-CostAware,fog-7,220
10006,medium,clean,DT-KF-CostAware,fog-8,41
10006,medium,clean,DT-OPT,fog-1,47
10006,medium,clean,DT-OPT,fog-2,137
10006,medium,clean,DT-OPT,fog-3,214
10006,medium,clean,DT-OPT,fog-4,3
10006,medium,clean,DT-OPT,fog-5,137
10006,medium,clean,DT-OPT,fog-6,14
10006,medium,clean,DT-OPT,fog-7,257
10006,medium,clean,DT-OPT,fog-8,36
10006,medium,clean,SemiGreedy,fog-1,1
10006,medium,clean,SemiGreedy,fog-2,61
10006,medium,clean,SemiGreedy,fog-3,297
10006,medium,clean,SemiGreedy,fog-4,0
10006,medium,clean,SemiGreedy,fog-5,3
10006,medium,clean,SemiGreedy,fog-6,15
10006,medium,clean,SemiGreedy,fog-7,173
10006,medium,clean,SemiGreedy,fog-8,0
10006,medium,clean,Fog-only,fog-1,24
10006,medium,clean,Fog-only,fog-2,173
10006,medium,clean,Fog-only,fog-3,267
10006,medium,clean,Fog-only,fog-4,4
10006,medium,clean,Fog-only,fog-5,49
10006,medium,clean,Fog-only,fog-6,96
10006,medium,clean,Fog-only,fog-7,228
10006,medium,clean,Fog-only,fog-8,7
10006,medium,clean,DRL-OO,fog-1,30
10006,medium,clean,DRL-OO,fog-2,125
10006,medium,clean,DRL-OO,fog-3,231
10006,medium,clean,DRL-OO,fog-4,4
10006,medium,clean,DRL-OO,fog-5,59
10006,medium,clean,DRL-OO,fog-6,107
10006,medium,clean,DRL-OO,fog-7,278
10006,medium,clean,DRL-OO,fog-8,8
10007,medium,clean,DT-KF-CostAware,fog-1,179
10007,medium,clean,DT-KF-CostAware,fog-2,6
10007,medium,clean,DT-KF-CostAware,fog-3,86
10007,medium,clean,DT-KF-CostAware,fog-4,179
10007,medium,clean,DT-KF-CostAware,fog-5,18
10007,medium,clean,DT-KF-CostAware,fog-6,85
10007,medium,clean,DT-KF-CostAware,fog-7,179
10007,medium,clean,DT-KF-CostAware,fog-8,178
10007,medium,clean,DT-OPT,fog-1,194
10007,medium,clean,DT-OPT,fog-2,3
10007,medium,clean,DT-OPT,fog-3,17
10007,medium,clean,DT-OPT,fog-4,149
10007,medium,clean,DT-OPT,fog-5,34
10007,medium,clean,DT-OPT,fog-6,232
10007,medium,clean,DT-OPT,fog-7,71
10007,medium,clean,DT-OPT,fog-8,227
10007,medium,clean,SemiGreedy,fog-1,60
10007,medium,clean,SemiGreedy,fog-2,0
10007,medium,clean,SemiGreedy,fog-3,2
10007,medium,clean,SemiGreedy,fog-4,255
10007,medium,clean,SemiGreedy,fog-5,0
10007,medium,clean,SemiGreedy,fog-6,10
10007,medium,clean,SemiGreedy,fog-7,79
10007,medium,clean,SemiGreedy,fog-8,204
10007,medium,clean,Fog-only,fog-1,161
10007,medium,clean,Fog-only,fog-2,2
10007,medium,clean,Fog-only,fog-3,27
10007,medium,clean,Fog-only,fog-4,264
10007,medium,clean,Fog-only,fog-5,10
10007,medium,clean,Fog-only,fog-6,71
10007,medium,clean,Fog-only,fog-7,161
10007,medium,clean,Fog-only,fog-8,231
10007,medium,clean,DRL-OO,fog-1,180
10007,medium,clean,DRL-OO,fog-2,2
10007,medium,clean,DRL-OO,fog-3,24
10007,medium,clean,DRL-OO,fog-4,248
10007,medium,clean,DRL-OO,fog-5,16
10007,medium,clean,DRL-OO,fog-6,77
10007,medium,clean,DRL-OO,fog-7,103
10007,medium,clean,DRL-OO,fog-8,277
10008,medium,clean,DT-KF-CostAware,fog-1,193
10008,medium,clean,DT-KF-CostAware,fog-2,72
10008,medium,clean,DT-KF-CostAware,fog-3,112
10008,medium,clean,DT-KF-CostAware,fog-4,12
10008,medium,clean,DT-KF-CostAware,fog-5,71
10008,medium,clean,DT-KF-CostAware,fog-6,194
10008,medium,clean,DT-KF-CostAware,fog-7,194
10008,medium,clean,DT-KF-CostAware,fog-8,34
10008,medium,clean,DT-OPT,fog-1,257
10008,medium,clean,DT-OPT,fog-2,23
10008,medium,clean,DT-OPT,fog-3,94
10008,medium,clean,DT-OPT,fog-4,5
10008,medium,clean,DT-OPT,fog-5,119
10008,medium,clean,DT-OPT,fog-6,234
10008,medium,clean,DT-OPT,fog-7,131
10008,medium,clean,DT-OPT,fog-8,40
10008,medium,clean,SemiGreedy,fog-1,285
10008,medium,clean,SemiGreedy,fog-2,4
10008,medium,clean,SemiGreedy,fog-3,32
10008,medium,clean,SemiGreedy,fog-4,0
10008,medium,clean,SemiGreedy,fog-5,6
10008,medium,clean,SemiGreedy,fog-6,174
10008,medium,clean,SemiGreedy,fog-7,87
10008,medium,clean,SemiGreedy,fog-8,0
10008,medium,clean,Fog-only,fog-1,250
10008,medium,clean,Fog-only,fog-2,37
10008,medium,clean,Fog-only,fog-3,128
10008,medium,clean,Fog-only,fog-4,4
10008,medium,clean,Fog-only,fog-5,64
10008,medium,clean,Fog-only,fog-6,232
10008,medium,clean,Fog-only,fog-7,180
10008,medium,clean,Fog-only,fog-8,10
10008,medium,clean,DRL-OO,fog-1,287
10008,medium,clean,DRL-OO,fog-2,44
10008,medium,clean,DRL-OO,fog-3,136
10008,medium,clean,DRL-OO,fog-4,12
10008,medium,clean,DRL-OO,fog-5,47
10008,medium,clean,DRL-OO,fog-6,211
10008,medium,clean,DRL-OO,fog-7,161
10008,medium,clean,DRL-OO,fog-8,5
10009,medium,clean,DT-KF-CostAware,fog-1,158
10009,medium,clean,DT-KF-CostAware,fog-2,158
10009,medium,clean,DT-KF-CostAware,fog-3,19
10009,medium,clean,DT-KF-CostAware,fog-4,19
10009,medium,clean,DT-KF-CostAware,fog-5,18
10009,medium,clean,DT-KF-CostAware,fog-6,157
10009,medium,clean,DT-KF-CostAware,fog-7,158
10009,medium,clean,DT-KF-CostAware,fog-8,159
10009,medium,clean,DT-OPT,fog-1,117
10009,medium,clean,DT-OPT,fog-2,210
10009,medium,clean,DT-OPT,fog-3,7
10009,medium,clean,DT-OPT,fog-4,8
10009,medium,clean,DT-OPT,fog-5,53
10009,medium,clean,DT-OPT,fog-6,172
10009,medium,clean,DT-OPT,fog-7,58
10009,medium,clean,DT-OPT,fog-8,239
10009,medium,clean,SemiGreedy,fog-1,161
10009,medium,clean,SemiGreedy,fog-2,5
10009,medium,clean,SemiGreedy,fog-3,0
10009,medium,clean,SemiGreedy,fog-4,1
10009,medium,clean,SemiGreedy,fog-5,0
10009,medium,clean,SemiGreedy,fog-6,76
10009,medium,clean,SemiGreedy,fog-7,28
10009,medium,clean,SemiGreedy,fog-8,271
10009,medium,clean,Fog-only,fog-1,230
10009,medium,clean,Fog-only,fog-2,71
10009,medium,clean,Fog-only,fog-3,2
10009,medium,clean,Fog-only,fog-4,24
10009,medium,clean,Fog-only,fog-5,8
10009,medium,clean,Fog-only,fog-6,168
10009,medium,clean,Fog-only,fog-7,122
10009,medium,clean,Fog-only,fog-8,239
10009,medium,clean,DRL-OO,fog-1,217
10009,medium,clean,DRL-OO,fog-2,110
10009,medium,clean,DRL-OO,fog-3,6
10009,medium,clean,DRL-OO,fog-4,42
10009,medium,clean,DRL-OO,fog-5,10
10009,medium,clean,DRL-OO,fog-6,116
10009,medium,clean,DRL-OO,fog-7,103
10009,medium,clean,DRL-OO,fog-8,260
10010,medium,clean,DT-KF-CostAware,fog-1,162
10010,medium,clean,DT-KF-CostAware,fog-2,13
10010,medium,clean,DT-KF-CostAware,fog-3,12
10010,medium,clean,DT-KF-CostAware,fog-4,162
10010,medium,clean,DT-KF-CostAware,fog-5,161
10010,medium,clean,DT-KF-CostAware,fog-6,162
10010,medium,clean,DT-KF-CostAware,fog-7,33
10010,medium,clean,DT-KF-CostAware,fog-8,161
10010,medium,clean,DT-OPT,fog-1,194
10010,medium,clean,DT-OPT,fog-2,7
10010,medium,clean,DT-OPT,fog-3,1
10010,medium,clean,DT-OPT,fog-4,266
10010,medium,clean,DT-OPT,fog-5,125
10010,medium,clean,DT-OPT,fog-6,143
10010,medium,clean,DT-OPT,fog-7,80
10010,medium,clean,DT-OPT,fog-8,73
10010,medium,clean,SemiGreedy,fog-1,295
10010,medium,clean,SemiGreedy,fog-2,0
10010,medium,clean,SemiGreedy,fog-3,0
10010,medium,clean,SemiGreedy,fog-4,81
10010,medium,clean,SemiGreedy,fog-5,7
10010,medium,clean,SemiGreedy,fog-6,175
10010,medium,clean,SemiGreedy,fog-7,2
10010,medium,clean,SemiGreedy,fog-8,29
10010,medium,clean,Fog-only,fog-1,260
10010,medium,clean,Fog-only,fog-2,5
10010,medium,clean,Fog-only,fog-3,1
10010,medium,clean,Fog-only,fog-4,199
10010,medium,clean,Fog-only,fog-5,67
10010,medium,clean,Fog-only,fog-6,216
10010,medium,clean,Fog-only,fog-7,22
10010,medium,clean,Fog-only,fog-8,118
10010,medium,clean,DRL-OO,fog-1,173
10010,medium,clean,DRL-OO,fog-2,13
10010,medium,clean,DRL-OO,fog-3,0
10010,medium,clean,DRL-OO,fog-4,251
10010,medium,clean,DRL-OO,fog-5,54
10010,medium,clean,DRL-OO,fog-6,230
10010,medium,clean,DRL-OO,fog-7,29
10010,medium,clean,DRL-OO,fog-8,139
10011,medium,clean,DT-KF-CostAware,fog-1,166
10011,medium,clean,DT-KF-CostAware,fog-2,166
10011,medium,clean,DT-KF-CostAware,fog-3,28
10011,medium,clean,DT-KF-CostAware,fog-4,279
10011,medium,clean,DT-KF-CostAware,fog-5,185
10011,medium,clean,DT-KF-CostAware,fog-6,28
10011,medium,clean,DT-KF-CostAware,fog-7,28
10011,medium,clean,DT-KF-CostAware,fog-8,27
10011,medium,clean,DT-OPT,fog-1,84
10011,medium,clean,DT-OPT,fog-2,212
10011,medium,clean,DT-OPT,fog-3,4
10011,medium,clean,DT-OPT,fog-4,281
10011,medium,clean,DT-OPT,fog-5,216
10011,medium,clean,DT-OPT,fog-6,89
10011,medium,clean,DT-OPT,fog-7,14
10011,medium,clean,DT-OPT,fog-8,22
10011,medium,clean,SemiGreedy,fog-1,31
10011,medium,clean,SemiGreedy,fog-2,77
10011,medium,clean,SemiGreedy,fog-3,0
10011,medium,clean,SemiGreedy,fog-4,298
10011,medium,clean,SemiGreedy,fog-5,179
10011,medium,clean,SemiGreedy,fog-6,8
10011,medium,clean,SemiGreedy,fog-7,0
10011,medium,clean,SemiGreedy,fog-8,3
10011,medium,clean,Fog-only,fog-1,133
10011,medium,clean,Fog-only,fog-2,196
10011,medium,clean,Fog-only,fog-3,7
10011,medium,clean,Fog-only,fog-4,269
10011,medium,clean,Fog-only,fog-5,226
10011,medium,clean,Fog-only,fog-6,61
10011,medium,clean,Fog-only,fog-7,4
10011,medium,clean,Fog-only,fog-8,28
10011,medium,clean,DRL-OO,fog-1,96
10011,medium,clean,DRL-OO,fog-2,180
10011,medium,clean,DRL-OO,fog-3,7
10011,medium,clean,DRL-OO,fog-4,318
10011,medium,clean,DRL-OO,fog-5,219
10011,medium,clean,DRL-OO,fog-6,71
10011,medium,clean,DRL-OO,fog-7,3
10011,medium,clean,DRL-OO,fog-8,24
10012,medium,clean,DT-KF-CostAware,fog-1,102
10012,medium,clean,DT-KF-CostAware,fog-2,2
10012,medium,clean,DT-KF-CostAware,fog-3,138
10012,medium,clean,DT-KF-CostAware,fog-4,136
10012,medium,clean,DT-KF-CostAware,fog-5,136
10012,medium,clean,DT-KF-CostAware,fog-6,135
10012,medium,clean,DT-KF-CostAware,fog-7,45
10012,medium,clean,DT-KF-CostAware,fog-8,136
10012,medium,clean,DT-OPT,fog-1,19
10012,medium,clean,DT-OPT,fog-2,1
10012,medium,clean,DT-OPT,fog-3,133
10012,medium,clean,DT-OPT,fog-4,79
10012,medium,clean,DT-OPT,fog-5,192
10012,medium,clean,DT-OPT,fog-6,220
10012,medium,clean,DT-OPT,fog-7,35
10012,medium,clean,DT-OPT,fog-8,173
10012,medium,clean,SemiGreedy,fog-1,0
10012,medium,clean,SemiGreedy,fog-2,0
10012,medium,clean,SemiGreedy,fog-3,171
10012,medium,clean,SemiGreedy,fog-4,288
10012,medium,clean,SemiGreedy,fog-5,6
10012,medium,clean,SemiGreedy,fog-6,28
10012,medium,clean,SemiGreedy,fog-7,0
10012,medium,clean,SemiGreedy,fog-8,77
10012,medium,clean,Fog-only,fog-1,29
10012,medium,clean,Fog-only,fog-2,1
10012,medium,clean,Fog-only,fog-3,218
10012,medium,clean,Fog-only,fog-4,259
10012,medium,clean,Fog-only,fog-5,57
10012,medium,clean,Fog-only,fog-6,122
10012,medium,clean,Fog-only,fog-7,9
10012,medium,clean,Fog-only,fog-8,162
10012,medium,clean,DRL-OO,fog-1,35
10012,medium,clean,DRL-OO,fog-2,0
10012,medium,clean,DRL-OO,fog-3,259
10012,medium,clean,DRL-OO,fog-4,212
10012,medium,clean,DRL-OO,fog-5,51
10012,medium,clean,DRL-OO,fog-6,168
10012,medium,clean,DRL-OO,fog-7,14
10012,medium,clean,DRL-OO,fog-8,102
10013,medium,clean,DT-KF-CostAware,fog-1,77
10013,medium,clean,DT-KF-CostAware,fog-2,76
10013,medium,clean,DT-KF-CostAware,fog-3,18
10013,medium,clean,DT-KF-CostAware,fog-4,77
10013,medium,clean,DT-KF-CostAware,fog-5,257
10013,medium,clean,DT-KF-CostAware,fog-6,77
10013,medium,clean,DT-KF-CostAware,fog-7,77
10013,medium,clean,DT-KF-CostAware,fog-8,258
10013,medium,clean,DT-OPT,fog-1,58
10013,medium,clean,DT-OPT,fog-2,172
10013,medium,clean,DT-OPT,fog-3,8
10013,medium,clean,DT-OPT,fog-4,34
10013,medium,clean,DT-OPT,fog-5,264
10013,medium,clean,DT-OPT,fog-6,113
10013,medium,clean,DT-OPT,fog-7,58
10013,medium,clean,DT-OPT,fog-8,234
10013,medium,clean,SemiGreedy,fog-1,1
10013,medium,clean,SemiGreedy,fog-2,65
10013,medium,clean,SemiGreedy,fog-3,0
10013,medium,clean,SemiGreedy,fog-4,2
10013,medium,clean,SemiGreedy,fog-5,308
10013,medium,clean,SemiGreedy,fog-6,27
10013,medium,clean,SemiGreedy,fog-7,5
10013,medium,clean,SemiGreedy,fog-8,181
10013,medium,clean,Fog-only,fog-1,40
10013,medium,clean,Fog-only,fog-2,169
10013,medium,clean,Fog-only,fog-3,11
10013,medium,clean,Fog-only,fog-4,27
10013,medium,clean,Fog-only,fog-5,254
10013,medium,clean,Fog-only,fog-6,130
10013,medium,clean,Fog-only,fog-7,67
10013,medium,clean,Fog-only,fog-8,245
10013,medium,clean,DRL-OO,fog-1,29
10013,medium,clean,DRL-OO,fog-2,133
10013,medium,clean,DRL-OO,fog-3,5
10013,medium,clean,DRL-OO,fog-4,19
10013,medium,clean,DRL-OO,fog-5,290
10013,medium,clean,DRL-OO,fog-6,118
10013,medium,clean,DRL-OO,fog-7,75
10013,medium,clean,DRL-OO,fog-8,259
10014,medium,clean,DT-KF-CostAware,fog-1,143
10014,medium,clean,DT-KF-CostAware,fog-2,142
10014,medium,clean,DT-KF-CostAware,fog-3,49
10014,medium,clean,DT-KF-CostAware,fog-4,143
10014,medium,clean,DT-KF-CostAware,fog-5,143
10014,medium,clean,DT-KF-CostAware,fog-6,75
10014,medium,clean,DT-KF-CostAware,fog-7,34
10014,medium,clean,DT-KF-CostAware,fog-8,143
10014,medium,clean,DT-OPT,fog-1,108
10014,medium,clean,DT-OPT,fog-2,204
10014,medium,clean,DT-OPT,fog-3,58
10014,medium,clean,DT-OPT,fog-4,78
10014,medium,clean,DT-OPT,fog-5,243
10014,medium,clean,DT-OPT,fog-6,15
10014,medium,clean,DT-OPT,fog-7,21
10014,medium,clean,DT-OPT,fog-8,172
10014,medium,clean,SemiGreedy,fog-1,167
10014,medium,clean,SemiGreedy,fog-2,10
10014,medium,clean,SemiGreedy,fog-3,0
10014,medium,clean,SemiGreedy,fog-4,90
10014,medium,clean,SemiGreedy,fog-5,267
10014,medium,clean,SemiGreedy,fog-6,0
10014,medium,clean,SemiGreedy,fog-7,0
10014,medium,clean,SemiGreedy,fog-8,34
10014,medium,clean,Fog-only,fog-1,221
10014,medium,clean,Fog-only,fog-2,90
10014,medium,clean,Fog-only,fog-3,12
10014,medium,clean,Fog-only,fog-4,176
10014,medium,clean,Fog-only,fog-5,241
10014,medium,clean,Fog-only,fog-6,38
10014,medium,clean,Fog-only,fog-7,4
10014,medium,clean,Fog-only,fog-8,121
10014,medium,clean,DRL-OO,fog-1,199
10014,medium,clean,DRL-OO,fog-2,113
10014,medium,clean,DRL-OO,fog-3,17
10014,medium,clean,DRL-OO,fog-4,157
10014,medium,clean,DRL-OO,fog-5,257
10014,medium,clean,DRL-OO,fog-6,38
10014,medium,clean,DRL-OO,fog-7,10
10014,medium,clean,DRL-OO,fog-8,108
10015,medium,clean,DT-KF-CostAware,fog-1,145
10015,medium,clean,DT-KF-CostAware,fog-2,54
10015,medium,clean,DT-KF-CostAware,fog-3,173
10015,medium,clean,DT-KF-CostAware,fog-4,139
10015,medium,clean,DT-KF-CostAware,fog-5,36
10015,medium,clean,DT-KF-CostAware,fog-6,20
10015,medium,clean,DT-KF-CostAware,fog-7,181
10015,medium,clean,DT-KF-CostAware,fog-8,153
10015,medium,clean,DT-OPT,fog-1,229
10015,medium,clean,DT-OPT,fog-2,87
10015,medium,clean,DT-OPT,fog-3,98
10015,medium,clean,DT-OPT,fog-4,73
10015,medium,clean,DT-OPT,fog-5,18
10015,medium,clean,DT-OPT,fog-6,11
10015,medium,clean,DT-OPT,fog-7,220
10015,medium,clean,DT-OPT,fog-8,181
10015,medium,clean,SemiGreedy,fog-1,30
10015,medium,clean,SemiGreedy,fog-2,0
10015,medium,clean,SemiGreedy,fog-3,177
10015,medium,clean,SemiGreedy,fog-4,8
10015,medium,clean,SemiGreedy,fog-5,0
10015,medium,clean,SemiGreedy,fog-6,0
10015,medium,clean,SemiGreedy,fog-7,305
10015,medium,clean,SemiGreedy,fog-8,86
10015,medium,clean,Fog-only,fog-1,120
10015,medium,clean,Fog-only,fog-2,32
10015,medium,clean,Fog-only,fog-3,244
10015,medium,clean,Fog-only,fog-4,64
10015,medium,clean,Fog-only,fog-5,13
10015,medium,clean,Fog-only,fog-6,9
10015,medium,clean,Fog-only,fog-7,257
10015,medium,clean,Fog-only,fog-8,179
10015,medium,clean,DRL-OO,fog-1,134
10015,medium,clean,DRL-OO,fog-2,66
10015,medium,clean,DRL-OO,fog-3,217
10015,medium,clean,DRL-OO,fog-4,81
10015,medium,clean,DRL-OO,fog-5,17
10015,medium,clean,DRL-OO,fog-6,4
10015,medium,clean,DRL-OO,fog-7,280
10015,medium,clean,DRL-OO,fog-8,110
10016,medium,clean,DT-KF-CostAware,fog-1,191
10016,medium,clean,DT-KF-CostAware,fog-2,188
10016,medium,clean,DT-KF-CostAware,fog-3,60
10016,medium,clean,DT-KF-CostAware,fog-4,58
10016,medium,clean,DT-KF-CostAware,fog-5,60
10016,medium,clean,DT-KF-CostAware,fog-6,58
10016,medium,clean,DT-KF-CostAware,fog-7,190
10016,medium,clean,DT-KF-CostAware,fog-8,61
10016,medium,clean,DT-OPT,fog-1,218
10016,medium,clean,DT-OPT,fog-2,179
10016,medium,clean,DT-OPT,fog-3,89
10016,medium,clean,DT-OPT,fog-4,6
10016,medium,clean,DT-OPT,fog-5,43
10016,medium,clean,DT-OPT,fog-6,30
10016,medium,clean,DT-OPT,fog-7,239
10016,medium,clean,DT-OPT,fog-8,94
10016,medium,clean,SemiGreedy,fog-1,144
10016,medium,clean,SemiGreedy,fog-2,72
10016,medium,clean,SemiGreedy,fog-3,20
10016,medium,clean,SemiGreedy,fog-4,0
10016,medium,clean,SemiGreedy,fog-5,8
10016,medium,clean,SemiGreedy,fog-6,0
10016,medium,clean,SemiGreedy,fog-7,256
10016,medium,clean,SemiGreedy,fog-8,2
10016,medium,clean,Fog-only,fog-1,203
10016,medium,clean,Fog-only,fog-2,175
10016,medium,clean,Fog-only,fog-3,112
10016,medium,clean,Fog-only,fog-4,14
10016,medium,clean,Fog-only,fog-5,88
10016,medium,clean,Fog-only,fog-6,15
10016,medium,clean,Fog-only,fog-7,244
10016,medium,clean,Fog-only,fog-8,48
10016,medium,clean,DRL-OO,fog-1,206
10016,medium,clean,DRL-OO,fog-2,155
10016,medium,clean,DRL-OO,fog-3,76
10016,medium,clean,DRL-OO,fog-4,19
10016,medium,clean,DRL-OO,fog-5,71
10016,medium,clean,DRL-OO,fog-6,2
10016,medium,clean,DRL-OO,fog-7,270
10016,medium,clean,DRL-OO,fog-8,73
10017,medium,clean,DT-KF-CostAware,fog-1,166
10017,medium,clean,DT-KF-CostAware,fog-2,98
10017,medium,clean,DT-KF-CostAware,fog-3,18
10017,medium,clean,DT-KF-CostAware,fog-4,164
10017,medium,clean,DT-KF-CostAware,fog-5,130
10017,medium,clean,DT-KF-CostAware,fog-6,15
10017,medium,clean,DT-KF-CostAware,fog-7,118
10017,medium,clean,DT-KF-CostAware,fog-8,116
10017,medium,clean,DT-OPT,fog-1,214
10017,medium,clean,DT-OPT,fog-2,141
10017,medium,clean,DT-OPT,fog-3,27
10017,medium,clean,DT-OPT,fog-4,196
10017,medium,clean,DT-OPT,fog-5,51
10017,medium,clean,DT-OPT,fog-6,12
10017,medium,clean,DT-OPT,fog-7,174
10017,medium,clean,DT-OPT,fog-8,38
10017,medium,clean,SemiGreedy,fog-1,279
10017,medium,clean,SemiGreedy,fog-2,3
10017,medium,clean,SemiGreedy,fog-3,2
10017,medium,clean,SemiGreedy,fog-4,156
10017,medium,clean,SemiGreedy,fog-5,65
10017,medium,clean,SemiGreedy,fog-6,1
10017,medium,clean,SemiGreedy,fog-7,31
10017,medium,clean,SemiGreedy,fog-8,10
10017,medium,clean,Fog-only,fog-1,240
10017,medium,clean,Fog-only,fog-2,33
10017,medium,clean,Fog-only,fog-3,15
10017,medium,clean,Fog-only,fog-4,202
10017,medium,clean,Fog-only,fog-5,176
10017,medium,clean,Fog-only,fog-6,7
10017,medium,clean,Fog-only,fog-7,119
10017,medium,clean,Fog-only,fog-8,62
10017,medium,clean,DRL-OO,fog-1,285
10017,medium,clean,DRL-OO,fog-2,25
10017,medium,clean,DRL-OO,fog-3,21
10017,medium,clean,DRL-OO,fog-4,198
10017,medium,clean,DRL-OO,fog-5,97
10017,medium,clean,DRL-OO,fog-6,4
10017,medium,clean,DRL-OO,fog-7,127
10017,medium,clean,DRL-OO,fog-8,93
10018,medium,clean,DT-KF-CostAware,fog-1,162
10018,medium,clean,DT-KF-CostAware,fog-2,161
10018,medium,clean,DT-KF-CostAware,fog-3,18
10018,medium,clean,DT-KF-CostAware,fog-4,163
10018,medium,clean,DT-KF-CostAware,fog-5,20
10018,medium,clean,DT-KF-CostAware,fog-6,162
10018,medium,clean,DT-KF-CostAware,fog-7,22
10018,medium,clean,DT-KF-CostAware,fog-8,162
10018,medium,clean,DT-OPT,fog-1,227
10018,medium,clean,DT-OPT,fog-2,96
10018,medium,clean,DT-OPT,fog-3,26
10018,medium,clean,DT-OPT,fog-4,215
10018,medium,clean,DT-OPT,fog-5,3
10018,medium,clean,DT-OPT,fog-6,118
10018,medium,clean,DT-OPT,fog-7,28
10018,medium,clean,DT-OPT,fog-8,187
10018,medium,clean,SemiGreedy,fog-1,262
10018,medium,clean,SemiGreedy,fog-2,145
10018,medium,clean,SemiGreedy,fog-3,3
10018,medium,clean,SemiGreedy,fog-4,14
10018,medium,clean,SemiGreedy,fog-5,0
10018,medium,clean,SemiGreedy,fog-6,30
10018,medium,clean,SemiGreedy,fog-7,0
10018,medium,clean,SemiGreedy,fog-8,75
10018,medium,clean,Fog-only,fog-1,230
10018,medium,clean,Fog-only,fog-2,200
10018,medium,clean,Fog-only,fog-3,41
10018,medium,clean,Fog-only,fog-4,83
10018,medium,clean,Fog-only,fog-5,7
10018,medium,clean,Fog-only,fog-6,136
10018,medium,clean,Fog-only,fog-7,21
10018,medium,clean,Fog-only,fog-8,183
10018,medium,clean,DRL-OO,fog-1,283
10018,medium,clean,DRL-OO,fog-2,148
10018,medium,clean,DRL-OO,fog-3,31
10018,medium,clean,DRL-OO,fog-4,85
10018,medium,clean,DRL-OO,fog-5,3
10018,medium,clean,DRL-OO,fog-6,132
10018,medium,clean,DRL-OO,fog-7,27
10018,medium,clean,DRL-OO,fog-8,188
10019,medium,clean,DT-KF-CostAware,fog-1,58
10019,medium,clean,DT-KF-CostAware,fog-2,46
10019,medium,clean,DT-KF-CostAware,fog-3,113
10019,medium,clean,DT-KF-CostAware,fog-4,237
10019,medium,clean,DT-KF-CostAware,fog-5,113
10019,medium,clean,DT-KF-CostAware,fog-6,46
10019,medium,clean,DT-KF-CostAware,fog-7,112
10019,medium,clean,DT-KF-CostAware,fog-8,158
10019,medium,clean,DT-OPT,fog-1,35
10019,medium,clean,DT-OPT,fog-2,23
10019,medium,clean,DT-OPT,fog-3,149
10019,medium,clean,DT-OPT,fog-4,258
10019,medium,clean,DT-OPT,fog-5,216
10019,medium,clean,DT-OPT,fog-6,2
10019,medium,clean,DT-OPT,fog-7,112
10019,medium,clean,DT-OPT,fog-8,108
10019,medium,clean,SemiGreedy,fog-1,0
10019,medium,clean,SemiGreedy,fog-2,0
10019,medium,clean,SemiGreedy,fog-3,24
10019,medium,clean,SemiGreedy,fog-4,295
10019,medium,clean,SemiGreedy,fog-5,75
10019,medium,clean,SemiGreedy,fog-6,1
10019,medium,clean,SemiGreedy,fog-7,6
10019,medium,clean,SemiGreedy,fog-8,167
10019,medium,clean,Fog-only,fog-1,24
10019,medium,clean,Fog-only,fog-2,5
10019,medium,clean,Fog-only,fog-3,120
10019,medium,clean,Fog-only,fog-4,252
10019,medium,clean,Fog-only,fog-5,175
10019,medium,clean,Fog-only,fog-6,31
10019,medium,clean,Fog-only,fog-7,77
10019,medium,clean,Fog-only,fog-8,220
10019,medium,clean,DRL-OO,fog-1,34
10019,medium,clean,DRL-OO,fog-2,22
10019,medium,clean,DRL-OO,fog-3,98
10019,medium,clean,DRL-OO,fog-4,302
10019,medium,clean,DRL-OO,fog-5,158
10019,medium,clean,DRL-OO,fog-6,4
10019,medium,clean,DRL-OO,fog-7,88
10019,medium,clean,DRL-OO,fog-8,194
10020,medium,clean,DT-KF-CostAware,fog-1,189
10020,medium,clean,DT-KF-CostAware,fog-2,27
10020,medium,clean,DT-KF-CostAware,fog-3,28
10020,medium,clean,DT-KF-CostAware,fog-4,191
10020,medium,clean,DT-KF-CostAware,fog-5,187
10020,medium,clean,DT-KF-CostAware,fog-6,27
10020,medium,clean,DT-KF-CostAware,fog-7,189
10020,medium,clean,DT-KF-CostAware,fog-8,18
10020,medium,clean,DT-OPT,fog-1,174
10020,medium,clean,DT-OPT,fog-2,2
10020,medium,clean,DT-OPT,fog-3,22
10020,medium,clean,DT-OPT,fog-4,135
10020,medium,clean,DT-OPT,fog-5,246
10020,medium,clean,DT-OPT,fog-6,81
10020,medium,clean,DT-OPT,fog-7,197
10020,medium,clean,DT-OPT,fog-8,13
10020,medium,clean,SemiGreedy,fog-1,126
10020,medium,clean,SemiGreedy,fog-2,0
10020,medium,clean,SemiGreedy,fog-3,1
10020,medium,clean,SemiGreedy,fog-4,276
10020,medium,clean,SemiGreedy,fog-5,41
10020,medium,clean,SemiGreedy,fog-6,4
10020,medium,clean,SemiGreedy,fog-7,109
10020,medium,clean,SemiGreedy,fog-8,0
10020,medium,clean,Fog-only,fog-1,187
10020,medium,clean,Fog-only,fog-2,8
10020,medium,clean,Fog-only,fog-3,23
10020,medium,clean,Fog-only,fog-4,260
10020,medium,clean,Fog-only,fog-5,151
10020,medium,clean,Fog-only,fog-6,61
10020,medium,clean,Fog-only,fog-7,179
10020,medium,clean,Fog-only,fog-8,2
10020,medium,clean,DRL-OO,fog-1,140
10020,medium,clean,DRL-OO,fog-2,17
10020,medium,clean,DRL-OO,fog-3,24
10020,medium,clean,DRL-OO,fog-4,232
10020,medium,clean,DRL-OO,fog-5,177
10020,medium,clean,DRL-OO,fog-6,55
10020,medium,clean,DRL-OO,fog-7,220
10020,medium,clean,DRL-OO,fog-8,4
10021,medium,clean,DT-KF-CostAware,fog-1,165
10021,medium,clean,DT-KF-CostAware,fog-2,15
10021,medium,clean,DT-KF-CostAware,fog-3,15
10021,medium,clean,DT-KF-CostAware,fog-4,170
10021,medium,clean,DT-KF-CostAware,fog-5,167
10021,medium,clean,DT-KF-CostAware,fog-6,137
10021,medium,clean,DT-KF-CostAware,fog-7,169
10021,medium,clean,DT-KF-CostAware,fog-8,17
10021,medium,clean,DT-OPT,fog-1,194
10021,medium,clean,DT-OPT,fog-2,7
10021,medium,clean,DT-OPT,fog-3,48
10021,medium,clean,DT-OPT,fog-4,218
10021,medium,clean,DT-OPT,fog-5,195
10021,medium,clean,DT-OPT,fog-6,79
10021,medium,clean,DT-OPT,fog-7,107
10021,medium,clean,DT-OPT,fog-8,26
10021,medium,clean,SemiGreedy,fog-1,30
10021,medium,clean,SemiGreedy,fog-2,0
10021,medium,clean,SemiGreedy,fog-3,0
10021,medium,clean,SemiGreedy,fog-4,181
10021,medium,clean,SemiGreedy,fog-5,81
10021,medium,clean,SemiGreedy,fog-6,5
10021,medium,clean,SemiGreedy,fog-7,287
10021,medium,clean,SemiGreedy,fog-8,1
10021,medium,clean,Fog-only,fog-1,124
10021,medium,clean,Fog-only,fog-2,6
10021,medium,clean,Fog-only,fog-3,2
10021,medium,clean,Fog-only,fog-4,232
10021,medium,clean,Fog-only,fog-5,166
10021,medium,clean,Fog-only,fog-6,62
10021,medium,clean,Fog-only,fog-7,265
10021,medium,clean,Fog-only,fog-8,17
10021,medium,clean,DRL-OO,fog-1,164
10021,medium,clean,DRL-OO,fog-2,39
10021,medium,clean,DRL-OO,fog-3,5
10021,medium,clean,DRL-OO,fog-4,156
10021,medium,clean,DRL-OO,fog-5,93
10021,medium,clean,DRL-OO,fog-6,79
10021,medium,clean,DRL-OO,fog-7,291
10021,medium,clean,DRL-OO,fog-8,30
10022,medium,clean,DT-KF-CostAware,fog-1,41
10022,medium,clean,DT-KF-CostAware,fog-2,41
10022,medium,clean,DT-KF-CostAware,fog-3,137
10022,medium,clean,DT-KF-CostAware,fog-4,42
10022,medium,clean,DT-KF-CostAware,fog-5,59
10022,medium,clean,DT-KF-CostAware,fog-6,288
10022,medium,clean,DT-KF-CostAware,fog-7,63
10022,medium,clean,DT-KF-CostAware,fog-8,137
10022,medium,clean,DT-OPT,fog-1,14
10022,medium,clean,DT-OPT,fog-2,3
10022,medium,clean,DT-OPT,fog-3,194
10022,medium,clean,DT-OPT,fog-4,63
10022,medium,clean,DT-OPT,fog-5,39
10022,medium,clean,DT-OPT,fog-6,222
10022,medium,clean,DT-OPT,fog-7,122
10022,medium,clean,DT-OPT,fog-8,184
10022,medium,clean,SemiGreedy,fog-1,1
10022,medium,clean,SemiGreedy,fog-2,0
10022,medium,clean,SemiGreedy,fog-3,146
10022,medium,clean,SemiGreedy,fog-4,0
10022,medium,clean,SemiGreedy,fog-5,5
10022,medium,clean,SemiGreedy,fog-6,309
10022,medium,clean,SemiGreedy,fog-7,13
10022,medium,clean,SemiGreedy,fog-8,50
10022,medium,clean,Fog-only,fog-1,18
10022,medium,clean,Fog-only,fog-2,6
10022,medium,clean,Fog-only,fog-3,234
10022,medium,clean,Fog-only,fog-4,17
10022,medium,clean,Fog-only,fog-5,59
10022,medium,clean,Fog-only,fog-6,257
10022,medium,clean,Fog-only,fog-7,93
10022,medium,clean,Fog-only,fog-8,157
10022,medium,clean,DRL-OO,fog-1,22
10022,medium,clean,DRL-OO,fog-2,3
10022,medium,clean,DRL-OO,fog-3,202
10022,medium,clean,DRL-OO,fog-4,10
10022,medium,clean,DRL-OO,fog-5,59
10022,medium,clean,DRL-OO,fog-6,318
10022,medium,clean,DRL-OO,fog-7,94
10022,medium,clean,DRL-OO,fog-8,122
10023,medium,clean,DT-KF-CostAware,fog-1,13
10023,medium,clean,DT-KF-CostAware,fog-2,13
10023,medium,clean,DT-KF-CostAware,fog-3,172
10023,medium,clean,DT-KF-CostAware,fog-4,172
10023,medium,clean,DT-KF-CostAware,fog-5,14
10023,medium,clean,DT-KF-CostAware,fog-6,172
10023,medium,clean,DT-KF-CostAware,fog-7,172
10023,medium,clean,DT-KF-CostAware,fog-8,171
10023,medium,clean,DT-OPT,fog-1,4
10023,medium,clean,DT-OPT,fog-2,37
10023,medium,clean,DT-OPT,fog-3,277
10023,medium,clean,DT-OPT,fog-4,210
10023,medium,clean,DT-OPT,fog-5,5
10023,medium,clean,DT-OPT,fog-6,208
10023,medium,clean,DT-OPT,fog-7,124
10023,medium,clean,DT-OPT,fog-8,43
10023,medium,clean,SemiGreedy,fog-1,0
10023,medium,clean,SemiGreedy,fog-2,2
10023,medium,clean,SemiGreedy,fog-3,37
10023,medium,clean,SemiGreedy,fog-4,285
10023,medium,clean,SemiGreedy,fog-5,0
10023,medium,clean,SemiGreedy,fog-6,151
10023,medium,clean,SemiGreedy,fog-7,127
10023,medium,clean,SemiGreedy,fog-8,11
10023,medium,clean,Fog-only,fog-1,10
10023,medium,clean,Fog-only,fog-2,19
10023,medium,clean,Fog-only,fog-3,135
10023,medium,clean,Fog-only,fog-4,279
10023,medium,clean,Fog-only,fog-5,2
10023,medium,clean,Fog-only,fog-6,219
10023,medium,clean,Fog-only,fog-7,181
10023,medium,clean,Fog-only,fog-8,63
10023,medium,clean,DRL-OO,fog-1,9
10023,medium,clean,DRL-OO,fog-2,23
10023,medium,clean,DRL-OO,fog-3,112
10023,medium,clean,DRL-OO,fog-4,289
10023,medium,clean,DRL-OO,fog-5,2
10023,medium,clean,DRL-OO,fog-6,227
10023,medium,clean,DRL-OO,fog-7,190
10023,medium,clean,DRL-OO,fog-8,56
10024,medium,clean,DT-KF-CostAware,fog-1,134
10024,medium,clean,DT-KF-CostAware,fog-2,156
10024,medium,clean,DT-KF-CostAware,fog-3,157
10024,medium,clean,DT-KF-CostAware,fog-4,10
10024,medium,clean,DT-KF-CostAware,fog-5,157
10024,medium,clean,DT-KF-CostAware,fog-6,155
10024,medium,clean,DT-KF-CostAware,fog-7,100
10024,medium,clean,DT-KF-CostAware,fog-8,10
10024,medium,clean,DT-OPT,fog-1,76
10024,medium,clean,DT-OPT,fog-2,246
10024,medium,clean,DT-OPT,fog-3,143
10024,medium,clean,DT-OPT,fog-4,15
10024,medium,clean,DT-OPT,fog-5,189
10024,medium,clean,DT-OPT,fog-6,191
10024,medium,clean,DT-OPT,fog-7,42
10024,medium,clean,DT-OPT,fog-8,6
10024,medium,clean,SemiGreedy,fog-1,10
10024,medium,clean,SemiGreedy,fog-2,168
10024,medium,clean,SemiGreedy,fog-3,81
10024,medium,clean,SemiGreedy,fog-4,0
10024,medium,clean,SemiGreedy,fog-5,265
10024,medium,clean,SemiGreedy,fog-6,26
10024,medium,clean,SemiGreedy,fog-7,5
10024,medium,clean,SemiGreedy,fog-8,0
10024,medium,clean,Fog-only,fog-1,73
10024,medium,clean,Fog-only,fog-2,205
10024,medium,clean,Fog-only,fog-3,171
10024,medium,clean,Fog-only,fog-4,22
10024,medium,clean,Fog-only,fog-5,234
10024,medium,clean,Fog-only,fog-6,129
10024,medium,clean,Fog-only,fog-7,71
10024,medium,clean,Fog-only,fog-8,6
10024,medium,clean,DRL-OO,fog-1,73
10024,medium,clean,DRL-OO,fog-2,253
10024,medium,clean,DRL-OO,fog-3,135
10024,medium,clean,DRL-OO,fog-4,11
10024,medium,clean,DRL-OO,fog-5,241
10024,medium,clean,DRL-OO,fog-6,142
10024,medium,clean,DRL-OO,fog-7,47
10024,medium,clean,DRL-OO,fog-8,3
10025,medium,clean,DT-KF-CostAware,fog-1,146
10025,medium,clean,DT-KF-CostAware,fog-2,147
10025,medium,clean,DT-KF-CostAware,fog-3,146
10025,medium,clean,DT-KF-CostAware,fog-4,15
10025,medium,clean,DT-KF-CostAware,fog-5,32
10025,medium,clean,DT-KF-CostAware,fog-6,125
10025,medium,clean,DT-KF-CostAware,fog-7,147
10025,medium,clean,DT-KF-CostAware,fog-8,146
10025,medium,clean,DT-OPT,fog-1,56
10025,medium,clean,DT-OPT,fog-2,161
10025,medium,clean,DT-OPT,fog-3,116
10025,medium,clean,DT-OPT,fog-4,26
10025,medium,clean,DT-OPT,fog-5,80
10025,medium,clean,DT-OPT,fog-6,10
10025,medium,clean,DT-OPT,fog-7,237
10025,medium,clean,DT-OPT,fog-8,232
10025,medium,clean,SemiGreedy,fog-1,9
10025,medium,clean,SemiGreedy,fog-2,277
10025,medium,clean,SemiGreedy,fog-3,103
10025,medium,clean,SemiGreedy,fog-4,0
10025,medium,clean,SemiGreedy,fog-5,0
10025,medium,clean,SemiGreedy,fog-6,0
10025,medium,clean,SemiGreedy,fog-7,197
10025,medium,clean,SemiGreedy,fog-8,38
10025,medium,clean,Fog-only,fog-1,71
10025,medium,clean,Fog-only,fog-2,246
10025,medium,clean,Fog-only,fog-3,186
10025,medium,clean,Fog-only,fog-4,1
10025,medium,clean,Fog-only,fog-5,11
10025,medium,clean,Fog-only,fog-6,37
10025,medium,clean,Fog-only,fog-7,244
10025,medium,clean,Fog-only,fog-8,124
10025,medium,clean,DRL-OO,fog-1,49
10025,medium,clean,DRL-OO,fog-2,246
10025,medium,clean,DRL-OO,fog-3,118
10025,medium,clean,DRL-OO,fog-4,15
10025,medium,clean,DRL-OO,fog-5,12
10025,medium,clean,DRL-OO,fog-6,43
10025,medium,clean,DRL-OO,fog-7,249
10025,medium,clean,DRL-OO,fog-8,184
10026,medium,clean,DT-KF-CostAware,fog-1,200
10026,medium,clean,DT-KF-CostAware,fog-2,204
10026,medium,clean,DT-KF-CostAware,fog-3,56
10026,medium,clean,DT-KF-CostAware,fog-4,59
10026,medium,clean,DT-KF-CostAware,fog-5,199
10026,medium,clean,DT-KF-CostAware,fog-6,56
10026,medium,clean,DT-KF-CostAware,fog-7,55
10026,medium,clean,DT-KF-CostAware,fog-8,122
10026,medium,clean,DT-OPT,fog-1,266
10026,medium,clean,DT-OPT,fog-2,248
10026,medium,clean,DT-OPT,fog-3,71
10026,medium,clean,DT-OPT,fog-4,15
10026,medium,clean,DT-OPT,fog-5,113
10026,medium,clean,DT-OPT,fog-6,4
10026,medium,clean,DT-OPT,fog-7,125
10026,medium,clean,DT-OPT,fog-8,126
10026,medium,clean,SemiGreedy,fog-1,190
10026,medium,clean,SemiGreedy,fog-2,311
10026,medium,clean,SemiGreedy,fog-3,0
10026,medium,clean,SemiGreedy,fog-4,8
10026,medium,clean,SemiGreedy,fog-5,100
10026,medium,clean,SemiGreedy,fog-6,0
10026,medium,clean,SemiGreedy,fog-7,1
10026,medium,clean,SemiGreedy,fog-8,37
10026,medium,clean,Fog-only,fog-1,245
10026,medium,clean,Fog-only,fog-2,274
10026,medium,clean,Fog-only,fog-3,8
10026,medium,clean,Fog-only,fog-4,71
10026,medium,clean,Fog-only,fog-5,178
10026,medium,clean,Fog-only,fog-6,13
10026,medium,clean,Fog-only,fog-7,39
10026,medium,clean,Fog-only,fog-8,140
10026,medium,clean,DRL-OO,fog-1,244
10026,medium,clean,DRL-OO,fog-2,299
10026,medium,clean,DRL-OO,fog-3,16
10026,medium,clean,DRL-OO,fog-4,60
10026,medium,clean,DRL-OO,fog-5,185
10026,medium,clean,DRL-OO,fog-6,39
10026,medium,clean,DRL-OO,fog-7,7
10026,medium,clean,DRL-OO,fog-8,117
10027,medium,clean,DT-KF-CostAware,fog-1,35
10027,medium,clean,DT-KF-CostAware,fog-2,169
10027,medium,clean,DT-KF-CostAware,fog-3,23
10027,medium,clean,DT-KF-CostAware,fog-4,167
10027,medium,clean,DT-KF-CostAware,fog-5,167
10027,medium,clean,DT-KF-CostAware,fog-6,4
10027,medium,clean,DT-KF-CostAware,fog-7,170
10027,medium,clean,DT-KF-CostAware,fog-8,168
10027,medium,clean,DT-OPT,fog-1,24
10027,medium,clean,DT-OPT,fog-2,75
10027,medium,clean,DT-OPT,fog-3,18
10027,medium,clean,DT-OPT,fog-4,128
10027,medium,clean,DT-OPT,fog-5,171
10027,medium,clean,DT-OPT,fog-6,3
10027,medium,clean,DT-OPT,fog-7,200
10027,medium,clean,DT-OPT,fog-8,290
10027,medium,clean,SemiGreedy,fog-1,3
10027,medium,clean,SemiGreedy,fog-2,19
10027,medium,clean,SemiGreedy,fog-3,1
10027,medium,clean,SemiGreedy,fog-4,40
10027,medium,clean,SemiGreedy,fog-5,169
10027,medium,clean,SemiGreedy,fog-6,0
10027,medium,clean,SemiGreedy,fog-7,100
10027,medium,clean,SemiGreedy,fog-8,286
10027,medium,clean,Fog-only,fog-1,28
10027,medium,clean,Fog-only,fog-2,87
10027,medium,clean,Fog-only,fog-3,9
10027,medium,clean,Fog-only,fog-4,104
10027,medium,clean,Fog-only,fog-5,224
10027,medium,clean,Fog-only,fog-6,3
10027,medium,clean,Fog-only,fog-7,175
10027,medium,clean,Fog-only,fog-8,280
10027,medium,clean,DRL-OO,fog-1,35
10027,medium,clean,DRL-OO,fog-2,130
10027,medium,clean,DRL-OO,fog-3,14
10027,medium,clean,DRL-OO,fog-4,211
10027,medium,clean,DRL-OO,fog-5,168
10027,medium,clean,DRL-OO,fog-6,1
10027,medium,clean,DRL-OO,fog-7,60
10027,medium,clean,DRL-OO,fog-8,287
10028,medium,clean,DT-KF-CostAware,fog-1,18
10028,medium,clean,DT-KF-CostAware,fog-2,208
10028,medium,clean,DT-KF-CostAware,fog-3,18
10028,medium,clean,DT-KF-CostAware,fog-4,115
10028,medium,clean,DT-KF-CostAware,fog-5,17
10028,medium,clean,DT-KF-CostAware,fog-6,207
10028,medium,clean,DT-KF-CostAware,fog-7,107
10028,medium,clean,DT-KF-CostAware,fog-8,208
10028,medium,clean,DT-OPT,fog-1,20
10028,medium,clean,DT-OPT,fog-2,209
10028,medium,clean,DT-OPT,fog-3,25
10028,medium,clean,DT-OPT,fog-4,198
10028,medium,clean,DT-OPT,fog-5,7
10028,medium,clean,DT-OPT,fog-6,261
10028,medium,clean,DT-OPT,fog-7,131
10028,medium,clean,DT-OPT,fog-8,66
10028,medium,clean,SemiGreedy,fog-1,0
10028,medium,clean,SemiGreedy,fog-2,122
10028,medium,clean,SemiGreedy,fog-3,2
10028,medium,clean,SemiGreedy,fog-4,25
10028,medium,clean,SemiGreedy,fog-5,2
10028,medium,clean,SemiGreedy,fog-6,171
10028,medium,clean,SemiGreedy,fog-7,6
10028,medium,clean,SemiGreedy,fog-8,284
10028,medium,clean,Fog-only,fog-1,6
10028,medium,clean,Fog-only,fog-2,207
10028,medium,clean,Fog-only,fog-3,16
10028,medium,clean,Fog-only,fog-4,112
10028,medium,clean,Fog-only,fog-5,21
10028,medium,clean,Fog-only,fog-6,221
10028,medium,clean,Fog-only,fog-7,55
10028,medium,clean,Fog-only,fog-8,279
10028,medium,clean,DRL-OO,fog-1,24
10028,medium,clean,DRL-OO,fog-2,263
10028,medium,clean,DRL-OO,fog-3,21
10028,medium,clean,DRL-OO,fog-4,135
10028,medium,clean,DRL-OO,fog-5,5
10028,medium,clean,DRL-OO,fog-6,189
10028,medium,clean,DRL-OO,fog-7,52
10028,medium,clean,DRL-OO,fog-8,227
10029,medium,clean,DT-KF-CostAware,fog-1,25
10029,medium,clean,DT-KF-CostAware,fog-2,27
10029,medium,clean,DT-KF-CostAware,fog-3,206
10029,medium,clean,DT-KF-CostAware,fog-4,206
10029,medium,clean,DT-KF-CostAware,fog-5,26
10029,medium,clean,DT-KF-CostAware,fog-6,26
10029,medium,clean,DT-KF-CostAware,fog-7,206
10029,medium,clean,DT-KF-CostAware,fog-8,205
10029,medium,clean,DT-OPT,fog-1,51
10029,medium,clean,DT-OPT,fog-2,26
10029,medium,clean,DT-OPT,fog-3,229
10029,medium,clean,DT-OPT,fog-4,205
10029,medium,clean,DT-OPT,fog-5,44
10029,medium,clean,DT-OPT,fog-6,5
10029,medium,clean,DT-OPT,fog-7,117
10029,medium,clean,DT-OPT,fog-8,274
10029,medium,clean,SemiGreedy,fog-1,1
10029,medium,clean,SemiGreedy,fog-2,1
10029,medium,clean,SemiGreedy,fog-3,69
10029,medium,clean,SemiGreedy,fog-4,219
10029,medium,clean,SemiGreedy,fog-5,8
10029,medium,clean,SemiGreedy,fog-6,1
10029,medium,clean,SemiGreedy,fog-7,63
10029,medium,clean,SemiGreedy,fog-8,244
10029,medium,clean,Fog-only,fog-1,21
10029,medium,clean,Fog-only,fog-2,18
10029,medium,clean,Fog-only,fog-3,171
10029,medium,clean,Fog-only,fog-4,250
10029,medium,clean,Fog-only,fog-5,55
10029,medium,clean,Fog-only,fog-6,22
10029,medium,clean,Fog-only,fog-7,170
10029,medium,clean,Fog-only,fog-8,245
10029,medium,clean,DRL-OO,fog-1,9
10029,medium,clean,DRL-OO,fog-2,29
10029,medium,clean,DRL-OO,fog-3,161
10029,medium,clean,DRL-OO,fog-4,266
10029,medium,clean,DRL-OO,fog-5,46
10029,medium,clean,DRL-OO,fog-6,13
10029,medium,clean,DRL-OO,fog-7,158
10029,medium,clean,DRL-OO,fog-8,250
10000,high,clean,DT-KF-CostAware,fog-1,109
10000,high,clean,DT-KF-CostAware,fog-2,103
10000,high,clean,DT-KF-CostAware,fog-3,242
10000,high,clean,DT-KF-CostAware,fog-4,159
10000,high,clean,DT-KF-CostAware,fog-5,205
10000,high,clean,DT-KF-CostAware,fog-6,267
10000,high,clean,DT-KF-CostAware,fog-7,200
10000,high,clean,DT-KF-CostAware,fog-8,109
10000,high,clean,DT-OPT,fog-1,145
10000,high,clean,DT-OPT,fog-2,45
10000,high,clean,DT-OPT,fog-3,218
10000,high,clean,DT-OPT,fog-4,191
10000,high,clean,DT-OPT,fog-5,216
10000,high,clean,DT-OPT,fog-6,249
10000,high,clean,DT-OPT,fog-7,215
10000,high,clean,DT-OPT,fog-8,110
10000,high,clean,SemiGreedy,fog-1,29
10000,high,clean,SemiGreedy,fog-2,10
10000,high,clean,SemiGreedy,fog-3,253
10000,high,clean,SemiGreedy,fog-4,74
10000,high,clean,SemiGreedy,fog-5,142
10000,high,clean,SemiGreedy,fog-6,336
10000,high,clean,SemiGreedy,fog-7,168
10000,high,clean,SemiGreedy,fog-8,39
10000,high,clean,Fog-only,fog-1,182
10000,high,clean,Fog-only,fog-2,155
10000,high,clean,Fog-only,fog-3,205
10000,high,clean,Fog-only,fog-4,214
10000,high,clean,Fog-only,fog-5,217
10000,high,clean,Fog-only,fog-6,171
10000,high,clean,Fog-only,fog-7,227
10000,high,clean,Fog-only,fog-8,181
10000,high,clean,DRL-OO,fog-1,40
10000,high,clean,DRL-OO,fog-2,9
10000,high,clean,DRL-OO,fog-3,214
10000,high,clean,DRL-OO,fog-4,138
10000,high,clean,DRL-OO,fog-5,175
10000,high,clean,DRL-OO,fog-6,273
10000,high,clean,DRL-OO,fog-7,208
10000,high,clean,DRL-OO,fog-8,65
10001,high,clean,DT-KF-CostAware,fog-1,149
10001,high,clean,DT-KF-CostAware,fog-2,144
10001,high,clean,DT-KF-CostAware,fog-3,226
10001,high,clean,DT-KF-CostAware,fog-4,217
10001,high,clean,DT-KF-CostAware,fog-5,229
10001,high,clean,DT-KF-CostAware,fog-6,147
10001,high,clean,DT-KF-CostAware,fog-7,118
10001,high,clean,DT-KF-CostAware,fog-8,184
10001,high,clean,DT-OPT,fog-1,211
10001,high,clean,DT-OPT,fog-2,163
10001,high,clean,DT-OPT,fog-3,214
10001,high,clean,DT-OPT,fog-4,221
10001,high,clean,DT-OPT,fog-5,234
10001,high,clean,DT-OPT,fog-6,101
10001,high,clean,DT-OPT,fog-7,97
10001,high,clean,DT-OPT,fog-8,191
10001,high,clean,SemiGreedy,fog-1,87
10001,high,clean,SemiGreedy,fog-2,53
10001,high,clean,SemiGreedy,fog-3,280
10001,high,clean,SemiGreedy,fog-4,199
10001,high,clean,SemiGreedy,fog-5,268
10001,high,clean,SemiGreedy,fog-6,25
10001,high,clean,SemiGreedy,fog-7,11
10001,high,clean,SemiGreedy,fog-8,141
10001,high,clean,Fog-only,fog-1,206
10001,high,clean,Fog-only,fog-2,194
10001,high,clean,Fog-only,fog-3,198
10001,high,clean,Fog-only,fog-4,212
10001,high,clean,Fog-only,fog-5,208
10001,high,clean,Fog-only,fog-6,166
10001,high,clean,Fog-only,fog-7,137
10001,high,clean,Fog-only,fog-8,223
10001,high,clean,DRL-OO,fog-1,137
10001,high,clean,DRL-OO,fog-2,98
10001,high,clean,DRL-OO,fog-3,226
10001,high,clean,DRL-OO,fog-4,239
10001,high,clean,DRL-OO,fog-5,219
10001,high,clean,DRL-OO,fog-6,45
10001,high,clean,DRL-OO,fog-7,23
10001,high,clean,DRL-OO,fog-8,195
10002,high,clean,DT-KF-CostAware,fog-1,154
10002,high,clean,DT-KF-CostAware,fog-2,152
10002,high,clean,DT-KF-CostAware,fog-3,207
10002,high,clean,DT-KF-CostAware,fog-4,246
10002,high,clean,DT-KF-CostAware,fog-5,154
10002,high,clean,DT-KF-CostAware,fog-6,153
10002,high,clean,DT-KF-CostAware,fog-7,251
10002,high,clean,DT-KF-CostAware,fog-8,155
10002,high,clean,DT-OPT,fog-1,199
10002,high,clean,DT-OPT,fog-2,84
10002,high,clean,DT-OPT,fog-3,203
10002,high,clean,DT-OPT,fog-4,231
10002,high,clean,DT-OPT,fog-5,117
10002,high,clean,DT-OPT,fog-6,163
10002,high,clean,DT-OPT,fog-7,235
10002,high,clean,DT-OPT,fog-8,230
10002,high,clean,SemiGreedy,fog-1,25
10002,high,clean,SemiGreedy,fog-2,27
10002,high,clean,SemiGreedy,fog-3,205
10002,high,clean,SemiGreedy,fog-4,266
10002,high,clean,SemiGreedy,fog-5,116
10002,high,clean,SemiGreedy,fog-6,116
10002,high,clean,SemiGreedy,fog-7,301
10002,high,clean,SemiGreedy,fog-8,64
10002,high,clean,Fog-only,fog-1,171
10002,high,clean,Fog-only,fog-2,176
10002,high,clean,Fog-only,fog-3,197
10002,high,clean,Fog-only,fog-4,205
10002,high,clean,Fog-only,fog-5,219
10002,high,clean,Fog-only,fog-6,218
10002,high,clean,Fog-only,fog-7,198
10002,high,clean,Fog-only,fog-8,205
10002,high,clean,DRL-OO,fog-1,70
10002,high,clean,DRL-OO,fog-2,44
10002,high,clean,DRL-OO,fog-3,235
10002,high,clean,DRL-OO,fog-4,229
10002,high,clean,DRL-OO,fog-5,135
10002,high,clean,DRL-OO,fog-6,155
10002,high,clean,DRL-OO,fog-7,237
10002,high,clean,DRL-OO,fog-8,142
10003,high,clean,DT-KF-CostAware,fog-1,76
10003,high,clean,DT-KF-CostAware,fog-2,206
10003,high,clean,DT-KF-CostAware,fog-3,207
10003,high,clean,DT-KF-CostAware,fog-4,206
10003,high,clean,DT-KF-CostAware,fog-5,206
10003,high,clean,DT-KF-CostAware,fog-6,143
10003,high,clean,DT-KF-CostAware,fog-7,193
10003,high,clean,DT-KF-CostAware,fog-8,202
10003,high,clean,DT-OPT,fog-1,83
10003,high,clean,DT-OPT,fog-2,222
10003,high,clean,DT-OPT,fog-3,215
10003,high,clean,DT-OPT,fog-4,230
10003,high,clean,DT-OPT,fog-5,199
10003,high,clean,DT-OPT,fog-6,138
10003,high,clean,DT-OPT,fog-7,158
10003,high,clean,DT-OPT,fog-8,200
10003,high,clean,SemiGreedy,fog-1,11
10003,high,clean,SemiGreedy,fog-2,245
10003,high,clean,SemiGreedy,fog-3,109
10003,high,clean,SemiGreedy,fog-4,247
10003,high,clean,SemiGreedy,fog-5,183
10003,high,clean,SemiGreedy,fog-6,36
10003,high,clean,SemiGreedy,fog-7,61
10003,high,clean,SemiGreedy,fog-8,192
10003,high,clean,Fog-only,fog-1,125
10003,high,clean,Fog-only,fog-2,219
10003,high,clean,Fog-only,fog-3,201
10003,high,clean,Fog-only,fog-4,205
10003,high,clean,Fog-only,fog-5,194
10003,high,clean,Fog-only,fog-6,178
10003,high,clean,Fog-only,fog-7,209
10003,high,clean,Fog-only,fog-8,219
10003,high,clean,DRL-OO,fog-1,18
10003,high,clean,DRL-OO,fog-2,247
10003,high,clean,DRL-OO,fog-3,153
10003,high,clean,DRL-OO,fog-4,212
10003,high,clean,DRL-OO,fog-5,205
10003,high,clean,DRL-OO,fog-6,57
10003,high,clean,DRL-OO,fog-7,120
10003,high,clean,DRL-OO,fog-8,206
10004,high,clean,DT-KF-CostAware,fog-1,208
10004,high,clean,DT-KF-CostAware,fog-2,219
10004,high,clean,DT-KF-CostAware,fog-3,222
10004,high,clean,DT-KF-CostAware,fog-4,208
10004,high,clean,DT-KF-CostAware,fog-5,100
10004,high,clean,DT-KF-CostAware,fog-6,215
10004,high,clean,DT-KF-CostAware,fog-7,220
10004,high,clean,DT-KF-CostAware,fog-8,95
10004,high,clean,DT-OPT,fog-1,232
10004,high,clean,DT-OPT,fog-2,212
10004,high,clean,DT-OPT,fog-3,235
10004,high,clean,DT-OPT,fog-4,170
10004,high,clean,DT-OPT,fog-5,134
10004,high,clean,DT-OPT,fog-6,220
10004,high,clean,DT-OPT,fog-7,235
10004,high,clean,DT-OPT,fog-8,77
10004,high,clean,SemiGreedy,fog-1,306
10004,high,clean,SemiGreedy,fog-2,105
10004,high,clean,SemiGreedy,fog-3,235
10004,high,clean,SemiGreedy,fog-4,82
10004,high,clean,SemiGreedy,fog-5,19
10004,high,clean,SemiGreedy,fog-6,213
10004,high,clean,SemiGreedy,fog-7,162
10004,high,clean,SemiGreedy,fog-8,8
10004,high,clean,Fog-only,fog-1,211
10004,high,clean,Fog-only,fog-2,209
10004,high,clean,Fog-only,fog-3,237
10004,high,clean,Fog-only,fog-4,192
10004,high,clean,Fog-only,fog-5,163
10004,high,clean,Fog-only,fog-6,224
10004,high,clean,Fog-only,fog-7,215
10004,high,clean,Fog-only,fog-8,112
10004,high,clean,DRL-OO,fog-1,248
10004,high,clean,DRL-OO,fog-2,167
10004,high,clean,DRL-OO,fog-3,228
10004,high,clean,DRL-OO,fog-4,137
10004,high,clean,DRL-OO,fog-5,78
10004,high,clean,DRL-OO,fog-6,231
10004,high,clean,DRL-OO,fog-7,206
10004,high,clean,DRL-OO,fog-8,24
10005,high,clean,DT-KF-CostAware,fog-1,234
10005,high,clean,DT-KF-CostAware,fog-2,228
10005,high,clean,DT-KF-CostAware,fog-3,139
10005,high,clean,DT-KF-CostAware,fog-4,234
10005,high,clean,DT-KF-CostAware,fog-5,138
10005,high,clean,DT-KF-CostAware,fog-6,234
10005,high,clean,DT-KF-CostAware,fog-7,139
10005,high,clean,DT-KF-CostAware,fog-8,138
10005,high,clean,DT-OPT,fog-1,232
10005,high,clean,DT-OPT,fog-2,219
10005,high,clean,DT-OPT,fog-3,166
10005,high,clean,DT-OPT,fog-4,212
10005,high,clean,DT-OPT,fog-5,166
10005,high,clean,DT-OPT,fog-6,217
10005,high,clean,DT-OPT,fog-7,175
10005,high,clean,DT-OPT,fog-8,122
10005,high,clean,SemiGreedy,fog-1,257
10005,high,clean,SemiGreedy,fog-2,165
10005,high,clean,SemiGreedy,fog-3,104
10005,high,clean,SemiGreedy,fog-4,306
10005,high,clean,SemiGreedy,fog-5,20
10005,high,clean,SemiGreedy,fog-6,225
10005,high,clean,SemiGreedy,fog-7,66
10005,high,clean,SemiGreedy,fog-8,41
10005,high,clean,Fog-only,fog-1,214
10005,high,clean,Fog-only,fog-2,226
10005,high,clean,Fog-only,fog-3,219
10005,high,clean,Fog-only,fog-4,188
10005,high,clean,Fog-only,fog-5,162
10005,high,clean,Fog-only,fog-6,220
10005,high,clean,Fog-only,fog-7,202
10005,high,clean,Fog-only,fog-8,178
10005,high,clean,DRL-OO,fog-1,243
10005,high,clean,DRL-OO,fog-2,209
10005,high,clean,DRL-OO,fog-3,156
10005,high,clean,DRL-OO,fog-4,251
10005,high,clean,DRL-OO,fog-5,35
10005,high,clean,DRL-OO,fog-6,191
10005,high,clean,DRL-OO,fog-7,112
10005,high,clean,DRL-OO,fog-8,77
10006,high,clean,DT-KF-CostAware,fog-1,135
10006,high,clean,DT-KF-CostAware,fog-2,225
10006,high,clean,DT-KF-CostAware,fog-3,263
10006,high,clean,DT-KF-CostAware,fog-4,135
10006,high,clean,DT-KF-CostAware,fog-5,137
10006,high,clean,DT-KF-CostAware,fog-6,134
10006,high,clean,DT-KF-CostAware,fog-7,265
10006,high,clean,DT-KF-CostAware,fog-8,137
10006,high,clean,DT-OPT,fog-1,164
10006,high,clean,DT-OPT,fog-2,210
10006,high,clean,DT-OPT,fog-3,243
10006,high,clean,DT-OPT,fog-4,88
10006,high,clean,DT-OPT,fog-5,205
10006,high,clean,DT-OPT,fog-6,145
10006,high,clean,DT-OPT,fog-7,229
10006,high,clean,DT-OPT,fog-8,155
10006,high,clean,SemiGreedy,fog-1,49
10006,high,clean,SemiGreedy,fog-2,214
10006,high,clean,SemiGreedy,fog-3,324
10006,high,clean,SemiGreedy,fog-4,13
10006,high,clean,SemiGreedy,fog-5,75
10006,high,clean,SemiGreedy,fog-6,130
10006,high,clean,SemiGreedy,fog-7,293
10006,high,clean,SemiGreedy,fog-8,21
10006,high,clean,Fog-only,fog-1,206
10006,high,clean,Fog-only,fog-2,215
10006,high,clean,Fog-only,fog-3,174
10006,high,clean,Fog-only,fog-4,174
10006,high,clean,Fog-only,fog-5,216
10006,high,clean,Fog-only,fog-6,234
10006,high,clean,Fog-only,fog-7,192
10006,high,clean,Fog-only,fog-8,190
10006,high,clean,DRL-OO,fog-1,72
10006,high,clean,DRL-OO,fog-2,190
10006,high,clean,DRL-OO,fog-3,271
10006,high,clean,DRL-OO,fog-4,26
10006,high,clean,DRL-OO,fog-5,121
10006,high,clean,DRL-OO,fog-6,180
10006,high,clean,DRL-OO,fog-7,259
10006,high,clean,DRL-OO,fog-8,45
10007,high,clean,DT-KF-CostAware,fog-1,236
10007,high,clean,DT-KF-CostAware,fog-2,90
10007,high,clean,DT-KF-CostAware,fog-3,159
10007,high,clean,DT-KF-CostAware,fog-4,234
10007,high,clean,DT-KF-CostAware,fog-5,113
10007,high,clean,DT-KF-CostAware,fog-6,183
10007,high,clean,DT-KF-CostAware,fog-7,233
10007,high,clean,DT-KF-CostAware,fog-8,231
10007,high,clean,DT-OPT,fog-1,232
10007,high,clean,DT-OPT,fog-2,69
10007,high,clean,DT-OPT,fog-3,172
10007,high,clean,DT-OPT,fog-4,227
10007,high,clean,DT-OPT,fog-5,143
10007,high,clean,DT-OPT,fog-6,219
10007,high,clean,DT-OPT,fog-7,215
10007,high,clean,DT-OPT,fog-8,213
10007,high,clean,SemiGreedy,fog-1,196
10007,high,clean,SemiGreedy,fog-2,14
10007,high,clean,SemiGreedy,fog-3,56
10007,high,clean,SemiGreedy,fog-4,275
10007,high,clean,SemiGreedy,fog-5,28
10007,high,clean,SemiGreedy,fog-6,95
10007,high,clean,SemiGreedy,fog-7,198
10007,high,clean,SemiGreedy,fog-8,262
10007,high,clean,Fog-only,fog-1,222
10007,high,clean,Fog-only,fog-2,137
10007,high,clean,Fog-only,fog-3,206
10007,high,clean,Fog-only,fog-4,208
10007,high,clean,Fog-only,fog-5,170
10007,high,clean,Fog-only,fog-6,229
10007,high,clean,Fog-only,fog-7,220
10007,high,clean,Fog-only,fog-8,200
10007,high,clean,DRL-OO,fog-1,234
10007,high,clean,DRL-OO,fog-2,16
10007,high,clean,DRL-OO,fog-3,115
10007,high,clean,DRL-OO,fog-4,238
10007,high,clean,DRL-OO,fog-5,49
10007,high,clean,DRL-OO,fog-6,144
10007,high,clean,DRL-OO,fog-7,232
10007,high,clean,DRL-OO,fog-8,222
10008,high,clean,DT-KF-CostAware,fog-1,244
10008,high,clean,DT-KF-CostAware,fog-2,174
10008,high,clean,DT-KF-CostAware,fog-3,186
10008,high,clean,DT-KF-CostAware,fog-4,128
10008,high,clean,DT-KF-CostAware,fog-5,182
10008,high,clean,DT-KF-CostAware,fog-6,233
10008,high,clean,DT-KF-CostAware,fog-7,220
10008,high,clean,DT-KF-CostAware,fog-8,138
10008,high,clean,DT-OPT,fog-1,229
10008,high,clean,DT-OPT,fog-2,171
10008,high,clean,DT-OPT,fog-3,204
10008,high,clean,DT-OPT,fog-4,98
10008,high,clean,DT-OPT,fog-5,209
10008,high,clean,DT-OPT,fog-6,226
10008,high,clean,DT-OPT,fog-7,221
10008,high,clean,DT-OPT,fog-8,147
10008,high,clean,SemiGreedy,fog-1,305
10008,high,clean,SemiGreedy,fog-2,73
10008,high,clean,SemiGreedy,fog-3,155
10008,high,clean,SemiGreedy,fog-4,15
10008,high,clean,SemiGreedy,fog-5,101
10008,high,clean,SemiGreedy,fog-6,248
10008,high,clean,SemiGreedy,fog-7,217
10008,high,clean,SemiGreedy,fog-8,29
10008,high,clean,Fog-only,fog-1,198
10008,high,clean,Fog-only,fog-2,205
10008,high,clean,Fog-only,fog-3,222
10008,high,clean,Fog-only,fog-4,164
10008,high,clean,Fog-only,fog-5,216
10008,high,clean,Fog-only,fog-6,223
10008,high,clean,Fog-only,fog-7,214
10008,high,clean,Fog-only,fog-8,187
10008,high,clean,DRL-OO,fog-1,237
10008,high,clean,DRL-OO,fog-2,136
10008,high,clean,DRL-OO,fog-3,197
10008,high,clean,DRL-OO,fog-4,27
10008,high,clean,DRL-OO,fog-5,156
10008,high,clean,DRL-OO,fog-6,221
10008,high,clean,DRL-OO,fog-7,232
10008,high,clean,DRL-OO,fog-8,61
10009,high,clean,DT-KF-CostAware,fog-1,215
10009,high,clean,DT-KF-CostAware,fog-2,217
10009,high,clean,DT-KF-CostAware,fog-3,116
10009,high,clean,DT-KF-CostAware,fog-4,116
10009,high,clean,DT-KF-CostAware,fog-5,117
10009,high,clean,DT-KF-CostAware,fog-6,216
10009,high,clean,DT-KF-CostAware,fog-7,214
10009,high,clean,DT-KF-CostAware,fog-8,216
10009,high,clean,DT-OPT,fog-1,219
10009,high,clean,DT-OPT,fog-2,218
10009,high,clean,DT-OPT,fog-3,83
10009,high,clean,DT-OPT,fog-4,115
10009,high,clean,DT-OPT,fog-5,161
10009,high,clean,DT-OPT,fog-6,221
10009,high,clean,DT-OPT,fog-7,204
10009,high,clean,DT-OPT,fog-8,229
10009,high,clean,SemiGreedy,fog-1,248
10009,high,clean,SemiGreedy,fog-2,119
10009,high,clean,SemiGreedy,fog-3,14
10009,high,clean,SemiGreedy,fog-4,53
10009,high,clean,SemiGreedy,fog-5,23
10009,high,clean,SemiGreedy,fog-6,204
10009,high,clean,SemiGreedy,fog-7,163
10009,high,clean,SemiGreedy,fog-8,285
10009,high,clean,Fog-only,fog-1,187
10009,high,clean,Fog-only,fog-2,214
10009,high,clean,Fog-only,fog-3,183
10009,high,clean,Fog-only,fog-4,207
10009,high,clean,Fog-only,fog-5,204
10009,high,clean,Fog-only,fog-6,214
10009,high,clean,Fog-only,fog-7,209
10009,high,clean,Fog-only,fog-8,191
10009,high,clean,DRL-OO,fog-1,225
10009,high,clean,DRL-OO,fog-2,160
10009,high,clean,DRL-OO,fog-3,23
10009,high,clean,DRL-OO,fog-4,92
10009,high,clean,DRL-OO,fog-5,46
10009,high,clean,DRL-OO,fog-6,198
10009,high,clean,DRL-OO,fog-7,196
10009,high,clean,DRL-OO,fog-8,232
10010,high,clean,DT-KF-CostAware,fog-1,227
10010,high,clean,DT-KF-CostAware,fog-2,123
10010,high,clean,DT-KF-CostAware,fog-3,124
10010,high,clean,DT-KF-CostAware,fog-4,225
10010,high,clean,DT-KF-CostAware,fog-5,210
10010,high,clean,DT-KF-CostAware,fog-6,225
10010,high,clean,DT-KF-CostAware,fog-7,143
10010,high,clean,DT-KF-CostAware,fog-8,230
10010,high,clean,DT-OPT,fog-1,225
10010,high,clean,DT-OPT,fog-2,147
10010,high,clean,DT-OPT,fog-3,90
10010,high,clean,DT-OPT,fog-4,223
10010,high,clean,DT-OPT,fog-5,211
10010,high,clean,DT-OPT,fog-6,211
10010,high,clean,DT-OPT,fog-7,202
10010,high,clean,DT-OPT,fog-8,214
10010,high,clean,SemiGreedy,fog-1,293
10010,high,clean,SemiGreedy,fog-2,29
10010,high,clean,SemiGreedy,fog-3,11
10010,high,clean,SemiGreedy,fog-4,222
10010,high,clean,SemiGreedy,fog-5,115
10010,high,clean,SemiGreedy,fog-6,256
10010,high,clean,SemiGreedy,fog-7,57
10010,high,clean,SemiGreedy,fog-8,177
10010,high,clean,Fog-only,fog-1,196
10010,high,clean,Fog-only,fog-2,184
10010,high,clean,Fog-only,fog-3,154
10010,high,clean,Fog-only,fog-4,202
10010,high,clean,Fog-only,fog-5,217
10010,high,clean,Fog-only,fog-6,221
10010,high,clean,Fog-only,fog-7,203
10010,high,clean,Fog-only,fog-8,237
10010,high,clean,DRL-OO,fog-1,272
10010,high,clean,DRL-OO,fog-2,66
10010,high,clean,DRL-OO,fog-3,23
10010,high,clean,DRL-OO,fog-4,189
10010,high,clean,DRL-OO,fog-5,170
10010,high,clean,DRL-OO,fog-6,241
10010,high,clean,DRL-OO,fog-7,134
10010,high,clean,DRL-OO,fog-8,192
10011,high,clean,DT-KF-CostAware,fog-1,207
10011,high,clean,DT-KF-CostAware,fog-2,222
10011,high,clean,DT-KF-CostAware,fog-3,132
10011,high,clean,DT-KF-CostAware,fog-4,273
10011,high,clean,DT-KF-CostAware,fog-5,222
10011,high,clean,DT-KF-CostAware,fog-6,131
10011,high,clean,DT-KF-CostAware,fog-7,135
10011,high,clean,DT-KF-CostAware,fog-8,131
10011,high,clean,DT-OPT,fog-1,195
10011,high,clean,DT-OPT,fog-2,223
10011,high,clean,DT-OPT,fog-3,104
10011,high,clean,DT-OPT,fog-4,246
10011,high,clean,DT-OPT,fog-5,223
10011,high,clean,DT-OPT,fog-6,190
10011,high,clean,DT-OPT,fog-7,109
10011,high,clean,DT-OPT,fog-8,140
10011,high,clean,SemiGreedy,fog-1,163
10011,high,clean,SemiGreedy,fog-2,198
10011,high,clean,SemiGreedy,fog-3,35
10011,high,clean,SemiGreedy,fog-4,318
10011,high,clean,SemiGreedy,fog-5,250
10011,high,clean,SemiGreedy,fog-6,95
10011,high,clean,SemiGreedy,fog-7,13
10011,high,clean,SemiGreedy,fog-8,56
10011,high,clean,Fog-only,fog-1,203
10011,high,clean,Fog-only,fog-2,213
10011,high,clean,Fog-only,fog-3,202
10011,high,clean,Fog-only,fog-4,194
10011,high,clean,Fog-only,fog-5,206
10011,high,clean,Fog-only,fog-6,238
10011,high,clean,Fog-only,fog-7,179
10011,high,clean,Fog-only,fog-8,211
10011,high,clean,DRL-OO,fog-1,182
10011,high,clean,DRL-OO,fog-2,211
10011,high,clean,DRL-OO,fog-3,42
10011,high,clean,DRL-OO,fog-4,256
10011,high,clean,DRL-OO,fog-5,232
10011,high,clean,DRL-OO,fog-6,141
10011,high,clean,DRL-OO,fog-7,34
10011,high,clean,DRL-OO,fog-8,76
10012,high,clean,DT-KF-CostAware,fog-1,169
10012,high,clean,DT-KF-CostAware,fog-2,60
10012,high,clean,DT-KF-CostAware,fog-3,218
10012,high,clean,DT-KF-CostAware,fog-4,218
10012,high,clean,DT-KF-CostAware,fog-5,180
10012,high,clean,DT-KF-CostAware,fog-6,218
10012,high,clean,DT-KF-CostAware,fog-7,170
10012,high,clean,DT-KF-CostAware,fog-8,213
10012,high,clean,DT-OPT,fog-1,141
10012,high,clean,DT-OPT,fog-2,76
10012,high,clean,DT-OPT,fog-3,197
10012,high,clean,DT-OPT,fog-4,219
10012,high,clean,DT-OPT,fog-5,215
10012,high,clean,DT-OPT,fog-6,234
10012,high,clean,DT-OPT,fog-7,156
10012,high,clean,DT-OPT,fog-8,212
10012,high,clean,SemiGreedy,fog-1,63
10012,high,clean,SemiGreedy,fog-2,6
10012,high,clean,SemiGreedy,fog-3,247
10012,high,clean,SemiGreedy,fog-4,289
10012,high,clean,SemiGreedy,fog-5,98
10012,high,clean,SemiGreedy,fog-6,168
10012,high,clean,SemiGreedy,fog-7,31
10012,high,clean,SemiGreedy,fog-8,229
10012,high,clean,Fog-only,fog-1,207
10012,high,clean,Fog-only,fog-2,132
10012,high,clean,Fog-only,fog-3,214
10012,high,clean,Fog-only,fog-4,212
10012,high,clean,Fog-only,fog-5,222
10012,high,clean,Fog-only,fog-6,213
10012,high,clean,Fog-only,fog-7,183
10012,high,clean,Fog-only,fog-8,206
10012,high,clean,DRL-OO,fog-1,129
10012,high,clean,DRL-OO,fog-2,8
10012,high,clean,DRL-OO,fog-3,234
10012,high,clean,DRL-OO,fog-4,278
10012,high,clean,DRL-OO,fog-5,153
10012,high,clean,DRL-OO,fog-6,174
10012,high,clean,DRL-OO,fog-7,61
10012,high,clean,DRL-OO,fog-8,191
10013,high,clean,DT-KF-CostAware,fog-1,155
10013,high,clean,DT-KF-CostAware,fog-2,153
10013,high,clean,DT-KF-CostAware,fog-3,118
10013,high,clean,DT-KF-CostAware,fog-4,156
10013,high,clean,DT-KF-CostAware,fog-5,270
10013,high,clean,DT-KF-CostAware,fog-6,153
10013,high,clean,DT-KF-CostAware,fog-7,153
10013,high,clean,DT-KF-CostAware,fog-8,248
10013,high,clean,DT-OPT,fog-1,174
10013,high,clean,DT-OPT,fog-2,215
10013,high,clean,DT-OPT,fog-3,80
10013,high,clean,DT-OPT,fog-4,111
10013,high,clean,DT-OPT,fog-5,227
10013,high,clean,DT-OPT,fog-6,202
10013,high,clean,DT-OPT,fog-7,164
10013,high,clean,DT-OPT,fog-8,235
10013,high,clean,SemiGreedy,fog-1,51
10013,high,clean,SemiGreedy,fog-2,176
10013,high,clean,SemiGreedy,fog-3,23
10013,high,clean,SemiGreedy,fog-4,42
10013,high,clean,SemiGreedy,fog-5,323
10013,high,clean,SemiGreedy,fog-6,127
10013,high,clean,SemiGreedy,fog-7,91
10013,high,clean,SemiGreedy,fog-8,270
10013,high,clean,Fog-only,fog-1,202
10013,high,clean,Fog-only,fog-2,212
10013,high,clean,Fog-only,fog-3,196
10013,high,clean,Fog-only,fog-4,197
10013,high,clean,Fog-only,fog-5,178
10013,high,clean,Fog-only,fog-6,217
10013,high,clean,Fog-only,fog-7,223
10013,high,clean,Fog-only,fog-8,187
10013,high,clean,DRL-OO,fog-1,61
10013,high,clean,DRL-OO,fog-2,204
10013,high,clean,DRL-OO,fog-3,30
10013,high,clean,DRL-OO,fog-4,53
10013,high,clean,DRL-OO,fog-5,246
10013,high,clean,DRL-OO,fog-6,155
10013,high,clean,DRL-OO,fog-7,120
10013,high,clean,DRL-OO,fog-8,242
10014,high,clean,DT-KF-CostAware,fog-1,198
10014,high,clean,DT-KF-CostAware,fog-2,200
10014,high,clean,DT-KF-CostAware,fog-3,148
10014,high,clean,DT-KF-CostAware,fog-4,199
10014,high,clean,DT-KF-CostAware,fog-5,202
10014,high,clean,DT-KF-CostAware,fog-6,149
10014,high,clean,DT-KF-CostAware,fog-7,134
10014,high,clean,DT-KF-CostAware,fog-8,199
10014,high,clean,DT-OPT,fog-1,179
10014,high,clean,DT-OPT,fog-2,224
10014,high,clean,DT-OPT,fog-3,175
10014,high,clean,DT-OPT,fog-4,195
10014,high,clean,DT-OPT,fog-5,221
10014,high,clean,DT-OPT,fog-6,123
10014,high,clean,DT-OPT,fog-7,120
10014,high,clean,DT-OPT,fog-8,209
10014,high,clean,SemiGreedy,fog-1,239
10014,high,clean,SemiGreedy,fog-2,123
10014,high,clean,SemiGreedy,fog-3,41
10014,high,clean,SemiGreedy,fog-4,198
10014,high,clean,SemiGreedy,fog-5,285
10014,high,clean,SemiGreedy,fog-6,63
10014,high,clean,SemiGreedy,fog-7,26
10014,high,clean,SemiGreedy,fog-8,159
10014,high,clean,Fog-only,fog-1,209
10014,high,clean,Fog-only,fog-2,192
10014,high,clean,Fog-only,fog-3,214
10014,high,clean,Fog-only,fog-4,200
10014,high,clean,Fog-only,fog-5,186
10014,high,clean,Fog-only,fog-6,206
10014,high,clean,Fog-only,fog-7,195
10014,high,clean,Fog-only,fog-8,212
10014,high,clean,DRL-OO,fog-1,222
10014,high,clean,DRL-OO,fog-2,157
10014,high,clean,DRL-OO,fog-3,72
10014,high,clean,DRL-OO,fog-4,206
10014,high,clean,DRL-OO,fog-5,240
10014,high,clean,DRL-OO,fog-6,108
10014,high,clean,DRL-OO,fog-7,42
10014,high,clean,DRL-OO,fog-8,175
10015,high,clean,DT-KF-CostAware,fog-1,223
10015,high,clean,DT-KF-CostAware,fog-2,150
10015,high,clean,DT-KF-CostAware,fog-3,218
10015,high,clean,DT-KF-CostAware,fog-4,188
10015,high,clean,DT-KF-CostAware,fog-5,117
10015,high,clean,DT-KF-CostAware,fog-6,113
10015,high,clean,DT-KF-CostAware,fog-7,250
10015,high,clean,DT-KF-CostAware,fog-8,215
10015,high,clean,DT-OPT,fog-1,225
10015,high,clean,DT-OPT,fog-2,183
10015,high,clean,DT-OPT,fog-3,214
10015,high,clean,DT-OPT,fog-4,189
10015,high,clean,DT-OPT,fog-5,110
10015,high,clean,DT-OPT,fog-6,90
10015,high,clean,DT-OPT,fog-7,242
10015,high,clean,DT-OPT,fog-8,222
10015,high,clean,SemiGreedy,fog-1,155
10015,high,clean,SemiGreedy,fog-2,56
10015,high,clean,SemiGreedy,fog-3,272
10015,high,clean,SemiGreedy,fog-4,108
10015,high,clean,SemiGreedy,fog-5,18
10015,high,clean,SemiGreedy,fog-6,12
10015,high,clean,SemiGreedy,fog-7,319
10015,high,clean,SemiGreedy,fog-8,220
10015,high,clean,Fog-only,fog-1,228
10015,high,clean,Fog-only,fog-2,214
10015,high,clean,Fog-only,fog-3,222
10015,high,clean,Fog-only,fog-4,225
10015,high,clean,Fog-only,fog-5,183
10015,high,clean,Fog-only,fog-6,174
10015,high,clean,Fog-only,fog-7,181
10015,high,clean,Fog-only,fog-8,206
10015,high,clean,DRL-OO,fog-1,201
10015,high,clean,DRL-OO,fog-2,121
10015,high,clean,DRL-OO,fog-3,226
10015,high,clean,DRL-OO,fog-4,160
10015,high,clean,DRL-OO,fog-5,29
10015,high,clean,DRL-OO,fog-6,25
10015,high,clean,DRL-OO,fog-7,256
10015,high,clean,DRL-OO,fog-8,200
10016,high,clean,DT-KF-CostAware,fog-1,216
10016,high,clean,DT-KF-CostAware,fog-2,199
10016,high,clean,DT-KF-CostAware,fog-3,147
10016,high,clean,DT-KF-CostAware,fog-4,151
10016,high,clean,DT-KF-CostAware,fog-5,147
10016,high,clean,DT-KF-CostAware,fog-6,151
10016,high,clean,DT-KF-CostAware,fog-7,229
10016,high,clean,DT-KF-CostAware,fog-8,150
10016,high,clean,DT-OPT,fog-1,217
10016,high,clean,DT-OPT,fog-2,215
10016,high,clean,DT-OPT,fog-3,166
10016,high,clean,DT-OPT,fog-4,106
10016,high,clean,DT-OPT,fog-5,155
10016,high,clean,DT-OPT,fog-6,135
10016,high,clean,DT-OPT,fog-7,202
10016,high,clean,DT-OPT,fog-8,172
10016,high,clean,SemiGreedy,fog-1,228
10016,high,clean,SemiGreedy,fog-2,177
10016,high,clean,SemiGreedy,fog-3,139
10016,high,clean,SemiGreedy,fog-4,29
10016,high,clean,SemiGreedy,fog-5,108
10016,high,clean,SemiGreedy,fog-6,30
10016,high,clean,SemiGreedy,fog-7,268
10016,high,clean,SemiGreedy,fog-8,66
10016,high,clean,Fog-only,fog-1,173
10016,high,clean,Fog-only,fog-2,178
10016,high,clean,Fog-only,fog-3,230
10016,high,clean,Fog-only,fog-4,212
10016,high,clean,Fog-only,fog-5,215
10016,high,clean,Fog-only,fog-6,218
10016,high,clean,Fog-only,fog-7,161
10016,high,clean,Fog-only,fog-8,213
10016,high,clean,DRL-OO,fog-1,217
10016,high,clean,DRL-OO,fog-2,179
10016,high,clean,DRL-OO,fog-3,133
10016,high,clean,DRL-OO,fog-4,56
10016,high,clean,DRL-OO,fog-5,143
10016,high,clean,DRL-OO,fog-6,18
10016,high,clean,DRL-OO,fog-7,208
10016,high,clean,DRL-OO,fog-8,96
10017,high,clean,DT-KF-CostAware,fog-1,249
10017,high,clean,DT-KF-CostAware,fog-2,168
10017,high,clean,DT-KF-CostAware,fog-3,136
10017,high,clean,DT-KF-CostAware,fog-4,209
10017,high,clean,DT-KF-CostAware,fog-5,206
10017,high,clean,DT-KF-CostAware,fog-6,123
10017,high,clean,DT-KF-CostAware,fog-7,208
10017,high,clean,DT-KF-CostAware,fog-8,210
10017,high,clean,DT-OPT,fog-1,222
10017,high,clean,DT-OPT,fog-2,211
10017,high,clean,DT-OPT,fog-3,150
10017,high,clean,DT-OPT,fog-4,227
10017,high,clean,DT-OPT,fog-5,196
10017,high,clean,DT-OPT,fog-6,97
10017,high,clean,DT-OPT,fog-7,229
10017,high,clean,DT-OPT,fog-8,186
10017,high,clean,SemiGreedy,fog-1,301
10017,high,clean,SemiGreedy,fog-2,64
10017,high,clean,SemiGreedy,fog-3,32
10017,high,clean,SemiGreedy,fog-4,246
10017,high,clean,SemiGreedy,fog-5,207
10017,high,clean,SemiGreedy,fog-6,13
10017,high,clean,SemiGreedy,fog-7,164
10017,high,clean,SemiGreedy,fog-8,122
10017,high,clean,Fog-only,fog-1,194
10017,high,clean,Fog-only,fog-2,208
10017,high,clean,Fog-only,fog-3,195
10017,high,clean,Fog-only,fog-4,233
10017,high,clean,Fog-only,fog-5,222
10017,high,clean,Fog-only,fog-6,152
10017,high,clean,Fog-only,fog-7,213
10017,high,clean,Fog-only,fog-8,228
10017,high,clean,DRL-OO,fog-1,244
10017,high,clean,DRL-OO,fog-2,116
10017,high,clean,DRL-OO,fog-3,66
10017,high,clean,DRL-OO,fog-4,229
10017,high,clean,DRL-OO,fog-5,242
10017,high,clean,DRL-OO,fog-6,25
10017,high,clean,DRL-OO,fog-7,208
10017,high,clean,DRL-OO,fog-8,154
10018,high,clean,DT-KF-CostAware,fog-1,214
10018,high,clean,DT-KF-CostAware,fog-2,206
10018,high,clean,DT-KF-CostAware,fog-3,109
10018,high,clean,DT-KF-CostAware,fog-4,210
10018,high,clean,DT-KF-CostAware,fog-5,112
10018,high,clean,DT-KF-CostAware,fog-6,211
10018,high,clean,DT-KF-CostAware,fog-7,112
10018,high,clean,DT-KF-CostAware,fog-8,210
10018,high,clean,DT-OPT,fog-1,212
10018,high,clean,DT-OPT,fog-2,199
10018,high,clean,DT-OPT,fog-3,132
10018,high,clean,DT-OPT,fog-4,217
10018,high,clean,DT-OPT,fog-5,72
10018,high,clean,DT-OPT,fog-6,196
10018,high,clean,DT-OPT,fog-7,140
10018,high,clean,DT-OPT,fog-8,207
10018,high,clean,SemiGreedy,fog-1,273
10018,high,clean,SemiGreedy,fog-2,229
10018,high,clean,SemiGreedy,fog-3,69
10018,high,clean,SemiGreedy,fog-4,121
10018,high,clean,SemiGreedy,fog-5,24
10018,high,clean,SemiGreedy,fog-6,160
10018,high,clean,SemiGreedy,fog-7,47
10018,high,clean,SemiGreedy,fog-8,201
10018,high,clean,Fog-only,fog-1,157
10018,high,clean,Fog-only,fog-2,176
10018,high,clean,Fog-only,fog-3,229
10018,high,clean,Fog-only,fog-4,198
10018,high,clean,Fog-only,fog-5,224
10018,high,clean,Fog-only,fog-6,206
10018,high,clean,Fog-only,fog-7,230
10018,high,clean,Fog-only,fog-8,192
10018,high,clean,DRL-OO,fog-1,219
10018,high,clean,DRL-OO,fog-2,224
10018,high,clean,DRL-OO,fog-3,97
10018,high,clean,DRL-OO,fog-4,137
10018,high,clean,DRL-OO,fog-5,23
10018,high,clean,DRL-OO,fog-6,190
10018,high,clean,DRL-OO,fog-7,63
10018,high,clean,DRL-OO,fog-8,182
10019,high,clean,DT-KF-CostAware,fog-1,153
10019,high,clean,DT-KF-CostAware,fog-2,152
10019,high,clean,DT-KF-CostAware,fog-3,177
10019,high,clean,DT-KF-CostAware,fog-4,254
10019,high,clean,DT-KF-CostAware,fog-5,194
10019,high,clean,DT-KF-CostAware,fog-6,153
10019,high,clean,DT-KF-CostAware,fog-7,179
10019,high,clean,DT-KF-CostAware,fog-8,202
10019,high,clean,DT-OPT,fog-1,182
10019,high,clean,DT-OPT,fog-2,138
10019,high,clean,DT-OPT,fog-3,206
10019,high,clean,DT-OPT,fog-4,231
10019,high,clean,DT-OPT,fog-5,206
10019,high,clean,DT-OPT,fog-6,88
10019,high,clean,DT-OPT,fog-7,201
10019,high,clean,DT-OPT,fog-8,207
10019,high,clean,SemiGreedy,fog-1,57
10019,high,clean,SemiGreedy,fog-2,31
10019,high,clean,SemiGreedy,fog-3,144
10019,high,clean,SemiGreedy,fog-4,301
10019,high,clean,SemiGreedy,fog-5,191
10019,high,clean,SemiGreedy,fog-6,58
10019,high,clean,SemiGreedy,fog-7,114
10019,high,clean,SemiGreedy,fog-8,238
10019,high,clean,Fog-only,fog-1,197
10019,high,clean,Fog-only,fog-2,190
10019,high,clean,Fog-only,fog-3,217
10019,high,clean,Fog-only,fog-4,170
10019,high,clean,Fog-only,fog-5,205
10019,high,clean,Fog-only,fog-6,215
10019,high,clean,Fog-only,fog-7,198
10019,high,clean,Fog-only,fog-8,211
10019,high,clean,DRL-OO,fog-1,111
10019,high,clean,DRL-OO,fog-2,37
10019,high,clean,DRL-OO,fog-3,182
10019,high,clean,DRL-OO,fog-4,230
10019,high,clean,DRL-OO,fog-5,174
10019,high,clean,DRL-OO,fog-6,71
10019,high,clean,DRL-OO,fog-7,162
10019,high,clean,DRL-OO,fog-8,230
10020,high,clean,DT-KF-CostAware,fog-1,235
10020,high,clean,DT-KF-CostAware,fog-2,111
10020,high,clean,DT-KF-CostAware,fog-3,111
10020,high,clean,DT-KF-CostAware,fog-4,236
10020,high,clean,DT-KF-CostAware,fog-5,236
10020,high,clean,DT-KF-CostAware,fog-6,114
10020,high,clean,DT-KF-CostAware,fog-7,232
10020,high,clean,DT-KF-CostAware,fog-8,109
10020,high,clean,DT-OPT,fog-1,221
10020,high,clean,DT-OPT,fog-2,68
10020,high,clean,DT-OPT,fog-3,144
10020,high,clean,DT-OPT,fog-4,231
10020,high,clean,DT-OPT,fog-5,235
10020,high,clean,DT-OPT,fog-6,184
10020,high,clean,DT-OPT,fog-7,225
10020,high,clean,DT-OPT,fog-8,89
10020,high,clean,SemiGreedy,fog-1,214
10020,high,clean,SemiGreedy,fog-2,19
10020,high,clean,SemiGreedy,fog-3,42
10020,high,clean,SemiGreedy,fog-4,298
10020,high,clean,SemiGreedy,fog-5,161
10020,high,clean,SemiGreedy,fog-6,83
10020,high,clean,SemiGreedy,fog-7,219
10020,high,clean,SemiGreedy,fog-8,5
10020,high,clean,Fog-only,fog-1,223
10020,high,clean,Fog-only,fog-2,148
10020,high,clean,Fog-only,fog-3,187
10020,high,clean,Fog-only,fog-4,213
10020,high,clean,Fog-only,fog-5,213
10020,high,clean,Fog-only,fog-6,199
10020,high,clean,Fog-only,fog-7,203
10020,high,clean,Fog-only,fog-8,138
10020,high,clean,DRL-OO,fog-1,213
10020,high,clean,DRL-OO,fog-2,36
10020,high,clean,DRL-OO,fog-3,83
10020,high,clean,DRL-OO,fog-4,271
10020,high,clean,DRL-OO,fog-5,196
10020,high,clean,DRL-OO,fog-6,134
10020,high,clean,DRL-OO,fog-7,210
10020,high,clean,DRL-OO,fog-8,19
10021,high,clean,DT-KF-CostAware,fog-1,217
10021,high,clean,DT-KF-CostAware,fog-2,109
10021,high,clean,DT-KF-CostAware,fog-3,109
10021,high,clean,DT-KF-CostAware,fog-4,233
10021,high,clean,DT-KF-CostAware,fog-5,232
10021,high,clean,DT-KF-CostAware,fog-6,207
10021,high,clean,DT-KF-CostAware,fog-7,250
10021,high,clean,DT-KF-CostAware,fog-8,108
10021,high,clean,DT-OPT,fog-1,223
10021,high,clean,DT-OPT,fog-2,100
10021,high,clean,DT-OPT,fog-3,142
10021,high,clean,DT-OPT,fog-4,245
10021,high,clean,DT-OPT,fog-5,218
10021,high,clean,DT-OPT,fog-6,191
10021,high,clean,DT-OPT,fog-7,241
10021,high,clean,DT-OPT,fog-8,134
10021,high,clean,SemiGreedy,fog-1,145
10021,high,clean,SemiGreedy,fog-2,16
10021,high,clean,SemiGreedy,fog-3,9
10021,high,clean,SemiGreedy,fog-4,279
10021,high,clean,SemiGreedy,fog-5,220
10021,high,clean,SemiGreedy,fog-6,96
10021,high,clean,SemiGreedy,fog-7,316
10021,high,clean,SemiGreedy,fog-8,40
10021,high,clean,Fog-only,fog-1,231
10021,high,clean,Fog-only,fog-2,168
10021,high,clean,Fog-only,fog-3,140
10021,high,clean,Fog-only,fog-4,202
10021,high,clean,Fog-only,fog-5,232
10021,high,clean,Fog-only,fog-6,225
10021,high,clean,Fog-only,fog-7,225
10021,high,clean,Fog-only,fog-8,190
10021,high,clean,DRL-OO,fog-1,178
10021,high,clean,DRL-OO,fog-2,52
10021,high,clean,DRL-OO,fog-3,16
10021,high,clean,DRL-OO,fog-4,245
10021,high,clean,DRL-OO,fog-5,217
10021,high,clean,DRL-OO,fog-6,135
10021,high,clean,DRL-OO,fog-7,281
10021,high,clean,DRL-OO,fog-8,71
10022,high,clean,DT-KF-CostAware,fog-1,139
10022,high,clean,DT-KF-CostAware,fog-2,140
10022,high,clean,DT-KF-CostAware,fog-3,204
10022,high,clean,DT-KF-CostAware,fog-4,141
10022,high,clean,DT-KF-CostAware,fog-5,138
10022,high,clean,DT-KF-CostAware,fog-6,269
10022,high,clean,DT-KF-CostAware,fog-7,145
10022,high,clean,DT-KF-CostAware,fog-8,198
10022,high,clean,DT-OPT,fog-1,118
10022,high,clean,DT-OPT,fog-2,81
10022,high,clean,DT-OPT,fog-3,216
10022,high,clean,DT-OPT,fog-4,152
10022,high,clean,DT-OPT,fog-5,163
10022,high,clean,DT-OPT,fog-6,246
10022,high,clean,DT-OPT,fog-7,193
10022,high,clean,DT-OPT,fog-8,205
10022,high,clean,SemiGreedy,fog-1,45
10022,high,clean,SemiGreedy,fog-2,16
10022,high,clean,SemiGreedy,fog-3,246
10022,high,clean,SemiGreedy,fog-4,38
10022,high,clean,SemiGreedy,fog-5,90
10022,high,clean,SemiGreedy,fog-6,322
10022,high,clean,SemiGreedy,fog-7,115
10022,high,clean,SemiGreedy,fog-8,191
10022,high,clean,Fog-only,fog-1,199
10022,high,clean,Fog-only,fog-2,186
10022,high,clean,Fog-only,fog-3,189
10022,high,clean,Fog-only,fog-4,197
10022,high,clean,Fog-only,fog-5,216
10022,high,clean,Fog-only,fog-6,169
10022,high,clean,Fog-only,fog-7,202
10022,high,clean,Fog-only,fog-8,208
10022,high,clean,DRL-OO,fog-1,73
10022,high,clean,DRL-OO,fog-2,20
10022,high,clean,DRL-OO,fog-3,201
10022,high,clean,DRL-OO,fog-4,46
10022,high,clean,DRL-OO,fog-5,128
10022,high,clean,DRL-OO,fog-6,260
10022,high,clean,DRL-OO,fog-7,149
10022,high,clean,DRL-OO,fog-8,183
10023,high,clean,DT-KF-CostAware,fog-1,118
10023,high,clean,DT-KF-CostAware,fog-2,122
10023,high,clean,DT-KF-CostAware,fog-3,237
10023,high,clean,DT-KF-CostAware,fog-4,236
10023,high,clean,DT-KF-CostAware,fog-5,119
10023,high,clean,DT-KF-CostAware,fog-6,238
10023,high,clean,DT-KF-CostAware,fog-7,239
10023,high,clean,DT-KF-CostAware,fog-8,239
10023,high,clean,DT-OPT,fog-1,119
10023,high,clean,DT-OPT,fog-2,172
10023,high,clean,DT-OPT,fog-3,241
10023,high,clean,DT-OPT,fog-4,239
10023,high,clean,DT-OPT,fog-5,91
10023,high,clean,DT-OPT,fog-6,232
10023,high,clean,DT-OPT,fog-7,254
10023,high,clean,DT-OPT,fog-8,198
10023,high,clean,SemiGreedy,fog-1,31
10023,high,clean,SemiGreedy,fog-2,55
10023,high,clean,SemiGreedy,fog-3,178
10023,high,clean,SemiGreedy,fog-4,300
10023,high,clean,SemiGreedy,fog-5,14
10023,high,clean,SemiGreedy,fog-6,248
10023,high,clean,SemiGreedy,fog-7,239
10023,high,clean,SemiGreedy,fog-8,128
10023,high,clean,Fog-only,fog-1,181
10023,high,clean,Fog-only,fog-2,209
10023,high,clean,Fog-only,fog-3,224
10023,high,clean,Fog-only,fog-4,210
10023,high,clean,Fog-only,fog-5,137
10023,high,clean,Fog-only,fog-6,231
10023,high,clean,Fog-only,fog-7,224
10023,high,clean,Fog-only,fog-8,226
10023,high,clean,DRL-OO,fog-1,57
10023,high,clean,DRL-OO,fog-2,121
10023,high,clean,DRL-OO,fog-3,213
10023,high,clean,DRL-OO,fog-4,251
10023,high,clean,DRL-OO,fog-5,17
10023,high,clean,DRL-OO,fog-6,243
10023,high,clean,DRL-OO,fog-7,251
10023,high,clean,DRL-OO,fog-8,183
10024,high,clean,DT-KF-CostAware,fog-1,196
10024,high,clean,DT-KF-CostAware,fog-2,219
10024,high,clean,DT-KF-CostAware,fog-3,207
10024,high,clean,DT-KF-CostAware,fog-4,89
10024,high,clean,DT-KF-CostAware,fog-5,223
10024,high,clean,DT-KF-CostAware,fog-6,209
10024,high,clean,DT-KF-CostAware,fog-7,202
10024,high,clean,DT-KF-CostAware,fog-8,89
10024,high,clean,DT-OPT,fog-1,199
10024,high,clean,DT-OPT,fog-2,218
10024,high,clean,DT-OPT,fog-3,209
10024,high,clean,DT-OPT,fog-4,94
10024,high,clean,DT-OPT,fog-5,231
10024,high,clean,DT-OPT,fog-6,214
10024,high,clean,DT-OPT,fog-7,180
10024,high,clean,DT-OPT,fog-8,74
10024,high,clean,SemiGreedy,fog-1,96
10024,high,clean,SemiGreedy,fog-2,250
10024,high,clean,SemiGreedy,fog-3,188
10024,high,clean,SemiGreedy,fog-4,30
10024,high,clean,SemiGreedy,fog-5,274
10024,high,clean,SemiGreedy,fog-6,153
10024,high,clean,SemiGreedy,fog-7,95
10024,high,clean,SemiGreedy,fog-8,17
10024,high,clean,Fog-only,fog-1,221
10024,high,clean,Fog-only,fog-2,178
10024,high,clean,Fog-only,fog-3,193
10024,high,clean,Fog-only,fog-4,208
10024,high,clean,Fog-only,fog-5,185
10024,high,clean,Fog-only,fog-6,231
10024,high,clean,Fog-only,fog-7,209
10024,high,clean,Fog-only,fog-8,202
10024,high,clean,DRL-OO,fog-1,132
10024,high,clean,DRL-OO,fog-2,211
10024,high,clean,DRL-OO,fog-3,217
10024,high,clean,DRL-OO,fog-4,45
10024,high,clean,DRL-OO,fog-5,243
10024,high,clean,DRL-OO,fog-6,185
10024,high,clean,DRL-OO,fog-7,126
10024,high,clean,DRL-OO,fog-8,18
10025,high,clean,DT-KF-CostAware,fog-1,225
10025,high,clean,DT-KF-CostAware,fog-2,226
10025,high,clean,DT-KF-CostAware,fog-3,224
10025,high,clean,DT-KF-CostAware,fog-4,90
10025,high,clean,DT-KF-CostAware,fog-5,154
10025,high,clean,DT-KF-CostAware,fog-6,160
10025,high,clean,DT-KF-CostAware,fog-7,227
10025,high,clean,DT-KF-CostAware,fog-8,223
10025,high,clean,DT-OPT,fog-1,209
10025,high,clean,DT-OPT,fog-2,222
10025,high,clean,DT-OPT,fog-3,219
10025,high,clean,DT-OPT,fog-4,122
10025,high,clean,DT-OPT,fog-5,185
10025,high,clean,DT-OPT,fog-6,128
10025,high,clean,DT-OPT,fog-7,248
10025,high,clean,DT-OPT,fog-8,224
10025,high,clean,SemiGreedy,fog-1,123
10025,high,clean,SemiGreedy,fog-2,293
10025,high,clean,SemiGreedy,fog-3,225
10025,high,clean,SemiGreedy,fog-4,7
10025,high,clean,SemiGreedy,fog-5,35
10025,high,clean,SemiGreedy,fog-6,70
10025,high,clean,SemiGreedy,fog-7,278
10025,high,clean,SemiGreedy,fog-8,167
10025,high,clean,Fog-only,fog-1,231
10025,high,clean,Fog-only,fog-2,213
10025,high,clean,Fog-only,fog-3,239
10025,high,clean,Fog-only,fog-4,121
10025,high,clean,Fog-only,fog-5,185
10025,high,clean,Fog-only,fog-6,203
10025,high,clean,Fog-only,fog-7,213
10025,high,clean,Fog-only,fog-8,231
10025,high,clean,DRL-OO,fog-1,197
10025,high,clean,DRL-OO,fog-2,264
10025,high,clean,DRL-OO,fog-3,231
10025,high,clean,DRL-OO,fog-4,30
10025,high,clean,DRL-OO,fog-5,93
10025,high,clean,DRL-OO,fog-6,106
10025,high,clean,DRL-OO,fog-7,249
10025,high,clean,DRL-OO,fog-8,184
10026,high,clean,DT-KF-CostAware,fog-1,246
10026,high,clean,DT-KF-CostAware,fog-2,252
10026,high,clean,DT-KF-CostAware,fog-3,159
10026,high,clean,DT-KF-CostAware,fog-4,159
10026,high,clean,DT-KF-CostAware,fog-5,204
10026,high,clean,DT-KF-CostAware,fog-6,158
10026,high,clean,DT-KF-CostAware,fog-7,157
10026,high,clean,DT-KF-CostAware,fog-8,172
10026,high,clean,DT-OPT,fog-1,236
10026,high,clean,DT-OPT,fog-2,241
10026,high,clean,DT-OPT,fog-3,189
10026,high,clean,DT-OPT,fog-4,136
10026,high,clean,DT-OPT,fog-5,218
10026,high,clean,DT-OPT,fog-6,111
10026,high,clean,DT-OPT,fog-7,196
10026,high,clean,DT-OPT,fog-8,203
10026,high,clean,SemiGreedy,fog-1,264
10026,high,clean,SemiGreedy,fog-2,312
10026,high,clean,SemiGreedy,fog-3,22
10026,high,clean,SemiGreedy,fog-4,90
10026,high,clean,SemiGreedy,fog-5,207
10026,high,clean,SemiGreedy,fog-6,36
10026,high,clean,SemiGreedy,fog-7,57
10026,high,clean,SemiGreedy,fog-8,158
10026,high,clean,Fog-only,fog-1,201
10026,high,clean,Fog-only,fog-2,212
10026,high,clean,Fog-only,fog-3,158
10026,high,clean,Fog-only,fog-4,229
10026,high,clean,Fog-only,fog-5,229
10026,high,clean,Fog-only,fog-6,179
10026,high,clean,Fog-only,fog-7,199
10026,high,clean,Fog-only,fog-8,216
10026,high,clean,DRL-OO,fog-1,201
10026,high,clean,DRL-OO,fog-2,238
10026,high,clean,DRL-OO,fog-3,54
10026,high,clean,DRL-OO,fog-4,171
10026,high,clean,DRL-OO,fog-5,237
10026,high,clean,DRL-OO,fog-6,69
10026,high,clean,DRL-OO,fog-7,95
10026,high,clean,DRL-OO,fog-8,202
10027,high,clean,DT-KF-CostAware,fog-1,145
10027,high,clean,DT-KF-CostAware,fog-2,241
10027,high,clean,DT-KF-CostAware,fog-3,132
10027,high,clean,DT-KF-CostAware,fog-4,240
10027,high,clean,DT-KF-CostAware,fog-5,232
10027,high,clean,DT-KF-CostAware,fog-6,52
10027,high,clean,DT-KF-CostAware,fog-7,237
10027,high,clean,DT-KF-CostAware,fog-8,237
10027,high,clean,DT-OPT,fog-1,158
10027,high,clean,DT-OPT,fog-2,213
10027,high,clean,DT-OPT,fog-3,135
10027,high,clean,DT-OPT,fog-4,231
10027,high,clean,DT-OPT,fog-5,237
10027,high,clean,DT-OPT,fog-6,56
10027,high,clean,DT-OPT,fog-7,231
10027,high,clean,DT-OPT,fog-8,269
10027,high,clean,SemiGreedy,fog-1,57
10027,high,clean,SemiGreedy,fog-2,130
10027,high,clean,SemiGreedy,fog-3,29
10027,high,clean,SemiGreedy,fog-4,159
10027,high,clean,SemiGreedy,fog-5,260
10027,high,clean,SemiGreedy,fog-6,5
10027,high,clean,SemiGreedy,fog-7,222
10027,high,clean,SemiGreedy,fog-8,296
10027,high,clean,Fog-only,fog-1,191
10027,high,clean,Fog-only,fog-2,227
10027,high,clean,Fog-only,fog-3,158
10027,high,clean,Fog-only,fog-4,224
10027,high,clean,Fog-only,fog-5,224
10027,high,clean,Fog-only,fog-6,96
10027,high,clean,Fog-only,fog-7,243
10027,high,clean,Fog-only,fog-8,241
10027,high,clean,DRL-OO,fog-1,131
10027,high,clean,DRL-OO,fog-2,186
10027,high,clean,DRL-OO,fog-3,66
10027,high,clean,DRL-OO,fog-4,201
10027,high,clean,DRL-OO,fog-5,263
10027,high,clean,DRL-OO,fog-6,14
10027,high,clean,DRL-OO,fog-7,235
10027,high,clean,DRL-OO,fog-8,236
10028,high,clean,DT-KF-CostAware,fog-1,129
10028,high,clean,DT-KF-CostAware,fog-2,248
10028,high,clean,DT-KF-CostAware,fog-3,129
10028,high,clean,DT-KF-CostAware,fog-4,200
10028,high,clean,DT-KF-CostAware,fog-5,128
10028,high,clean,DT-KF-CostAware,fog-6,250
10028,high,clean,DT-KF-CostAware,fog-7,180
10028,high,clean,DT-KF-CostAware,fog-8,251
10028,high,clean,DT-OPT,fog-1,135
10028,high,clean,DT-OPT,fog-2,236
10028,high,clean,DT-OPT,fog-3,144
10028,high,clean,DT-OPT,fog-4,227
10028,high,clean,DT-OPT,fog-5,91
10028,high,clean,DT-OPT,fog-6,234
10028,high,clean,DT-OPT,fog-7,218
10028,high,clean,DT-OPT,fog-8,238
10028,high,clean,SemiGreedy,fog-1,15
10028,high,clean,SemiGreedy,fog-2,241
10028,high,clean,SemiGreedy,fog-3,32
10028,high,clean,SemiGreedy,fog-4,154
10028,high,clean,SemiGreedy,fog-5,52
10028,high,clean,SemiGreedy,fog-6,269
10028,high,clean,SemiGreedy,fog-7,101
10028,high,clean,SemiGreedy,fog-8,307
10028,high,clean,Fog-only,fog-1,162
10028,high,clean,Fog-only,fog-2,208
10028,high,clean,Fog-only,fog-3,182
10028,high,clean,Fog-only,fog-4,242
10028,high,clean,Fog-only,fog-5,193
10028,high,clean,Fog-only,fog-6,209
10028,high,clean,Fog-only,fog-7,211
10028,high,clean,Fog-only,fog-8,220
10028,high,clean,DRL-OO,fog-1,44
10028,high,clean,DRL-OO,fog-2,260
10028,high,clean,DRL-OO,fog-3,87
10028,high,clean,DRL-OO,fog-4,165
10028,high,clean,DRL-OO,fog-5,75
10028,high,clean,DRL-OO,fog-6,246
10028,high,clean,DRL-OO,fog-7,150
10028,high,clean,DRL-OO,fog-8,275
10029,high,clean,DT-KF-CostAware,fog-1,106
10029,high,clean,DT-KF-CostAware,fog-2,106
10029,high,clean,DT-KF-CostAware,fog-3,244
10029,high,clean,DT-KF-CostAware,fog-4,252
10029,high,clean,DT-KF-CostAware,fog-5,106
10029,high,clean,DT-KF-CostAware,fog-6,106
10029,high,clean,DT-KF-CostAware,fog-7,242
10029,high,clean,DT-KF-CostAware,fog-8,251
10029,high,clean,DT-OPT,fog-1,132
10029,high,clean,DT-OPT,fog-2,110
10029,high,clean,DT-OPT,fog-3,238
10029,high,clean,DT-OPT,fog-4,254
10029,high,clean,DT-OPT,fog-5,148
10029,high,clean,DT-OPT,fog-6,64
10029,high,clean,DT-OPT,fog-7,228
10029,high,clean,DT-OPT,fog-8,242
10029,high,clean,SemiGreedy,fog-1,27
10029,high,clean,SemiGreedy,fog-2,19
10029,high,clean,SemiGreedy,fog-3,194
10029,high,clean,SemiGreedy,fog-4,273
10029,high,clean,SemiGreedy,fog-5,73
10029,high,clean,SemiGreedy,fog-6,22
10029,high,clean,SemiGreedy,fog-7,213
10029,high,clean,SemiGreedy,fog-8,278
10029,high,clean,Fog-only,fog-1,192
10029,high,clean,Fog-only,fog-2,190
10029,high,clean,Fog-only,fog-3,224
10029,high,clean,Fog-only,fog-4,209
10029,high,clean,Fog-only,fog-5,213
10029,high,clean,Fog-only,fog-6,186
10029,high,clean,Fog-only,fog-7,222
10029,high,clean,Fog-only,fog-8,198
10029,high,clean,DRL-OO,fog-1,17
10029,high,clean,DRL-OO,fog-2,47
10029,high,clean,DRL-OO,fog-3,244
10029,high,clean,DRL-OO,fog-4,251
10029,high,clean,DRL-OO,fog-5,86
10029,high,clean,DRL-OO,fog-6,28
10029,high,clean,DRL-OO,fog-7,200
10029,high,clean,DRL-OO,fog-8,228
10000,low,moderate,DT-KF-CostAware,fog-1,2
10000,low,moderate,DT-KF-CostAware,fog-2,0
10000,low,moderate,DT-KF-CostAware,fog-3,108
10000,low,moderate,DT-KF-CostAware,fog-4,43
10000,low,moderate,DT-KF-CostAware,fog-5,107
10000,low,moderate,DT-KF-CostAware,fog-6,103
10000,low,moderate,DT-KF-CostAware,fog-7,83
10000,low,moderate,DT-KF-CostAware,fog-8,3
10000,low,moderate,DT-OPT,fog-1,1
10000,low,moderate,DT-OPT,fog-2,0
10000,low,moderate,DT-OPT,fog-3,221
10000,low,moderate,DT-OPT,fog-4,15
10000,low,moderate,DT-OPT,fog-5,144
10000,low,moderate,DT-OPT,fog-6,53
10000,low,moderate,DT-OPT,fog-7,18
10000,low,moderate,DT-OPT,fog-8,0
10000,low,moderate,SemiGreedy,fog-1,0
10000,low,moderate,SemiGreedy,fog-2,0
10000,low,moderate,SemiGreedy,fog-3,57
10000,low,moderate,SemiGreedy,fog-4,0
10000,low,moderate,SemiGreedy,fog-5,2
10000,low,moderate,SemiGreedy,fog-6,199
10000,low,moderate,SemiGreedy,fog-7,2
10000,low,moderate,SemiGreedy,fog-8,0
10000,low,moderate,Fog-only,fog-1,0
10000,low,moderate,Fog-only,fog-2,0
10000,low,moderate,Fog-only,fog-3,139
10000,low,moderate,Fog-only,fog-4,4
10000,low,moderate,Fog-only,fog-5,15
10000,low,moderate,Fog-only,fog-6,238
10000,low,moderate,Fog-only,fog-7,55
10000,low,moderate,Fog-only,fog-8,1
10000,low,moderate,DRL-OO,fog-1,0
10000,low,moderate,DRL-OO,fog-2,0
10000,low,moderate,DRL-OO,fog-3,217
10000,low,moderate,DRL-OO,fog-4,3
10000,low,moderate,DRL-OO,fog-5,87
10000,low,moderate,DRL-OO,fog-6,121
10000,low,moderate,DRL-OO,fog-7,23
10000,low,moderate,DRL-OO,fog-8,1
10001,low,moderate,DT-KF-CostAware,fog-1,26
10001,low,moderate,DT-KF-CostAware,fog-2,8
10001,low,moderate,DT-KF-CostAware,fog-3,100
10001,low,moderate,DT-KF-CostAware,fog-4,100
10001,low,moderate,DT-KF-CostAware,fog-5,100
10001,low,moderate,DT-KF-CostAware,fog-6,4
10001,low,moderate,DT-KF-CostAware,fog-7,1
10001,low,moderate,DT-KF-CostAware,fog-8,100
10001,low,moderate,DT-OPT,fog-1,30
10001,low,moderate,DT-OPT,fog-2,7
10001,low,moderate,DT-OPT,fog-3,197
10001,low,moderate,DT-OPT,fog-4,33
10001,low,moderate,DT-OPT,fog-5,146
10001,low,moderate,DT-OPT,fog-6,0
10001,low,moderate,DT-OPT,fog-7,22
10001,low,moderate,DT-OPT,fog-8,5
10001,low,moderate,SemiGreedy,fog-1,0
10001,low,moderate,SemiGreedy,fog-2,0
10001,low,moderate,SemiGreedy,fog-3,136
10001,low,moderate,SemiGreedy,fog-4,7
10001,low,moderate,SemiGreedy,fog-5,110
10001,low,moderate,SemiGreedy,fog-6,0
10001,low,moderate,SemiGreedy,fog-7,0
10001,low,moderate,SemiGreedy,fog-8,3
10001,low,moderate,Fog-only,fog-1,3
10001,low,moderate,Fog-only,fog-2,1
10001,low,moderate,Fog-only,fog-3,197
10001,low,moderate,Fog-only,fog-4,57
10001,low,moderate,Fog-only,fog-5,166
10001,low,moderate,Fog-only,fog-6,0
10001,low,moderate,Fog-only,fog-7,0
10001,low,moderate,Fog-only,fog-8,16
10001,low,moderate,DRL-OO,fog-1,1
10001,low,moderate,DRL-OO,fog-2,4
10001,low,moderate,DRL-OO,fog-3,95
10001,low,moderate,DRL-OO,fog-4,16
10001,low,moderate,DRL-OO,fog-5,233
10001,low,moderate,DRL-OO,fog-6,0
10001,low,moderate,DRL-OO,fog-7,14
10001,low,moderate,DRL-OO,fog-8,77
10002,low,moderate,DT-KF-CostAware,fog-1,17
10002,low,moderate,DT-KF-CostAware,fog-2,16
10002,low,moderate,DT-KF-CostAware,fog-3,113
10002,low,moderate,DT-KF-CostAware,fog-4,132
10002,low,moderate,DT-KF-CostAware,fog-5,18
10002,low,moderate,DT-KF-CostAware,fog-6,16
10002,low,moderate,DT-KF-CostAware,fog-7,131
10002,low,moderate,DT-KF-CostAware,fog-8,18
10002,low,moderate,DT-OPT,fog-1,43
10002,low,moderate,DT-OPT,fog-2,1
10002,low,moderate,DT-OPT,fog-3,3
10002,low,moderate,DT-OPT,fog-4,231
10002,low,moderate,DT-OPT,fog-5,0
10002,low,moderate,DT-OPT,fog-6,4
10002,low,moderate,DT-OPT,fog-7,89
10002,low,moderate,DT-OPT,fog-8,91
10002,low,moderate,SemiGreedy,fog-1,0
10002,low,moderate,SemiGreedy,fog-2,0
10002,low,moderate,SemiGreedy,fog-3,16
10002,low,moderate,SemiGreedy,fog-4,66
10002,low,moderate,SemiGreedy,fog-5,2
10002,low,moderate,SemiGreedy,fog-6,2
10002,low,moderate,SemiGreedy,fog-7,197
10002,low,moderate,SemiGreedy,fog-8,0
10002,low,moderate,Fog-only,fog-1,1
10002,low,moderate,Fog-only,fog-2,1
10002,low,moderate,Fog-only,fog-3,66
10002,low,moderate,Fog-only,fog-4,136
10002,low,moderate,Fog-only,fog-5,18
10002,low,moderate,Fog-only,fog-6,14
10002,low,moderate,Fog-only,fog-7,226
10002,low,moderate,Fog-only,fog-8,2
10002,low,moderate,DRL-OO,fog-1,11
10002,low,moderate,DRL-OO,fog-2,1
10002,low,moderate,DRL-OO,fog-3,8
10002,low,moderate,DRL-OO,fog-4,209
10002,low,moderate,DRL-OO,fog-5,0
10002,low,moderate,DRL-OO,fog-6,20
10002,low,moderate,DRL-OO,fog-7,157
10002,low,moderate,DRL-OO,fog-8,57
10003,low,moderate,DT-KF-CostAware,fog-1,0
10003,low,moderate,DT-KF-CostAware,fog-2,62
10003,low,moderate,DT-KF-CostAware,fog-3,62
10003,low,moderate,DT-KF-CostAware,fog-4,63
10003,low,moderate,DT-KF-CostAware,fog-5,62
10003,low,moderate,DT-KF-CostAware,fog-6,62
10003,low,moderate,DT-KF-CostAware,fog-7,63
10003,low,moderate,DT-KF-CostAware,fog-8,63
10003,low,moderate,DT-OPT,fog-1,3
10003,low,moderate,DT-OPT,fog-2,34
10003,low,moderate,DT-OPT,fog-3,202
10003,low,moderate,DT-OPT,fog-4,161
10003,low,moderate,DT-OPT,fog-5,29
10003,low,moderate,DT-OPT,fog-6,7
10003,low,moderate,DT-OPT,fog-7,1
10003,low,moderate,DT-OPT,fog-8,1
10003,low,moderate,SemiGreedy,fog-1,0
10003,low,moderate,SemiGreedy,fog-2,109
10003,low,moderate,SemiGreedy,fog-3,0
10003,low,moderate,SemiGreedy,fog-4,123
10003,low,moderate,SemiGreedy,fog-5,14
10003,low,moderate,SemiGreedy,fog-6,0
10003,low,moderate,SemiGreedy,fog-7,0
10003,low,moderate,SemiGreedy,fog-8,7
10003,low,moderate,Fog-only,fog-1,0
10003,low,moderate,Fog-only,fog-2,165
10003,low,moderate,Fog-only,fog-3,3
10003,low,moderate,Fog-only,fog-4,178
10003,low,moderate,Fog-only,fog-5,41
10003,low,moderate,Fog-only,fog-6,0
10003,low,moderate,Fog-only,fog-7,2
10003,low,moderate,Fog-only,fog-8,49
10003,low,moderate,DRL-OO,fog-1,1
10003,low,moderate,DRL-OO,fog-2,5
10003,low,moderate,DRL-OO,fog-3,128
10003,low,moderate,DRL-OO,fog-4,227
10003,low,moderate,DRL-OO,fog-5,61
10003,low,moderate,DRL-OO,fog-6,3
10003,low,moderate,DRL-OO,fog-7,8
10003,low,moderate,DRL-OO,fog-8,5
10004,low,moderate,DT-KF-CostAware,fog-1,76
10004,low,moderate,DT-KF-CostAware,fog-2,75
10004,low,moderate,DT-KF-CostAware,fog-3,76
10004,low,moderate,DT-KF-CostAware,fog-4,75
10004,low,moderate,DT-KF-CostAware,fog-5,0
10004,low,moderate,DT-KF-CostAware,fog-6,76
10004,low,moderate,DT-KF-CostAware,fog-7,76
10004,low,moderate,DT-KF-CostAware,fog-8,0
10004,low,moderate,DT-OPT,fog-1,227
10004,low,moderate,DT-OPT,fog-2,11
10004,low,moderate,DT-OPT,fog-3,48
10004,low,moderate,DT-OPT,fog-4,2
10004,low,moderate,DT-OPT,fog-5,0
10004,low,moderate,DT-OPT,fog-6,5
10004,low,moderate,DT-OPT,fog-7,161
10004,low,moderate,DT-OPT,fog-8,0
10004,low,moderate,SemiGreedy,fog-1,220
10004,low,moderate,SemiGreedy,fog-2,0
10004,low,moderate,SemiGreedy,fog-3,56
10004,low,moderate,SemiGreedy,fog-4,0
10004,low,moderate,SemiGreedy,fog-5,0
10004,low,moderate,SemiGreedy,fog-6,12
10004,low,moderate,SemiGreedy,fog-7,0
10004,low,moderate,SemiGreedy,fog-8,0
10004,low,moderate,Fog-only,fog-1,247
10004,low,moderate,Fog-only,fog-2,2
10004,low,moderate,Fog-only,fog-3,133
10004,low,moderate,Fog-only,fog-4,0
10004,low,moderate,Fog-only,fog-5,0
10004,low,moderate,Fog-only,fog-6,61
10004,low,moderate,Fog-only,fog-7,11
10004,low,moderate,Fog-only,fog-8,0
10004,low,moderate,DRL-OO,fog-1,242
10004,low,moderate,DRL-OO,fog-2,0
10004,low,moderate,DRL-OO,fog-3,67
10004,low,moderate,DRL-OO,fog-4,0
10004,low,moderate,DRL-OO,fog-5,4
10004,low,moderate,DRL-OO,fog-6,7
10004,low,moderate,DRL-OO,fog-7,124
10004,low,moderate,DRL-OO,fog-8,10
10005,low,moderate,DT-KF-CostAware,fog-1,98
10005,low,moderate,DT-KF-CostAware,fog-2,99
10005,low,moderate,DT-KF-CostAware,fog-3,8
10005,low,moderate,DT-KF-CostAware,fog-4,98
10005,low,moderate,DT-KF-CostAware,fog-5,6
10005,low,moderate,DT-KF-CostAware,fog-6,98
10005,low,moderate,DT-KF-CostAware,fog-7,9
10005,low,moderate,DT-KF-CostAware,fog-8,8
10005,low,moderate,DT-OPT,fog-1,9
10005,low,moderate,DT-OPT,fog-2,37
10005,low,moderate,DT-OPT,fog-3,11
10005,low,moderate,DT-OPT,fog-4,216
10005,low,moderate,DT-OPT,fog-5,40
10005,low,moderate,DT-OPT,fog-6,110
10005,low,moderate,DT-OPT,fog-7,1
10005,low,moderate,DT-OPT,fog-8,1
10005,low,moderate,SemiGreedy,fog-1,55
10005,low,moderate,SemiGreedy,fog-2,3
10005,low,moderate,SemiGreedy,fog-3,0
10005,low,moderate,SemiGreedy,fog-4,183
10005,low,moderate,SemiGreedy,fog-5,0
10005,low,moderate,SemiGreedy,fog-6,13
10005,low,moderate,SemiGreedy,fog-7,0
10005,low,moderate,SemiGreedy,fog-8,0
10005,low,moderate,Fog-only,fog-1,126
10005,low,moderate,Fog-only,fog-2,21
10005,low,moderate,Fog-only,fog-3,4
10005,low,moderate,Fog-only,fog-4,215
10005,low,moderate,Fog-only,fog-5,0
10005,low,moderate,Fog-only,fog-6,59
10005,low,moderate,Fog-only,fog-7,1
10005,low,moderate,Fog-only,fog-8,0
10005,low,moderate,DRL-OO,fog-1,16
10005,low,moderate,DRL-OO,fog-2,6
10005,low,moderate,DRL-OO,fog-3,41
10005,low,moderate,DRL-OO,fog-4,138
10005,low,moderate,DRL-OO,fog-5,17
10005,low,moderate,DRL-OO,fog-6,205
10005,low,moderate,DRL-OO,fog-7,0
10005,low,moderate,DRL-OO,fog-8,2
10006,low,moderate,DT-KF-CostAware,fog-1,10
10006,low,moderate,DT-KF-CostAware,fog-2,125
10006,low,moderate,DT-KF-CostAware,fog-3,125
10006,low,moderate,DT-KF-CostAware,fog-4,12
10006,low,moderate,DT-KF-CostAware,fog-5,9
10006,low,moderate,DT-KF-CostAware,fog-6,9
10006,low,moderate,DT-KF-CostAware,fog-7,126
10006,low,moderate,DT-KF-CostAware,fog-8,11
10006,low,moderate,DT-OPT,fog-1,11
10006,low,moderate,DT-OPT,fog-2,57
10006,low,moderate,DT-OPT,fog-3,76
10006,low,moderate,DT-OPT,fog-4,0
10006,low,moderate,DT-OPT,fog-5,71
10006,low,moderate,DT-OPT,fog-6,1
10006,low,moderate,DT-OPT,fog-7,213
10006,low,moderate,DT-OPT,fog-8,3
10006,low,moderate,SemiGreedy,fog-1,0
10006,low,moderate,SemiGreedy,fog-2,9
10006,low,moderate,SemiGreedy,fog-3,194
10006,low,moderate,SemiGreedy,fog-4,0
10006,low,moderate,SemiGreedy,fog-5,0
10006,low,moderate,SemiGreedy,fog-6,1
10006,low,moderate,SemiGreedy,fog-7,52
10006,low,moderate,SemiGreedy,fog-8,0
10006,low,moderate,Fog-only,fog-1,0
10006,low,moderate,Fog-only,fog-2,60
10006,low,moderate,Fog-only,fog-3,224
10006,low,moderate,Fog-only,fog-4,0
10006,low,moderate,Fog-only,fog-5,2
10006,low,moderate,Fog-only,fog-6,12
10006,low,moderate,Fog-only,fog-7,134
10006,low,moderate,Fog-only,fog-8,0
10006,low,moderate,DRL-OO,fog-1,20
10006,low,moderate,DRL-OO,fog-2,142
10006,low,moderate,DRL-OO,fog-3,39
10006,low,moderate,DRL-OO,fog-4,1
10006,low,moderate,DRL-OO,fog-5,38
10006,low,moderate,DRL-OO,fog-6,5
10006,low,moderate,DRL-OO,fog-7,186
10006,low,moderate,DRL-OO,fog-8,1
10007,low,moderate,DT-KF-CostAware,fog-1,83
10007,low,moderate,DT-KF-CostAware,fog-2,2
10007,low,moderate,DT-KF-CostAware,fog-3,41
10007,low,moderate,DT-KF-CostAware,fog-4,84
10007,low,moderate,DT-KF-CostAware,fog-5,37
10007,low,moderate,DT-KF-CostAware,fog-6,42
10007,low,moderate,DT-KF-CostAware,fog-7,83
10007,low,moderate,DT-KF-CostAware,fog-8,84
10007,low,moderate,DT-OPT,fog-1,42
10007,low,moderate,DT-OPT,fog-2,0
10007,low,moderate,DT-OPT,fog-3,1
10007,low,moderate,DT-OPT,fog-4,48
10007,low,moderate,DT-OPT,fog-5,30
10007,low,moderate,DT-OPT,fog-6,181
10007,low,moderate,DT-OPT,fog-7,2
10007,low,moderate,DT-OPT,fog-8,153
10007,low,moderate,SemiGreedy,fog-1,5
10007,low,moderate,SemiGreedy,fog-2,0
10007,low,moderate,SemiGreedy,fog-3,0
10007,low,moderate,SemiGreedy,fog-4,143
10007,low,moderate,SemiGreedy,fog-5,0
10007,low,moderate,SemiGreedy,fog-6,0
10007,low,moderate,SemiGreedy,fog-7,7
10007,low,moderate,SemiGreedy,fog-8,100
10007,low,moderate,Fog-only,fog-1,38
10007,low,moderate,Fog-only,fog-2,0
10007,low,moderate,Fog-only,fog-3,0
10007,low,moderate,Fog-only,fog-4,198
10007,low,moderate,Fog-only,fog-5,0
10007,low,moderate,Fog-only,fog-6,3
10007,low,moderate,Fog-only,fog-7,46
10007,low,moderate,Fog-only,fog-8,172
10007,low,moderate,DRL-OO,fog-1,15
10007,low,moderate,DRL-OO,fog-2,2
10007,low,moderate,DRL-OO,fog-3,0
10007,low,moderate,DRL-OO,fog-4,97
10007,low,moderate,DRL-OO,fog-5,26
10007,low,moderate,DRL-OO,fog-6,86
10007,low,moderate,DRL-OO,fog-7,1
10007,low,moderate,DRL-OO,fog-8,230
10008,low,moderate,DT-KF-CostAware,fog-1,116
10008,low,moderate,DT-KF-CostAware,fog-2,15
10008,low,moderate,DT-KF-CostAware,fog-3,55
10008,low,moderate,DT-KF-CostAware,fog-4,2
10008,low,moderate,DT-KF-CostAware,fog-5,15
10008,low,moderate,DT-KF-CostAware,fog-6,116
10008,low,moderate,DT-KF-CostAware,fog-7,116
10008,low,moderate,DT-KF-CostAware,fog-8,7
10008,low,moderate,DT-OPT,fog-1,227
10008,low,moderate,DT-OPT,fog-2,2
10008,low,moderate,DT-OPT,fog-3,16
10008,low,moderate,DT-OPT,fog-4,0
10008,low,moderate,DT-OPT,fog-5,23
10008,low,moderate,DT-OPT,fog-6,131
10008,low,moderate,DT-OPT,fog-7,24
10008,low,moderate,DT-OPT,fog-8,23
10008,low,moderate,SemiGreedy,fog-1,193
10008,low,moderate,SemiGreedy,fog-2,0
10008,low,moderate,SemiGreedy,fog-3,1
10008,low,moderate,SemiGreedy,fog-4,0
10008,low,moderate,SemiGreedy,fog-5,0
10008,low,moderate,SemiGreedy,fog-6,65
10008,low,moderate,SemiGreedy,fog-7,13
10008,low,moderate,SemiGreedy,fog-8,0
10008,low,moderate,Fog-only,fog-1,231
10008,low,moderate,Fog-only,fog-2,0
10008,low,moderate,Fog-only,fog-3,19
10008,low,moderate,Fog-only,fog-4,0
10008,low,moderate,Fog-only,fog-5,7
10008,low,moderate,Fog-only,fog-6,133
10008,low,moderate,Fog-only,fog-7,56
10008,low,moderate,Fog-only,fog-8,0
10008,low,moderate,DRL-OO,fog-1,155
10008,low,moderate,DRL-OO,fog-2,3
10008,low,moderate,DRL-OO,fog-3,28
10008,low,moderate,DRL-OO,fog-4,20
10008,low,moderate,DRL-OO,fog-5,0
10008,low,moderate,DRL-OO,fog-6,198
10008,low,moderate,DRL-OO,fog-7,41
10008,low,moderate,DRL-OO,fog-8,1
10009,low,moderate,DT-KF-CostAware,fog-1,86
10009,low,moderate,DT-KF-CostAware,fog-2,87
10009,low,moderate,DT-KF-CostAware,fog-3,2
10009,low,moderate,DT-KF-CostAware,fog-4,2
10009,low,moderate,DT-KF-CostAware,fog-5,2
10009,low,moderate,DT-KF-CostAware,fog-6,87
10009,low,moderate,DT-KF-CostAware,fog-7,86
10009,low,moderate,DT-KF-CostAware,fog-8,86
10009,low,moderate,DT-OPT,fog-1,14
10009,low,moderate,DT-OPT,fog-2,153
10009,low,moderate,DT-OPT,fog-3,0
10009,low,moderate,DT-OPT,fog-4,0
10009,low,moderate,DT-OPT,fog-5,17
10009,low,moderate,DT-OPT,fog-6,61
10009,low,moderate,DT-OPT,fog-7,4
10009,low,moderate,DT-OPT,fog-8,192
10009,low,moderate,SemiGreedy,fog-1,61
10009,low,moderate,SemiGreedy,fog-2,0
10009,low,moderate,SemiGreedy,fog-3,0
10009,low,moderate,SemiGreedy,fog-4,0
10009,low,moderate,SemiGreedy,fog-5,0
10009,low,moderate,SemiGreedy,fog-6,10
10009,low,moderate,SemiGreedy,fog-7,2
10009,low,moderate,SemiGreedy,fog-8,185
10009,low,moderate,Fog-only,fog-1,128
10009,low,moderate,Fog-only,fog-2,5
10009,low,moderate,Fog-only,fog-3,0
10009,low,moderate,Fog-only,fog-4,0
10009,low,moderate,Fog-only,fog-5,0
10009,low,moderate,Fog-only,fog-6,58
10009,low,moderate,Fog-only,fog-7,20
10009,low,moderate,Fog-only,fog-8,231
10009,low,moderate,DRL-OO,fog-1,50
10009,low,moderate,DRL-OO,fog-2,135
10009,low,moderate,DRL-OO,fog-3,11
10009,low,moderate,DRL-OO,fog-4,11
10009,low,moderate,DRL-OO,fog-5,0
10009,low,moderate,DRL-OO,fog-6,11
10009,low,moderate,DRL-OO,fog-7,16
10009,low,moderate,DRL-OO,fog-8,208
10010,low,moderate,DT-KF-CostAware,fog-1,88
10010,low,moderate,DT-KF-CostAware,fog-2,1
10010,low,moderate,DT-KF-CostAware,fog-3,1
10010,low,moderate,DT-KF-CostAware,fog-4,89
10010,low,moderate,DT-KF-CostAware,fog-5,89
10010,low,moderate,DT-KF-CostAware,fog-6,89
10010,low,moderate,DT-KF-CostAware,fog-7,5
10010,low,moderate,DT-KF-CostAware,fog-8,89
10010,low,moderate,DT-OPT,fog-1,36
10010,low,moderate,DT-OPT,fog-2,0
10010,low,moderate,DT-OPT,fog-3,0
10010,low,moderate,DT-OPT,fog-4,220
10010,low,moderate,DT-OPT,fog-5,67
10010,low,moderate,DT-OPT,fog-6,80
10010,low,moderate,DT-OPT,fog-7,33
10010,low,moderate,DT-OPT,fog-8,18
10010,low,moderate,SemiGreedy,fog-1,194
10010,low,moderate,SemiGreedy,fog-2,0
10010,low,moderate,SemiGreedy,fog-3,0
10010,low,moderate,SemiGreedy,fog-4,11
10010,low,moderate,SemiGreedy,fog-5,1
10010,low,moderate,SemiGreedy,fog-6,59
10010,low,moderate,SemiGreedy,fog-7,0
10010,low,moderate,SemiGreedy,fog-8,2
10010,low,moderate,Fog-only,fog-1,221
10010,low,moderate,Fog-only,fog-2,0
10010,low,moderate,Fog-only,fog-3,0
10010,low,moderate,Fog-only,fog-4,63
10010,low,moderate,Fog-only,fog-5,5
10010,low,moderate,Fog-only,fog-6,141
10010,low,moderate,Fog-only,fog-7,1
10010,low,moderate,Fog-only,fog-8,23
10010,low,moderate,DRL-OO,fog-1,9
10010,low,moderate,DRL-OO,fog-2,22
10010,low,moderate,DRL-OO,fog-3,1
10010,low,moderate,DRL-OO,fog-4,230
10010,low,moderate,DRL-OO,fog-5,5
10010,low,moderate,DRL-OO,fog-6,55
10010,low,moderate,DRL-OO,fog-7,0
10010,low,moderate,DRL-OO,fog-8,132
10011,low,moderate,DT-KF-CostAware,fog-1,75
10011,low,moderate,DT-KF-CostAware,fog-2,81
10011,low,moderate,DT-KF-CostAware,fog-3,2
10011,low,moderate,DT-KF-CostAware,fog-4,186
10011,low,moderate,DT-KF-CostAware,fog-5,98
10011,low,moderate,DT-KF-CostAware,fog-6,4
10011,low,moderate,DT-KF-CostAware,fog-7,4
10011,low,moderate,DT-KF-CostAware,fog-8,2
10011,low,moderate,DT-OPT,fog-1,7
10011,low,moderate,DT-OPT,fog-2,123
10011,low,moderate,DT-OPT,fog-3,0
10011,low,moderate,DT-OPT,fog-4,255
10011,low,moderate,DT-OPT,fog-5,56
10011,low,moderate,DT-OPT,fog-6,13
10011,low,moderate,DT-OPT,fog-7,0
10011,low,moderate,DT-OPT,fog-8,0
10011,low,moderate,SemiGreedy,fog-1,1
10011,low,moderate,SemiGreedy,fog-2,9
10011,low,moderate,SemiGreedy,fog-3,0
10011,low,moderate,SemiGreedy,fog-4,207
10011,low,moderate,SemiGreedy,fog-5,59
10011,low,moderate,SemiGreedy,fog-6,0
10011,low,moderate,SemiGreedy,fog-7,0
10011,low,moderate,SemiGreedy,fog-8,0
10011,low,moderate,Fog-only,fog-1,16
10011,low,moderate,Fog-only,fog-2,52
10011,low,moderate,Fog-only,fog-3,0
10011,low,moderate,Fog-only,fog-4,250
10011,low,moderate,Fog-only,fog-5,134
10011,low,moderate,Fog-only,fog-6,3
10011,low,moderate,Fog-only,fog-7,0
10011,low,moderate,Fog-only,fog-8,0
10011,low,moderate,DRL-OO,fog-1,22
10011,low,moderate,DRL-OO,fog-2,173
10011,low,moderate,DRL-OO,fog-3,5
10011,low,moderate,DRL-OO,fog-4,188
10011,low,moderate,DRL-OO,fog-5,58
10011,low,moderate,DRL-OO,fog-6,7
10011,low,moderate,DRL-OO,fog-7,1
10011,low,moderate,DRL-OO,fog-8,0
10012,low,moderate,DT-KF-CostAware,fog-1,58
10012,low,moderate,DT-KF-CostAware,fog-2,0
10012,low,moderate,DT-KF-CostAware,fog-3,58
10012,low,moderate,DT-KF-CostAware,fog-4,59
10012,low,moderate,DT-KF-CostAware,fog-5,59
10012,low,moderate,DT-KF-CostAware,fog-6,61
10012,low,moderate,DT-KF-CostAware,fog-7,51
10012,low,moderate,DT-KF-CostAware,fog-8,59
10012,low,moderate,DT-OPT,fog-1,7
10012,low,moderate,DT-OPT,fog-2,0
10012,low,moderate,DT-OPT,fog-3,17
10012,low,moderate,DT-OPT,fog-4,10
10012,low,moderate,DT-OPT,fog-5,138
10012,low,moderate,DT-OPT,fog-6,160
10012,low,moderate,DT-OPT,fog-7,11
10012,low,moderate,DT-OPT,fog-8,69
10012,low,moderate,SemiGreedy,fog-1,0
10012,low,moderate,SemiGreedy,fog-2,0
10012,low,moderate,SemiGreedy,fog-3,45
10012,low,moderate,SemiGreedy,fog-4,187
10012,low,moderate,SemiGreedy,fog-5,0
10012,low,moderate,SemiGreedy,fog-6,1
10012,low,moderate,SemiGreedy,fog-7,0
10012,low,moderate,SemiGreedy,fog-8,14
10012,low,moderate,Fog-only,fog-1,0
10012,low,moderate,Fog-only,fog-2,0
10012,low,moderate,Fog-only,fog-3,122
10012,low,moderate,Fog-only,fog-4,215
10012,low,moderate,Fog-only,fog-5,5
10012,low,moderate,Fog-only,fog-6,19
10012,low,moderate,Fog-only,fog-7,0
10012,low,moderate,Fog-only,fog-8,52
10012,low,moderate,DRL-OO,fog-1,13
10012,low,moderate,DRL-OO,fog-2,7
10012,low,moderate,DRL-OO,fog-3,115
10012,low,moderate,DRL-OO,fog-4,6
10012,low,moderate,DRL-OO,fog-5,44
10012,low,moderate,DRL-OO,fog-6,194
10012,low,moderate,DRL-OO,fog-7,11
10012,low,moderate,DRL-OO,fog-8,21
10013,low,moderate,DT-KF-CostAware,fog-1,19
10013,low,moderate,DT-KF-CostAware,fog-2,18
10013,low,moderate,DT-KF-CostAware,fog-3,0
10013,low,moderate,DT-KF-CostAware,fog-4,19
10013,low,moderate,DT-KF-CostAware,fog-5,196
10013,low,moderate,DT-KF-CostAware,fog-6,19
10013,low,moderate,DT-KF-CostAware,fog-7,19
10013,low,moderate,DT-KF-CostAware,fog-8,196
10013,low,moderate,DT-OPT,fog-1,0
10013,low,moderate,DT-OPT,fog-2,83
10013,low,moderate,DT-OPT,fog-3,0
10013,low,moderate,DT-OPT,fog-4,0
10013,low,moderate,DT-OPT,fog-5,183
10013,low,moderate,DT-OPT,fog-6,21
10013,low,moderate,DT-OPT,fog-7,1
10013,low,moderate,DT-OPT,fog-8,199
10013,low,moderate,SemiGreedy,fog-1,0
10013,low,moderate,SemiGreedy,fog-2,3
10013,low,moderate,SemiGreedy,fog-3,0
10013,low,moderate,SemiGreedy,fog-4,0
10013,low,moderate,SemiGreedy,fog-5,222
10013,low,moderate,SemiGreedy,fog-6,0
10013,low,moderate,SemiGreedy,fog-7,0
10013,low,moderate,SemiGreedy,fog-8,63
10013,low,moderate,Fog-only,fog-1,0
10013,low,moderate,Fog-only,fog-2,56
10013,low,moderate,Fog-only,fog-3,0
10013,low,moderate,Fog-only,fog-4,0
10013,low,moderate,Fog-only,fog-5,262
10013,low,moderate,Fog-only,fog-6,16
10013,low,moderate,Fog-only,fog-7,2
10013,low,moderate,Fog-only,fog-8,151
10013,low,moderate,DRL-OO,fog-1,0
10013,low,moderate,DRL-OO,fog-2,8
10013,low,moderate,DRL-OO,fog-3,0
10013,low,moderate,DRL-OO,fog-4,1
10013,low,moderate,DRL-OO,fog-5,263
10013,low,moderate,DRL-OO,fog-6,41
10013,low,moderate,DRL-OO,fog-7,39
10013,low,moderate,DRL-OO,fog-8,135
10014,low,moderate,DT-KF-CostAware,fog-1,69
10014,low,moderate,DT-KF-CostAware,fog-2,69
10014,low,moderate,DT-KF-CostAware,fog-3,41
10014,low,moderate,DT-KF-CostAware,fog-4,69
10014,low,moderate,DT-KF-CostAware,fog-5,70
10014,low,moderate,DT-KF-CostAware,fog-6,41
10014,low,moderate,DT-KF-CostAware,fog-7,4
10014,low,moderate,DT-KF-CostAware,fog-8,69
10014,low,moderate,DT-OPT,fog-1,24
10014,low,moderate,DT-OPT,fog-2,154
10014,low,moderate,DT-OPT,fog-3,9
10014,low,moderate,DT-OPT,fog-4,6
10014,low,moderate,DT-OPT,fog-5,176
10014,low,moderate,DT-OPT,fog-6,0
10014,low,moderate,DT-OPT,fog-7,11
10014,low,moderate,DT-OPT,fog-8,57
10014,low,moderate,SemiGreedy,fog-1,56
10014,low,moderate,SemiGreedy,fog-2,0
10014,low,moderate,SemiGreedy,fog-3,0
10014,low,moderate,SemiGreedy,fog-4,12
10014,low,moderate,SemiGreedy,fog-5,175
10014,low,moderate,SemiGreedy,fog-6,0
10014,low,moderate,SemiGreedy,fog-7,0
10014,low,moderate,SemiGreedy,fog-8,2
10014,low,moderate,Fog-only,fog-1,133
10014,low,moderate,Fog-only,fog-2,10
10014,low,moderate,Fog-only,fog-3,0
10014,low,moderate,Fog-only,fog-4,53
10014,low,moderate,Fog-only,fog-5,215
10014,low,moderate,Fog-only,fog-6,1
10014,low,moderate,Fog-only,fog-7,0
10014,low,moderate,Fog-only,fog-8,25
10014,low,moderate,DRL-OO,fog-1,69
10014,low,moderate,DRL-OO,fog-2,111
10014,low,moderate,DRL-OO,fog-3,0
10014,low,moderate,DRL-OO,fog-4,31
10014,low,moderate,DRL-OO,fog-5,195
10014,low,moderate,DRL-OO,fog-6,4
10014,low,moderate,DRL-OO,fog-7,2
10014,low,moderate,DRL-OO,fog-8,25
10015,low,moderate,DT-KF-CostAware,fog-1,76
10015,low,moderate,DT-KF-CostAware,fog-2,50
10015,low,moderate,DT-KF-CostAware,fog-3,81
10015,low,moderate,DT-KF-CostAware,fog-4,76
10015,low,moderate,DT-KF-CostAware,fog-5,4
10015,low,moderate,DT-KF-CostAware,fog-6,0
10015,low,moderate,DT-KF-CostAware,fog-7,81
10015,low,moderate,DT-KF-CostAware,fog-8,79
10015,low,moderate,DT-OPT,fog-1,202
10015,low,moderate,DT-OPT,fog-2,24
10015,low,moderate,DT-OPT,fog-3,12
10015,low,moderate,DT-OPT,fog-4,3
10015,low,moderate,DT-OPT,fog-5,3
10015,low,moderate,DT-OPT,fog-6,0
10015,low,moderate,DT-OPT,fog-7,94
10015,low,moderate,DT-OPT,fog-8,110
10015,low,moderate,SemiGreedy,fog-1,1
10015,low,moderate,SemiGreedy,fog-2,0
10015,low,moderate,SemiGreedy,fog-3,57
10015,low,moderate,SemiGreedy,fog-4,0
10015,low,moderate,SemiGreedy,fog-5,0
10015,low,moderate,SemiGreedy,fog-6,0
10015,low,moderate,SemiGreedy,fog-7,200
10015,low,moderate,SemiGreedy,fog-8,8
10015,low,moderate,Fog-only,fog-1,15
10015,low,moderate,Fog-only,fog-2,2
10015,low,moderate,Fog-only,fog-3,143
10015,low,moderate,Fog-only,fog-4,3
10015,low,moderate,Fog-only,fog-5,0
10015,low,moderate,Fog-only,fog-6,0
10015,low,moderate,Fog-only,fog-7,231
10015,low,moderate,Fog-only,fog-8,54
10015,low,moderate,DRL-OO,fog-1,97
10015,low,moderate,DRL-OO,fog-2,16
10015,low,moderate,DRL-OO,fog-3,191
10015,low,moderate,DRL-OO,fog-4,14
10015,low,moderate,DRL-OO,fog-5,2
10015,low,moderate,DRL-OO,fog-6,1
10015,low,moderate,DRL-OO,fog-7,114
10015,low,moderate,DRL-OO,fog-8,13
10016,low,moderate,DT-KF-CostAware,fog-1,108
10016,low,moderate,DT-KF-CostAware,fog-2,107
10016,low,moderate,DT-KF-CostAware,fog-3,31
10016,low,moderate,DT-KF-CostAware,fog-4,11
10016,low,moderate,DT-KF-CostAware,fog-5,35
10016,low,moderate,DT-KF-CostAware,fog-6,11
10016,low,moderate,DT-KF-CostAware,fog-7,107
10016,low,moderate,DT-KF-CostAware,fog-8,17
10016,low,moderate,DT-OPT,fog-1,162
10016,low,moderate,DT-OPT,fog-2,95
10016,low,moderate,DT-OPT,fog-3,15
10016,low,moderate,DT-OPT,fog-4,1
10016,low,moderate,DT-OPT,fog-5,3
10016,low,moderate,DT-OPT,fog-6,3
10016,low,moderate,DT-OPT,fog-7,136
10016,low,moderate,DT-OPT,fog-8,20
10016,low,moderate,SemiGreedy,fog-1,44
10016,low,moderate,SemiGreedy,fog-2,9
10016,low,moderate,SemiGreedy,fog-3,1
10016,low,moderate,SemiGreedy,fog-4,0
10016,low,moderate,SemiGreedy,fog-5,0
10016,low,moderate,SemiGreedy,fog-6,0
10016,low,moderate,SemiGreedy,fog-7,160
10016,low,moderate,SemiGreedy,fog-8,0
10016,low,moderate,Fog-only,fog-1,119
10016,low,moderate,Fog-only,fog-2,65
10016,low,moderate,Fog-only,fog-3,25
10016,low,moderate,Fog-only,fog-4,0
10016,low,moderate,Fog-only,fog-5,12
10016,low,moderate,Fog-only,fog-6,1
10016,low,moderate,Fog-only,fog-7,211
10016,low,moderate,Fog-only,fog-8,2
10016,low,moderate,DRL-OO,fog-1,132
10016,low,moderate,DRL-OO,fog-2,173
10016,low,moderate,DRL-OO,fog-3,2
10016,low,moderate,DRL-OO,fog-4,24
10016,low,moderate,DRL-OO,fog-5,8
10016,low,moderate,DRL-OO,fog-6,0
10016,low,moderate,DRL-OO,fog-7,75
10016,low,moderate,DRL-OO,fog-8,21
10017,low,moderate,DT-KF-CostAware,fog-1,72
10017,low,moderate,DT-KF-CostAware,fog-2,18
10017,low,moderate,DT-KF-CostAware,fog-3,18
10017,low,moderate,DT-KF-CostAware,fog-4,72
10017,low,moderate,DT-KF-CostAware,fog-5,72
10017,low,moderate,DT-KF-CostAware,fog-6,7
10017,low,moderate,DT-KF-CostAware,fog-7,77
10017,low,moderate,DT-KF-CostAware,fog-8,77
10017,low,moderate,DT-OPT,fog-1,68
10017,low,moderate,DT-OPT,fog-2,87
10017,low,moderate,DT-OPT,fog-3,5
10017,low,moderate,DT-OPT,fog-4,192
10017,low,moderate,DT-OPT,fog-5,0
10017,low,moderate,DT-OPT,fog-6,2
10017,low,moderate,DT-OPT,fog-7,61
10017,low,moderate,DT-OPT,fog-8,2
10017,low,moderate,SemiGreedy,fog-1,177
10017,low,moderate,SemiGreedy,fog-2,0
10017,low,moderate,SemiGreedy,fog-3,0
10017,low,moderate,SemiGreedy,fog-4,43
10017,low,moderate,SemiGreedy,fog-5,10
10017,low,moderate,SemiGreedy,fog-6,0
10017,low,moderate,SemiGreedy,fog-7,1
10017,low,moderate,SemiGreedy,fog-8,1
10017,low,moderate,Fog-only,fog-1,219
10017,low,moderate,Fog-only,fog-2,1
10017,low,moderate,Fog-only,fog-3,1
10017,low,moderate,Fog-only,fog-4,123
10017,low,moderate,Fog-only,fog-5,51
10017,low,moderate,Fog-only,fog-6,0
10017,low,moderate,Fog-only,fog-7,19
10017,low,moderate,Fog-only,fog-8,4
10017,low,moderate,DRL-OO,fog-1,134
10017,low,moderate,DRL-OO,fog-2,0
10017,low,moderate,DRL-OO,fog-3,29
10017,low,moderate,DRL-OO,fog-4,207
10017,low,moderate,DRL-OO,fog-5,4
10017,low,moderate,DRL-OO,fog-6,1
10017,low,moderate,DRL-OO,fog-7,14
10017,low,moderate,DRL-OO,fog-8,29
10018,low,moderate,DT-KF-CostAware,fog-1,80
10018,low,moderate,DT-KF-CostAware,fog-2,81
10018,low,moderate,DT-KF-CostAware,fog-3,14
10018,low,moderate,DT-KF-CostAware,fog-4,81
10018,low,moderate,DT-KF-CostAware,fog-5,1
10018,low,moderate,DT-KF-CostAware,fog-6,80
10018,low,moderate,DT-KF-CostAware,fog-7,14
10018,low,moderate,DT-KF-CostAware,fog-8,81
10018,low,moderate,DT-OPT,fog-1,136
10018,low,moderate,DT-OPT,fog-2,6
10018,low,moderate,DT-OPT,fog-3,0
10018,low,moderate,DT-OPT,fog-4,186
10018,low,moderate,DT-OPT,fog-5,0
10018,low,moderate,DT-OPT,fog-6,21
10018,low,moderate,DT-OPT,fog-7,1
10018,low,moderate,DT-OPT,fog-8,85
10018,low,moderate,SemiGreedy,fog-1,175
10018,low,moderate,SemiGreedy,fog-2,43
10018,low,moderate,SemiGreedy,fog-3,0
10018,low,moderate,SemiGreedy,fog-4,0
10018,low,moderate,SemiGreedy,fog-5,0
10018,low,moderate,SemiGreedy,fog-6,2
10018,low,moderate,SemiGreedy,fog-7,0
10018,low,moderate,SemiGreedy,fog-8,8
10018,low,moderate,Fog-only,fog-1,218
10018,low,moderate,Fog-only,fog-2,131
10018,low,moderate,Fog-only,fog-3,1
10018,low,moderate,Fog-only,fog-4,4
10018,low,moderate,Fog-only,fog-5,0
10018,low,moderate,Fog-only,fog-6,18
10018,low,moderate,Fog-only,fog-7,0
10018,low,moderate,Fog-only,fog-8,64
10018,low,moderate,DRL-OO,fog-1,108
10018,low,moderate,DRL-OO,fog-2,8
10018,low,moderate,DRL-OO,fog-3,0
10018,low,moderate,DRL-OO,fog-4,90
10018,low,moderate,DRL-OO,fog-5,0
10018,low,moderate,DRL-OO,fog-6,36
10018,low,moderate,DRL-OO,fog-7,8
10018,low,moderate,DRL-OO,fog-8,185
10019,low,moderate,DT-KF-CostAware,fog-1,35
10019,low,moderate,DT-KF-CostAware,fog-2,16
10019,low,moderate,DT-KF-CostAware,fog-3,35
10019,low,moderate,DT-KF-CostAware,fog-4,136
10019,low,moderate,DT-KF-CostAware,fog-5,34
10019,low,moderate,DT-KF-CostAware,fog-6,15
10019,low,moderate,DT-KF-CostAware,fog-7,35
10019,low,moderate,DT-KF-CostAware,fog-8,135
10019,low,moderate,DT-OPT,fog-1,3
10019,low,moderate,DT-OPT,fog-2,1
10019,low,moderate,DT-OPT,fog-3,52
10019,low,moderate,DT-OPT,fog-4,171
10019,low,moderate,DT-OPT,fog-5,181
10019,low,moderate,DT-OPT,fog-6,0
10019,low,moderate,DT-OPT,fog-7,20
10019,low,moderate,DT-OPT,fog-8,18
10019,low,moderate,SemiGreedy,fog-1,0
10019,low,moderate,SemiGreedy,fog-2,0
10019,low,moderate,SemiGreedy,fog-3,1
10019,low,moderate,SemiGreedy,fog-4,198
10019,low,moderate,SemiGreedy,fog-5,6
10019,low,moderate,SemiGreedy,fog-6,0
10019,low,moderate,SemiGreedy,fog-7,0
10019,low,moderate,SemiGreedy,fog-8,46
10019,low,moderate,Fog-only,fog-1,0
10019,low,moderate,Fog-only,fog-2,0
10019,low,moderate,Fog-only,fog-3,18
10019,low,moderate,Fog-only,fog-4,238
10019,low,moderate,Fog-only,fog-5,47
10019,low,moderate,Fog-only,fog-6,1
10019,low,moderate,Fog-only,fog-7,6
10019,low,moderate,Fog-only,fog-8,136
10019,low,moderate,DRL-OO,fog-1,1
10019,low,moderate,DRL-OO,fog-2,34
10019,low,moderate,DRL-OO,fog-3,3
10019,low,moderate,DRL-OO,fog-4,243
10019,low,moderate,DRL-OO,fog-5,110
10019,low,moderate,DRL-OO,fog-6,0
10019,low,moderate,DRL-OO,fog-7,24
10019,low,moderate,DRL-OO,fog-8,31
10020,low,moderate,DT-KF-CostAware,fog-1,104
10020,low,moderate,DT-KF-CostAware,fog-2,2
10020,low,moderate,DT-KF-CostAware,fog-3,2
10020,low,moderate,DT-KF-CostAware,fog-4,106
10020,low,moderate,DT-KF-CostAware,fog-5,104
10020,low,moderate,DT-KF-CostAware,fog-6,2
10020,low,moderate,DT-KF-CostAware,fog-7,105
10020,low,moderate,DT-KF-CostAware,fog-8,1
10020,low,moderate,DT-OPT,fog-1,58
10020,low,moderate,DT-OPT,fog-2,0
10020,low,moderate,DT-OPT,fog-3,0
10020,low,moderate,DT-OPT,fog-4,10
10020,low,moderate,DT-OPT,fog-5,205
10020,low,moderate,DT-OPT,fog-6,16
10020,low,moderate,DT-OPT,fog-7,139
10020,low,moderate,DT-OPT,fog-8,2
10020,low,moderate,SemiGreedy,fog-1,29
10020,low,moderate,SemiGreedy,fog-2,0
10020,low,moderate,SemiGreedy,fog-3,0
10020,low,moderate,SemiGreedy,fog-4,192
10020,low,moderate,SemiGreedy,fog-5,4
10020,low,moderate,SemiGreedy,fog-6,0
10020,low,moderate,SemiGreedy,fog-7,25
10020,low,moderate,SemiGreedy,fog-8,0
10020,low,moderate,Fog-only,fog-1,97
10020,low,moderate,Fog-only,fog-2,0
10020,low,moderate,Fog-only,fog-3,0
10020,low,moderate,Fog-only,fog-4,222
10020,low,moderate,Fog-only,fog-5,19
10020,low,moderate,Fog-only,fog-6,0
10020,low,moderate,Fog-only,fog-7,92
10020,low,moderate,Fog-only,fog-8,0
10020,low,moderate,DRL-OO,fog-1,50
10020,low,moderate,DRL-OO,fog-2,17
10020,low,moderate,DRL-OO,fog-3,0
10020,low,moderate,DRL-OO,fog-4,15
10020,low,moderate,DRL-OO,fog-5,130
10020,low,moderate,DRL-OO,fog-6,0
10020,low,moderate,DRL-OO,fog-7,214
10020,low,moderate,DRL-OO,fog-8,5
10021,low,moderate,DT-KF-CostAware,fog-1,84
10021,low,moderate,DT-KF-CostAware,fog-2,2
10021,low,moderate,DT-KF-CostAware,fog-3,2
10021,low,moderate,DT-KF-CostAware,fog-4,83
10021,low,moderate,DT-KF-CostAware,fog-5,83
10021,low,moderate,DT-KF-CostAware,fog-6,83
10021,low,moderate,DT-KF-CostAware,fog-7,84
10021,low,moderate,DT-KF-CostAware,fog-8,2
10021,low,moderate,DT-OPT,fog-1,126
10021,low,moderate,DT-OPT,fog-2,1
10021,low,moderate,DT-OPT,fog-3,19
10021,low,moderate,DT-OPT,fog-4,134
10021,low,moderate,DT-OPT,fog-5,123
10021,low,moderate,DT-OPT,fog-6,20
10021,low,moderate,DT-OPT,fog-7,3
10021,low,moderate,DT-OPT,fog-8,2
10021,low,moderate,SemiGreedy,fog-1,0
10021,low,moderate,SemiGreedy,fog-2,0
10021,low,moderate,SemiGreedy,fog-3,0
10021,low,moderate,SemiGreedy,fog-4,62
10021,low,moderate,SemiGreedy,fog-5,10
10021,low,moderate,SemiGreedy,fog-6,0
10021,low,moderate,SemiGreedy,fog-7,197
10021,low,moderate,SemiGreedy,fog-8,0
10021,low,moderate,Fog-only,fog-1,15
10021,low,moderate,Fog-only,fog-2,0
10021,low,moderate,Fog-only,fog-3,0
10021,low,moderate,Fog-only,fog-4,132
10021,low,moderate,Fog-only,fog-5,56
10021,low,moderate,Fog-only,fog-6,3
10021,low,moderate,Fog-only,fog-7,222
10021,low,moderate,Fog-only,fog-8,0
10021,low,moderate,DRL-OO,fog-1,202
10021,low,moderate,DRL-OO,fog-2,18
10021,low,moderate,DRL-OO,fog-3,5
10021,low,moderate,DRL-OO,fog-4,2
10021,low,moderate,DRL-OO,fog-5,13
10021,low,moderate,DRL-OO,fog-6,101
10021,low,moderate,DRL-OO,fog-7,86
10021,low,moderate,DRL-OO,fog-8,1
10022,low,moderate,DT-KF-CostAware,fog-1,9
10022,low,moderate,DT-KF-CostAware,fog-2,8
10022,low,moderate,DT-KF-CostAware,fog-3,59
10022,low,moderate,DT-KF-CostAware,fog-4,10
10022,low,moderate,DT-KF-CostAware,fog-5,24
10022,low,moderate,DT-KF-CostAware,fog-6,190
10022,low,moderate,DT-KF-CostAware,fog-7,45
10022,low,moderate,DT-KF-CostAware,fog-8,62
10022,low,moderate,DT-OPT,fog-1,1
10022,low,moderate,DT-OPT,fog-2,0
10022,low,moderate,DT-OPT,fog-3,120
10022,low,moderate,DT-OPT,fog-4,8
10022,low,moderate,DT-OPT,fog-5,2
10022,low,moderate,DT-OPT,fog-6,72
10022,low,moderate,DT-OPT,fog-7,52
10022,low,moderate,DT-OPT,fog-8,155
10022,low,moderate,SemiGreedy,fog-1,0
10022,low,moderate,SemiGreedy,fog-2,0
10022,low,moderate,SemiGreedy,fog-3,51
10022,low,moderate,SemiGreedy,fog-4,0
10022,low,moderate,SemiGreedy,fog-5,0
10022,low,moderate,SemiGreedy,fog-6,196
10022,low,moderate,SemiGreedy,fog-7,0
10022,low,moderate,SemiGreedy,fog-8,5
10022,low,moderate,Fog-only,fog-1,1
10022,low,moderate,Fog-only,fog-2,0
10022,low,moderate,Fog-only,fog-3,117
10022,low,moderate,Fog-only,fog-4,0
10022,low,moderate,Fog-only,fog-5,1
10022,low,moderate,Fog-only,fog-6,235
10022,low,moderate,Fog-only,fog-7,9
10022,low,moderate,Fog-only,fog-8,47
10022,low,moderate,DRL-OO,fog-1,10
10022,low,moderate,DRL-OO,fog-2,0
10022,low,moderate,DRL-OO,fog-3,58
10022,low,moderate,DRL-OO,fog-4,0
10022,low,moderate,DRL-OO,fog-5,5
10022,low,moderate,DRL-OO,fog-6,193
10022,low,moderate,DRL-OO,fog-7,49
10022,low,moderate,DRL-OO,fog-8,95
10023,low,moderate,DT-KF-CostAware,fog-1,0
10023,low,moderate,DT-KF-CostAware,fog-2,1
10023,low,moderate,DT-KF-CostAware,fog-3,92
10023,low,moderate,DT-KF-CostAware,fog-4,93
10023,low,moderate,DT-KF-CostAware,fog-5,0
10023,low,moderate,DT-KF-CostAware,fog-6,92
10023,low,moderate,DT-KF-CostAware,fog-7,93
10023,low,moderate,DT-KF-CostAware,fog-8,92
10023,low,moderate,DT-OPT,fog-1,0
10023,low,moderate,DT-OPT,fog-2,11
10023,low,moderate,DT-OPT,fog-3,226
10023,low,moderate,DT-OPT,fog-4,86
10023,low,moderate,DT-OPT,fog-5,0
10023,low,moderate,DT-OPT,fog-6,131
10023,low,moderate,DT-OPT,fog-7,11
10023,low,moderate,DT-OPT,fog-8,1
10023,low,moderate,SemiGreedy,fog-1,0
10023,low,moderate,SemiGreedy,fog-2,0
10023,low,moderate,SemiGreedy,fog-3,1
10023,low,moderate,SemiGreedy,fog-4,196
10023,low,moderate,SemiGreedy,fog-5,0
10023,low,moderate,SemiGreedy,fog-6,49
10023,low,moderate,SemiGreedy,fog-7,28
10023,low,moderate,SemiGreedy,fog-8,0
10023,low,moderate,Fog-only,fog-1,0
10023,low,moderate,Fog-only,fog-2,0
10023,low,moderate,Fog-only,fog-3,19
10023,low,moderate,Fog-only,fog-4,226
10023,low,moderate,Fog-only,fog-5,0
10023,low,moderate,Fog-only,fog-6,120
10023,low,moderate,Fog-only,fog-7,99
10023,low,moderate,Fog-only,fog-8,2
10023,low,moderate,DRL-OO,fog-1,0
10023,low,moderate,DRL-OO,fog-2,0
10023,low,moderate,DRL-OO,fog-3,36
10023,low,moderate,DRL-OO,fog-4,156
10023,low,moderate,DRL-OO,fog-5,7
10023,low,moderate,DRL-OO,fog-6,234
10023,low,moderate,DRL-OO,fog-7,27
10023,low,moderate,DRL-OO,fog-8,6
10024,low,moderate,DT-KF-CostAware,fog-1,77
10024,low,moderate,DT-KF-CostAware,fog-2,80
10024,low,moderate,DT-KF-CostAware,fog-3,79
10024,low,moderate,DT-KF-CostAware,fog-4,0
10024,low,moderate,DT-KF-CostAware,fog-5,80
10024,low,moderate,DT-KF-CostAware,fog-6,79
10024,low,moderate,DT-KF-CostAware,fog-7,38
10024,low,moderate,DT-KF-CostAware,fog-8,0
10024,low,moderate,DT-OPT,fog-1,5
10024,low,moderate,DT-OPT,fog-2,225
10024,low,moderate,DT-OPT,fog-3,33
10024,low,moderate,DT-OPT,fog-4,0
10024,low,moderate,DT-OPT,fog-5,68
10024,low,moderate,DT-OPT,fog-6,105
10024,low,moderate,DT-OPT,fog-7,2
10024,low,moderate,DT-OPT,fog-8,0
10024,low,moderate,SemiGreedy,fog-1,0
10024,low,moderate,SemiGreedy,fog-2,62
10024,low,moderate,SemiGreedy,fog-3,9
10024,low,moderate,SemiGreedy,fog-4,0
10024,low,moderate,SemiGreedy,fog-5,167
10024,low,moderate,SemiGreedy,fog-6,0
10024,low,moderate,SemiGreedy,fog-7,0
10024,low,moderate,SemiGreedy,fog-8,0
10024,low,moderate,Fog-only,fog-1,2
10024,low,moderate,Fog-only,fog-2,142
10024,low,moderate,Fog-only,fog-3,56
10024,low,moderate,Fog-only,fog-4,0
10024,low,moderate,Fog-only,fog-5,210
10024,low,moderate,Fog-only,fog-6,25
10024,low,moderate,Fog-only,fog-7,3
10024,low,moderate,Fog-only,fog-8,0
10024,low,moderate,DRL-OO,fog-1,48
10024,low,moderate,DRL-OO,fog-2,225
10024,low,moderate,DRL-OO,fog-3,13
10024,low,moderate,DRL-OO,fog-4,0
10024,low,moderate,DRL-OO,fog-5,110
10024,low,moderate,DRL-OO,fog-6,40
10024,low,moderate,DRL-OO,fog-7,1
10024,low,moderate,DRL-OO,fog-8,1
10025,low,moderate,DT-KF-CostAware,fog-1,71
10025,low,moderate,DT-KF-CostAware,fog-2,71
10025,low,moderate,DT-KF-CostAware,fog-3,70
10025,low,moderate,DT-KF-CostAware,fog-4,2
10025,low,moderate,DT-KF-CostAware,fog-5,25
10025,low,moderate,DT-KF-CostAware,fog-6,69
10025,low,moderate,DT-KF-CostAware,fog-7,70
10025,low,moderate,DT-KF-CostAware,fog-8,70
10025,low,moderate,DT-OPT,fog-1,2
10025,low,moderate,DT-OPT,fog-2,70
10025,low,moderate,DT-OPT,fog-3,13
10025,low,moderate,DT-OPT,fog-4,10
10025,low,moderate,DT-OPT,fog-5,33
10025,low,moderate,DT-OPT,fog-6,0
10025,low,moderate,DT-OPT,fog-7,133
10025,low,moderate,DT-OPT,fog-8,190
10025,low,moderate,SemiGreedy,fog-1,0
10025,low,moderate,SemiGreedy,fog-2,192
10025,low,moderate,SemiGreedy,fog-3,10
10025,low,moderate,SemiGreedy,fog-4,0
10025,low,moderate,SemiGreedy,fog-5,0
10025,low,moderate,SemiGreedy,fog-6,0
10025,low,moderate,SemiGreedy,fog-7,75
10025,low,moderate,SemiGreedy,fog-8,2
10025,low,moderate,Fog-only,fog-1,4
10025,low,moderate,Fog-only,fog-2,221
10025,low,moderate,Fog-only,fog-3,63
10025,low,moderate,Fog-only,fog-4,0
10025,low,moderate,Fog-only,fog-5,0
10025,low,moderate,Fog-only,fog-6,0
10025,low,moderate,Fog-only,fog-7,141
10025,low,moderate,Fog-only,fog-8,22
10025,low,moderate,DRL-OO,fog-1,0
10025,low,moderate,DRL-OO,fog-2,90
10025,low,moderate,DRL-OO,fog-3,5
10025,low,moderate,DRL-OO,fog-4,8
10025,low,moderate,DRL-OO,fog-5,15
10025,low,moderate,DRL-OO,fog-6,53
10025,low,moderate,DRL-OO,fog-7,111
10025,low,moderate,DRL-OO,fog-8,169
10026,low,moderate,DT-KF-CostAware,fog-1,107
10026,low,moderate,DT-KF-CostAware,fog-2,107
10026,low,moderate,DT-KF-CostAware,fog-3,11
10026,low,moderate,DT-KF-CostAware,fog-4,17
10026,low,moderate,DT-KF-CostAware,fog-5,108
10026,low,moderate,DT-KF-CostAware,fog-6,10
10026,low,moderate,DT-KF-CostAware,fog-7,9
10026,low,moderate,DT-KF-CostAware,fog-8,107
10026,low,moderate,DT-OPT,fog-1,228
10026,low,moderate,DT-OPT,fog-2,139
10026,low,moderate,DT-OPT,fog-3,15
10026,low,moderate,DT-OPT,fog-4,0
10026,low,moderate,DT-OPT,fog-5,11
10026,low,moderate,DT-OPT,fog-6,0
10026,low,moderate,DT-OPT,fog-7,46
10026,low,moderate,DT-OPT,fog-8,42
10026,low,moderate,SemiGreedy,fog-1,70
10026,low,moderate,SemiGreedy,fog-2,214
10026,low,moderate,SemiGreedy,fog-3,0
10026,low,moderate,SemiGreedy,fog-4,0
10026,low,moderate,SemiGreedy,fog-5,12
10026,low,moderate,SemiGreedy,fog-6,0
10026,low,moderate,SemiGreedy,fog-7,0
10026,low,moderate,SemiGreedy,fog-8,1
10026,low,moderate,Fog-only,fog-1,146
10026,low,moderate,Fog-only,fog-2,231
10026,low,moderate,Fog-only,fog-3,0
10026,low,moderate,Fog-only,fog-4,4
10026,low,moderate,Fog-only,fog-5,78
10026,low,moderate,Fog-only,fog-6,0
10026,low,moderate,Fog-only,fog-7,0
10026,low,moderate,Fog-only,fog-8,22
10026,low,moderate,DRL-OO,fog-1,227
10026,low,moderate,DRL-OO,fog-2,164
10026,low,moderate,DRL-OO,fog-3,8
10026,low,moderate,DRL-OO,fog-4,1
10026,low,moderate,DRL-OO,fog-5,26
10026,low,moderate,DRL-OO,fog-6,39
10026,low,moderate,DRL-OO,fog-7,0
10026,low,moderate,DRL-OO,fog-8,16
10027,low,moderate,DT-KF-CostAware,fog-1,15
10027,low,moderate,DT-KF-CostAware,fog-2,91
10027,low,moderate,DT-KF-CostAware,fog-3,2
10027,low,moderate,DT-KF-CostAware,fog-4,91
10027,low,moderate,DT-KF-CostAware,fog-5,90
10027,low,moderate,DT-KF-CostAware,fog-6,0
10027,low,moderate,DT-KF-CostAware,fog-7,91
10027,low,moderate,DT-KF-CostAware,fog-8,90
10027,low,moderate,DT-OPT,fog-1,4
10027,low,moderate,DT-OPT,fog-2,28
10027,low,moderate,DT-OPT,fog-3,14
10027,low,moderate,DT-OPT,fog-4,121
10027,low,moderate,DT-OPT,fog-5,22
10027,low,moderate,DT-OPT,fog-6,0
10027,low,moderate,DT-OPT,fog-7,51
10027,low,moderate,DT-OPT,fog-8,232
10027,low,moderate,SemiGreedy,fog-1,0
10027,low,moderate,SemiGreedy,fog-2,1
10027,low,moderate,SemiGreedy,fog-3,0
10027,low,moderate,SemiGreedy,fog-4,3
10027,low,moderate,SemiGreedy,fog-5,69
10027,low,moderate,SemiGreedy,fog-6,0
10027,low,moderate,SemiGreedy,fog-7,20
10027,low,moderate,SemiGreedy,fog-8,204
10027,low,moderate,Fog-only,fog-1,1
10027,low,moderate,Fog-only,fog-2,6
10027,low,moderate,Fog-only,fog-3,0
10027,low,moderate,Fog-only,fog-4,22
10027,low,moderate,Fog-only,fog-5,137
10027,low,moderate,Fog-only,fog-6,0
10027,low,moderate,Fog-only,fog-7,81
10027,low,moderate,Fog-only,fog-8,225
10027,low,moderate,DRL-OO,fog-1,21
10027,low,moderate,DRL-OO,fog-2,44
10027,low,moderate,DRL-OO,fog-3,22
10027,low,moderate,DRL-OO,fog-4,129
10027,low,moderate,DRL-OO,fog-5,9
10027,low,moderate,DRL-OO,fog-6,1
10027,low,moderate,DRL-OO,fog-7,2
10027,low,moderate,DRL-OO,fog-8,244
10028,low,moderate,DT-KF-CostAware,fog-1,9
10028,low,moderate,DT-KF-CostAware,fog-2,96
10028,low,moderate,DT-KF-CostAware,fog-3,12
10028,low,moderate,DT-KF-CostAware,fog-4,82
10028,low,moderate,DT-KF-CostAware,fog-5,12
10028,low,moderate,DT-KF-CostAware,fog-6,97
10028,low,moderate,DT-KF-CostAware,fog-7,85
10028,low,moderate,DT-KF-CostAware,fog-8,97
10028,low,moderate,DT-OPT,fog-1,4
10028,low,moderate,DT-OPT,fog-2,74
10028,low,moderate,DT-OPT,fog-3,5
10028,low,moderate,DT-OPT,fog-4,145
10028,low,moderate,DT-OPT,fog-5,0
10028,low,moderate,DT-OPT,fog-6,206
10028,low,moderate,DT-OPT,fog-7,54
10028,low,moderate,DT-OPT,fog-8,4
10028,low,moderate,SemiGreedy,fog-1,0
10028,low,moderate,SemiGreedy,fog-2,28
10028,low,moderate,SemiGreedy,fog-3,0
10028,low,moderate,SemiGreedy,fog-4,4
10028,low,moderate,SemiGreedy,fog-5,0
10028,low,moderate,SemiGreedy,fog-6,64
10028,low,moderate,SemiGreedy,fog-7,0
10028,low,moderate,SemiGreedy,fog-8,208
10028,low,moderate,Fog-only,fog-1,0
10028,low,moderate,Fog-only,fog-2,88
10028,low,moderate,Fog-only,fog-3,3
10028,low,moderate,Fog-only,fog-4,21
10028,low,moderate,Fog-only,fog-5,2
10028,low,moderate,Fog-only,fog-6,136
10028,low,moderate,Fog-only,fog-7,7
10028,low,moderate,Fog-only,fog-8,235
10028,low,moderate,DRL-OO,fog-1,61
10028,low,moderate,DRL-OO,fog-2,116
10028,low,moderate,DRL-OO,fog-3,28
10028,low,moderate,DRL-OO,fog-4,247
10028,low,moderate,DRL-OO,fog-5,0
10028,low,moderate,DRL-OO,fog-6,22
10028,low,moderate,DRL-OO,fog-7,7
10028,low,moderate,DRL-OO,fog-8,11
10029,low,moderate,DT-KF-CostAware,fog-1,3
10029,low,moderate,DT-KF-CostAware,fog-2,3
10029,low,moderate,DT-KF-CostAware,fog-3,115
10029,low,moderate,DT-KF-CostAware,fog-4,114
10029,low,moderate,DT-KF-CostAware,fog-5,3
10029,low,moderate,DT-KF-CostAware,fog-6,3
10029,low,moderate,DT-KF-CostAware,fog-7,117
10029,low,moderate,DT-KF-CostAware,fog-8,114
10029,low,moderate,DT-OPT,fog-1,2
10029,low,moderate,DT-OPT,fog-2,6
10029,low,moderate,DT-OPT,fog-3,154
10029,low,moderate,DT-OPT,fog-4,69
10029,low,moderate,DT-OPT,fog-5,4
10029,low,moderate,DT-OPT,fog-6,0
10029,low,moderate,DT-OPT,fog-7,22
10029,low,moderate,DT-OPT,fog-8,218
10029,low,moderate,SemiGreedy,fog-1,0
10029,low,moderate,SemiGreedy,fog-2,0
10029,low,moderate,SemiGreedy,fog-3,3
10029,low,moderate,SemiGreedy,fog-4,106
10029,low,moderate,SemiGreedy,fog-5,0
10029,low,moderate,SemiGreedy,fog-6,0
10029,low,moderate,SemiGreedy,fog-7,11
10029,low,moderate,SemiGreedy,fog-8,151
10029,low,moderate,Fog-only,fog-1,0
10029,low,moderate,Fog-only,fog-2,0
10029,low,moderate,Fog-only,fog-3,58
10029,low,moderate,Fog-only,fog-4,156
10029,low,moderate,Fog-only,fog-5,2
10029,low,moderate,Fog-only,fog-6,0
10029,low,moderate,Fog-only,fog-7,46
10029,low,moderate,Fog-only,fog-8,213
10029,low,moderate,DRL-OO,fog-1,0
10029,low,moderate,DRL-OO,fog-2,6
10029,low,moderate,DRL-OO,fog-3,38
10029,low,moderate,DRL-OO,fog-4,136
10029,low,moderate,DRL-OO,fog-5,23
10029,low,moderate,DRL-OO,fog-6,1
10029,low,moderate,DRL-OO,fog-7,48
10029,low,moderate,DRL-OO,fog-8,223
10000,medium,moderate,DT-KF-CostAware,fog-1,18
10000,medium,moderate,DT-KF-CostAware,fog-2,17
10000,medium,moderate,DT-KF-CostAware,fog-3,172
10000,medium,moderate,DT-KF-CostAware,fog-4,96
10000,medium,moderate,DT-KF-CostAware,fog-5,168
10000,medium,moderate,DT-KF-CostAware,fog-6,216
10000,medium,moderate,DT-KF-CostAware,fog-7,144
10000,medium,moderate,DT-KF-CostAware,fog-8,19
10000,medium,moderate,DT-OPT,fog-1,25
10000,medium,moderate,DT-OPT,fog-2,0
10000,medium,moderate,DT-OPT,fog-3,244
10000,medium,moderate,DT-OPT,fog-4,62
10000,medium,moderate,DT-OPT,fog-5,204
10000,medium,moderate,DT-OPT,fog-6,212
10000,medium,moderate,DT-OPT,fog-7,112
10000,medium,moderate,DT-OPT,fog-8,6
10000,medium,moderate,SemiGreedy,fog-1,0
10000,medium,moderate,SemiGreedy,fog-2,0
10000,medium,moderate,SemiGreedy,fog-3,165
10000,medium,moderate,SemiGreedy,fog-4,1
10000,medium,moderate,SemiGreedy,fog-5,29
10000,medium,moderate,SemiGreedy,fog-6,305
10000,medium,moderate,SemiGreedy,fog-7,60
10000,medium,moderate,SemiGreedy,fog-8,0
10000,medium,moderate,Fog-only,fog-1,17
10000,medium,moderate,Fog-only,fog-2,4
10000,medium,moderate,Fog-only,fog-3,216
10000,medium,moderate,Fog-only,fog-4,64
10000,medium,moderate,Fog-only,fog-5,118
10000,medium,moderate,Fog-only,fog-6,257
10000,medium,moderate,Fog-only,fog-7,166
10000,medium,moderate,Fog-only,fog-8,24
10000,medium,moderate,DRL-OO,fog-1,8
10000,medium,moderate,DRL-OO,fog-2,1
10000,medium,moderate,DRL-OO,fog-3,206
10000,medium,moderate,DRL-OO,fog-4,60
10000,medium,moderate,DRL-OO,fog-5,128
10000,medium,moderate,DRL-OO,fog-6,318
10000,medium,moderate,DRL-OO,fog-7,114
10000,medium,moderate,DRL-OO,fog-8,22
10001,medium,moderate,DT-KF-CostAware,fog-1,76
10001,medium,moderate,DT-KF-CostAware,fog-2,35
10001,medium,moderate,DT-KF-CostAware,fog-3,163
10001,medium,moderate,DT-KF-CostAware,fog-4,163
10001,medium,moderate,DT-KF-CostAware,fog-5,162
10001,medium,moderate,DT-KF-CostAware,fog-6,29
10001,medium,moderate,DT-KF-CostAware,fog-7,16
10001,medium,moderate,DT-KF-CostAware,fog-8,159
10001,medium,moderate,DT-OPT,fog-1,104
10001,medium,moderate,DT-OPT,fog-2,35
10001,medium,moderate,DT-OPT,fog-3,242
10001,medium,moderate,DT-OPT,fog-4,143
10001,medium,moderate,DT-OPT,fog-5,216
10001,medium,moderate,DT-OPT,fog-6,3
10001,medium,moderate,DT-OPT,fog-7,19
10001,medium,moderate,DT-OPT,fog-8,54
10001,medium,moderate,SemiGreedy,fog-1,4
10001,medium,moderate,SemiGreedy,fog-2,1
10001,medium,moderate,SemiGreedy,fog-3,241
10001,medium,moderate,SemiGreedy,fog-4,62
10001,medium,moderate,SemiGreedy,fog-5,202
10001,medium,moderate,SemiGreedy,fog-6,0
10001,medium,moderate,SemiGreedy,fog-7,0
10001,medium,moderate,SemiGreedy,fog-8,15
10001,medium,moderate,Fog-only,fog-1,43
10001,medium,moderate,Fog-only,fog-2,16
10001,medium,moderate,Fog-only,fog-3,235
10001,medium,moderate,Fog-only,fog-4,172
10001,medium,moderate,Fog-only,fog-5,244
10001,medium,moderate,Fog-only,fog-6,7
10001,medium,moderate,Fog-only,fog-7,2
10001,medium,moderate,Fog-only,fog-8,97
10001,medium,moderate,DRL-OO,fog-1,48
10001,medium,moderate,DRL-OO,fog-2,20
10001,medium,moderate,DRL-OO,fog-3,209
10001,medium,moderate,DRL-OO,fog-4,167
10001,medium,moderate,DRL-OO,fog-5,255
10001,medium,moderate,DRL-OO,fog-6,4
10001,medium,moderate,DRL-OO,fog-7,8
10001,medium,moderate,DRL-OO,fog-8,104
10002,medium,moderate,DT-KF-CostAware,fog-1,62
10002,medium,moderate,DT-KF-CostAware,fog-2,63
10002,medium,moderate,DT-KF-CostAware,fog-3,160
10002,medium,moderate,DT-KF-CostAware,fog-4,214
10002,medium,moderate,DT-KF-CostAware,fog-5,63
10002,medium,moderate,DT-KF-CostAware,fog-6,61
10002,medium,moderate,DT-KF-CostAware,fog-7,214
10002,medium,moderate,DT-KF-CostAware,fog-8,62
10002,medium,moderate,DT-OPT,fog-1,133
10002,medium,moderate,DT-OPT,fog-2,4
10002,medium,moderate,DT-OPT,fog-3,62
10002,medium,moderate,DT-OPT,fog-4,253
10002,medium,moderate,DT-OPT,fog-5,14
10002,medium,moderate,DT-OPT,fog-6,47
10002,medium,moderate,DT-OPT,fog-7,219
10002,medium,moderate,DT-OPT,fog-8,183
10002,medium,moderate,SemiGreedy,fog-1,1
10002,medium,moderate,SemiGreedy,fog-2,0
10002,medium,moderate,SemiGreedy,fog-3,93
10002,medium,moderate,SemiGreedy,fog-4,182
10002,medium,moderate,SemiGreedy,fog-5,31
10002,medium,moderate,SemiGreedy,fog-6,23
10002,medium,moderate,SemiGreedy,fog-7,278
10002,medium,moderate,SemiGreedy,fog-8,7
10002,medium,moderate,Fog-only,fog-1,19
10002,medium,moderate,Fog-only,fog-2,9
10002,medium,moderate,Fog-only,fog-3,177
10002,medium,moderate,Fog-only,fog-4,213
10002,medium,moderate,Fog-only,fog-5,112
10002,medium,moderate,Fog-only,fog-6,97
10002,medium,moderate,Fog-only,fog-7,246
10002,medium,moderate,Fog-only,fog-8,46
10002,medium,moderate,DRL-OO,fog-1,30
10002,medium,moderate,DRL-OO,fog-2,3
10002,medium,moderate,DRL-OO,fog-3,152
10002,medium,moderate,DRL-OO,fog-4,222
10002,medium,moderate,DRL-OO,fog-5,29
10002,medium,moderate,DRL-OO,fog-6,73
10002,medium,moderate,DRL-OO,fog-7,292
10002,medium,moderate,DRL-OO,fog-8,111
10003,medium,moderate,DT-KF-CostAware,fog-1,5
10003,medium,moderate,DT-KF-CostAware,fog-2,127
10003,medium,moderate,DT-KF-CostAware,fog-3,126
10003,medium,moderate,DT-KF-CostAware,fog-4,126
10003,medium,moderate,DT-KF-CostAware,fog-5,126
10003,medium,moderate,DT-KF-CostAware,fog-6,98
10003,medium,moderate,DT-KF-CostAware,fog-7,121
10003,medium,moderate,DT-KF-CostAware,fog-8,126
10003,medium,moderate,DT-OPT,fog-1,11
10003,medium,moderate,DT-OPT,fog-2,169
10003,medium,moderate,DT-OPT,fog-3,233
10003,medium,moderate,DT-OPT,fog-4,228
10003,medium,moderate,DT-OPT,fog-5,116
10003,medium,moderate,DT-OPT,fog-6,32
10003,medium,moderate,DT-OPT,fog-7,19
10003,medium,moderate,DT-OPT,fog-8,59
10003,medium,moderate,SemiGreedy,fog-1,0
10003,medium,moderate,SemiGreedy,fog-2,202
10003,medium,moderate,SemiGreedy,fog-3,11
10003,medium,moderate,SemiGreedy,fog-4,211
10003,medium,moderate,SemiGreedy,fog-5,64
10003,medium,moderate,SemiGreedy,fog-6,0
10003,medium,moderate,SemiGreedy,fog-7,1
10003,medium,moderate,SemiGreedy,fog-8,84
10003,medium,moderate,Fog-only,fog-1,0
10003,medium,moderate,Fog-only,fog-2,222
10003,medium,moderate,Fog-only,fog-3,78
10003,medium,moderate,Fog-only,fog-4,216
10003,medium,moderate,Fog-only,fog-5,148
10003,medium,moderate,Fog-only,fog-6,10
10003,medium,moderate,Fog-only,fog-7,31
10003,medium,moderate,Fog-only,fog-8,163
10003,medium,moderate,DRL-OO,fog-1,10
10003,medium,moderate,DRL-OO,fog-2,153
10003,medium,moderate,DRL-OO,fog-3,155
10003,medium,moderate,DRL-OO,fog-4,260
10003,medium,moderate,DRL-OO,fog-5,165
10003,medium,moderate,DRL-OO,fog-6,15
10003,medium,moderate,DRL-OO,fog-7,28
10003,medium,moderate,DRL-OO,fog-8,79
10004,medium,moderate,DT-KF-CostAware,fog-1,149
10004,medium,moderate,DT-KF-CostAware,fog-2,148
10004,medium,moderate,DT-KF-CostAware,fog-3,146
10004,medium,moderate,DT-KF-CostAware,fog-4,147
10004,medium,moderate,DT-KF-CostAware,fog-5,7
10004,medium,moderate,DT-KF-CostAware,fog-6,147
10004,medium,moderate,DT-KF-CostAware,fog-7,147
10004,medium,moderate,DT-KF-CostAware,fog-8,7
10004,medium,moderate,DT-OPT,fog-1,265
10004,medium,moderate,DT-OPT,fog-2,117
10004,medium,moderate,DT-OPT,fog-3,156
10004,medium,moderate,DT-OPT,fog-4,38
10004,medium,moderate,DT-OPT,fog-5,10
10004,medium,moderate,DT-OPT,fog-6,90
10004,medium,moderate,DT-OPT,fog-7,229
10004,medium,moderate,DT-OPT,fog-8,2
10004,medium,moderate,SemiGreedy,fog-1,278
10004,medium,moderate,SemiGreedy,fog-2,17
10004,medium,moderate,SemiGreedy,fog-3,173
10004,medium,moderate,SemiGreedy,fog-4,12
10004,medium,moderate,SemiGreedy,fog-5,0
10004,medium,moderate,SemiGreedy,fog-6,97
10004,medium,moderate,SemiGreedy,fog-7,33
10004,medium,moderate,SemiGreedy,fog-8,0
10004,medium,moderate,Fog-only,fog-1,258
10004,medium,moderate,Fog-only,fog-2,76
10004,medium,moderate,Fog-only,fog-3,226
10004,medium,moderate,Fog-only,fog-4,52
10004,medium,moderate,Fog-only,fog-5,10
10004,medium,moderate,Fog-only,fog-6,178
10004,medium,moderate,Fog-only,fog-7,107
10004,medium,moderate,Fog-only,fog-8,1
10004,medium,moderate,DRL-OO,fog-1,280
10004,medium,moderate,DRL-OO,fog-2,47
10004,medium,moderate,DRL-OO,fog-3,218
10004,medium,moderate,DRL-OO,fog-4,33
10004,medium,moderate,DRL-OO,fog-5,16
10004,medium,moderate,DRL-OO,fog-6,130
10004,medium,moderate,DRL-OO,fog-7,178
10004,medium,moderate,DRL-OO,fog-8,4
10005,medium,moderate,DT-KF-CostAware,fog-1,187
10005,medium,moderate,DT-KF-CostAware,fog-2,184
10005,medium,moderate,DT-KF-CostAware,fog-3,33
10005,medium,moderate,DT-KF-CostAware,fog-4,182
10005,medium,moderate,DT-KF-CostAware,fog-5,31
10005,medium,moderate,DT-KF-CostAware,fog-6,183
10005,medium,moderate,DT-KF-CostAware,fog-7,33
10005,medium,moderate,DT-KF-CostAware,fog-8,33
10005,medium,moderate,DT-OPT,fog-1,113
10005,medium,moderate,DT-OPT,fog-2,136
10005,medium,moderate,DT-OPT,fog-3,43
10005,medium,moderate,DT-OPT,fog-4,263
10005,medium,moderate,DT-OPT,fog-5,63
10005,medium,moderate,DT-OPT,fog-6,215
10005,medium,moderate,DT-OPT,fog-7,42
10005,medium,moderate,DT-OPT,fog-8,11
10005,medium,moderate,SemiGreedy,fog-1,186
10005,medium,moderate,SemiGreedy,fog-2,38
10005,medium,moderate,SemiGreedy,fog-3,7
10005,medium,moderate,SemiGreedy,fog-4,282
10005,medium,moderate,SemiGreedy,fog-5,0
10005,medium,moderate,SemiGreedy,fog-6,95
10005,medium,moderate,SemiGreedy,fog-7,1
10005,medium,moderate,SemiGreedy,fog-8,0
10005,medium,moderate,Fog-only,fog-1,228
10005,medium,moderate,Fog-only,fog-2,125
10005,medium,moderate,Fog-only,fog-3,64
10005,medium,moderate,Fog-only,fog-4,251
10005,medium,moderate,Fog-only,fog-5,5
10005,medium,moderate,Fog-only,fog-6,175
10005,medium,moderate,Fog-only,fog-7,28
10005,medium,moderate,Fog-only,fog-8,12
10005,medium,moderate,DRL-OO,fog-1,170
10005,medium,moderate,DRL-OO,fog-2,83
10005,medium,moderate,DRL-OO,fog-3,76
10005,medium,moderate,DRL-OO,fog-4,291
10005,medium,moderate,DRL-OO,fog-5,9
10005,medium,moderate,DRL-OO,fog-6,205
10005,medium,moderate,DRL-OO,fog-7,37
10005,medium,moderate,DRL-OO,fog-8,14
10006,medium,moderate,DT-KF-CostAware,fog-1,38
10006,medium,moderate,DT-KF-CostAware,fog-2,191
10006,medium,moderate,DT-KF-CostAware,fog-3,222
10006,medium,moderate,DT-KF-CostAware,fog-4,35
10006,medium,moderate,DT-KF-CostAware,fog-5,40
10006,medium,moderate,DT-KF-CostAware,fog-6,40
10006,medium,moderate,DT-KF-CostAware,fog-7,222
10006,medium,moderate,DT-KF-CostAware,fog-8,40
10006,medium,moderate,DT-OPT,fog-1,44
10006,medium,moderate,DT-OPT,fog-2,138
10006,medium,moderate,DT-OPT,fog-3,208
10006,medium,moderate,DT-OPT,fog-4,2
10006,medium,moderate,DT-OPT,fog-5,135
10006,medium,moderate,DT-OPT,fog-6,21
10006,medium,moderate,DT-OPT,fog-7,261
10006,medium,moderate,DT-OPT,fog-8,36
10006,medium,moderate,SemiGreedy,fog-1,1
10006,medium,moderate,SemiGreedy,fog-2,62
10006,medium,moderate,SemiGreedy,fog-3,292
10006,medium,moderate,SemiGreedy,fog-4,0
10006,medium,moderate,SemiGreedy,fog-5,3
10006,medium,moderate,SemiGreedy,fog-6,17
10006,medium,moderate,SemiGreedy,fog-7,178
10006,medium,moderate,SemiGreedy,fog-8,0
10006,medium,moderate,Fog-only,fog-1,27
10006,medium,moderate,Fog-only,fog-2,175
10006,medium,moderate,Fog-only,fog-3,264
10006,medium,moderate,Fog-only,fog-4,5
10006,medium,moderate,Fog-only,fog-5,51
10006,medium,moderate,Fog-only,fog-6,94
10006,medium,moderate,Fog-only,fog-7,224
10006,medium,moderate,Fog-only,fog-8,8
10006,medium,moderate,DRL-OO,fog-1,30
10006,medium,moderate,DRL-OO,fog-2,130
10006,medium,moderate,DRL-OO,fog-3,239
10006,medium,moderate,DRL-OO,fog-4,4
10006,medium,moderate,DRL-OO,fog-5,67
10006,medium,moderate,DRL-OO,fog-6,93
10006,medium,moderate,DRL-OO,fog-7,272
10006,medium,moderate,DRL-OO,fog-8,7
10007,medium,moderate,DT-KF-CostAware,fog-1,177
10007,medium,moderate,DT-KF-CostAware,fog-2,6
10007,medium,moderate,DT-KF-CostAware,fog-3,71
10007,medium,moderate,DT-KF-CostAware,fog-4,176
10007,medium,moderate,DT-KF-CostAware,fog-5,46
10007,medium,moderate,DT-KF-CostAware,fog-6,80
10007,medium,moderate,DT-KF-CostAware,fog-7,177
10007,medium,moderate,DT-KF-CostAware,fog-8,176
10007,medium,moderate,DT-OPT,fog-1,161
10007,medium,moderate,DT-OPT,fog-2,3
10007,medium,moderate,DT-OPT,fog-3,17
10007,medium,moderate,DT-OPT,fog-4,187
10007,medium,moderate,DT-OPT,fog-5,39
10007,medium,moderate,DT-OPT,fog-6,235
10007,medium,moderate,DT-OPT,fog-7,77
10007,medium,moderate,DT-OPT,fog-8,208
10007,medium,moderate,SemiGreedy,fog-1,63
10007,medium,moderate,SemiGreedy,fog-2,0
10007,medium,moderate,SemiGreedy,fog-3,2
10007,medium,moderate,SemiGreedy,fog-4,251
10007,medium,moderate,SemiGreedy,fog-5,1
10007,medium,moderate,SemiGreedy,fog-6,10
10007,medium,moderate,SemiGreedy,fog-7,84
10007,medium,moderate,SemiGreedy,fog-8,206
10007,medium,moderate,Fog-only,fog-1,163
10007,medium,moderate,Fog-only,fog-2,4
10007,medium,moderate,Fog-only,fog-3,28
10007,medium,moderate,Fog-only,fog-4,259
10007,medium,moderate,Fog-only,fog-5,10
10007,medium,moderate,Fog-only,fog-6,69
10007,medium,moderate,Fog-only,fog-7,164
10007,medium,moderate,Fog-only,fog-8,229
10007,medium,moderate,DRL-OO,fog-1,124
10007,medium,moderate,DRL-OO,fog-2,3
10007,medium,moderate,DRL-OO,fog-3,28
10007,medium,moderate,DRL-OO,fog-4,257
10007,medium,moderate,DRL-OO,fog-5,18
10007,medium,moderate,DRL-OO,fog-6,73
10007,medium,moderate,DRL-OO,fog-7,155
10007,medium,moderate,DRL-OO,fog-8,268
10008,medium,moderate,DT-KF-CostAware,fog-1,199
10008,medium,moderate,DT-KF-CostAware,fog-2,63
10008,medium,moderate,DT-KF-CostAware,fog-3,105
10008,medium,moderate,DT-KF-CostAware,fog-4,13
10008,medium,moderate,DT-KF-CostAware,fog-5,71
10008,medium,moderate,DT-KF-CostAware,fog-6,201
10008,medium,moderate,DT-KF-CostAware,fog-7,184
10008,medium,moderate,DT-KF-CostAware,fog-8,49
10008,medium,moderate,DT-OPT,fog-1,264
10008,medium,moderate,DT-OPT,fog-2,25
10008,medium,moderate,DT-OPT,fog-3,92
10008,medium,moderate,DT-OPT,fog-4,4
10008,medium,moderate,DT-OPT,fog-5,102
10008,medium,moderate,DT-OPT,fog-6,226
10008,medium,moderate,DT-OPT,fog-7,134
10008,medium,moderate,DT-OPT,fog-8,56
10008,medium,moderate,SemiGreedy,fog-1,285
10008,medium,moderate,SemiGreedy,fog-2,4
10008,medium,moderate,SemiGreedy,fog-3,32
10008,medium,moderate,SemiGreedy,fog-4,0
10008,medium,moderate,SemiGreedy,fog-5,8
10008,medium,moderate,SemiGreedy,fog-6,176
10008,medium,moderate,SemiGreedy,fog-7,90
10008,medium,moderate,SemiGreedy,fog-8,1
10008,medium,moderate,Fog-only,fog-1,252
10008,medium,moderate,Fog-only,fog-2,39
10008,medium,moderate,Fog-only,fog-3,127
10008,medium,moderate,Fog-only,fog-4,5
10008,medium,moderate,Fog-only,fog-5,63
10008,medium,moderate,Fog-only,fog-6,227
10008,medium,moderate,Fog-only,fog-7,179
10008,medium,moderate,Fog-only,fog-8,12
10008,medium,moderate,DRL-OO,fog-1,283
10008,medium,moderate,DRL-OO,fog-2,48
10008,medium,moderate,DRL-OO,fog-3,130
10008,medium,moderate,DRL-OO,fog-4,12
10008,medium,moderate,DRL-OO,fog-5,46
10008,medium,moderate,DRL-OO,fog-6,219
10008,medium,moderate,DRL-OO,fog-7,161
10008,medium,moderate,DRL-OO,fog-8,4
10009,medium,moderate,DT-KF-CostAware,fog-1,158
10009,medium,moderate,DT-KF-CostAware,fog-2,158
10009,medium,moderate,DT-KF-CostAware,fog-3,18
10009,medium,moderate,DT-KF-CostAware,fog-4,19
10009,medium,moderate,DT-KF-CostAware,fog-5,18
10009,medium,moderate,DT-KF-CostAware,fog-6,157
10009,medium,moderate,DT-KF-CostAware,fog-7,158
10009,medium,moderate,DT-KF-CostAware,fog-8,159
10009,medium,moderate,DT-OPT,fog-1,97
10009,medium,moderate,DT-OPT,fog-2,225
10009,medium,moderate,DT-OPT,fog-3,10
10009,medium,moderate,DT-OPT,fog-4,6
10009,medium,moderate,DT-OPT,fog-5,67
10009,medium,moderate,DT-OPT,fog-6,164
10009,medium,moderate,DT-OPT,fog-7,61
10009,medium,moderate,DT-OPT,fog-8,233
10009,medium,moderate,SemiGreedy,fog-1,163
10009,medium,moderate,SemiGreedy,fog-2,7
10009,medium,moderate,SemiGreedy,fog-3,0
10009,medium,moderate,SemiGreedy,fog-4,1
10009,medium,moderate,SemiGreedy,fog-5,0
10009,medium,moderate,SemiGreedy,fog-6,84
10009,medium,moderate,SemiGreedy,fog-7,31
10009,medium,moderate,SemiGreedy,fog-8,264
10009,medium,moderate,Fog-only,fog-1,223
10009,medium,moderate,Fog-only,fog-2,76
10009,medium,moderate,Fog-only,fog-3,3
10009,medium,moderate,Fog-only,fog-4,25
10009,medium,moderate,Fog-only,fog-5,8
10009,medium,moderate,Fog-only,fog-6,170
10009,medium,moderate,Fog-only,fog-7,125
10009,medium,moderate,Fog-only,fog-8,234
10009,medium,moderate,DRL-OO,fog-1,216
10009,medium,moderate,DRL-OO,fog-2,118
10009,medium,moderate,DRL-OO,fog-3,8
10009,medium,moderate,DRL-OO,fog-4,41
10009,medium,moderate,DRL-OO,fog-5,9
10009,medium,moderate,DRL-OO,fog-6,91
10009,medium,moderate,DRL-OO,fog-7,122
10009,medium,moderate,DRL-OO,fog-8,257
10010,medium,moderate,DT-KF-CostAware,fog-1,164
10010,medium,moderate,DT-KF-CostAware,fog-2,12
10010,medium,moderate,DT-KF-CostAware,fog-3,14
10010,medium,moderate,DT-KF-CostAware,fog-4,164
10010,medium,moderate,DT-KF-CostAware,fog-5,163
10010,medium,moderate,DT-KF-CostAware,fog-6,164
10010,medium,moderate,DT-KF-CostAware,fog-7,25
10010,medium,moderate,DT-KF-CostAware,fog-8,163
10010,medium,moderate,DT-OPT,fog-1,154
10010,medium,moderate,DT-OPT,fog-2,8
10010,medium,moderate,DT-OPT,fog-3,1
10010,medium,moderate,DT-OPT,fog-4,256
10010,medium,moderate,DT-OPT,fog-5,132
10010,medium,moderate,DT-OPT,fog-6,181
10010,medium,moderate,DT-OPT,fog-7,72
10010,medium,moderate,DT-OPT,fog-8,84
10010,medium,moderate,SemiGreedy,fog-1,288
10010,medium,moderate,SemiGreedy,fog-2,0
10010,medium,moderate,SemiGreedy,fog-3,0
10010,medium,moderate,SemiGreedy,fog-4,85
10010,medium,moderate,SemiGreedy,fog-5,9
10010,medium,moderate,SemiGreedy,fog-6,175
10010,medium,moderate,SemiGreedy,fog-7,3
10010,medium,moderate,SemiGreedy,fog-8,38
10010,medium,moderate,Fog-only,fog-1,262
10010,medium,moderate,Fog-only,fog-2,6
10010,medium,moderate,Fog-only,fog-3,1
10010,medium,moderate,Fog-only,fog-4,188
10010,medium,moderate,Fog-only,fog-5,70
10010,medium,moderate,Fog-only,fog-6,217
10010,medium,moderate,Fog-only,fog-7,22
10010,medium,moderate,Fog-only,fog-8,122
10010,medium,moderate,DRL-OO,fog-1,141
10010,medium,moderate,DRL-OO,fog-2,17
10010,medium,moderate,DRL-OO,fog-3,0
10010,medium,moderate,DRL-OO,fog-4,226
10010,medium,moderate,DRL-OO,fog-5,62
10010,medium,moderate,DRL-OO,fog-6,258
10010,medium,moderate,DRL-OO,fog-7,25
10010,medium,moderate,DRL-OO,fog-8,159
10011,medium,moderate,DT-KF-CostAware,fog-1,164
10011,medium,moderate,DT-KF-CostAware,fog-2,179
10011,medium,moderate,DT-KF-CostAware,fog-3,26
10011,medium,moderate,DT-KF-CostAware,fog-4,264
10011,medium,moderate,DT-KF-CostAware,fog-5,180
10011,medium,moderate,DT-KF-CostAware,fog-6,33
10011,medium,moderate,DT-KF-CostAware,fog-7,28
10011,medium,moderate,DT-KF-CostAware,fog-8,30
10011,medium,moderate,DT-OPT,fog-1,79
10011,medium,moderate,DT-OPT,fog-2,219
10011,medium,moderate,DT-OPT,fog-3,3
10011,medium,moderate,DT-OPT,fog-4,271
10011,medium,moderate,DT-OPT,fog-5,207
10011,medium,moderate,DT-OPT,fog-6,106
10011,medium,moderate,DT-OPT,fog-7,14
10011,medium,moderate,DT-OPT,fog-8,24
10011,medium,moderate,SemiGreedy,fog-1,36
10011,medium,moderate,SemiGreedy,fog-2,81
10011,medium,moderate,SemiGreedy,fog-3,0
10011,medium,moderate,SemiGreedy,fog-4,295
10011,medium,moderate,SemiGreedy,fog-5,182
10011,medium,moderate,SemiGreedy,fog-6,7
10011,medium,moderate,SemiGreedy,fog-7,0
10011,medium,moderate,SemiGreedy,fog-8,3
10011,medium,moderate,Fog-only,fog-1,137
10011,medium,moderate,Fog-only,fog-2,187
10011,medium,moderate,Fog-only,fog-3,8
10011,medium,moderate,Fog-only,fog-4,263
10011,medium,moderate,Fog-only,fog-5,228
10011,medium,moderate,Fog-only,fog-6,65
10011,medium,moderate,Fog-only,fog-7,4
10011,medium,moderate,Fog-only,fog-8,32
10011,medium,moderate,DRL-OO,fog-1,99
10011,medium,moderate,DRL-OO,fog-2,188
10011,medium,moderate,DRL-OO,fog-3,6
10011,medium,moderate,DRL-OO,fog-4,318
10011,medium,moderate,DRL-OO,fog-5,199
10011,medium,moderate,DRL-OO,fog-6,75
10011,medium,moderate,DRL-OO,fog-7,5
10011,medium,moderate,DRL-OO,fog-8,26
10012,medium,moderate,DT-KF-CostAware,fog-1,122
10012,medium,moderate,DT-KF-CostAware,fog-2,0
10012,medium,moderate,DT-KF-CostAware,fog-3,130
10012,medium,moderate,DT-KF-CostAware,fog-4,131
10012,medium,moderate,DT-KF-CostAware,fog-5,131
10012,medium,moderate,DT-KF-CostAware,fog-6,129
10012,medium,moderate,DT-KF-CostAware,fog-7,56
10012,medium,moderate,DT-KF-CostAware,fog-8,130
10012,medium,moderate,DT-OPT,fog-1,23
10012,medium,moderate,DT-OPT,fog-2,5
10012,medium,moderate,DT-OPT,fog-3,108
10012,medium,moderate,DT-OPT,fog-4,76
10012,medium,moderate,DT-OPT,fog-5,195
10012,medium,moderate,DT-OPT,fog-6,216
10012,medium,moderate,DT-OPT,fog-7,52
10012,medium,moderate,DT-OPT,fog-8,174
10012,medium,moderate,SemiGreedy,fog-1,0
10012,medium,moderate,SemiGreedy,fog-2,0
10012,medium,moderate,SemiGreedy,fog-3,175
10012,medium,moderate,SemiGreedy,fog-4,281
10012,medium,moderate,SemiGreedy,fog-5,8
10012,medium,moderate,SemiGreedy,fog-6,31
10012,medium,moderate,SemiGreedy,fog-7,0
10012,medium,moderate,SemiGreedy,fog-8,85
10012,medium,moderate,Fog-only,fog-1,30
10012,medium,moderate,Fog-only,fog-2,1
10012,medium,moderate,Fog-only,fog-3,214
10012,medium,moderate,Fog-only,fog-4,256
10012,medium,moderate,Fog-only,fog-5,59
10012,medium,moderate,Fog-only,fog-6,116
10012,medium,moderate,Fog-only,fog-7,12
10012,medium,moderate,Fog-only,fog-8,169
10012,medium,moderate,DRL-OO,fog-1,33
10012,medium,moderate,DRL-OO,fog-2,0
10012,medium,moderate,DRL-OO,fog-3,247
10012,medium,moderate,DRL-OO,fog-4,178
10012,medium,moderate,DRL-OO,fog-5,58
10012,medium,moderate,DRL-OO,fog-6,183
10012,medium,moderate,DRL-OO,fog-7,14
10012,medium,moderate,DRL-OO,fog-8,128
10013,medium,moderate,DT-KF-CostAware,fog-1,80
10013,medium,moderate,DT-KF-CostAware,fog-2,78
10013,medium,moderate,DT-KF-CostAware,fog-3,17
10013,medium,moderate,DT-KF-CostAware,fog-4,79
10013,medium,moderate,DT-KF-CostAware,fog-5,252
10013,medium,moderate,DT-KF-CostAware,fog-6,79
10013,medium,moderate,DT-KF-CostAware,fog-7,79
10013,medium,moderate,DT-KF-CostAware,fog-8,252
10013,medium,moderate,DT-OPT,fog-1,54
10013,medium,moderate,DT-OPT,fog-2,177
10013,medium,moderate,DT-OPT,fog-3,12
10013,medium,moderate,DT-OPT,fog-4,38
10013,medium,moderate,DT-OPT,fog-5,247
10013,medium,moderate,DT-OPT,fog-6,113
10013,medium,moderate,DT-OPT,fog-7,65
10013,medium,moderate,DT-OPT,fog-8,235
10013,medium,moderate,SemiGreedy,fog-1,1
10013,medium,moderate,SemiGreedy,fog-2,73
10013,medium,moderate,SemiGreedy,fog-3,0
10013,medium,moderate,SemiGreedy,fog-4,2
10013,medium,moderate,SemiGreedy,fog-5,302
10013,medium,moderate,SemiGreedy,fog-6,34
10013,medium,moderate,SemiGreedy,fog-7,7
10013,medium,moderate,SemiGreedy,fog-8,182
10013,medium,moderate,Fog-only,fog-1,38
10013,medium,moderate,Fog-only,fog-2,175
10013,medium,moderate,Fog-only,fog-3,12
10013,medium,moderate,Fog-only,fog-4,31
10013,medium,moderate,Fog-only,fog-5,254
10013,medium,moderate,Fog-only,fog-6,127
10013,medium,moderate,Fog-only,fog-7,72
10013,medium,moderate,Fog-only,fog-8,233
10013,medium,moderate,DRL-OO,fog-1,24
10013,medium,moderate,DRL-OO,fog-2,124
10013,medium,moderate,DRL-OO,fog-3,7
10013,medium,moderate,DRL-OO,fog-4,29
10013,medium,moderate,DRL-OO,fog-5,290
10013,medium,moderate,DRL-OO,fog-6,122
10013,medium,moderate,DRL-OO,fog-7,76
10013,medium,moderate,DRL-OO,fog-8,252
10014,medium,moderate,DT-KF-CostAware,fog-1,137
10014,medium,moderate,DT-KF-CostAware,fog-2,137
10014,medium,moderate,DT-KF-CostAware,fog-3,74
10014,medium,moderate,DT-KF-CostAware,fog-4,140
10014,medium,moderate,DT-KF-CostAware,fog-5,137
10014,medium,moderate,DT-KF-CostAware,fog-6,76
10014,medium,moderate,DT-KF-CostAware,fog-7,38
10014,medium,moderate,DT-KF-CostAware,fog-8,138
10014,medium,moderate,DT-OPT,fog-1,104
10014,medium,moderate,DT-OPT,fog-2,207
10014,medium,moderate,DT-OPT,fog-3,65
10014,medium,moderate,DT-OPT,fog-4,69
10014,medium,moderate,DT-OPT,fog-5,242
10014,medium,moderate,DT-OPT,fog-6,10
10014,medium,moderate,DT-OPT,fog-7,32
10014,medium,moderate,DT-OPT,fog-8,170
10014,medium,moderate,SemiGreedy,fog-1,168
10014,medium,moderate,SemiGreedy,fog-2,13
10014,medium,moderate,SemiGreedy,fog-3,0
10014,medium,moderate,SemiGreedy,fog-4,93
10014,medium,moderate,SemiGreedy,fog-5,262
10014,medium,moderate,SemiGreedy,fog-6,0
10014,medium,moderate,SemiGreedy,fog-7,0
10014,medium,moderate,SemiGreedy,fog-8,41
10014,medium,moderate,Fog-only,fog-1,214
10014,medium,moderate,Fog-only,fog-2,94
10014,medium,moderate,Fog-only,fog-3,14
10014,medium,moderate,Fog-only,fog-4,175
10014,medium,moderate,Fog-only,fog-5,234
10014,medium,moderate,Fog-only,fog-6,43
10014,medium,moderate,Fog-only,fog-7,5
10014,medium,moderate,Fog-only,fog-8,124
10014,medium,moderate,DRL-OO,fog-1,196
10014,medium,moderate,DRL-OO,fog-2,142
10014,medium,moderate,DRL-OO,fog-3,17
10014,medium,moderate,DRL-OO,fog-4,136
10014,medium,moderate,DRL-OO,fog-5,253
10014,medium,moderate,DRL-OO,fog-6,39
10014,medium,moderate,DRL-OO,fog-7,8
10014,medium,moderate,DRL-OO,fog-8,106
10015,medium,moderate,DT-KF-CostAware,fog-1,121
10015,medium,moderate,DT-KF-CostAware,fog-2,99
10015,medium,moderate,DT-KF-CostAware,fog-3,174
10015,medium,moderate,DT-KF-CostAware,fog-4,121
10015,medium,moderate,DT-KF-CostAware,fog-5,33
10015,medium,moderate,DT-KF-CostAware,fog-6,12
10015,medium,moderate,DT-KF-CostAware,fog-7,171
10015,medium,moderate,DT-KF-CostAware,fog-8,173
10015,medium,moderate,DT-OPT,fog-1,227
10015,medium,moderate,DT-OPT,fog-2,103
10015,medium,moderate,DT-OPT,fog-3,82
10015,medium,moderate,DT-OPT,fog-4,66
10015,medium,moderate,DT-OPT,fog-5,20
10015,medium,moderate,DT-OPT,fog-6,9
10015,medium,moderate,DT-OPT,fog-7,208
10015,medium,moderate,DT-OPT,fog-8,202
10015,medium,moderate,SemiGreedy,fog-1,35
10015,medium,moderate,SemiGreedy,fog-2,0
10015,medium,moderate,SemiGreedy,fog-3,181
10015,medium,moderate,SemiGreedy,fog-4,8
10015,medium,moderate,SemiGreedy,fog-5,0
10015,medium,moderate,SemiGreedy,fog-6,0
10015,medium,moderate,SemiGreedy,fog-7,298
10015,medium,moderate,SemiGreedy,fog-8,90
10015,medium,moderate,Fog-only,fog-1,119
10015,medium,moderate,Fog-only,fog-2,35
10015,medium,moderate,Fog-only,fog-3,237
10015,medium,moderate,Fog-only,fog-4,70
10015,medium,moderate,Fog-only,fog-5,14
10015,medium,moderate,Fog-only,fog-6,9
10015,medium,moderate,Fog-only,fog-7,247
10015,medium,moderate,Fog-only,fog-8,187
10015,medium,moderate,DRL-OO,fog-1,139
10015,medium,moderate,DRL-OO,fog-2,64
10015,medium,moderate,DRL-OO,fog-3,230
10015,medium,moderate,DRL-OO,fog-4,83
10015,medium,moderate,DRL-OO,fog-5,19
10015,medium,moderate,DRL-OO,fog-6,4
10015,medium,moderate,DRL-OO,fog-7,261
10015,medium,moderate,DRL-OO,fog-8,107
10016,medium,moderate,DT-KF-CostAware,fog-1,179
10016,medium,moderate,DT-KF-CostAware,fog-2,179
10016,medium,moderate,DT-KF-CostAware,fog-3,76
10016,medium,moderate,DT-KF-CostAware,fog-4,59
10016,medium,moderate,DT-KF-CostAware,fog-5,79
10016,medium,moderate,DT-KF-CostAware,fog-6,59
10016,medium,moderate,DT-KF-CostAware,fog-7,180
10016,medium,moderate,DT-KF-CostAware,fog-8,59
10016,medium,moderate,DT-OPT,fog-1,223
10016,medium,moderate,DT-OPT,fog-2,181
10016,medium,moderate,DT-OPT,fog-3,90
10016,medium,moderate,DT-OPT,fog-4,10
10016,medium,moderate,DT-OPT,fog-5,46
10016,medium,moderate,DT-OPT,fog-6,40
10016,medium,moderate,DT-OPT,fog-7,228
10016,medium,moderate,DT-OPT,fog-8,80
10016,medium,moderate,SemiGreedy,fog-1,147
10016,medium,moderate,SemiGreedy,fog-2,77
10016,medium,moderate,SemiGreedy,fog-3,26
10016,medium,moderate,SemiGreedy,fog-4,0
10016,medium,moderate,SemiGreedy,fog-5,10
10016,medium,moderate,SemiGreedy,fog-6,1
10016,medium,moderate,SemiGreedy,fog-7,250
10016,medium,moderate,SemiGreedy,fog-8,2
10016,medium,moderate,Fog-only,fog-1,209
10016,medium,moderate,Fog-only,fog-2,170
10016,medium,moderate,Fog-only,fog-3,118
10016,medium,moderate,Fog-only,fog-4,13
10016,medium,moderate,Fog-only,fog-5,87
10016,medium,moderate,Fog-only,fog-6,20
10016,medium,moderate,Fog-only,fog-7,232
10016,medium,moderate,Fog-only,fog-8,49
10016,medium,moderate,DRL-OO,fog-1,221
10016,medium,moderate,DRL-OO,fog-2,162
10016,medium,moderate,DRL-OO,fog-3,69
10016,medium,moderate,DRL-OO,fog-4,25
10016,medium,moderate,DRL-OO,fog-5,88
10016,medium,moderate,DRL-OO,fog-6,4
10016,medium,moderate,DRL-OO,fog-7,249
10016,medium,moderate,DRL-OO,fog-8,54
10017,medium,moderate,DT-KF-CostAware,fog-1,141
10017,medium,moderate,DT-KF-CostAware,fog-2,74
10017,medium,moderate,DT-KF-CostAware,fog-3,34
10017,medium,moderate,DT-KF-CostAware,fog-4,144
10017,medium,moderate,DT-KF-CostAware,fog-5,145
10017,medium,moderate,DT-KF-CostAware,fog-6,18
10017,medium,moderate,DT-KF-CostAware,fog-7,132
10017,medium,moderate,DT-KF-CostAware,fog-8,136
10017,medium,moderate,DT-OPT,fog-1,180
10017,medium,moderate,DT-OPT,fog-2,176
10017,medium,moderate,DT-OPT,fog-3,36
10017,medium,moderate,DT-OPT,fog-4,209
10017,medium,moderate,DT-OPT,fog-5,51
10017,medium,moderate,DT-OPT,fog-6,12
10017,medium,moderate,DT-OPT,fog-7,156
10017,medium,moderate,DT-OPT,fog-8,33
10017,medium,moderate,SemiGreedy,fog-1,272
10017,medium,moderate,SemiGreedy,fog-2,4
10017,medium,moderate,SemiGreedy,fog-3,2
10017,medium,moderate,SemiGreedy,fog-4,164
10017,medium,moderate,SemiGreedy,fog-5,67
10017,medium,moderate,SemiGreedy,fog-6,1
10017,medium,moderate,SemiGreedy,fog-7,32
10017,medium,moderate,SemiGreedy,fog-8,12
10017,medium,moderate,Fog-only,fog-1,236
10017,medium,moderate,Fog-only,fog-2,37
10017,medium,moderate,Fog-only,fog-3,16
10017,medium,moderate,Fog-only,fog-4,196
10017,medium,moderate,Fog-only,fog-5,181
10017,medium,moderate,Fog-only,fog-6,7
10017,medium,moderate,Fog-only,fog-7,120
10017,medium,moderate,Fog-only,fog-8,60
10017,medium,moderate,DRL-OO,fog-1,284
10017,medium,moderate,DRL-OO,fog-2,22
10017,medium,moderate,DRL-OO,fog-3,23
10017,medium,moderate,DRL-OO,fog-4,201
10017,medium,moderate,DRL-OO,fog-5,123
10017,medium,moderate,DRL-OO,fog-6,3
10017,medium,moderate,DRL-OO,fog-7,86
10017,medium,moderate,DRL-OO,fog-8,108
10018,medium,moderate,DT-KF-CostAware,fog-1,162
10018,medium,moderate,DT-KF-CostAware,fog-2,161
10018,medium,moderate,DT-KF-CostAware,fog-3,20
10018,medium,moderate,DT-KF-CostAware,fog-4,160
10018,medium,moderate,DT-KF-CostAware,fog-5,22
10018,medium,moderate,DT-KF-CostAware,fog-6,163
10018,medium,moderate,DT-KF-CostAware,fog-7,23
10018,medium,moderate,DT-KF-CostAware,fog-8,161
10018,medium,moderate,DT-OPT,fog-1,226
10018,medium,moderate,DT-OPT,fog-2,103
10018,medium,moderate,DT-OPT,fog-3,19
10018,medium,moderate,DT-OPT,fog-4,198
10018,medium,moderate,DT-OPT,fog-5,1
10018,medium,moderate,DT-OPT,fog-6,121
10018,medium,moderate,DT-OPT,fog-7,37
10018,medium,moderate,DT-OPT,fog-8,194
10018,medium,moderate,SemiGreedy,fog-1,261
10018,medium,moderate,SemiGreedy,fog-2,145
10018,medium,moderate,SemiGreedy,fog-3,3
10018,medium,moderate,SemiGreedy,fog-4,17
10018,medium,moderate,SemiGreedy,fog-5,0
10018,medium,moderate,SemiGreedy,fog-6,36
10018,medium,moderate,SemiGreedy,fog-7,0
10018,medium,moderate,SemiGreedy,fog-8,86
10018,medium,moderate,Fog-only,fog-1,232
10018,medium,moderate,Fog-only,fog-2,198
10018,medium,moderate,Fog-only,fog-3,44
10018,medium,moderate,Fog-only,fog-4,84
10018,medium,moderate,Fog-only,fog-5,9
10018,medium,moderate,Fog-only,fog-6,135
10018,medium,moderate,Fog-only,fog-7,20
10018,medium,moderate,Fog-only,fog-8,179
10018,medium,moderate,DRL-OO,fog-1,267
10018,medium,moderate,DRL-OO,fog-2,145
10018,medium,moderate,DRL-OO,fog-3,19
10018,medium,moderate,DRL-OO,fog-4,100
10018,medium,moderate,DRL-OO,fog-5,2
10018,medium,moderate,DRL-OO,fog-6,118
10018,medium,moderate,DRL-OO,fog-7,40
10018,medium,moderate,DRL-OO,fog-8,206
10019,medium,moderate,DT-KF-CostAware,fog-1,79
10019,medium,moderate,DT-KF-CostAware,fog-2,53
10019,medium,moderate,DT-KF-CostAware,fog-3,93
10019,medium,moderate,DT-KF-CostAware,fog-4,241
10019,medium,moderate,DT-KF-CostAware,fog-5,95
10019,medium,moderate,DT-KF-CostAware,fog-6,53
10019,medium,moderate,DT-KF-CostAware,fog-7,94
10019,medium,moderate,DT-KF-CostAware,fog-8,176
10019,medium,moderate,DT-OPT,fog-1,44
10019,medium,moderate,DT-OPT,fog-2,21
10019,medium,moderate,DT-OPT,fog-3,140
10019,medium,moderate,DT-OPT,fog-4,250
10019,medium,moderate,DT-OPT,fog-5,223
10019,medium,moderate,DT-OPT,fog-6,2
10019,medium,moderate,DT-OPT,fog-7,99
10019,medium,moderate,DT-OPT,fog-8,124
10019,medium,moderate,SemiGreedy,fog-1,0
10019,medium,moderate,SemiGreedy,fog-2,0
10019,medium,moderate,SemiGreedy,fog-3,30
10019,medium,moderate,SemiGreedy,fog-4,293
10019,medium,moderate,SemiGreedy,fog-5,77
10019,medium,moderate,SemiGreedy,fog-6,1
10019,medium,moderate,SemiGreedy,fog-7,8
10019,medium,moderate,SemiGreedy,fog-8,168
10019,medium,moderate,Fog-only,fog-1,27
10019,medium,moderate,Fog-only,fog-2,7
10019,medium,moderate,Fog-only,fog-3,123
10019,medium,moderate,Fog-only,fog-4,253
10019,medium,moderate,Fog-only,fog-5,161
10019,medium,moderate,Fog-only,fog-6,35
10019,medium,moderate,Fog-only,fog-7,79
10019,medium,moderate,Fog-only,fog-8,219
10019,medium,moderate,DRL-OO,fog-1,37
10019,medium,moderate,DRL-OO,fog-2,21
10019,medium,moderate,DRL-OO,fog-3,89
10019,medium,moderate,DRL-OO,fog-4,294
10019,medium,moderate,DRL-OO,fog-5,146
10019,medium,moderate,DRL-OO,fog-6,4
10019,medium,moderate,DRL-OO,fog-7,95
10019,medium,moderate,DRL-OO,fog-8,212
10020,medium,moderate,DT-KF-CostAware,fog-1,188
10020,medium,moderate,DT-KF-CostAware,fog-2,24
10020,medium,moderate,DT-KF-CostAware,fog-3,25
10020,medium,moderate,DT-KF-CostAware,fog-4,190
10020,medium,moderate,DT-KF-CostAware,fog-5,189
10020,medium,moderate,DT-KF-CostAware,fog-6,27
10020,medium,moderate,DT-KF-CostAware,fog-7,189
10020,medium,moderate,DT-KF-CostAware,fog-8,24
10020,medium,moderate,DT-OPT,fog-1,152
10020,medium,moderate,DT-OPT,fog-2,5
10020,medium,moderate,DT-OPT,fog-3,23
10020,medium,moderate,DT-OPT,fog-4,140
10020,medium,moderate,DT-OPT,fog-5,243
10020,medium,moderate,DT-OPT,fog-6,78
10020,medium,moderate,DT-OPT,fog-7,211
10020,medium,moderate,DT-OPT,fog-8,18
10020,medium,moderate,SemiGreedy,fog-1,123
10020,medium,moderate,SemiGreedy,fog-2,0
10020,medium,moderate,SemiGreedy,fog-3,1
10020,medium,moderate,SemiGreedy,fog-4,270
10020,medium,moderate,SemiGreedy,fog-5,50
10020,medium,moderate,SemiGreedy,fog-6,6
10020,medium,moderate,SemiGreedy,fog-7,110
10020,medium,moderate,SemiGreedy,fog-8,0
10020,medium,moderate,Fog-only,fog-1,182
10020,medium,moderate,Fog-only,fog-2,10
10020,medium,moderate,Fog-only,fog-3,28
10020,medium,moderate,Fog-only,fog-4,261
10020,medium,moderate,Fog-only,fog-5,150
10020,medium,moderate,Fog-only,fog-6,61
10020,medium,moderate,Fog-only,fog-7,177
10020,medium,moderate,Fog-only,fog-8,2
10020,medium,moderate,DRL-OO,fog-1,124
10020,medium,moderate,DRL-OO,fog-2,15
10020,medium,moderate,DRL-OO,fog-3,21
10020,medium,moderate,DRL-OO,fog-4,248
10020,medium,moderate,DRL-OO,fog-5,187
10020,medium,moderate,DRL-OO,fog-6,57
10020,medium,moderate,DRL-OO,fog-7,214
10020,medium,moderate,DRL-OO,fog-8,4
10021,medium,moderate,DT-KF-CostAware,fog-1,168
10021,medium,moderate,DT-KF-CostAware,fog-2,16
10021,medium,moderate,DT-KF-CostAware,fog-3,15
10021,medium,moderate,DT-KF-CostAware,fog-4,169
10021,medium,moderate,DT-KF-CostAware,fog-5,167
10021,medium,moderate,DT-KF-CostAware,fog-6,131
10021,medium,moderate,DT-KF-CostAware,fog-7,171
10021,medium,moderate,DT-KF-CostAware,fog-8,19
10021,medium,moderate,DT-OPT,fog-1,189
10021,medium,moderate,DT-OPT,fog-2,6
10021,medium,moderate,DT-OPT,fog-3,52
10021,medium,moderate,DT-OPT,fog-4,204
10021,medium,moderate,DT-OPT,fog-5,204
10021,medium,moderate,DT-OPT,fog-6,78
10021,medium,moderate,DT-OPT,fog-7,116
10021,medium,moderate,DT-OPT,fog-8,25
10021,medium,moderate,SemiGreedy,fog-1,33
10021,medium,moderate,SemiGreedy,fog-2,0
10021,medium,moderate,SemiGreedy,fog-3,0
10021,medium,moderate,SemiGreedy,fog-4,179
10021,medium,moderate,SemiGreedy,fog-5,89
10021,medium,moderate,SemiGreedy,fog-6,7
10021,medium,moderate,SemiGreedy,fog-7,282
10021,medium,moderate,SemiGreedy,fog-8,1
10021,medium,moderate,Fog-only,fog-1,124
10021,medium,moderate,Fog-only,fog-2,6
10021,medium,moderate,Fog-only,fog-3,1
10021,medium,moderate,Fog-only,fog-4,227
10021,medium,moderate,Fog-only,fog-5,170
10021,medium,moderate,Fog-only,fog-6,66
10021,medium,moderate,Fog-only,fog-7,259
10021,medium,moderate,Fog-only,fog-8,21
10021,medium,moderate,DRL-OO,fog-1,172
10021,medium,moderate,DRL-OO,fog-2,35
10021,medium,moderate,DRL-OO,fog-3,7
10021,medium,moderate,DRL-OO,fog-4,138
10021,medium,moderate,DRL-OO,fog-5,92
10021,medium,moderate,DRL-OO,fog-6,85
10021,medium,moderate,DRL-OO,fog-7,303
10021,medium,moderate,DRL-OO,fog-8,25
10022,medium,moderate,DT-KF-CostAware,fog-1,44
10022,medium,moderate,DT-KF-CostAware,fog-2,43
10022,medium,moderate,DT-KF-CostAware,fog-3,134
10022,medium,moderate,DT-KF-CostAware,fog-4,43
10022,medium,moderate,DT-KF-CostAware,fog-5,53
10022,medium,moderate,DT-KF-CostAware,fog-6,284
10022,medium,moderate,DT-KF-CostAware,fog-7,74
10022,medium,moderate,DT-KF-CostAware,fog-8,135
10022,medium,moderate,DT-OPT,fog-1,15
10022,medium,moderate,DT-OPT,fog-2,3
10022,medium,moderate,DT-OPT,fog-3,188
10022,medium,moderate,DT-OPT,fog-4,58
10022,medium,moderate,DT-OPT,fog-5,35
10022,medium,moderate,DT-OPT,fog-6,221
10022,medium,moderate,DT-OPT,fog-7,124
10022,medium,moderate,DT-OPT,fog-8,197
10022,medium,moderate,SemiGreedy,fog-1,1
10022,medium,moderate,SemiGreedy,fog-2,0
10022,medium,moderate,SemiGreedy,fog-3,149
10022,medium,moderate,SemiGreedy,fog-4,0
10022,medium,moderate,SemiGreedy,fog-5,6
10022,medium,moderate,SemiGreedy,fog-6,302
10022,medium,moderate,SemiGreedy,fog-7,13
10022,medium,moderate,SemiGreedy,fog-8,55
10022,medium,moderate,Fog-only,fog-1,18
10022,medium,moderate,Fog-only,fog-2,7
10022,medium,moderate,Fog-only,fog-3,235
10022,medium,moderate,Fog-only,fog-4,16
10022,medium,moderate,Fog-only,fog-5,61
10022,medium,moderate,Fog-only,fog-6,257
10022,medium,moderate,Fog-only,fog-7,88
10022,medium,moderate,Fog-only,fog-8,159
10022,medium,moderate,DRL-OO,fog-1,23
10022,medium,moderate,DRL-OO,fog-2,3
10022,medium,moderate,DRL-OO,fog-3,201
10022,medium,moderate,DRL-OO,fog-4,6
10022,medium,moderate,DRL-OO,fog-5,59
10022,medium,moderate,DRL-OO,fog-6,317
10022,medium,moderate,DRL-OO,fog-7,90
10022,medium,moderate,DRL-OO,fog-8,132
10023,medium,moderate,DT-KF-CostAware,fog-1,14
10023,medium,moderate,DT-KF-CostAware,fog-2,14
10023,medium,moderate,DT-KF-CostAware,fog-3,173
10023,medium,moderate,DT-KF-CostAware,fog-4,172
10023,medium,moderate,DT-KF-CostAware,fog-5,12
10023,medium,moderate,DT-KF-CostAware,fog-6,172
10023,medium,moderate,DT-KF-CostAware,fog-7,172
10023,medium,moderate,DT-KF-CostAware,fog-8,171
10023,medium,moderate,DT-OPT,fog-1,5
10023,medium,moderate,DT-OPT,fog-2,37
10023,medium,moderate,DT-OPT,fog-3,271
10023,medium,moderate,DT-OPT,fog-4,198
10023,medium,moderate,DT-OPT,fog-5,5
10023,medium,moderate,DT-OPT,fog-6,227
10023,medium,moderate,DT-OPT,fog-7,123
10023,medium,moderate,DT-OPT,fog-8,42
10023,medium,moderate,SemiGreedy,fog-1,0
10023,medium,moderate,SemiGreedy,fog-2,3
10023,medium,moderate,SemiGreedy,fog-3,40
10023,medium,moderate,SemiGreedy,fog-4,278
10023,medium,moderate,SemiGreedy,fog-5,0
10023,medium,moderate,SemiGreedy,fog-6,158
10023,medium,moderate,SemiGreedy,fog-7,129
10023,medium,moderate,SemiGreedy,fog-8,12
10023,medium,moderate,Fog-only,fog-1,11
10023,medium,moderate,Fog-only,fog-2,19
10023,medium,moderate,Fog-only,fog-3,132
10023,medium,moderate,Fog-only,fog-4,273
10023,medium,moderate,Fog-only,fog-5,2
10023,medium,moderate,Fog-only,fog-6,225
10023,medium,moderate,Fog-only,fog-7,178
10023,medium,moderate,Fog-only,fog-8,68
10023,medium,moderate,DRL-OO,fog-1,7
10023,medium,moderate,DRL-OO,fog-2,19
10023,medium,moderate,DRL-OO,fog-3,117
10023,medium,moderate,DRL-OO,fog-4,265
10023,medium,moderate,DRL-OO,fog-5,1
10023,medium,moderate,DRL-OO,fog-6,252
10023,medium,moderate,DRL-OO,fog-7,193
10023,medium,moderate,DRL-OO,fog-8,53
10024,medium,moderate,DT-KF-CostAware,fog-1,134
10024,medium,moderate,DT-KF-CostAware,fog-2,156
10024,medium,moderate,DT-KF-CostAware,fog-3,154
10024,medium,moderate,DT-KF-CostAware,fog-4,12
10024,medium,moderate,DT-KF-CostAware,fog-5,154
10024,medium,moderate,DT-KF-CostAware,fog-6,154
10024,medium,moderate,DT-KF-CostAware,fog-7,116
10024,medium,moderate,DT-KF-CostAware,fog-8,10
10024,medium,moderate,DT-OPT,fog-1,72
10024,medium,moderate,DT-OPT,fog-2,243
10024,medium,moderate,DT-OPT,fog-3,152
10024,medium,moderate,DT-OPT,fog-4,17
10024,medium,moderate,DT-OPT,fog-5,175
10024,medium,moderate,DT-OPT,fog-6,196
10024,medium,moderate,DT-OPT,fog-7,49
10024,medium,moderate,DT-OPT,fog-8,5
10024,medium,moderate,SemiGreedy,fog-1,11
10024,medium,moderate,SemiGreedy,fog-2,172
10024,medium,moderate,SemiGreedy,fog-3,85
10024,medium,moderate,SemiGreedy,fog-4,2
10024,medium,moderate,SemiGreedy,fog-5,259
10024,medium,moderate,SemiGreedy,fog-6,29
10024,medium,moderate,SemiGreedy,fog-7,6
10024,medium,moderate,SemiGreedy,fog-8,0
10024,medium,moderate,Fog-only,fog-1,73
10024,medium,moderate,Fog-only,fog-2,201
10024,medium,moderate,Fog-only,fog-3,171
10024,medium,moderate,Fog-only,fog-4,23
10024,medium,moderate,Fog-only,fog-5,233
10024,medium,moderate,Fog-only,fog-6,130
10024,medium,moderate,Fog-only,fog-7,71
10024,medium,moderate,Fog-only,fog-8,9
10024,medium,moderate,DRL-OO,fog-1,73
10024,medium,moderate,DRL-OO,fog-2,249
10024,medium,moderate,DRL-OO,fog-3,150
10024,medium,moderate,DRL-OO,fog-4,12
10024,medium,moderate,DRL-OO,fog-5,234
10024,medium,moderate,DRL-OO,fog-6,136
10024,medium,moderate,DRL-OO,fog-7,49
10024,medium,moderate,DRL-OO,fog-8,1
10025,medium,moderate,DT-KF-CostAware,fog-1,146
10025,medium,moderate,DT-KF-CostAware,fog-2,145
10025,medium,moderate,DT-KF-CostAware,fog-3,146
10025,medium,moderate,DT-KF-CostAware,fog-4,15
10025,medium,moderate,DT-KF-CostAware,fog-5,51
10025,medium,moderate,DT-KF-CostAware,fog-6,108
10025,medium,moderate,DT-KF-CostAware,fog-7,146
10025,medium,moderate,DT-KF-CostAware,fog-8,146
10025,medium,moderate,DT-OPT,fog-1,54
10025,medium,moderate,DT-OPT,fog-2,206
10025,medium,moderate,DT-OPT,fog-3,102
10025,medium,moderate,DT-OPT,fog-4,31
10025,medium,moderate,DT-OPT,fog-5,76
10025,medium,moderate,DT-OPT,fog-6,11
10025,medium,moderate,DT-OPT,fog-7,210
10025,medium,moderate,DT-OPT,fog-8,228
10025,medium,moderate,SemiGreedy,fog-1,13
10025,medium,moderate,SemiGreedy,fog-2,274
10025,medium,moderate,SemiGreedy,fog-3,110
10025,medium,moderate,SemiGreedy,fog-4,0
10025,medium,moderate,SemiGreedy,fog-5,0
10025,medium,moderate,SemiGreedy,fog-6,2
10025,medium,moderate,SemiGreedy,fog-7,193
10025,medium,moderate,SemiGreedy,fog-8,42
10025,medium,moderate,Fog-only,fog-1,82
10025,medium,moderate,Fog-only,fog-2,244
10025,medium,moderate,Fog-only,fog-3,183
10025,medium,moderate,Fog-only,fog-4,1
10025,medium,moderate,Fog-only,fog-5,12
10025,medium,moderate,Fog-only,fog-6,39
10025,medium,moderate,Fog-only,fog-7,230
10025,medium,moderate,Fog-only,fog-8,129
10025,medium,moderate,DRL-OO,fog-1,42
10025,medium,moderate,DRL-OO,fog-2,272
10025,medium,moderate,DRL-OO,fog-3,124
10025,medium,moderate,DRL-OO,fog-4,14
10025,medium,moderate,DRL-OO,fog-5,14
10025,medium,moderate,DRL-OO,fog-6,53
10025,medium,moderate,DRL-OO,fog-7,228
10025,medium,moderate,DRL-OO,fog-8,170
10026,medium,moderate,DT-KF-CostAware,fog-1,197
10026,medium,moderate,DT-KF-CostAware,fog-2,197
10026,medium,moderate,DT-KF-CostAware,fog-3,59
10026,medium,moderate,DT-KF-CostAware,fog-4,58
10026,medium,moderate,DT-KF-CostAware,fog-5,200
10026,medium,moderate,DT-KF-CostAware,fog-6,58
10026,medium,moderate,DT-KF-CostAware,fog-7,58
10026,medium,moderate,DT-KF-CostAware,fog-8,120
10026,medium,moderate,DT-OPT,fog-1,263
10026,medium,moderate,DT-OPT,fog-2,251
10026,medium,moderate,DT-OPT,fog-3,62
10026,medium,moderate,DT-OPT,fog-4,17
10026,medium,moderate,DT-OPT,fog-5,97
10026,medium,moderate,DT-OPT,fog-6,5
10026,medium,moderate,DT-OPT,fog-7,128
10026,medium,moderate,DT-OPT,fog-8,145
10026,medium,moderate,SemiGreedy,fog-1,192
10026,medium,moderate,SemiGreedy,fog-2,305
10026,medium,moderate,SemiGreedy,fog-3,0
10026,medium,moderate,SemiGreedy,fog-4,10
10026,medium,moderate,SemiGreedy,fog-5,101
10026,medium,moderate,SemiGreedy,fog-6,0
10026,medium,moderate,SemiGreedy,fog-7,1
10026,medium,moderate,SemiGreedy,fog-8,39
10026,medium,moderate,Fog-only,fog-1,244
10026,medium,moderate,Fog-only,fog-2,273
10026,medium,moderate,Fog-only,fog-3,11
10026,medium,moderate,Fog-only,fog-4,71
10026,medium,moderate,Fog-only,fog-5,179
10026,medium,moderate,Fog-only,fog-6,14
10026,medium,moderate,Fog-only,fog-7,41
10026,medium,moderate,Fog-only,fog-8,135
10026,medium,moderate,DRL-OO,fog-1,232
10026,medium,moderate,DRL-OO,fog-2,308
10026,medium,moderate,DRL-OO,fog-3,14
10026,medium,moderate,DRL-OO,fog-4,60
10026,medium,moderate,DRL-OO,fog-5,189
10026,medium,moderate,DRL-OO,fog-6,35
10026,medium,moderate,DRL-OO,fog-7,11
10026,medium,moderate,DRL-OO,fog-8,117
10027,medium,moderate,DT-KF-CostAware,fog-1,66
10027,medium,moderate,DT-KF-CostAware,fog-2,162
10027,medium,moderate,DT-KF-CostAware,fog-3,26
10027,medium,moderate,DT-KF-CostAware,fog-4,161
10027,medium,moderate,DT-KF-CostAware,fog-5,161
10027,medium,moderate,DT-KF-CostAware,fog-6,3
10027,medium,moderate,DT-KF-CostAware,fog-7,162
10027,medium,moderate,DT-KF-CostAware,fog-8,162
10027,medium,moderate,DT-OPT,fog-1,34
10027,medium,moderate,DT-OPT,fog-2,89
10027,medium,moderate,DT-OPT,fog-3,12
10027,medium,moderate,DT-OPT,fog-4,191
10027,medium,moderate,DT-OPT,fog-5,105
10027,medium,moderate,DT-OPT,fog-6,1
10027,medium,moderate,DT-OPT,fog-7,182
10027,medium,moderate,DT-OPT,fog-8,295
10027,medium,moderate,SemiGreedy,fog-1,3
10027,medium,moderate,SemiGreedy,fog-2,22
10027,medium,moderate,SemiGreedy,fog-3,1
10027,medium,moderate,SemiGreedy,fog-4,41
10027,medium,moderate,SemiGreedy,fog-5,169
10027,medium,moderate,SemiGreedy,fog-6,0
10027,medium,moderate,SemiGreedy,fog-7,105
10027,medium,moderate,SemiGreedy,fog-8,281
10027,medium,moderate,Fog-only,fog-1,30
10027,medium,moderate,Fog-only,fog-2,94
10027,medium,moderate,Fog-only,fog-3,10
10027,medium,moderate,Fog-only,fog-4,108
10027,medium,moderate,Fog-only,fog-5,212
10027,medium,moderate,Fog-only,fog-6,3
10027,medium,moderate,Fog-only,fog-7,177
10027,medium,moderate,Fog-only,fog-8,276
10027,medium,moderate,DRL-OO,fog-1,37
10027,medium,moderate,DRL-OO,fog-2,149
10027,medium,moderate,DRL-OO,fog-3,17
10027,medium,moderate,DRL-OO,fog-4,223
10027,medium,moderate,DRL-OO,fog-5,117
10027,medium,moderate,DRL-OO,fog-6,2
10027,medium,moderate,DRL-OO,fog-7,73
10027,medium,moderate,DRL-OO,fog-8,289
10028,medium,moderate,DT-KF-CostAware,fog-1,31
10028,medium,moderate,DT-KF-CostAware,fog-2,182
10028,medium,moderate,DT-KF-CostAware,fog-3,30
10028,medium,moderate,DT-KF-CostAware,fog-4,179
10028,medium,moderate,DT-KF-CostAware,fog-5,30
10028,medium,moderate,DT-KF-CostAware,fog-6,182
10028,medium,moderate,DT-KF-CostAware,fog-7,84
10028,medium,moderate,DT-KF-CostAware,fog-8,183
10028,medium,moderate,DT-OPT,fog-1,23
10028,medium,moderate,DT-OPT,fog-2,207
10028,medium,moderate,DT-OPT,fog-3,33
10028,medium,moderate,DT-OPT,fog-4,201
10028,medium,moderate,DT-OPT,fog-5,2
10028,medium,moderate,DT-OPT,fog-6,256
10028,medium,moderate,DT-OPT,fog-7,132
10028,medium,moderate,DT-OPT,fog-8,63
10028,medium,moderate,SemiGreedy,fog-1,0
10028,medium,moderate,SemiGreedy,fog-2,125
10028,medium,moderate,SemiGreedy,fog-3,3
10028,medium,moderate,SemiGreedy,fog-4,30
10028,medium,moderate,SemiGreedy,fog-5,1
10028,medium,moderate,SemiGreedy,fog-6,176
10028,medium,moderate,SemiGreedy,fog-7,8
10028,medium,moderate,SemiGreedy,fog-8,271
10028,medium,moderate,Fog-only,fog-1,6
10028,medium,moderate,Fog-only,fog-2,201
10028,medium,moderate,Fog-only,fog-3,16
10028,medium,moderate,Fog-only,fog-4,111
10028,medium,moderate,Fog-only,fog-5,24
10028,medium,moderate,Fog-only,fog-6,227
10028,medium,moderate,Fog-only,fog-7,60
10028,medium,moderate,Fog-only,fog-8,272
10028,medium,moderate,DRL-OO,fog-1,27
10028,medium,moderate,DRL-OO,fog-2,270
10028,medium,moderate,DRL-OO,fog-3,18
10028,medium,moderate,DRL-OO,fog-4,153
10028,medium,moderate,DRL-OO,fog-5,5
10028,medium,moderate,DRL-OO,fog-6,176
10028,medium,moderate,DRL-OO,fog-7,57
10028,medium,moderate,DRL-OO,fog-8,211
10029,medium,moderate,DT-KF-CostAware,fog-1,29
10029,medium,moderate,DT-KF-CostAware,fog-2,29
10029,medium,moderate,DT-KF-CostAware,fog-3,206
10029,medium,moderate,DT-KF-CostAware,fog-4,206
10029,medium,moderate,DT-KF-CostAware,fog-5,29
10029,medium,moderate,DT-KF-CostAware,fog-6,29
10029,medium,moderate,DT-KF-CostAware,fog-7,195
10029,medium,moderate,DT-KF-CostAware,fog-8,205
10029,medium,moderate,DT-OPT,fog-1,51
10029,medium,moderate,DT-OPT,fog-2,29
10029,medium,moderate,DT-OPT,fog-3,244
10029,medium,moderate,DT-OPT,fog-4,188
10029,medium,moderate,DT-OPT,fog-5,42
10029,medium,moderate,DT-OPT,fog-6,8
10029,medium,moderate,DT-OPT,fog-7,123
10029,medium,moderate,DT-OPT,fog-8,265
10029,medium,moderate,SemiGreedy,fog-1,2
10029,medium,moderate,SemiGreedy,fog-2,1
10029,medium,moderate,SemiGreedy,fog-3,75
10029,medium,moderate,SemiGreedy,fog-4,217
10029,medium,moderate,SemiGreedy,fog-5,8
10029,medium,moderate,SemiGreedy,fog-6,1
10029,medium,moderate,SemiGreedy,fog-7,67
10029,medium,moderate,SemiGreedy,fog-8,244
10029,medium,moderate,Fog-only,fog-1,21
10029,medium,moderate,Fog-only,fog-2,16
10029,medium,moderate,Fog-only,fog-3,168
10029,medium,moderate,Fog-only,fog-4,238
10029,medium,moderate,Fog-only,fog-5,58
10029,medium,moderate,Fog-only,fog-6,23
10029,medium,moderate,Fog-only,fog-7,171
10029,medium,moderate,Fog-only,fog-8,257
10029,medium,moderate,DRL-OO,fog-1,5
10029,medium,moderate,DRL-OO,fog-2,25
10029,medium,moderate,DRL-OO,fog-3,181
10029,medium,moderate,DRL-OO,fog-4,255
10029,medium,moderate,DRL-OO,fog-5,51
10029,medium,moderate,DRL-OO,fog-6,29
10029,medium,moderate,DRL-OO,fog-7,139
10029,medium,moderate,DRL-OO,fog-8,247
10000,high,moderate,DT-KF-CostAware,fog-1,101
10000,high,moderate,DT-KF-CostAware,fog-2,107
10000,high,moderate,DT-KF-CostAware,fog-3,225
10000,high,moderate,DT-KF-CostAware,fog-4,169
10000,high,moderate,DT-KF-CostAware,fog-5,201
10000,high,moderate,DT-KF-CostAware,fog-6,275
10000,high,moderate,DT-KF-CostAware,fog-7,197
10000,high,moderate,DT-KF-CostAware,fog-8,101
10000,high,moderate,DT-OPT,fog-1,144
10000,high,moderate,DT-OPT,fog-2,32
10000,high,moderate,DT-OPT,fog-3,210
10000,high,moderate,DT-OPT,fog-4,189
10000,high,moderate,DT-OPT,fog-5,217
10000,high,moderate,DT-OPT,fog-6,240
10000,high,moderate,DT-OPT,fog-7,223
10000,high,moderate,DT-OPT,fog-8,91
10000,high,moderate,SemiGreedy,fog-1,35
10000,high,moderate,SemiGreedy,fog-2,9
10000,high,moderate,SemiGreedy,fog-3,246
10000,high,moderate,SemiGreedy,fog-4,82
10000,high,moderate,SemiGreedy,fog-5,145
10000,high,moderate,SemiGreedy,fog-6,331
10000,high,moderate,SemiGreedy,fog-7,182
10000,high,moderate,SemiGreedy,fog-8,45
10000,high,moderate,Fog-only,fog-1,187
10000,high,moderate,Fog-only,fog-2,160
10000,high,moderate,Fog-only,fog-3,202
10000,high,moderate,Fog-only,fog-4,202
10000,high,moderate,Fog-only,fog-5,229
10000,high,moderate,Fog-only,fog-6,174
10000,high,moderate,Fog-only,fog-7,210
10000,high,moderate,Fog-only,fog-8,187
10000,high,moderate,DRL-OO,fog-1,40
10000,high,moderate,DRL-OO,fog-2,9
10000,high,moderate,DRL-OO,fog-3,203
10000,high,moderate,DRL-OO,fog-4,146
10000,high,moderate,DRL-OO,fog-5,172
10000,high,moderate,DRL-OO,fog-6,277
10000,high,moderate,DRL-OO,fog-7,213
10000,high,moderate,DRL-OO,fog-8,67
10001,high,moderate,DT-KF-CostAware,fog-1,153
10001,high,moderate,DT-KF-CostAware,fog-2,151
10001,high,moderate,DT-KF-CostAware,fog-3,211
10001,high,moderate,DT-KF-CostAware,fog-4,210
10001,high,moderate,DT-KF-CostAware,fog-5,209
10001,high,moderate,DT-KF-CostAware,fog-6,149
10001,high,moderate,DT-KF-CostAware,fog-7,111
10001,high,moderate,DT-KF-CostAware,fog-8,198
10001,high,moderate,DT-OPT,fog-1,191
10001,high,moderate,DT-OPT,fog-2,160
10001,high,moderate,DT-OPT,fog-3,205
10001,high,moderate,DT-OPT,fog-4,212
10001,high,moderate,DT-OPT,fog-5,232
10001,high,moderate,DT-OPT,fog-6,112
10001,high,moderate,DT-OPT,fog-7,91
10001,high,moderate,DT-OPT,fog-8,198
10001,high,moderate,SemiGreedy,fog-1,95
10001,high,moderate,SemiGreedy,fog-2,56
10001,high,moderate,SemiGreedy,fog-3,279
10001,high,moderate,SemiGreedy,fog-4,199
10001,high,moderate,SemiGreedy,fog-5,263
10001,high,moderate,SemiGreedy,fog-6,28
10001,high,moderate,SemiGreedy,fog-7,15
10001,high,moderate,SemiGreedy,fog-8,146
10001,high,moderate,Fog-only,fog-1,206
10001,high,moderate,Fog-only,fog-2,197
10001,high,moderate,Fog-only,fog-3,214
10001,high,moderate,Fog-only,fog-4,207
10001,high,moderate,Fog-only,fog-5,197
10001,high,moderate,Fog-only,fog-6,179
10001,high,moderate,Fog-only,fog-7,133
10001,high,moderate,Fog-only,fog-8,211
10001,high,moderate,DRL-OO,fog-1,152
10001,high,moderate,DRL-OO,fog-2,96
10001,high,moderate,DRL-OO,fog-3,220
10001,high,moderate,DRL-OO,fog-4,235
10001,high,moderate,DRL-OO,fog-5,211
10001,high,moderate,DRL-OO,fog-6,43
10001,high,moderate,DRL-OO,fog-7,20
10001,high,moderate,DRL-OO,fog-8,202
10002,high,moderate,DT-KF-CostAware,fog-1,160
10002,high,moderate,DT-KF-CostAware,fog-2,153
10002,high,moderate,DT-KF-CostAware,fog-3,181
10002,high,moderate,DT-KF-CostAware,fog-4,240
10002,high,moderate,DT-KF-CostAware,fog-5,158
10002,high,moderate,DT-KF-CostAware,fog-6,158
10002,high,moderate,DT-KF-CostAware,fog-7,246
10002,high,moderate,DT-KF-CostAware,fog-8,159
10002,high,moderate,DT-OPT,fog-1,198
10002,high,moderate,DT-OPT,fog-2,73
10002,high,moderate,DT-OPT,fog-3,189
10002,high,moderate,DT-OPT,fog-4,229
10002,high,moderate,DT-OPT,fog-5,112
10002,high,moderate,DT-OPT,fog-6,169
10002,high,moderate,DT-OPT,fog-7,241
10002,high,moderate,DT-OPT,fog-8,225
10002,high,moderate,SemiGreedy,fog-1,31
10002,high,moderate,SemiGreedy,fog-2,29
10002,high,moderate,SemiGreedy,fog-3,201
10002,high,moderate,SemiGreedy,fog-4,260
10002,high,moderate,SemiGreedy,fog-5,126
10002,high,moderate,SemiGreedy,fog-6,126
10002,high,moderate,SemiGreedy,fog-7,297
10002,high,moderate,SemiGreedy,fog-8,71
10002,high,moderate,Fog-only,fog-1,175
10002,high,moderate,Fog-only,fog-2,180
10002,high,moderate,Fog-only,fog-3,218
10002,high,moderate,Fog-only,fog-4,206
10002,high,moderate,Fog-only,fog-5,216
10002,high,moderate,Fog-only,fog-6,202
10002,high,moderate,Fog-only,fog-7,188
10002,high,moderate,Fog-only,fog-8,204
10002,high,moderate,DRL-OO,fog-1,72
10002,high,moderate,DRL-OO,fog-2,48
10002,high,moderate,DRL-OO,fog-3,229
10002,high,moderate,DRL-OO,fog-4,242
10002,high,moderate,DRL-OO,fog-5,130
10002,high,moderate,DRL-OO,fog-6,141
10002,high,moderate,DRL-OO,fog-7,239
10002,high,moderate,DRL-OO,fog-8,153
10003,high,moderate,DT-KF-CostAware,fog-1,72
10003,high,moderate,DT-KF-CostAware,fog-2,199
10003,high,moderate,DT-KF-CostAware,fog-3,199
10003,high,moderate,DT-KF-CostAware,fog-4,198
10003,high,moderate,DT-KF-CostAware,fog-5,200
10003,high,moderate,DT-KF-CostAware,fog-6,165
10003,high,moderate,DT-KF-CostAware,fog-7,192
10003,high,moderate,DT-KF-CostAware,fog-8,197
10003,high,moderate,DT-OPT,fog-1,84
10003,high,moderate,DT-OPT,fog-2,210
10003,high,moderate,DT-OPT,fog-3,224
10003,high,moderate,DT-OPT,fog-4,218
10003,high,moderate,DT-OPT,fog-5,208
10003,high,moderate,DT-OPT,fog-6,140
10003,high,moderate,DT-OPT,fog-7,143
10003,high,moderate,DT-OPT,fog-8,190
10003,high,moderate,SemiGreedy,fog-1,13
10003,high,moderate,SemiGreedy,fog-2,243
10003,high,moderate,SemiGreedy,fog-3,117
10003,high,moderate,SemiGreedy,fog-4,248
10003,high,moderate,SemiGreedy,fog-5,188
10003,high,moderate,SemiGreedy,fog-6,38
10003,high,moderate,SemiGreedy,fog-7,74
10003,high,moderate,SemiGreedy,fog-8,189
10003,high,moderate,Fog-only,fog-1,125
10003,high,moderate,Fog-only,fog-2,211
10003,high,moderate,Fog-only,fog-3,198
10003,high,moderate,Fog-only,fog-4,201
10003,high,moderate,Fog-only,fog-5,203
10003,high,moderate,Fog-only,fog-6,178
10003,high,moderate,Fog-only,fog-7,206
10003,high,moderate,Fog-only,fog-8,228
10003,high,moderate,DRL-OO,fog-1,18
10003,high,moderate,DRL-OO,fog-2,253
10003,high,moderate,DRL-OO,fog-3,154
10003,high,moderate,DRL-OO,fog-4,218
10003,high,moderate,DRL-OO,fog-5,190
10003,high,moderate,DRL-OO,fog-6,74
10003,high,moderate,DRL-OO,fog-7,116
10003,high,moderate,DRL-OO,fog-8,218
10004,high,moderate,DT-KF-CostAware,fog-1,216
10004,high,moderate,DT-KF-CostAware,fog-2,216
10004,high,moderate,DT-KF-CostAware,fog-3,216
10004,high,moderate,DT-KF-CostAware,fog-4,205
10004,high,moderate,DT-KF-CostAware,fog-5,106
10004,high,moderate,DT-KF-CostAware,fog-6,213
10004,high,moderate,DT-KF-CostAware,fog-7,213
10004,high,moderate,DT-KF-CostAware,fog-8,92
10004,high,moderate,DT-OPT,fog-1,231
10004,high,moderate,DT-OPT,fog-2,209
10004,high,moderate,DT-OPT,fog-3,243
10004,high,moderate,DT-OPT,fog-4,163
10004,high,moderate,DT-OPT,fog-5,126
10004,high,moderate,DT-OPT,fog-6,206
10004,high,moderate,DT-OPT,fog-7,247
10004,high,moderate,DT-OPT,fog-8,69
10004,high,moderate,SemiGreedy,fog-1,297
10004,high,moderate,SemiGreedy,fog-2,117
10004,high,moderate,SemiGreedy,fog-3,237
10004,high,moderate,SemiGreedy,fog-4,88
10004,high,moderate,SemiGreedy,fog-5,23
10004,high,moderate,SemiGreedy,fog-6,205
10004,high,moderate,SemiGreedy,fog-7,170
10004,high,moderate,SemiGreedy,fog-8,7
10004,high,moderate,Fog-only,fog-1,216
10004,high,moderate,Fog-only,fog-2,204
10004,high,moderate,Fog-only,fog-3,234
10004,high,moderate,Fog-only,fog-4,201
10004,high,moderate,Fog-only,fog-5,164
10004,high,moderate,Fog-only,fog-6,215
10004,high,moderate,Fog-only,fog-7,214
10004,high,moderate,Fog-only,fog-8,115
10004,high,moderate,DRL-OO,fog-1,242
10004,high,moderate,DRL-OO,fog-2,170
10004,high,moderate,DRL-OO,fog-3,232
10004,high,moderate,DRL-OO,fog-4,144
10004,high,moderate,DRL-OO,fog-5,80
10004,high,moderate,DRL-OO,fog-6,229
10004,high,moderate,DRL-OO,fog-7,219
10004,high,moderate,DRL-OO,fog-8,20
10005,high,moderate,DT-KF-CostAware,fog-1,226
10005,high,moderate,DT-KF-CostAware,fog-2,226
10005,high,moderate,DT-KF-CostAware,fog-3,136
10005,high,moderate,DT-KF-CostAware,fog-4,245
10005,high,moderate,DT-KF-CostAware,fog-5,133
10005,high,moderate,DT-KF-CostAware,fog-6,233
10005,high,moderate,DT-KF-CostAware,fog-7,138
10005,high,moderate,DT-KF-CostAware,fog-8,135
10005,high,moderate,DT-OPT,fog-1,226
10005,high,moderate,DT-OPT,fog-2,231
10005,high,moderate,DT-OPT,fog-3,151
10005,high,moderate,DT-OPT,fog-4,205
10005,high,moderate,DT-OPT,fog-5,161
10005,high,moderate,DT-OPT,fog-6,225
10005,high,moderate,DT-OPT,fog-7,167
10005,high,moderate,DT-OPT,fog-8,114
10005,high,moderate,SemiGreedy,fog-1,259
10005,high,moderate,SemiGreedy,fog-2,176
10005,high,moderate,SemiGreedy,fog-3,110
10005,high,moderate,SemiGreedy,fog-4,296
10005,high,moderate,SemiGreedy,fog-5,25
10005,high,moderate,SemiGreedy,fog-6,216
10005,high,moderate,SemiGreedy,fog-7,71
10005,high,moderate,SemiGreedy,fog-8,41
10005,high,moderate,Fog-only,fog-1,206
10005,high,moderate,Fog-only,fog-2,224
10005,high,moderate,Fog-only,fog-3,224
10005,high,moderate,Fog-only,fog-4,184
10005,high,moderate,Fog-only,fog-5,162
10005,high,moderate,Fog-only,fog-6,218
10005,high,moderate,Fog-only,fog-7,205
10005,high,moderate,Fog-only,fog-8,185
10005,high,moderate,DRL-OO,fog-1,242
10005,high,moderate,DRL-OO,fog-2,201
10005,high,moderate,DRL-OO,fog-3,156
10005,high,moderate,DRL-OO,fog-4,264
10005,high,moderate,DRL-OO,fog-5,35
10005,high,moderate,DRL-OO,fog-6,187
10005,high,moderate,DRL-OO,fog-7,114
10005,high,moderate,DRL-OO,fog-8,79
10006,high,moderate,DT-KF-CostAware,fog-1,137
10006,high,moderate,DT-KF-CostAware,fog-2,218
10006,high,moderate,DT-KF-CostAware,fog-3,255
10006,high,moderate,DT-KF-CostAware,fog-4,140
10006,high,moderate,DT-KF-CostAware,fog-5,137
10006,high,moderate,DT-KF-CostAware,fog-6,138
10006,high,moderate,DT-KF-CostAware,fog-7,257
10006,high,moderate,DT-KF-CostAware,fog-8,138
10006,high,moderate,DT-OPT,fog-1,152
10006,high,moderate,DT-OPT,fog-2,224
10006,high,moderate,DT-OPT,fog-3,238
10006,high,moderate,DT-OPT,fog-4,74
10006,high,moderate,DT-OPT,fog-5,199
10006,high,moderate,DT-OPT,fog-6,151
10006,high,moderate,DT-OPT,fog-7,221
10006,high,moderate,DT-OPT,fog-8,152
10006,high,moderate,SemiGreedy,fog-1,50
10006,high,moderate,SemiGreedy,fog-2,211
10006,high,moderate,SemiGreedy,fog-3,320
10006,high,moderate,SemiGreedy,fog-4,15
10006,high,moderate,SemiGreedy,fog-5,80
10006,high,moderate,SemiGreedy,fog-6,132
10006,high,moderate,SemiGreedy,fog-7,293
10006,high,moderate,SemiGreedy,fog-8,26
10006,high,moderate,Fog-only,fog-1,203
10006,high,moderate,Fog-only,fog-2,207
10006,high,moderate,Fog-only,fog-3,190
10006,high,moderate,Fog-only,fog-4,178
10006,high,moderate,Fog-only,fog-5,213
10006,high,moderate,Fog-only,fog-6,224
10006,high,moderate,Fog-only,fog-7,188
10006,high,moderate,Fog-only,fog-8,198
10006,high,moderate,DRL-OO,fog-1,70
10006,high,moderate,DRL-OO,fog-2,190
10006,high,moderate,DRL-OO,fog-3,280
10006,high,moderate,DRL-OO,fog-4,24
10006,high,moderate,DRL-OO,fog-5,127
10006,high,moderate,DRL-OO,fog-6,196
10006,high,moderate,DRL-OO,fog-7,224
10006,high,moderate,DRL-OO,fog-8,45
10007,high,moderate,DT-KF-CostAware,fog-1,227
10007,high,moderate,DT-KF-CostAware,fog-2,76
10007,high,moderate,DT-KF-CostAware,fog-3,149
10007,high,moderate,DT-KF-CostAware,fog-4,229
10007,high,moderate,DT-KF-CostAware,fog-5,143
10007,high,moderate,DT-KF-CostAware,fog-6,178
10007,high,moderate,DT-KF-CostAware,fog-7,227
10007,high,moderate,DT-KF-CostAware,fog-8,232
10007,high,moderate,DT-OPT,fog-1,228
10007,high,moderate,DT-OPT,fog-2,58
10007,high,moderate,DT-OPT,fog-3,165
10007,high,moderate,DT-OPT,fog-4,230
10007,high,moderate,DT-OPT,fog-5,129
10007,high,moderate,DT-OPT,fog-6,230
10007,high,moderate,DT-OPT,fog-7,208
10007,high,moderate,DT-OPT,fog-8,218
10007,high,moderate,SemiGreedy,fog-1,199
10007,high,moderate,SemiGreedy,fog-2,17
10007,high,moderate,SemiGreedy,fog-3,58
10007,high,moderate,SemiGreedy,fog-4,274
10007,high,moderate,SemiGreedy,fog-5,30
10007,high,moderate,SemiGreedy,fog-6,99
10007,high,moderate,SemiGreedy,fog-7,200
10007,high,moderate,SemiGreedy,fog-8,260
10007,high,moderate,Fog-only,fog-1,214
10007,high,moderate,Fog-only,fog-2,142
10007,high,moderate,Fog-only,fog-3,203
10007,high,moderate,Fog-only,fog-4,218
10007,high,moderate,Fog-only,fog-5,173
10007,high,moderate,Fog-only,fog-6,228
10007,high,moderate,Fog-only,fog-7,207
10007,high,moderate,Fog-only,fog-8,207
10007,high,moderate,DRL-OO,fog-1,208
10007,high,moderate,DRL-OO,fog-2,18
10007,high,moderate,DRL-OO,fog-3,121
10007,high,moderate,DRL-OO,fog-4,220
10007,high,moderate,DRL-OO,fog-5,54
10007,high,moderate,DRL-OO,fog-6,136
10007,high,moderate,DRL-OO,fog-7,261
10007,high,moderate,DRL-OO,fog-8,241
10008,high,moderate,DT-KF-CostAware,fog-1,254
10008,high,moderate,DT-KF-CostAware,fog-2,169
10008,high,moderate,DT-KF-CostAware,fog-3,188
10008,high,moderate,DT-KF-CostAware,fog-4,125
10008,high,moderate,DT-KF-CostAware,fog-5,178
10008,high,moderate,DT-KF-CostAware,fog-6,230
10008,high,moderate,DT-KF-CostAware,fog-7,196
10008,high,moderate,DT-KF-CostAware,fog-8,138
10008,high,moderate,DT-OPT,fog-1,230
10008,high,moderate,DT-OPT,fog-2,154
10008,high,moderate,DT-OPT,fog-3,201
10008,high,moderate,DT-OPT,fog-4,87
10008,high,moderate,DT-OPT,fog-5,204
10008,high,moderate,DT-OPT,fog-6,229
10008,high,moderate,DT-OPT,fog-7,213
10008,high,moderate,DT-OPT,fog-8,156
10008,high,moderate,SemiGreedy,fog-1,294
10008,high,moderate,SemiGreedy,fog-2,81
10008,high,moderate,SemiGreedy,fog-3,158
10008,high,moderate,SemiGreedy,fog-4,17
10008,high,moderate,SemiGreedy,fog-5,110
10008,high,moderate,SemiGreedy,fog-6,251
10008,high,moderate,SemiGreedy,fog-7,213
10008,high,moderate,SemiGreedy,fog-8,30
10008,high,moderate,Fog-only,fog-1,203
10008,high,moderate,Fog-only,fog-2,212
10008,high,moderate,Fog-only,fog-3,226
10008,high,moderate,Fog-only,fog-4,164
10008,high,moderate,Fog-only,fog-5,217
10008,high,moderate,Fog-only,fog-6,212
10008,high,moderate,Fog-only,fog-7,212
10008,high,moderate,Fog-only,fog-8,183
10008,high,moderate,DRL-OO,fog-1,235
10008,high,moderate,DRL-OO,fog-2,146
10008,high,moderate,DRL-OO,fog-3,195
10008,high,moderate,DRL-OO,fog-4,35
10008,high,moderate,DRL-OO,fog-5,160
10008,high,moderate,DRL-OO,fog-6,220
10008,high,moderate,DRL-OO,fog-7,221
10008,high,moderate,DRL-OO,fog-8,61
10009,high,moderate,DT-KF-CostAware,fog-1,213
10009,high,moderate,DT-KF-CostAware,fog-2,215
10009,high,moderate,DT-KF-CostAware,fog-3,112
10009,high,moderate,DT-KF-CostAware,fog-4,112
10009,high,moderate,DT-KF-CostAware,fog-5,113
10009,high,moderate,DT-KF-CostAware,fog-6,213
10009,high,moderate,DT-KF-CostAware,fog-7,212
10009,high,moderate,DT-KF-CostAware,fog-8,220
10009,high,moderate,DT-OPT,fog-1,204
10009,high,moderate,DT-OPT,fog-2,221
10009,high,moderate,DT-OPT,fog-3,79
10009,high,moderate,DT-OPT,fog-4,110
10009,high,moderate,DT-OPT,fog-5,156
10009,high,moderate,DT-OPT,fog-6,218
10009,high,moderate,DT-OPT,fog-7,195
10009,high,moderate,DT-OPT,fog-8,225
10009,high,moderate,SemiGreedy,fog-1,243
10009,high,moderate,SemiGreedy,fog-2,132
10009,high,moderate,SemiGreedy,fog-3,16
10009,high,moderate,SemiGreedy,fog-4,57
10009,high,moderate,SemiGreedy,fog-5,34
10009,high,moderate,SemiGreedy,fog-6,203
10009,high,moderate,SemiGreedy,fog-7,169
10009,high,moderate,SemiGreedy,fog-8,274
10009,high,moderate,Fog-only,fog-1,222
10009,high,moderate,Fog-only,fog-2,200
10009,high,moderate,Fog-only,fog-3,186
10009,high,moderate,Fog-only,fog-4,209
10009,high,moderate,Fog-only,fog-5,198
10009,high,moderate,Fog-only,fog-6,206
10009,high,moderate,Fog-only,fog-7,200
10009,high,moderate,Fog-only,fog-8,187
10009,high,moderate,DRL-OO,fog-1,233
10009,high,moderate,DRL-OO,fog-2,146
10009,high,moderate,DRL-OO,fog-3,28
10009,high,moderate,DRL-OO,fog-4,93
10009,high,moderate,DRL-OO,fog-5,57
10009,high,moderate,DRL-OO,fog-6,184
10009,high,moderate,DRL-OO,fog-7,197
10009,high,moderate,DRL-OO,fog-8,244
10010,high,moderate,DT-KF-CostAware,fog-1,218
10010,high,moderate,DT-KF-CostAware,fog-2,123
10010,high,moderate,DT-KF-CostAware,fog-3,122
10010,high,moderate,DT-KF-CostAware,fog-4,219
10010,high,moderate,DT-KF-CostAware,fog-5,221
10010,high,moderate,DT-KF-CostAware,fog-6,220
10010,high,moderate,DT-KF-CostAware,fog-7,136
10010,high,moderate,DT-KF-CostAware,fog-8,225
10010,high,moderate,DT-OPT,fog-1,193
10010,high,moderate,DT-OPT,fog-2,138
10010,high,moderate,DT-OPT,fog-3,78
10010,high,moderate,DT-OPT,fog-4,231
10010,high,moderate,DT-OPT,fog-5,222
10010,high,moderate,DT-OPT,fog-6,230
10010,high,moderate,DT-OPT,fog-7,188
10010,high,moderate,DT-OPT,fog-8,218
10010,high,moderate,SemiGreedy,fog-1,278
10010,high,moderate,SemiGreedy,fog-2,35
10010,high,moderate,SemiGreedy,fog-3,16
10010,high,moderate,SemiGreedy,fog-4,224
10010,high,moderate,SemiGreedy,fog-5,120
10010,high,moderate,SemiGreedy,fog-6,256
10010,high,moderate,SemiGreedy,fog-7,66
10010,high,moderate,SemiGreedy,fog-8,184
10010,high,moderate,Fog-only,fog-1,217
10010,high,moderate,Fog-only,fog-2,175
10010,high,moderate,Fog-only,fog-3,164
10010,high,moderate,Fog-only,fog-4,217
10010,high,moderate,Fog-only,fog-5,217
10010,high,moderate,Fog-only,fog-6,188
10010,high,moderate,Fog-only,fog-7,203
10010,high,moderate,Fog-only,fog-8,232
10010,high,moderate,DRL-OO,fog-1,256
10010,high,moderate,DRL-OO,fog-2,73
10010,high,moderate,DRL-OO,fog-3,28
10010,high,moderate,DRL-OO,fog-4,192
10010,high,moderate,DRL-OO,fog-5,180
10010,high,moderate,DRL-OO,fog-6,237
10010,high,moderate,DRL-OO,fog-7,130
10010,high,moderate,DRL-OO,fog-8,197
10011,high,moderate,DT-KF-CostAware,fog-1,199
10011,high,moderate,DT-KF-CostAware,fog-2,225
10011,high,moderate,DT-KF-CostAware,fog-3,120
10011,high,moderate,DT-KF-CostAware,fog-4,262
10011,high,moderate,DT-KF-CostAware,fog-5,221
10011,high,moderate,DT-KF-CostAware,fog-6,147
10011,high,moderate,DT-KF-CostAware,fog-7,121
10011,high,moderate,DT-KF-CostAware,fog-8,120
10011,high,moderate,DT-OPT,fog-1,190
10011,high,moderate,DT-OPT,fog-2,211
10011,high,moderate,DT-OPT,fog-3,80
10011,high,moderate,DT-OPT,fog-4,248
10011,high,moderate,DT-OPT,fog-5,230
10011,high,moderate,DT-OPT,fog-6,192
10011,high,moderate,DT-OPT,fog-7,104
10011,high,moderate,DT-OPT,fog-8,139
10011,high,moderate,SemiGreedy,fog-1,170
10011,high,moderate,SemiGreedy,fog-2,195
10011,high,moderate,SemiGreedy,fog-3,42
10011,high,moderate,SemiGreedy,fog-4,305
10011,high,moderate,SemiGreedy,fog-5,250
10011,high,moderate,SemiGreedy,fog-6,101
10011,high,moderate,SemiGreedy,fog-7,15
10011,high,moderate,SemiGreedy,fog-8,62
10011,high,moderate,Fog-only,fog-1,226
10011,high,moderate,Fog-only,fog-2,198
10011,high,moderate,Fog-only,fog-3,204
10011,high,moderate,Fog-only,fog-4,189
10011,high,moderate,Fog-only,fog-5,200
10011,high,moderate,Fog-only,fog-6,227
10011,high,moderate,Fog-only,fog-7,185
10011,high,moderate,Fog-only,fog-8,217
10011,high,moderate,DRL-OO,fog-1,169
10011,high,moderate,DRL-OO,fog-2,203
10011,high,moderate,DRL-OO,fog-3,37
10011,high,moderate,DRL-OO,fog-4,253
10011,high,moderate,DRL-OO,fog-5,242
10011,high,moderate,DRL-OO,fog-6,146
10011,high,moderate,DRL-OO,fog-7,20
10011,high,moderate,DRL-OO,fog-8,78
10012,high,moderate,DT-KF-CostAware,fog-1,185
10012,high,moderate,DT-KF-CostAware,fog-2,59
10012,high,moderate,DT-KF-CostAware,fog-3,209
10012,high,moderate,DT-KF-CostAware,fog-4,214
10012,high,moderate,DT-KF-CostAware,fog-5,186
10012,high,moderate,DT-KF-CostAware,fog-6,213
10012,high,moderate,DT-KF-CostAware,fog-7,164
10012,high,moderate,DT-KF-CostAware,fog-8,206
10012,high,moderate,DT-OPT,fog-1,145
10012,high,moderate,DT-OPT,fog-2,78
10012,high,moderate,DT-OPT,fog-3,188
10012,high,moderate,DT-OPT,fog-4,207
10012,high,moderate,DT-OPT,fog-5,227
10012,high,moderate,DT-OPT,fog-6,217
10012,high,moderate,DT-OPT,fog-7,161
10012,high,moderate,DT-OPT,fog-8,215
10012,high,moderate,SemiGreedy,fog-1,76
10012,high,moderate,SemiGreedy,fog-2,7
10012,high,moderate,SemiGreedy,fog-3,253
10012,high,moderate,SemiGreedy,fog-4,279
10012,high,moderate,SemiGreedy,fog-5,106
10012,high,moderate,SemiGreedy,fog-6,173
10012,high,moderate,SemiGreedy,fog-7,40
10012,high,moderate,SemiGreedy,fog-8,219
10012,high,moderate,Fog-only,fog-1,212
10012,high,moderate,Fog-only,fog-2,134
10012,high,moderate,Fog-only,fog-3,210
10012,high,moderate,Fog-only,fog-4,190
10012,high,moderate,Fog-only,fog-5,222
10012,high,moderate,Fog-only,fog-6,218
10012,high,moderate,Fog-only,fog-7,182
10012,high,moderate,Fog-only,fog-8,222
10012,high,moderate,DRL-OO,fog-1,124
10012,high,moderate,DRL-OO,fog-2,11
10012,high,moderate,DRL-OO,fog-3,238
10012,high,moderate,DRL-OO,fog-4,261
10012,high,moderate,DRL-OO,fog-5,170
10012,high,moderate,DRL-OO,fog-6,177
10012,high,moderate,DRL-OO,fog-7,72
10012,high,moderate,DRL-OO,fog-8,200
10013,high,moderate,DT-KF-CostAware,fog-1,155
10013,high,moderate,DT-KF-CostAware,fog-2,152
10013,high,moderate,DT-KF-CostAware,fog-3,118
10013,high,moderate,DT-KF-CostAware,fog-4,155
10013,high,moderate,DT-KF-CostAware,fog-5,262
10013,high,moderate,DT-KF-CostAware,fog-6,154
10013,high,moderate,DT-KF-CostAware,fog-7,152
10013,high,moderate,DT-KF-CostAware,fog-8,232
10013,high,moderate,DT-OPT,fog-1,153
10013,high,moderate,DT-OPT,fog-2,206
10013,high,moderate,DT-OPT,fog-3,64
10013,high,moderate,DT-OPT,fog-4,127
10013,high,moderate,DT-OPT,fog-5,224
10013,high,moderate,DT-OPT,fog-6,192
10013,high,moderate,DT-OPT,fog-7,169
10013,high,moderate,DT-OPT,fog-8,228
10013,high,moderate,SemiGreedy,fog-1,58
10013,high,moderate,SemiGreedy,fog-2,180
10013,high,moderate,SemiGreedy,fog-3,25
10013,high,moderate,SemiGreedy,fog-4,48
10013,high,moderate,SemiGreedy,fog-5,312
10013,high,moderate,SemiGreedy,fog-6,136
10013,high,moderate,SemiGreedy,fog-7,92
10013,high,moderate,SemiGreedy,fog-8,270
10013,high,moderate,Fog-only,fog-1,201
10013,high,moderate,Fog-only,fog-2,209
10013,high,moderate,Fog-only,fog-3,197
10013,high,moderate,Fog-only,fog-4,215
10013,high,moderate,Fog-only,fog-5,178
10013,high,moderate,Fog-only,fog-6,203
10013,high,moderate,Fog-only,fog-7,222
10013,high,moderate,Fog-only,fog-8,187
10013,high,moderate,DRL-OO,fog-1,58
10013,high,moderate,DRL-OO,fog-2,202
10013,high,moderate,DRL-OO,fog-3,20
10013,high,moderate,DRL-OO,fog-4,54
10013,high,moderate,DRL-OO,fog-5,255
10013,high,moderate,DRL-OO,fog-6,166
10013,high,moderate,DRL-OO,fog-7,122
10013,high,moderate,DRL-OO,fog-8,231
10014,high,moderate,DT-KF-CostAware,fog-1,191
10014,high,moderate,DT-KF-CostAware,fog-2,189
10014,high,moderate,DT-KF-CostAware,fog-3,163
10014,high,moderate,DT-KF-CostAware,fog-4,187
10014,high,moderate,DT-KF-CostAware,fog-5,188
10014,high,moderate,DT-KF-CostAware,fog-6,162
10014,high,moderate,DT-KF-CostAware,fog-7,137
10014,high,moderate,DT-KF-CostAware,fog-8,190
10014,high,moderate,DT-OPT,fog-1,184
10014,high,moderate,DT-OPT,fog-2,202
10014,high,moderate,DT-OPT,fog-3,159
10014,high,moderate,DT-OPT,fog-4,175
10014,high,moderate,DT-OPT,fog-5,229
10014,high,moderate,DT-OPT,fog-6,116
10014,high,moderate,DT-OPT,fog-7,118
10014,high,moderate,DT-OPT,fog-8,206
10014,high,moderate,SemiGreedy,fog-1,233
10014,high,moderate,SemiGreedy,fog-2,131
10014,high,moderate,SemiGreedy,fog-3,45
10014,high,moderate,SemiGreedy,fog-4,195
10014,high,moderate,SemiGreedy,fog-5,281
10014,high,moderate,SemiGreedy,fog-6,70
10014,high,moderate,SemiGreedy,fog-7,30
10014,high,moderate,SemiGreedy,fog-8,160
10014,high,moderate,Fog-only,fog-1,205
10014,high,moderate,Fog-only,fog-2,214
10014,high,moderate,Fog-only,fog-3,216
10014,high,moderate,Fog-only,fog-4,213
10014,high,moderate,Fog-only,fog-5,181
10014,high,moderate,Fog-only,fog-6,198
10014,high,moderate,Fog-only,fog-7,200
10014,high,moderate,Fog-only,fog-8,186
10014,high,moderate,DRL-OO,fog-1,223
10014,high,moderate,DRL-OO,fog-2,177
10014,high,moderate,DRL-OO,fog-3,89
10014,high,moderate,DRL-OO,fog-4,186
10014,high,moderate,DRL-OO,fog-5,213
10014,high,moderate,DRL-OO,fog-6,104
10014,high,moderate,DRL-OO,fog-7,42
10014,high,moderate,DRL-OO,fog-8,187
10015,high,moderate,DT-KF-CostAware,fog-1,212
10015,high,moderate,DT-KF-CostAware,fog-2,165
10015,high,moderate,DT-KF-CostAware,fog-3,211
10015,high,moderate,DT-KF-CostAware,fog-4,192
10015,high,moderate,DT-KF-CostAware,fog-5,114
10015,high,moderate,DT-KF-CostAware,fog-6,102
10015,high,moderate,DT-KF-CostAware,fog-7,241
10015,high,moderate,DT-KF-CostAware,fog-8,211
10015,high,moderate,DT-OPT,fog-1,210
10015,high,moderate,DT-OPT,fog-2,184
10015,high,moderate,DT-OPT,fog-3,215
10015,high,moderate,DT-OPT,fog-4,189
10015,high,moderate,DT-OPT,fog-5,104
10015,high,moderate,DT-OPT,fog-6,68
10015,high,moderate,DT-OPT,fog-7,243
10015,high,moderate,DT-OPT,fog-8,229
10015,high,moderate,SemiGreedy,fog-1,159
10015,high,moderate,SemiGreedy,fog-2,67
10015,high,moderate,SemiGreedy,fog-3,277
10015,high,moderate,SemiGreedy,fog-4,117
10015,high,moderate,SemiGreedy,fog-5,18
10015,high,moderate,SemiGreedy,fog-6,16
10015,high,moderate,SemiGreedy,fog-7,302
10015,high,moderate,SemiGreedy,fog-8,220
10015,high,moderate,Fog-only,fog-1,224
10015,high,moderate,Fog-only,fog-2,220
10015,high,moderate,Fog-only,fog-3,210
10015,high,moderate,Fog-only,fog-4,226
10015,high,moderate,Fog-only,fog-5,173
10015,high,moderate,Fog-only,fog-6,183
10015,high,moderate,Fog-only,fog-7,196
10015,high,moderate,Fog-only,fog-8,201
10015,high,moderate,DRL-OO,fog-1,177
10015,high,moderate,DRL-OO,fog-2,123
10015,high,moderate,DRL-OO,fog-3,227
10015,high,moderate,DRL-OO,fog-4,184
10015,high,moderate,DRL-OO,fog-5,41
10015,high,moderate,DRL-OO,fog-6,23
10015,high,moderate,DRL-OO,fog-7,257
10015,high,moderate,DRL-OO,fog-8,199
10016,high,moderate,DT-KF-CostAware,fog-1,201
10016,high,moderate,DT-KF-CostAware,fog-2,195
10016,high,moderate,DT-KF-CostAware,fog-3,146
10016,high,moderate,DT-KF-CostAware,fog-4,145
10016,high,moderate,DT-KF-CostAware,fog-5,150
10016,high,moderate,DT-KF-CostAware,fog-6,148
10016,high,moderate,DT-KF-CostAware,fog-7,210
10016,high,moderate,DT-KF-CostAware,fog-8,147
10016,high,moderate,DT-OPT,fog-1,215
10016,high,moderate,DT-OPT,fog-2,215
10016,high,moderate,DT-OPT,fog-3,171
10016,high,moderate,DT-OPT,fog-4,93
10016,high,moderate,DT-OPT,fog-5,148
10016,high,moderate,DT-OPT,fog-6,120
10016,high,moderate,DT-OPT,fog-7,204
10016,high,moderate,DT-OPT,fog-8,156
10016,high,moderate,SemiGreedy,fog-1,224
10016,high,moderate,SemiGreedy,fog-2,178
10016,high,moderate,SemiGreedy,fog-3,138
10016,high,moderate,SemiGreedy,fog-4,31
10016,high,moderate,SemiGreedy,fog-5,114
10016,high,moderate,SemiGreedy,fog-6,37
10016,high,moderate,SemiGreedy,fog-7,264
10016,high,moderate,SemiGreedy,fog-8,72
10016,high,moderate,Fog-only,fog-1,173
10016,high,moderate,Fog-only,fog-2,183
10016,high,moderate,Fog-only,fog-3,227
10016,high,moderate,Fog-only,fog-4,208
10016,high,moderate,Fog-only,fog-5,215
10016,high,moderate,Fog-only,fog-6,211
10016,high,moderate,Fog-only,fog-7,161
10016,high,moderate,Fog-only,fog-8,222
10016,high,moderate,DRL-OO,fog-1,219
10016,high,moderate,DRL-OO,fog-2,182
10016,high,moderate,DRL-OO,fog-3,117
10016,high,moderate,DRL-OO,fog-4,61
10016,high,moderate,DRL-OO,fog-5,146
10016,high,moderate,DRL-OO,fog-6,25
10016,high,moderate,DRL-OO,fog-7,220
10016,high,moderate,DRL-OO,fog-8,83
10017,high,moderate,DT-KF-CostAware,fog-1,224
10017,high,moderate,DT-KF-CostAware,fog-2,174
10017,high,moderate,DT-KF-CostAware,fog-3,160
10017,high,moderate,DT-KF-CostAware,fog-4,209
10017,high,moderate,DT-KF-CostAware,fog-5,213
10017,high,moderate,DT-KF-CostAware,fog-6,110
10017,high,moderate,DT-KF-CostAware,fog-7,203
10017,high,moderate,DT-KF-CostAware,fog-8,204
10017,high,moderate,DT-OPT,fog-1,220
10017,high,moderate,DT-OPT,fog-2,225
10017,high,moderate,DT-OPT,fog-3,142
10017,high,moderate,DT-OPT,fog-4,225
10017,high,moderate,DT-OPT,fog-5,184
10017,high,moderate,DT-OPT,fog-6,97
10017,high,moderate,DT-OPT,fog-7,224
10017,high,moderate,DT-OPT,fog-8,178
10017,high,moderate,SemiGreedy,fog-1,296
10017,high,moderate,SemiGreedy,fog-2,66
10017,high,moderate,SemiGreedy,fog-3,34
10017,high,moderate,SemiGreedy,fog-4,246
10017,high,moderate,SemiGreedy,fog-5,204
10017,high,moderate,SemiGreedy,fog-6,20
10017,high,moderate,SemiGreedy,fog-7,165
10017,high,moderate,SemiGreedy,fog-8,130
10017,high,moderate,Fog-only,fog-1,198
10017,high,moderate,Fog-only,fog-2,204
10017,high,moderate,Fog-only,fog-3,196
10017,high,moderate,Fog-only,fog-4,215
10017,high,moderate,Fog-only,fog-5,221
10017,high,moderate,Fog-only,fog-6,149
10017,high,moderate,Fog-only,fog-7,232
10017,high,moderate,Fog-only,fog-8,229
10017,high,moderate,DRL-OO,fog-1,243
10017,high,moderate,DRL-OO,fog-2,115
10017,high,moderate,DRL-OO,fog-3,75
10017,high,moderate,DRL-OO,fog-4,235
10017,high,moderate,DRL-OO,fog-5,232
10017,high,moderate,DRL-OO,fog-6,20
10017,high,moderate,DRL-OO,fog-7,187
10017,high,moderate,DRL-OO,fog-8,178
10018,high,moderate,DT-KF-CostAware,fog-1,210
10018,high,moderate,DT-KF-CostAware,fog-2,210
10018,high,moderate,DT-KF-CostAware,fog-3,116
10018,high,moderate,DT-KF-CostAware,fog-4,209
10018,high,moderate,DT-KF-CostAware,fog-5,105
10018,high,moderate,DT-KF-CostAware,fog-6,197
10018,high,moderate,DT-KF-CostAware,fog-7,118
10018,high,moderate,DT-KF-CostAware,fog-8,209
10018,high,moderate,DT-OPT,fog-1,195
10018,high,moderate,DT-OPT,fog-2,210
10018,high,moderate,DT-OPT,fog-3,122
10018,high,moderate,DT-OPT,fog-4,210
10018,high,moderate,DT-OPT,fog-5,63
10018,high,moderate,DT-OPT,fog-6,185
10018,high,moderate,DT-OPT,fog-7,151
10018,high,moderate,DT-OPT,fog-8,210
10018,high,moderate,SemiGreedy,fog-1,260
10018,high,moderate,SemiGreedy,fog-2,225
10018,high,moderate,SemiGreedy,fog-3,79
10018,high,moderate,SemiGreedy,fog-4,130
10018,high,moderate,SemiGreedy,fog-5,26
10018,high,moderate,SemiGreedy,fog-6,170
10018,high,moderate,SemiGreedy,fog-7,51
10018,high,moderate,SemiGreedy,fog-8,206
10018,high,moderate,Fog-only,fog-1,150
10018,high,moderate,Fog-only,fog-2,174
10018,high,moderate,Fog-only,fog-3,227
10018,high,moderate,Fog-only,fog-4,221
10018,high,moderate,Fog-only,fog-5,236
10018,high,moderate,Fog-only,fog-6,187
10018,high,moderate,Fog-only,fog-7,239
10018,high,moderate,Fog-only,fog-8,177
10018,high,moderate,DRL-OO,fog-1,217
10018,high,moderate,DRL-OO,fog-2,224
10018,high,moderate,DRL-OO,fog-3,82
10018,high,moderate,DRL-OO,fog-4,144
10018,high,moderate,DRL-OO,fog-5,31
10018,high,moderate,DRL-OO,fog-6,164
10018,high,moderate,DRL-OO,fog-7,97
10018,high,moderate,DRL-OO,fog-8,194
10019,high,moderate,DT-KF-CostAware,fog-1,165
10019,high,moderate,DT-KF-CostAware,fog-2,162
10019,high,moderate,DT-KF-CostAware,fog-3,167
10019,high,moderate,DT-KF-CostAware,fog-4,245
10019,high,moderate,DT-KF-CostAware,fog-5,174
10019,high,moderate,DT-KF-CostAware,fog-6,159
10019,high,moderate,DT-KF-CostAware,fog-7,165
10019,high,moderate,DT-KF-CostAware,fog-8,200
10019,high,moderate,DT-OPT,fog-1,173
10019,high,moderate,DT-OPT,fog-2,138
10019,high,moderate,DT-OPT,fog-3,202
10019,high,moderate,DT-OPT,fog-4,227
10019,high,moderate,DT-OPT,fog-5,201
10019,high,moderate,DT-OPT,fog-6,77
10019,high,moderate,DT-OPT,fog-7,193
10019,high,moderate,DT-OPT,fog-8,200
10019,high,moderate,SemiGreedy,fog-1,60
10019,high,moderate,SemiGreedy,fog-2,31
10019,high,moderate,SemiGreedy,fog-3,149
10019,high,moderate,SemiGreedy,fog-4,299
10019,high,moderate,SemiGreedy,fog-5,196
10019,high,moderate,SemiGreedy,fog-6,60
10019,high,moderate,SemiGreedy,fog-7,121
10019,high,moderate,SemiGreedy,fog-8,236
10019,high,moderate,Fog-only,fog-1,217
10019,high,moderate,Fog-only,fog-2,189
10019,high,moderate,Fog-only,fog-3,199
10019,high,moderate,Fog-only,fog-4,163
10019,high,moderate,Fog-only,fog-5,224
10019,high,moderate,Fog-only,fog-6,199
10019,high,moderate,Fog-only,fog-7,210
10019,high,moderate,Fog-only,fog-8,201
10019,high,moderate,DRL-OO,fog-1,108
10019,high,moderate,DRL-OO,fog-2,42
10019,high,moderate,DRL-OO,fog-3,182
10019,high,moderate,DRL-OO,fog-4,221
10019,high,moderate,DRL-OO,fog-5,177
10019,high,moderate,DRL-OO,fog-6,66
10019,high,moderate,DRL-OO,fog-7,163
10019,high,moderate,DRL-OO,fog-8,224
10020,high,moderate,DT-KF-CostAware,fog-1,230
10020,high,moderate,DT-KF-CostAware,fog-2,114
10020,high,moderate,DT-KF-CostAware,fog-3,113
10020,high,moderate,DT-KF-CostAware,fog-4,234
10020,high,moderate,DT-KF-CostAware,fog-5,223
10020,high,moderate,DT-KF-CostAware,fog-6,113
10020,high,moderate,DT-KF-CostAware,fog-7,230
10020,high,moderate,DT-KF-CostAware,fog-8,113
10020,high,moderate,DT-OPT,fog-1,200
10020,high,moderate,DT-OPT,fog-2,57
10020,high,moderate,DT-OPT,fog-3,125
10020,high,moderate,DT-OPT,fog-4,226
10020,high,moderate,DT-OPT,fog-5,238
10020,high,moderate,DT-OPT,fog-6,182
10020,high,moderate,DT-OPT,fog-7,224
10020,high,moderate,DT-OPT,fog-8,96
10020,high,moderate,SemiGreedy,fog-1,217
10020,high,moderate,SemiGreedy,fog-2,20
10020,high,moderate,SemiGreedy,fog-3,51
10020,high,moderate,SemiGreedy,fog-4,288
10020,high,moderate,SemiGreedy,fog-5,167
10020,high,moderate,SemiGreedy,fog-6,91
10020,high,moderate,SemiGreedy,fog-7,213
10020,high,moderate,SemiGreedy,fog-8,7
10020,high,moderate,Fog-only,fog-1,218
10020,high,moderate,Fog-only,fog-2,146
10020,high,moderate,Fog-only,fog-3,187
10020,high,moderate,Fog-only,fog-4,222
10020,high,moderate,Fog-only,fog-5,216
10020,high,moderate,Fog-only,fog-6,203
10020,high,moderate,Fog-only,fog-7,195
10020,high,moderate,Fog-only,fog-8,137
10020,high,moderate,DRL-OO,fog-1,217
10020,high,moderate,DRL-OO,fog-2,24
10020,high,moderate,DRL-OO,fog-3,89
10020,high,moderate,DRL-OO,fog-4,274
10020,high,moderate,DRL-OO,fog-5,198
10020,high,moderate,DRL-OO,fog-6,128
10020,high,moderate,DRL-OO,fog-7,208
10020,high,moderate,DRL-OO,fog-8,15
10021,high,moderate,DT-KF-CostAware,fog-1,218
10021,high,moderate,DT-KF-CostAware,fog-2,107
10021,high,moderate,DT-KF-CostAware,fog-3,105
10021,high,moderate,DT-KF-CostAware,fog-4,220
10021,high,moderate,DT-KF-CostAware,fog-5,222
10021,high,moderate,DT-KF-CostAware,fog-6,201
10021,high,moderate,DT-KF-CostAware,fog-7,246
10021,high,moderate,DT-KF-CostAware,fog-8,108
10021,high,moderate,DT-OPT,fog-1,220
10021,high,moderate,DT-OPT,fog-2,90
10021,high,moderate,DT-OPT,fog-3,127
10021,high,moderate,DT-OPT,fog-4,226
10021,high,moderate,DT-OPT,fog-5,230
10021,high,moderate,DT-OPT,fog-6,189
10021,high,moderate,DT-OPT,fog-7,238
10021,high,moderate,DT-OPT,fog-8,129
10021,high,moderate,SemiGreedy,fog-1,157
10021,high,moderate,SemiGreedy,fog-2,23
10021,high,moderate,SemiGreedy,fog-3,9
10021,high,moderate,SemiGreedy,fog-4,272
10021,high,moderate,SemiGreedy,fog-5,222
10021,high,moderate,SemiGreedy,fog-6,104
10021,high,moderate,SemiGreedy,fog-7,311
10021,high,moderate,SemiGreedy,fog-8,45
10021,high,moderate,Fog-only,fog-1,217
10021,high,moderate,Fog-only,fog-2,164
10021,high,moderate,Fog-only,fog-3,147
10021,high,moderate,Fog-only,fog-4,209
10021,high,moderate,Fog-only,fog-5,234
10021,high,moderate,Fog-only,fog-6,223
10021,high,moderate,Fog-only,fog-7,227
10021,high,moderate,Fog-only,fog-8,192
10021,high,moderate,DRL-OO,fog-1,191
10021,high,moderate,DRL-OO,fog-2,57
10021,high,moderate,DRL-OO,fog-3,29
10021,high,moderate,DRL-OO,fog-4,222
10021,high,moderate,DRL-OO,fog-5,220
10021,high,moderate,DRL-OO,fog-6,136
10021,high,moderate,DRL-OO,fog-7,279
10021,high,moderate,DRL-OO,fog-8,77
10022,high,moderate,DT-KF-CostAware,fog-1,136
10022,high,moderate,DT-KF-CostAware,fog-2,136
10022,high,moderate,DT-KF-CostAware,fog-3,204
10022,high,moderate,DT-KF-CostAware,fog-4,138
10022,high,moderate,DT-KF-CostAware,fog-5,137
10022,high,moderate,DT-KF-CostAware,fog-6,265
10022,high,moderate,DT-KF-CostAware,fog-7,145
10022,high,moderate,DT-KF-CostAware,fog-8,185
10022,high,moderate,DT-OPT,fog-1,115
10022,high,moderate,DT-OPT,fog-2,69
10022,high,moderate,DT-OPT,fog-3,197
10022,high,moderate,DT-OPT,fog-4,144
10022,high,moderate,DT-OPT,fog-5,160
10022,high,moderate,DT-OPT,fog-6,227
10022,high,moderate,DT-OPT,fog-7,190
10022,high,moderate,DT-OPT,fog-8,221
10022,high,moderate,SemiGreedy,fog-1,53
10022,high,moderate,SemiGreedy,fog-2,20
10022,high,moderate,SemiGreedy,fog-3,242
10022,high,moderate,SemiGreedy,fog-4,40
10022,high,moderate,SemiGreedy,fog-5,96
10022,high,moderate,SemiGreedy,fog-6,317
10022,high,moderate,SemiGreedy,fog-7,122
10022,high,moderate,SemiGreedy,fog-8,189
10022,high,moderate,Fog-only,fog-1,212
10022,high,moderate,Fog-only,fog-2,187
10022,high,moderate,Fog-only,fog-3,178
10022,high,moderate,Fog-only,fog-4,208
10022,high,moderate,Fog-only,fog-5,203
10022,high,moderate,Fog-only,fog-6,179
10022,high,moderate,Fog-only,fog-7,216
10022,high,moderate,Fog-only,fog-8,183
10022,high,moderate,DRL-OO,fog-1,76
10022,high,moderate,DRL-OO,fog-2,21
10022,high,moderate,DRL-OO,fog-3,195
10022,high,moderate,DRL-OO,fog-4,46
10022,high,moderate,DRL-OO,fog-5,127
10022,high,moderate,DRL-OO,fog-6,265
10022,high,moderate,DRL-OO,fog-7,149
10022,high,moderate,DRL-OO,fog-8,170
10023,high,moderate,DT-KF-CostAware,fog-1,115
10023,high,moderate,DT-KF-CostAware,fog-2,116
10023,high,moderate,DT-KF-CostAware,fog-3,236
10023,high,moderate,DT-KF-CostAware,fog-4,241
10023,high,moderate,DT-KF-CostAware,fog-5,110
10023,high,moderate,DT-KF-CostAware,fog-6,239
10023,high,moderate,DT-KF-CostAware,fog-7,242
10023,high,moderate,DT-KF-CostAware,fog-8,231
10023,high,moderate,DT-OPT,fog-1,114
10023,high,moderate,DT-OPT,fog-2,164
10023,high,moderate,DT-OPT,fog-3,242
10023,high,moderate,DT-OPT,fog-4,240
10023,high,moderate,DT-OPT,fog-5,84
10023,high,moderate,DT-OPT,fog-6,235
10023,high,moderate,DT-OPT,fog-7,252
10023,high,moderate,DT-OPT,fog-8,200
10023,high,moderate,SemiGreedy,fog-1,36
10023,high,moderate,SemiGreedy,fog-2,66
10023,high,moderate,SemiGreedy,fog-3,182
10023,high,moderate,SemiGreedy,fog-4,293
10023,high,moderate,SemiGreedy,fog-5,19
10023,high,moderate,SemiGreedy,fog-6,248
10023,high,moderate,SemiGreedy,fog-7,235
10023,high,moderate,SemiGreedy,fog-8,140
10023,high,moderate,Fog-only,fog-1,179
10023,high,moderate,Fog-only,fog-2,214
10023,high,moderate,Fog-only,fog-3,217
10023,high,moderate,Fog-only,fog-4,223
10023,high,moderate,Fog-only,fog-5,142
10023,high,moderate,Fog-only,fog-6,222
10023,high,moderate,Fog-only,fog-7,215
10023,high,moderate,Fog-only,fog-8,230
10023,high,moderate,DRL-OO,fog-1,69
10023,high,moderate,DRL-OO,fog-2,119
10023,high,moderate,DRL-OO,fog-3,226
10023,high,moderate,DRL-OO,fog-4,230
10023,high,moderate,DRL-OO,fog-5,19
10023,high,moderate,DRL-OO,fog-6,230
10023,high,moderate,DRL-OO,fog-7,263
10023,high,moderate,DRL-OO,fog-8,192
10024,high,moderate,DT-KF-CostAware,fog-1,199
10024,high,moderate,DT-KF-CostAware,fog-2,211
10024,high,moderate,DT-KF-CostAware,fog-3,209
10024,high,moderate,DT-KF-CostAware,fog-4,84
10024,high,moderate,DT-KF-CostAware,fog-5,210
10024,high,moderate,DT-KF-CostAware,fog-6,212
10024,high,moderate,DT-KF-CostAware,fog-7,192
10024,high,moderate,DT-KF-CostAware,fog-8,82
10024,high,moderate,DT-OPT,fog-1,190
10024,high,moderate,DT-OPT,fog-2,232
10024,high,moderate,DT-OPT,fog-3,217
10024,high,moderate,DT-OPT,fog-4,91
10024,high,moderate,DT-OPT,fog-5,215
10024,high,moderate,DT-OPT,fog-6,215
10024,high,moderate,DT-OPT,fog-7,166
10024,high,moderate,DT-OPT,fog-8,60
10024,high,moderate,SemiGreedy,fog-1,105
10024,high,moderate,SemiGreedy,fog-2,245
10024,high,moderate,SemiGreedy,fog-3,187
10024,high,moderate,SemiGreedy,fog-4,38
10024,high,moderate,SemiGreedy,fog-5,269
10024,high,moderate,SemiGreedy,fog-6,163
10024,high,moderate,SemiGreedy,fog-7,92
10024,high,moderate,SemiGreedy,fog-8,22
10024,high,moderate,Fog-only,fog-1,213
10024,high,moderate,Fog-only,fog-2,189
10024,high,moderate,Fog-only,fog-3,200
10024,high,moderate,Fog-only,fog-4,214
10024,high,moderate,Fog-only,fog-5,179
10024,high,moderate,Fog-only,fog-6,220
10024,high,moderate,Fog-only,fog-7,215
10024,high,moderate,Fog-only,fog-8,196
10024,high,moderate,DRL-OO,fog-1,138
10024,high,moderate,DRL-OO,fog-2,215
10024,high,moderate,DRL-OO,fog-3,218
10024,high,moderate,DRL-OO,fog-4,52
10024,high,moderate,DRL-OO,fog-5,241
10024,high,moderate,DRL-OO,fog-6,172
10024,high,moderate,DRL-OO,fog-7,131
10024,high,moderate,DRL-OO,fog-8,17
10025,high,moderate,DT-KF-CostAware,fog-1,220
10025,high,moderate,DT-KF-CostAware,fog-2,221
10025,high,moderate,DT-KF-CostAware,fog-3,218
10025,high,moderate,DT-KF-CostAware,fog-4,95
10025,high,moderate,DT-KF-CostAware,fog-5,156
10025,high,moderate,DT-KF-CostAware,fog-6,169
10025,high,moderate,DT-KF-CostAware,fog-7,222
10025,high,moderate,DT-KF-CostAware,fog-8,217
10025,high,moderate,DT-OPT,fog-1,214
10025,high,moderate,DT-OPT,fog-2,235
10025,high,moderate,DT-OPT,fog-3,223
10025,high,moderate,DT-OPT,fog-4,113
10025,high,moderate,DT-OPT,fog-5,169
10025,high,moderate,DT-OPT,fog-6,126
10025,high,moderate,DT-OPT,fog-7,245
10025,high,moderate,DT-OPT,fog-8,209
10025,high,moderate,SemiGreedy,fog-1,130
10025,high,moderate,SemiGreedy,fog-2,286
10025,high,moderate,SemiGreedy,fog-3,229
10025,high,moderate,SemiGreedy,fog-4,9
10025,high,moderate,SemiGreedy,fog-5,39
10025,high,moderate,SemiGreedy,fog-6,76
10025,high,moderate,SemiGreedy,fog-7,266
10025,high,moderate,SemiGreedy,fog-8,176
10025,high,moderate,Fog-only,fog-1,226
10025,high,moderate,Fog-only,fog-2,212
10025,high,moderate,Fog-only,fog-3,244
10025,high,moderate,Fog-only,fog-4,122
10025,high,moderate,Fog-only,fog-5,182
10025,high,moderate,Fog-only,fog-6,204
10025,high,moderate,Fog-only,fog-7,214
10025,high,moderate,Fog-only,fog-8,232
10025,high,moderate,DRL-OO,fog-1,203
10025,high,moderate,DRL-OO,fog-2,272
10025,high,moderate,DRL-OO,fog-3,228
10025,high,moderate,DRL-OO,fog-4,40
10025,high,moderate,DRL-OO,fog-5,92
10025,high,moderate,DRL-OO,fog-6,105
10025,high,moderate,DRL-OO,fog-7,239
10025,high,moderate,DRL-OO,fog-8,187
10026,high,moderate,DT-KF-CostAware,fog-1,242
10026,high,moderate,DT-KF-CostAware,fog-2,243
10026,high,moderate,DT-KF-CostAware,fog-3,160
10026,high,moderate,DT-KF-CostAware,fog-4,158
10026,high,moderate,DT-KF-CostAware,fog-5,198
10026,high,moderate,DT-KF-CostAware,fog-6,159
10026,high,moderate,DT-KF-CostAware,fog-7,160
10026,high,moderate,DT-KF-CostAware,fog-8,183
10026,high,moderate,DT-OPT,fog-1,245
10026,high,moderate,DT-OPT,fog-2,221
10026,high,moderate,DT-OPT,fog-3,177
10026,high,moderate,DT-OPT,fog-4,141
10026,high,moderate,DT-OPT,fog-5,215
10026,high,moderate,DT-OPT,fog-6,99
10026,high,moderate,DT-OPT,fog-7,193
10026,high,moderate,DT-OPT,fog-8,208
10026,high,moderate,SemiGreedy,fog-1,260
10026,high,moderate,SemiGreedy,fog-2,301
10026,high,moderate,SemiGreedy,fog-3,30
10026,high,moderate,SemiGreedy,fog-4,102
10026,high,moderate,SemiGreedy,fog-5,217
10026,high,moderate,SemiGreedy,fog-6,37
10026,high,moderate,SemiGreedy,fog-7,65
10026,high,moderate,SemiGreedy,fog-8,158
10026,high,moderate,Fog-only,fog-1,214
10026,high,moderate,Fog-only,fog-2,203
10026,high,moderate,Fog-only,fog-3,176
10026,high,moderate,Fog-only,fog-4,220
10026,high,moderate,Fog-only,fog-5,222
10026,high,moderate,Fog-only,fog-6,179
10026,high,moderate,Fog-only,fog-7,193
10026,high,moderate,Fog-only,fog-8,216
10026,high,moderate,DRL-OO,fog-1,199
10026,high,moderate,DRL-OO,fog-2,258
10026,high,moderate,DRL-OO,fog-3,57
10026,high,moderate,DRL-OO,fog-4,162
10026,high,moderate,DRL-OO,fog-5,228
10026,high,moderate,DRL-OO,fog-6,93
10026,high,moderate,DRL-OO,fog-7,107
10026,high,moderate,DRL-OO,fog-8,197
10027,high,moderate,DT-KF-CostAware,fog-1,162
10027,high,moderate,DT-KF-CostAware,fog-2,233
10027,high,moderate,DT-KF-CostAware,fog-3,131
10027,high,moderate,DT-KF-CostAware,fog-4,233
10027,high,moderate,DT-KF-CostAware,fog-5,234
10027,high,moderate,DT-KF-CostAware,fog-6,55
10027,high,moderate,DT-KF-CostAware,fog-7,231
10027,high,moderate,DT-KF-CostAware,fog-8,231
10027,high,moderate,DT-OPT,fog-1,168
10027,high,moderate,DT-OPT,fog-2,210
10027,high,moderate,DT-OPT,fog-3,123
10027,high,moderate,DT-OPT,fog-4,242
10027,high,moderate,DT-OPT,fog-5,226
10027,high,moderate,DT-OPT,fog-6,56
10027,high,moderate,DT-OPT,fog-7,243
10027,high,moderate,DT-OPT,fog-8,239
10027,high,moderate,SemiGreedy,fog-1,70
10027,high,moderate,SemiGreedy,fog-2,135
10027,high,moderate,SemiGreedy,fog-3,33
10027,high,moderate,SemiGreedy,fog-4,171
10027,high,moderate,SemiGreedy,fog-5,253
10027,high,moderate,SemiGreedy,fog-6,4
10027,high,moderate,SemiGreedy,fog-7,221
10027,high,moderate,SemiGreedy,fog-8,284
10027,high,moderate,Fog-only,fog-1,186
10027,high,moderate,Fog-only,fog-2,231
10027,high,moderate,Fog-only,fog-3,156
10027,high,moderate,Fog-only,fog-4,234
10027,high,moderate,Fog-only,fog-5,241
10027,high,moderate,Fog-only,fog-6,97
10027,high,moderate,Fog-only,fog-7,225
10027,high,moderate,Fog-only,fog-8,234
10027,high,moderate,DRL-OO,fog-1,131
10027,high,moderate,DRL-OO,fog-2,190
10027,high,moderate,DRL-OO,fog-3,71
10027,high,moderate,DRL-OO,fog-4,217
10027,high,moderate,DRL-OO,fog-5,252
10027,high,moderate,DRL-OO,fog-6,14
10027,high,moderate,DRL-OO,fog-7,221
10027,high,moderate,DRL-OO,fog-8,248
10028,high,moderate,DT-KF-CostAware,fog-1,131
10028,high,moderate,DT-KF-CostAware,fog-2,237
10028,high,moderate,DT-KF-CostAware,fog-3,131
10028,high,moderate,DT-KF-CostAware,fog-4,229
10028,high,moderate,DT-KF-CostAware,fog-5,130
10028,high,moderate,DT-KF-CostAware,fog-6,234
10028,high,moderate,DT-KF-CostAware,fog-7,175
10028,high,moderate,DT-KF-CostAware,fog-8,241
10028,high,moderate,DT-OPT,fog-1,148
10028,high,moderate,DT-OPT,fog-2,237
10028,high,moderate,DT-OPT,fog-3,149
10028,high,moderate,DT-OPT,fog-4,223
10028,high,moderate,DT-OPT,fog-5,83
10028,high,moderate,DT-OPT,fog-6,221
10028,high,moderate,DT-OPT,fog-7,214
10028,high,moderate,DT-OPT,fog-8,233
10028,high,moderate,SemiGreedy,fog-1,19
10028,high,moderate,SemiGreedy,fog-2,232
10028,high,moderate,SemiGreedy,fog-3,41
10028,high,moderate,SemiGreedy,fog-4,164
10028,high,moderate,SemiGreedy,fog-5,61
10028,high,moderate,SemiGreedy,fog-6,272
10028,high,moderate,SemiGreedy,fog-7,106
10028,high,moderate,SemiGreedy,fog-8,296
10028,high,moderate,Fog-only,fog-1,165
10028,high,moderate,Fog-only,fog-2,210
10028,high,moderate,Fog-only,fog-3,177
10028,high,moderate,Fog-only,fog-4,234
10028,high,moderate,Fog-only,fog-5,189
10028,high,moderate,Fog-only,fog-6,210
10028,high,moderate,Fog-only,fog-7,224
10028,high,moderate,Fog-only,fog-8,218
10028,high,moderate,DRL-OO,fog-1,57
10028,high,moderate,DRL-OO,fog-2,255
10028,high,moderate,DRL-OO,fog-3,88
10028,high,moderate,DRL-OO,fog-4,172
10028,high,moderate,DRL-OO,fog-5,72
10028,high,moderate,DRL-OO,fog-6,256
10028,high,moderate,DRL-OO,fog-7,162
10028,high,moderate,DRL-OO,fog-8,264
10029,high,moderate,DT-KF-CostAware,fog-1,99
10029,high,moderate,DT-KF-CostAware,fog-2,102
10029,high,moderate,DT-KF-CostAware,fog-3,242
10029,high,moderate,DT-KF-CostAware,fog-4,246
10029,high,moderate,DT-KF-CostAware,fog-5,101
10029,high,moderate,DT-KF-CostAware,fog-6,101
10029,high,moderate,DT-KF-CostAware,fog-7,229
10029,high,moderate,DT-KF-CostAware,fog-8,243
10029,high,moderate,DT-OPT,fog-1,128
10029,high,moderate,DT-OPT,fog-2,90
10029,high,moderate,DT-OPT,fog-3,244
10029,high,moderate,DT-OPT,fog-4,233
10029,high,moderate,DT-OPT,fog-5,123
10029,high,moderate,DT-OPT,fog-6,57
10029,high,moderate,DT-OPT,fog-7,217
10029,high,moderate,DT-OPT,fog-8,248
10029,high,moderate,SemiGreedy,fog-1,29
10029,high,moderate,SemiGreedy,fog-2,26
10029,high,moderate,SemiGreedy,fog-3,204
10029,high,moderate,SemiGreedy,fog-4,269
10029,high,moderate,SemiGreedy,fog-5,74
10029,high,moderate,SemiGreedy,fog-6,28
10029,high,moderate,SemiGreedy,fog-7,213
10029,high,moderate,SemiGreedy,fog-8,278
10029,high,moderate,Fog-only,fog-1,188
10029,high,moderate,Fog-only,fog-2,200
10029,high,moderate,Fog-only,fog-3,210
10029,high,moderate,Fog-only,fog-4,218
10029,high,moderate,Fog-only,fog-5,209
10029,high,moderate,Fog-only,fog-6,192
10029,high,moderate,Fog-only,fog-7,206
10029,high,moderate,Fog-only,fog-8,211
10029,high,moderate,DRL-OO,fog-1,19
10029,high,moderate,DRL-OO,fog-2,32
10029,high,moderate,DRL-OO,fog-3,244
10029,high,moderate,DRL-OO,fog-4,265
10029,high,moderate,DRL-OO,fog-5,82
10029,high,moderate,DRL-OO,fog-6,36
10029,high,moderate,DRL-OO,fog-7,194
10029,high,moderate,DRL-OO,fog-8,227
10000,low,impaired,DT-KF-CostAware,fog-1,5
10000,low,impaired,DT-KF-CostAware,fog-2,1
10000,low,impaired,DT-KF-CostAware,fog-3,124
10000,low,impaired,DT-KF-CostAware,fog-4,41
10000,low,impaired,DT-KF-CostAware,fog-5,82
10000,low,impaired,DT-KF-CostAware,fog-6,115
10000,low,impaired,DT-KF-CostAware,fog-7,80
10000,low,impaired,DT-KF-CostAware,fog-8,2
10000,low,impaired,DT-OPT,fog-1,0
10000,low,impaired,DT-OPT,fog-2,0
10000,low,impaired,DT-OPT,fog-3,216
10000,low,impaired,DT-OPT,fog-4,17
10000,low,impaired,DT-OPT,fog-5,149
10000,low,impaired,DT-OPT,fog-6,45
10000,low,impaired,DT-OPT,fog-7,25
10000,low,impaired,DT-OPT,fog-8,0
10000,low,impaired,SemiGreedy,fog-1,0
10000,low,impaired,SemiGreedy,fog-2,0
10000,low,impaired,SemiGreedy,fog-3,62
10000,low,impaired,SemiGreedy,fog-4,0
10000,low,impaired,SemiGreedy,fog-5,2
10000,low,impaired,SemiGreedy,fog-6,195
10000,low,impaired,SemiGreedy,fog-7,4
10000,low,impaired,SemiGreedy,fog-8,0
10000,low,impaired,Fog-only,fog-1,0
10000,low,impaired,Fog-only,fog-2,0
10000,low,impaired,Fog-only,fog-3,146
10000,low,impaired,Fog-only,fog-4,5
10000,low,impaired,Fog-only,fog-5,17
10000,low,impaired,Fog-only,fog-6,228
10000,low,impaired,Fog-only,fog-7,55
10000,low,impaired,Fog-only,fog-8,1
10000,low,impaired,DRL-OO,fog-1,0
10000,low,impaired,DRL-OO,fog-2,0
10000,low,impaired,DRL-OO,fog-3,211
10000,low,impaired,DRL-OO,fog-4,5
10000,low,impaired,DRL-OO,fog-5,73
10000,low,impaired,DRL-OO,fog-6,133
10000,low,impaired,DRL-OO,fog-7,29
10000,low,impaired,DRL-OO,fog-8,1
10001,low,impaired,DT-KF-CostAware,fog-1,30
10001,low,impaired,DT-KF-CostAware,fog-2,9
10001,low,impaired,DT-KF-CostAware,fog-3,97
10001,low,impaired,DT-KF-CostAware,fog-4,97
10001,low,impaired,DT-KF-CostAware,fog-5,97
10001,low,impaired,DT-KF-CostAware,fog-6,9
10001,low,impaired,DT-KF-CostAware,fog-7,3
10001,low,impaired,DT-KF-CostAware,fog-8,97
10001,low,impaired,DT-OPT,fog-1,15
10001,low,impaired,DT-OPT,fog-2,18
10001,low,impaired,DT-OPT,fog-3,195
10001,low,impaired,DT-OPT,fog-4,23
10001,low,impaired,DT-OPT,fog-5,148
10001,low,impaired,DT-OPT,fog-6,0
10001,low,impaired,DT-OPT,fog-7,31
10001,low,impaired,DT-OPT,fog-8,10
10001,low,impaired,SemiGreedy,fog-1,0
10001,low,impaired,SemiGreedy,fog-2,0
10001,low,impaired,SemiGreedy,fog-3,138
10001,low,impaired,SemiGreedy,fog-4,11
10001,low,impaired,SemiGreedy,fog-5,107
10001,low,impaired,SemiGreedy,fog-6,0
10001,low,impaired,SemiGreedy,fog-7,0
10001,low,impaired,SemiGreedy,fog-8,3
10001,low,impaired,Fog-only,fog-1,4
10001,low,impaired,Fog-only,fog-2,2
10001,low,impaired,Fog-only,fog-3,193
10001,low,impaired,Fog-only,fog-4,60
10001,low,impaired,Fog-only,fog-5,161
10001,low,impaired,Fog-only,fog-6,0
10001,low,impaired,Fog-only,fog-7,0
10001,low,impaired,Fog-only,fog-8,20
10001,low,impaired,DRL-OO,fog-1,1
10001,low,impaired,DRL-OO,fog-2,7
10001,low,impaired,DRL-OO,fog-3,82
10001,low,impaired,DRL-OO,fog-4,23
10001,low,impaired,DRL-OO,fog-5,232
10001,low,impaired,DRL-OO,fog-6,0
10001,low,impaired,DRL-OO,fog-7,14
10001,low,impaired,DRL-OO,fog-8,81
10002,low,impaired,DT-KF-CostAware,fog-1,41
10002,low,impaired,DT-KF-CostAware,fog-2,31
10002,low,impaired,DT-KF-CostAware,fog-3,72
10002,low,impaired,DT-KF-CostAware,fog-4,88
10002,low,impaired,DT-KF-CostAware,fog-5,25
10002,low,impaired,DT-KF-CostAware,fog-6,46
10002,low,impaired,DT-KF-CostAware,fog-7,87
10002,low,impaired,DT-KF-CostAware,fog-8,71
10002,low,impaired,DT-OPT,fog-1,68
10002,low,impaired,DT-OPT,fog-2,1
10002,low,impaired,DT-OPT,fog-3,4
10002,low,impaired,DT-OPT,fog-4,223
10002,low,impaired,DT-OPT,fog-5,1
10002,low,impaired,DT-OPT,fog-6,4
10002,low,impaired,DT-OPT,fog-7,47
10002,low,impaired,DT-OPT,fog-8,114
10002,low,impaired,SemiGreedy,fog-1,0
10002,low,impaired,SemiGreedy,fog-2,0
10002,low,impaired,SemiGreedy,fog-3,16
10002,low,impaired,SemiGreedy,fog-4,78
10002,low,impaired,SemiGreedy,fog-5,2
10002,low,impaired,SemiGreedy,fog-6,6
10002,low,impaired,SemiGreedy,fog-7,186
10002,low,impaired,SemiGreedy,fog-8,1
10002,low,impaired,Fog-only,fog-1,1
10002,low,impaired,Fog-only,fog-2,2
10002,low,impaired,Fog-only,fog-3,74
10002,low,impaired,Fog-only,fog-4,131
10002,low,impaired,Fog-only,fog-5,18
10002,low,impaired,Fog-only,fog-6,14
10002,low,impaired,Fog-only,fog-7,222
10002,low,impaired,Fog-only,fog-8,2
10002,low,impaired,DRL-OO,fog-1,16
10002,low,impaired,DRL-OO,fog-2,2
10002,low,impaired,DRL-OO,fog-3,3
10002,low,impaired,DRL-OO,fog-4,207
10002,low,impaired,DRL-OO,fog-5,2
10002,low,impaired,DRL-OO,fog-6,15
10002,low,impaired,DRL-OO,fog-7,134
10002,low,impaired,DRL-OO,fog-8,83
10003,low,impaired,DT-KF-CostAware,fog-1,0
10003,low,impaired,DT-KF-CostAware,fog-2,62
10003,low,impaired,DT-KF-CostAware,fog-3,63
10003,low,impaired,DT-KF-CostAware,fog-4,62
10003,low,impaired,DT-KF-CostAware,fog-5,62
10003,low,impaired,DT-KF-CostAware,fog-6,63
10003,low,impaired,DT-KF-CostAware,fog-7,62
10003,low,impaired,DT-KF-CostAware,fog-8,63
10003,low,impaired,DT-OPT,fog-1,5
10003,low,impaired,DT-OPT,fog-2,46
10003,low,impaired,DT-OPT,fog-3,221
10003,low,impaired,DT-OPT,fog-4,132
10003,low,impaired,DT-OPT,fog-5,14
10003,low,impaired,DT-OPT,fog-6,19
10003,low,impaired,DT-OPT,fog-7,0
10003,low,impaired,DT-OPT,fog-8,1
10003,low,impaired,SemiGreedy,fog-1,0
10003,low,impaired,SemiGreedy,fog-2,108
10003,low,impaired,SemiGreedy,fog-3,0
10003,low,impaired,SemiGreedy,fog-4,121
10003,low,impaired,SemiGreedy,fog-5,18
10003,low,impaired,SemiGreedy,fog-6,0
10003,low,impaired,SemiGreedy,fog-7,0
10003,low,impaired,SemiGreedy,fog-8,11
10003,low,impaired,Fog-only,fog-1,0
10003,low,impaired,Fog-only,fog-2,162
10003,low,impaired,Fog-only,fog-3,4
10003,low,impaired,Fog-only,fog-4,171
10003,low,impaired,Fog-only,fog-5,45
10003,low,impaired,Fog-only,fog-6,0
10003,low,impaired,Fog-only,fog-7,2
10003,low,impaired,Fog-only,fog-8,54
10003,low,impaired,DRL-OO,fog-1,1
10003,low,impaired,DRL-OO,fog-2,20
10003,low,impaired,DRL-OO,fog-3,149
10003,low,impaired,DRL-OO,fog-4,208
10003,low,impaired,DRL-OO,fog-5,37
10003,low,impaired,DRL-OO,fog-6,10
10003,low,impaired,DRL-OO,fog-7,4
10003,low,impaired,DRL-OO,fog-8,9
10004,low,impaired,DT-KF-CostAware,fog-1,77
10004,low,impaired,DT-KF-CostAware,fog-2,78
10004,low,impaired,DT-KF-CostAware,fog-3,77
10004,low,impaired,DT-KF-CostAware,fog-4,68
10004,low,impaired,DT-KF-CostAware,fog-5,0
10004,low,impaired,DT-KF-CostAware,fog-6,76
10004,low,impaired,DT-KF-CostAware,fog-7,77
10004,low,impaired,DT-KF-CostAware,fog-8,0
10004,low,impaired,DT-OPT,fog-1,221
10004,low,impaired,DT-OPT,fog-2,19
10004,low,impaired,DT-OPT,fog-3,43
10004,low,impaired,DT-OPT,fog-4,2
10004,low,impaired,DT-OPT,fog-5,0
10004,low,impaired,DT-OPT,fog-6,3
10004,low,impaired,DT-OPT,fog-7,165
10004,low,impaired,DT-OPT,fog-8,0
10004,low,impaired,SemiGreedy,fog-1,213
10004,low,impaired,SemiGreedy,fog-2,0
10004,low,impaired,SemiGreedy,fog-3,60
10004,low,impaired,SemiGreedy,fog-4,0
10004,low,impaired,SemiGreedy,fog-5,0
10004,low,impaired,SemiGreedy,fog-6,15
10004,low,impaired,SemiGreedy,fog-7,1
10004,low,impaired,SemiGreedy,fog-8,0
10004,low,impaired,Fog-only,fog-1,237
10004,low,impaired,Fog-only,fog-2,3
10004,low,impaired,Fog-only,fog-3,137
10004,low,impaired,Fog-only,fog-4,0
10004,low,impaired,Fog-only,fog-5,0
10004,low,impaired,Fog-only,fog-6,63
10004,low,impaired,Fog-only,fog-7,13
10004,low,impaired,Fog-only,fog-8,0
10004,low,impaired,DRL-OO,fog-1,232
10004,low,impaired,DRL-OO,fog-2,0
10004,low,impaired,DRL-OO,fog-3,80
10004,low,impaired,DRL-OO,fog-4,0
10004,low,impaired,DRL-OO,fog-5,2
10004,low,impaired,DRL-OO,fog-6,6
10004,low,impaired,DRL-OO,fog-7,121
10004,low,impaired,DRL-OO,fog-8,12
10005,low,impaired,DT-KF-CostAware,fog-1,90
10005,low,impaired,DT-KF-CostAware,fog-2,90
10005,low,impaired,DT-KF-CostAware,fog-3,19
10005,low,impaired,DT-KF-CostAware,fog-4,89
10005,low,impaired,DT-KF-CostAware,fog-5,12
10005,low,impaired,DT-KF-CostAware,fog-6,89
10005,low,impaired,DT-KF-CostAware,fog-7,23
10005,low,impaired,DT-KF-CostAware,fog-8,11
10005,low,impaired,DT-OPT,fog-1,10
10005,low,impaired,DT-OPT,fog-2,26
10005,low,impaired,DT-OPT,fog-3,4
10005,low,impaired,DT-OPT,fog-4,211
10005,low,impaired,DT-OPT,fog-5,53
10005,low,impaired,DT-OPT,fog-6,107
10005,low,impaired,DT-OPT,fog-7,12
10005,low,impaired,DT-OPT,fog-8,1
10005,low,impaired,SemiGreedy,fog-1,61
10005,low,impaired,SemiGreedy,fog-2,4
10005,low,impaired,SemiGreedy,fog-3,0
10005,low,impaired,SemiGreedy,fog-4,178
10005,low,impaired,SemiGreedy,fog-5,0
10005,low,impaired,SemiGreedy,fog-6,14
10005,low,impaired,SemiGreedy,fog-7,0
10005,low,impaired,SemiGreedy,fog-8,0
10005,low,impaired,Fog-only,fog-1,130
10005,low,impaired,Fog-only,fog-2,22
10005,low,impaired,Fog-only,fog-3,4
10005,low,impaired,Fog-only,fog-4,207
10005,low,impaired,Fog-only,fog-5,0
10005,low,impaired,Fog-only,fog-6,61
10005,low,impaired,Fog-only,fog-7,1
10005,low,impaired,Fog-only,fog-8,0
10005,low,impaired,DRL-OO,fog-1,15
10005,low,impaired,DRL-OO,fog-2,10
10005,low,impaired,DRL-OO,fog-3,38
10005,low,impaired,DRL-OO,fog-4,137
10005,low,impaired,DRL-OO,fog-5,27
10005,low,impaired,DRL-OO,fog-6,195
10005,low,impaired,DRL-OO,fog-7,0
10005,low,impaired,DRL-OO,fog-8,3
10006,low,impaired,DT-KF-CostAware,fog-1,12
10006,low,impaired,DT-KF-CostAware,fog-2,125
10006,low,impaired,DT-KF-CostAware,fog-3,126
10006,low,impaired,DT-KF-CostAware,fog-4,3
10006,low,impaired,DT-KF-CostAware,fog-5,12
10006,low,impaired,DT-KF-CostAware,fog-6,11
10006,low,impaired,DT-KF-CostAware,fog-7,127
10006,low,impaired,DT-KF-CostAware,fog-8,12
10006,low,impaired,DT-OPT,fog-1,6
10006,low,impaired,DT-OPT,fog-2,106
10006,low,impaired,DT-OPT,fog-3,43
10006,low,impaired,DT-OPT,fog-4,0
10006,low,impaired,DT-OPT,fog-5,73
10006,low,impaired,DT-OPT,fog-6,4
10006,low,impaired,DT-OPT,fog-7,194
10006,low,impaired,DT-OPT,fog-8,6
10006,low,impaired,SemiGreedy,fog-1,0
10006,low,impaired,SemiGreedy,fog-2,12
10006,low,impaired,SemiGreedy,fog-3,193
10006,low,impaired,SemiGreedy,fog-4,0
10006,low,impaired,SemiGreedy,fog-5,0
10006,low,impaired,SemiGreedy,fog-6,1
10006,low,impaired,SemiGreedy,fog-7,56
10006,low,impaired,SemiGreedy,fog-8,0
10006,low,impaired,Fog-only,fog-1,0
10006,low,impaired,Fog-only,fog-2,64
10006,low,impaired,Fog-only,fog-3,216
10006,low,impaired,Fog-only,fog-4,0
10006,low,impaired,Fog-only,fog-5,2
10006,low,impaired,Fog-only,fog-6,15
10006,low,impaired,Fog-only,fog-7,135
10006,low,impaired,Fog-only,fog-8,0
10006,low,impaired,DRL-OO,fog-1,17
10006,low,impaired,DRL-OO,fog-2,184
10006,low,impaired,DRL-OO,fog-3,35
10006,low,impaired,DRL-OO,fog-4,0
10006,low,impaired,DRL-OO,fog-5,46
10006,low,impaired,DRL-OO,fog-6,6
10006,low,impaired,DRL-OO,fog-7,142
10006,low,impaired,DRL-OO,fog-8,2
10007,low,impaired,DT-KF-CostAware,fog-1,96
10007,low,impaired,DT-KF-CostAware,fog-2,5
10007,low,impaired,DT-KF-CostAware,fog-3,21
10007,low,impaired,DT-KF-CostAware,fog-4,97
10007,low,impaired,DT-KF-CostAware,fog-5,21
10007,low,impaired,DT-KF-CostAware,fog-6,22
10007,low,impaired,DT-KF-CostAware,fog-7,97
10007,low,impaired,DT-KF-CostAware,fog-8,97
10007,low,impaired,DT-OPT,fog-1,17
10007,low,impaired,DT-OPT,fog-2,0
10007,low,impaired,DT-OPT,fog-3,0
10007,low,impaired,DT-OPT,fog-4,96
10007,low,impaired,DT-OPT,fog-5,41
10007,low,impaired,DT-OPT,fog-6,189
10007,low,impaired,DT-OPT,fog-7,3
10007,low,impaired,DT-OPT,fog-8,111
10007,low,impaired,SemiGreedy,fog-1,8
10007,low,impaired,SemiGreedy,fog-2,0
10007,low,impaired,SemiGreedy,fog-3,0
10007,low,impaired,SemiGreedy,fog-4,140
10007,low,impaired,SemiGreedy,fog-5,0
10007,low,impaired,SemiGreedy,fog-6,0
10007,low,impaired,SemiGreedy,fog-7,9
10007,low,impaired,SemiGreedy,fog-8,104
10007,low,impaired,Fog-only,fog-1,38
10007,low,impaired,Fog-only,fog-2,0
10007,low,impaired,Fog-only,fog-3,0
10007,low,impaired,Fog-only,fog-4,194
10007,low,impaired,Fog-only,fog-5,0
10007,low,impaired,Fog-only,fog-6,3
10007,low,impaired,Fog-only,fog-7,50
10007,low,impaired,Fog-only,fog-8,172
10007,low,impaired,DRL-OO,fog-1,2
10007,low,impaired,DRL-OO,fog-2,1
10007,low,impaired,DRL-OO,fog-3,0
10007,low,impaired,DRL-OO,fog-4,158
10007,low,impaired,DRL-OO,fog-5,29
10007,low,impaired,DRL-OO,fog-6,73
10007,low,impaired,DRL-OO,fog-7,16
10007,low,impaired,DRL-OO,fog-8,178
10008,low,impaired,DT-KF-CostAware,fog-1,118
10008,low,impaired,DT-KF-CostAware,fog-2,15
10008,low,impaired,DT-KF-CostAware,fog-3,43
10008,low,impaired,DT-KF-CostAware,fog-4,9
10008,low,impaired,DT-KF-CostAware,fog-5,12
10008,low,impaired,DT-KF-CostAware,fog-6,119
10008,low,impaired,DT-KF-CostAware,fog-7,118
10008,low,impaired,DT-KF-CostAware,fog-8,10
10008,low,impaired,DT-OPT,fog-1,231
10008,low,impaired,DT-OPT,fog-2,2
10008,low,impaired,DT-OPT,fog-3,16
10008,low,impaired,DT-OPT,fog-4,0
10008,low,impaired,DT-OPT,fog-5,9
10008,low,impaired,DT-OPT,fog-6,128
10008,low,impaired,DT-OPT,fog-7,17
10008,low,impaired,DT-OPT,fog-8,43
10008,low,impaired,SemiGreedy,fog-1,194
10008,low,impaired,SemiGreedy,fog-2,0
10008,low,impaired,SemiGreedy,fog-3,1
10008,low,impaired,SemiGreedy,fog-4,0
10008,low,impaired,SemiGreedy,fog-5,0
10008,low,impaired,SemiGreedy,fog-6,70
10008,low,impaired,SemiGreedy,fog-7,15
10008,low,impaired,SemiGreedy,fog-8,0
10008,low,impaired,Fog-only,fog-1,223
10008,low,impaired,Fog-only,fog-2,0
10008,low,impaired,Fog-only,fog-3,20
10008,low,impaired,Fog-only,fog-4,0
10008,low,impaired,Fog-only,fog-5,7
10008,low,impaired,Fog-only,fog-6,137
10008,low,impaired,Fog-only,fog-7,59
10008,low,impaired,Fog-only,fog-8,0
10008,low,impaired,DRL-OO,fog-1,174
10008,low,impaired,DRL-OO,fog-2,1
10008,low,impaired,DRL-OO,fog-3,27
10008,low,impaired,DRL-OO,fog-4,20
10008,low,impaired,DRL-OO,fog-5,1
10008,low,impaired,DRL-OO,fog-6,179
10008,low,impaired,DRL-OO,fog-7,43
10008,low,impaired,DRL-OO,fog-8,1
10009,low,impaired,DT-KF-CostAware,fog-1,81
10009,low,impaired,DT-KF-CostAware,fog-2,81
10009,low,impaired,DT-KF-CostAware,fog-3,6
10009,low,impaired,DT-KF-CostAware,fog-4,4
10009,low,impaired,DT-KF-CostAware,fog-5,24
10009,low,impaired,DT-KF-CostAware,fog-6,81
10009,low,impaired,DT-KF-CostAware,fog-7,81
10009,low,impaired,DT-KF-CostAware,fog-8,80
10009,low,impaired,DT-OPT,fog-1,7
10009,low,impaired,DT-OPT,fog-2,199
10009,low,impaired,DT-OPT,fog-3,2
10009,low,impaired,DT-OPT,fog-4,0
10009,low,impaired,DT-OPT,fog-5,27
10009,low,impaired,DT-OPT,fog-6,50
10009,low,impaired,DT-OPT,fog-7,5
10009,low,impaired,DT-OPT,fog-8,151
10009,low,impaired,SemiGreedy,fog-1,67
10009,low,impaired,SemiGreedy,fog-2,0
10009,low,impaired,SemiGreedy,fog-3,0
10009,low,impaired,SemiGreedy,fog-4,0
10009,low,impaired,SemiGreedy,fog-5,0
10009,low,impaired,SemiGreedy,fog-6,15
10009,low,impaired,SemiGreedy,fog-7,3
10009,low,impaired,SemiGreedy,fog-8,178
10009,low,impaired,Fog-only,fog-1,121
10009,low,impaired,Fog-only,fog-2,7
10009,low,impaired,Fog-only,fog-3,0
10009,low,impaired,Fog-only,fog-4,0
10009,low,impaired,Fog-only,fog-5,0
10009,low,impaired,Fog-only,fog-6,67
10009,low,impaired,Fog-only,fog-7,25
10009,low,impaired,Fog-only,fog-8,222
10009,low,impaired,DRL-OO,fog-1,19
10009,low,impaired,DRL-OO,fog-2,146
10009,low,impaired,DRL-OO,fog-3,15
10009,low,impaired,DRL-OO,fog-4,3
10009,low,impaired,DRL-OO,fog-5,6
10009,low,impaired,DRL-OO,fog-6,3
10009,low,impaired,DRL-OO,fog-7,67
10009,low,impaired,DRL-OO,fog-8,183
10010,low,impaired,DT-KF-CostAware,fog-1,89
10010,low,impaired,DT-KF-CostAware,fog-2,2
10010,low,impaired,DT-KF-CostAware,fog-3,1
10010,low,impaired,DT-KF-CostAware,fog-4,88
10010,low,impaired,DT-KF-CostAware,fog-5,88
10010,low,impaired,DT-KF-CostAware,fog-6,88
10010,low,impaired,DT-KF-CostAware,fog-7,6
10010,low,impaired,DT-KF-CostAware,fog-8,88
10010,low,impaired,DT-OPT,fog-1,6
10010,low,impaired,DT-OPT,fog-2,0
10010,low,impaired,DT-OPT,fog-3,0
10010,low,impaired,DT-OPT,fog-4,210
10010,low,impaired,DT-OPT,fog-5,76
10010,low,impaired,DT-OPT,fog-6,92
10010,low,impaired,DT-OPT,fog-7,16
10010,low,impaired,DT-OPT,fog-8,53
10010,low,impaired,SemiGreedy,fog-1,192
10010,low,impaired,SemiGreedy,fog-2,0
10010,low,impaired,SemiGreedy,fog-3,0
10010,low,impaired,SemiGreedy,fog-4,15
10010,low,impaired,SemiGreedy,fog-5,1
10010,low,impaired,SemiGreedy,fog-6,64
10010,low,impaired,SemiGreedy,fog-7,0
10010,low,impaired,SemiGreedy,fog-8,2
10010,low,impaired,Fog-only,fog-1,215
10010,low,impaired,Fog-only,fog-2,0
10010,low,impaired,Fog-only,fog-3,0
10010,low,impaired,Fog-only,fog-4,67
10010,low,impaired,Fog-only,fog-5,6
10010,low,impaired,Fog-only,fog-6,138
10010,low,impaired,Fog-only,fog-7,1
10010,low,impaired,Fog-only,fog-8,27
10010,low,impaired,DRL-OO,fog-1,6
10010,low,impaired,DRL-OO,fog-2,20
10010,low,impaired,DRL-OO,fog-3,1
10010,low,impaired,DRL-OO,fog-4,166
10010,low,impaired,DRL-OO,fog-5,10
10010,low,impaired,DRL-OO,fog-6,86
10010,low,impaired,DRL-OO,fog-7,0
10010,low,impaired,DRL-OO,fog-8,165
10011,low,impaired,DT-KF-CostAware,fog-1,36
10011,low,impaired,DT-KF-CostAware,fog-2,126
10011,low,impaired,DT-KF-CostAware,fog-3,2
10011,low,impaired,DT-KF-CostAware,fog-4,137
10011,low,impaired,DT-KF-CostAware,fog-5,119
10011,low,impaired,DT-KF-CostAware,fog-6,23
10011,low,impaired,DT-KF-CostAware,fog-7,2
10011,low,impaired,DT-KF-CostAware,fog-8,8
10011,low,impaired,DT-OPT,fog-1,2
10011,low,impaired,DT-OPT,fog-2,133
10011,low,impaired,DT-OPT,fog-3,1
10011,low,impaired,DT-OPT,fog-4,241
10011,low,impaired,DT-OPT,fog-5,50
10011,low,impaired,DT-OPT,fog-6,27
10011,low,impaired,DT-OPT,fog-7,0
10011,low,impaired,DT-OPT,fog-8,0
10011,low,impaired,SemiGreedy,fog-1,1
10011,low,impaired,SemiGreedy,fog-2,12
10011,low,impaired,SemiGreedy,fog-3,0
10011,low,impaired,SemiGreedy,fog-4,205
10011,low,impaired,SemiGreedy,fog-5,60
10011,low,impaired,SemiGreedy,fog-6,0
10011,low,impaired,SemiGreedy,fog-7,0
10011,low,impaired,SemiGreedy,fog-8,0
10011,low,impaired,Fog-only,fog-1,18
10011,low,impaired,Fog-only,fog-2,57
10011,low,impaired,Fog-only,fog-3,0
10011,low,impaired,Fog-only,fog-4,245
10011,low,impaired,Fog-only,fog-5,131
10011,low,impaired,Fog-only,fog-6,4
10011,low,impaired,Fog-only,fog-7,0
10011,low,impaired,Fog-only,fog-8,0
10011,low,impaired,DRL-OO,fog-1,26
10011,low,impaired,DRL-OO,fog-2,199
10011,low,impaired,DRL-OO,fog-3,5
10011,low,impaired,DRL-OO,fog-4,159
10011,low,impaired,DRL-OO,fog-5,47
10011,low,impaired,DRL-OO,fog-6,17
10011,low,impaired,DRL-OO,fog-7,1
10011,low,impaired,DRL-OO,fog-8,0
10012,low,impaired,DT-KF-CostAware,fog-1,58
10012,low,impaired,DT-KF-CostAware,fog-2,1
10012,low,impaired,DT-KF-CostAware,fog-3,58
10012,low,impaired,DT-KF-CostAware,fog-4,58
10012,low,impaired,DT-KF-CostAware,fog-5,58
10012,low,impaired,DT-KF-CostAware,fog-6,60
10012,low,impaired,DT-KF-CostAware,fog-7,50
10012,low,impaired,DT-KF-CostAware,fog-8,59
10012,low,impaired,DT-OPT,fog-1,10
10012,low,impaired,DT-OPT,fog-2,1
10012,low,impaired,DT-OPT,fog-3,9
10012,low,impaired,DT-OPT,fog-4,4
10012,low,impaired,DT-OPT,fog-5,149
10012,low,impaired,DT-OPT,fog-6,151
10012,low,impaired,DT-OPT,fog-7,24
10012,low,impaired,DT-OPT,fog-8,63
10012,low,impaired,SemiGreedy,fog-1,0
10012,low,impaired,SemiGreedy,fog-2,0
10012,low,impaired,SemiGreedy,fog-3,51
10012,low,impaired,SemiGreedy,fog-4,182
10012,low,impaired,SemiGreedy,fog-5,0
10012,low,impaired,SemiGreedy,fog-6,2
10012,low,impaired,SemiGreedy,fog-7,0
10012,low,impaired,SemiGreedy,fog-8,15
10012,low,impaired,Fog-only,fog-1,0
10012,low,impaired,Fog-only,fog-2,0
10012,low,impaired,Fog-only,fog-3,126
10012,low,impaired,Fog-only,fog-4,207
10012,low,impaired,Fog-only,fog-5,6
10012,low,impaired,Fog-only,fog-6,21
10012,low,impaired,Fog-only,fog-7,0
10012,low,impaired,Fog-only,fog-8,53
10012,low,impaired,DRL-OO,fog-1,17
10012,low,impaired,DRL-OO,fog-2,7
10012,low,impaired,DRL-OO,fog-3,53
10012,low,impaired,DRL-OO,fog-4,1
10012,low,impaired,DRL-OO,fog-5,51
10012,low,impaired,DRL-OO,fog-6,205
10012,low,impaired,DRL-OO,fog-7,13
10012,low,impaired,DRL-OO,fog-8,65
10013,low,impaired,DT-KF-CostAware,fog-1,25
10013,low,impaired,DT-KF-CostAware,fog-2,35
10013,low,impaired,DT-KF-CostAware,fog-3,0
10013,low,impaired,DT-KF-CostAware,fog-4,34
10013,low,impaired,DT-KF-CostAware,fog-5,162
10013,low,impaired,DT-KF-CostAware,fog-6,36
10013,low,impaired,DT-KF-CostAware,fog-7,32
10013,low,impaired,DT-KF-CostAware,fog-8,162
10013,low,impaired,DT-OPT,fog-1,0
10013,low,impaired,DT-OPT,fog-2,153
10013,low,impaired,DT-OPT,fog-3,0
10013,low,impaired,DT-OPT,fog-4,1
10013,low,impaired,DT-OPT,fog-5,128
10013,low,impaired,DT-OPT,fog-6,33
10013,low,impaired,DT-OPT,fog-7,2
10013,low,impaired,DT-OPT,fog-8,170
10013,low,impaired,SemiGreedy,fog-1,0
10013,low,impaired,SemiGreedy,fog-2,8
10013,low,impaired,SemiGreedy,fog-3,0
10013,low,impaired,SemiGreedy,fog-4,0
10013,low,impaired,SemiGreedy,fog-5,218
10013,low,impaired,SemiGreedy,fog-6,0
10013,low,impaired,SemiGreedy,fog-7,0
10013,low,impaired,SemiGreedy,fog-8,70
10013,low,impaired,Fog-only,fog-1,0
10013,low,impaired,Fog-only,fog-2,65
10013,low,impaired,Fog-only,fog-3,0
10013,low,impaired,Fog-only,fog-4,0
10013,low,impaired,Fog-only,fog-5,256
10013,low,impaired,Fog-only,fog-6,19
10013,low,impaired,Fog-only,fog-7,2
10013,low,impaired,Fog-only,fog-8,145
10013,low,impaired,DRL-OO,fog-1,0
10013,low,impaired,DRL-OO,fog-2,9
10013,low,impaired,DRL-OO,fog-3,0
10013,low,impaired,DRL-OO,fog-4,0
10013,low,impaired,DRL-OO,fog-5,262
10013,low,impaired,DRL-OO,fog-6,57
10013,low,impaired,DRL-OO,fog-7,37
10013,low,impaired,DRL-OO,fog-8,122
10014,low,impaired,DT-KF-CostAware,fog-1,70
10014,low,impaired,DT-KF-CostAware,fog-2,70
10014,low,impaired,DT-KF-CostAware,fog-3,26
10014,low,impaired,DT-KF-CostAware,fog-4,70
10014,low,impaired,DT-KF-CostAware,fog-5,70
10014,low,impaired,DT-KF-CostAware,fog-6,26
10014,low,impaired,DT-KF-CostAware,fog-7,31
10014,low,impaired,DT-KF-CostAware,fog-8,69
10014,low,impaired,DT-OPT,fog-1,19
10014,low,impaired,DT-OPT,fog-2,155
10014,low,impaired,DT-OPT,fog-3,8
10014,low,impaired,DT-OPT,fog-4,1
10014,low,impaired,DT-OPT,fog-5,166
10014,low,impaired,DT-OPT,fog-6,1
10014,low,impaired,DT-OPT,fog-7,29
10014,low,impaired,DT-OPT,fog-8,58
10014,low,impaired,SemiGreedy,fog-1,59
10014,low,impaired,SemiGreedy,fog-2,0
10014,low,impaired,SemiGreedy,fog-3,0
10014,low,impaired,SemiGreedy,fog-4,18
10014,low,impaired,SemiGreedy,fog-5,171
10014,low,impaired,SemiGreedy,fog-6,0
10014,low,impaired,SemiGreedy,fog-7,0
10014,low,impaired,SemiGreedy,fog-8,4
10014,low,impaired,Fog-only,fog-1,133
10014,low,impaired,Fog-only,fog-2,9
10014,low,impaired,Fog-only,fog-3,1
10014,low,impaired,Fog-only,fog-4,58
10014,low,impaired,Fog-only,fog-5,208
10014,low,impaired,Fog-only,fog-6,1
10014,low,impaired,Fog-only,fog-7,0
10014,low,impaired,Fog-only,fog-8,27
10014,low,impaired,DRL-OO,fog-1,61
10014,low,impaired,DRL-OO,fog-2,115
10014,low,impaired,DRL-OO,fog-3,0
10014,low,impaired,DRL-OO,fog-4,28
10014,low,impaired,DRL-OO,fog-5,193
10014,low,impaired,DRL-OO,fog-6,6
10014,low,impaired,DRL-OO,fog-7,3
10014,low,impaired,DRL-OO,fog-8,31
10015,low,impaired,DT-KF-CostAware,fog-1,72
10015,low,impaired,DT-KF-CostAware,fog-2,75
10015,low,impaired,DT-KF-CostAware,fog-3,74
10015,low,impaired,DT-KF-CostAware,fog-4,74
10015,low,impaired,DT-KF-CostAware,fog-5,2
10015,low,impaired,DT-KF-CostAware,fog-6,0
10015,low,impaired,DT-KF-CostAware,fog-7,75
10015,low,impaired,DT-KF-CostAware,fog-8,74
10015,low,impaired,DT-OPT,fog-1,186
10015,low,impaired,DT-OPT,fog-2,42
10015,low,impaired,DT-OPT,fog-3,7
10015,low,impaired,DT-OPT,fog-4,5
10015,low,impaired,DT-OPT,fog-5,2
10015,low,impaired,DT-OPT,fog-6,0
10015,low,impaired,DT-OPT,fog-7,77
10015,low,impaired,DT-OPT,fog-8,129
10015,low,impaired,SemiGreedy,fog-1,1
10015,low,impaired,SemiGreedy,fog-2,0
10015,low,impaired,SemiGreedy,fog-3,67
10015,low,impaired,SemiGreedy,fog-4,0
10015,low,impaired,SemiGreedy,fog-5,0
10015,low,impaired,SemiGreedy,fog-6,0
10015,low,impaired,SemiGreedy,fog-7,192
10015,low,impaired,SemiGreedy,fog-8,9
10015,low,impaired,Fog-only,fog-1,17
10015,low,impaired,Fog-only,fog-2,2
10015,low,impaired,Fog-only,fog-3,139
10015,low,impaired,Fog-only,fog-4,3
10015,low,impaired,Fog-only,fog-5,0
10015,low,impaired,Fog-only,fog-6,0
10015,low,impaired,Fog-only,fog-7,225
10015,low,impaired,Fog-only,fog-8,61
10015,low,impaired,DRL-OO,fog-1,85
10015,low,impaired,DRL-OO,fog-2,14
10015,low,impaired,DRL-OO,fog-3,185
10015,low,impaired,DRL-OO,fog-4,40
10015,low,impaired,DRL-OO,fog-5,2
10015,low,impaired,DRL-OO,fog-6,1
10015,low,impaired,DRL-OO,fog-7,87
10015,low,impaired,DRL-OO,fog-8,33
10016,low,impaired,DT-KF-CostAware,fog-1,78
10016,low,impaired,DT-KF-CostAware,fog-2,79
10016,low,impaired,DT-KF-CostAware,fog-3,44
10016,low,impaired,DT-KF-CostAware,fog-4,45
10016,low,impaired,DT-KF-CostAware,fog-5,65
10016,low,impaired,DT-KF-CostAware,fog-6,19
10016,low,impaired,DT-KF-CostAware,fog-7,78
10016,low,impaired,DT-KF-CostAware,fog-8,19
10016,low,impaired,DT-OPT,fog-1,176
10016,low,impaired,DT-OPT,fog-2,123
10016,low,impaired,DT-OPT,fog-3,7
10016,low,impaired,DT-OPT,fog-4,8
10016,low,impaired,DT-OPT,fog-5,4
10016,low,impaired,DT-OPT,fog-6,10
10016,low,impaired,DT-OPT,fog-7,95
10016,low,impaired,DT-OPT,fog-8,12
10016,low,impaired,SemiGreedy,fog-1,49
10016,low,impaired,SemiGreedy,fog-2,13
10016,low,impaired,SemiGreedy,fog-3,2
10016,low,impaired,SemiGreedy,fog-4,0
10016,low,impaired,SemiGreedy,fog-5,0
10016,low,impaired,SemiGreedy,fog-6,0
10016,low,impaired,SemiGreedy,fog-7,153
10016,low,impaired,SemiGreedy,fog-8,0
10016,low,impaired,Fog-only,fog-1,117
10016,low,impaired,Fog-only,fog-2,71
10016,low,impaired,Fog-only,fog-3,31
10016,low,impaired,Fog-only,fog-4,0
10016,low,impaired,Fog-only,fog-5,13
10016,low,impaired,Fog-only,fog-6,1
10016,low,impaired,Fog-only,fog-7,200
10016,low,impaired,Fog-only,fog-8,2
10016,low,impaired,DRL-OO,fog-1,152
10016,low,impaired,DRL-OO,fog-2,165
10016,low,impaired,DRL-OO,fog-3,1
10016,low,impaired,DRL-OO,fog-4,36
10016,low,impaired,DRL-OO,fog-5,5
10016,low,impaired,DRL-OO,fog-6,0
10016,low,impaired,DRL-OO,fog-7,69
10016,low,impaired,DRL-OO,fog-8,7
10017,low,impaired,DT-KF-CostAware,fog-1,57
10017,low,impaired,DT-KF-CostAware,fog-2,62
10017,low,impaired,DT-KF-CostAware,fog-3,56
10017,low,impaired,DT-KF-CostAware,fog-4,56
10017,low,impaired,DT-KF-CostAware,fog-5,56
10017,low,impaired,DT-KF-CostAware,fog-6,7
10017,low,impaired,DT-KF-CostAware,fog-7,64
10017,low,impaired,DT-KF-CostAware,fog-8,57
10017,low,impaired,DT-OPT,fog-1,23
10017,low,impaired,DT-OPT,fog-2,178
10017,low,impaired,DT-OPT,fog-3,23
10017,low,impaired,DT-OPT,fog-4,133
10017,low,impaired,DT-OPT,fog-5,0
10017,low,impaired,DT-OPT,fog-6,3
10017,low,impaired,DT-OPT,fog-7,53
10017,low,impaired,DT-OPT,fog-8,4
10017,low,impaired,SemiGreedy,fog-1,175
10017,low,impaired,SemiGreedy,fog-2,0
10017,low,impaired,SemiGreedy,fog-3,0
10017,low,impaired,SemiGreedy,fog-4,48
10017,low,impaired,SemiGreedy,fog-5,13
10017,low,impaired,SemiGreedy,fog-6,0
10017,low,impaired,SemiGreedy,fog-7,2
10017,low,impaired,SemiGreedy,fog-8,1
10017,low,impaired,Fog-only,fog-1,214
10017,low,impaired,Fog-only,fog-2,1
10017,low,impaired,Fog-only,fog-3,1
10017,low,impaired,Fog-only,fog-4,118
10017,low,impaired,Fog-only,fog-5,57
10017,low,impaired,Fog-only,fog-6,0
10017,low,impaired,Fog-only,fog-7,23
10017,low,impaired,Fog-only,fog-8,4
10017,low,impaired,DRL-OO,fog-1,113
10017,low,impaired,DRL-OO,fog-2,5
10017,low,impaired,DRL-OO,fog-3,36
10017,low,impaired,DRL-OO,fog-4,198
10017,low,impaired,DRL-OO,fog-5,11
10017,low,impaired,DRL-OO,fog-6,1
10017,low,impaired,DRL-OO,fog-7,7
10017,low,impaired,DRL-OO,fog-8,47
10018,low,impaired,DT-KF-CostAware,fog-1,80
10018,low,impaired,DT-KF-CostAware,fog-2,82
10018,low,impaired,DT-KF-CostAware,fog-3,2
10018,low,impaired,DT-KF-CostAware,fog-4,82
10018,low,impaired,DT-KF-CostAware,fog-5,2
10018,low,impaired,DT-KF-CostAware,fog-6,77
10018,low,impaired,DT-KF-CostAware,fog-7,26
10018,low,impaired,DT-KF-CostAware,fog-8,81
10018,low,impaired,DT-OPT,fog-1,112
10018,low,impaired,DT-OPT,fog-2,8
10018,low,impaired,DT-OPT,fog-3,0
10018,low,impaired,DT-OPT,fog-4,167
10018,low,impaired,DT-OPT,fog-5,0
10018,low,impaired,DT-OPT,fog-6,14
10018,low,impaired,DT-OPT,fog-7,2
10018,low,impaired,DT-OPT,fog-8,132
10018,low,impaired,SemiGreedy,fog-1,169
10018,low,impaired,SemiGreedy,fog-2,52
10018,low,impaired,SemiGreedy,fog-3,0
10018,low,impaired,SemiGreedy,fog-4,0
10018,low,impaired,SemiGreedy,fog-5,0
10018,low,impaired,SemiGreedy,fog-6,2
10018,low,impaired,SemiGreedy,fog-7,0
10018,low,impaired,SemiGreedy,fog-8,11
10018,low,impaired,Fog-only,fog-1,210
10018,low,impaired,Fog-only,fog-2,131
10018,low,impaired,Fog-only,fog-3,1
10018,low,impaired,Fog-only,fog-4,4
10018,low,impaired,Fog-only,fog-5,0
10018,low,impaired,Fog-only,fog-6,19
10018,low,impaired,Fog-only,fog-7,0
10018,low,impaired,Fog-only,fog-8,70
10018,low,impaired,DRL-OO,fog-1,117
10018,low,impaired,DRL-OO,fog-2,7
10018,low,impaired,DRL-OO,fog-3,0
10018,low,impaired,DRL-OO,fog-4,90
10018,low,impaired,DRL-OO,fog-5,0
10018,low,impaired,DRL-OO,fog-6,21
10018,low,impaired,DRL-OO,fog-7,7
10018,low,impaired,DRL-OO,fog-8,193
10019,low,impaired,DT-KF-CostAware,fog-1,31
10019,low,impaired,DT-KF-CostAware,fog-2,32
10019,low,impaired,DT-KF-CostAware,fog-3,30
10019,low,impaired,DT-KF-CostAware,fog-4,135
10019,low,impaired,DT-KF-CostAware,fog-5,29
10019,low,impaired,DT-KF-CostAware,fog-6,18
10019,low,impaired,DT-KF-CostAware,fog-7,31
10019,low,impaired,DT-KF-CostAware,fog-8,135
10019,low,impaired,DT-OPT,fog-1,34
10019,low,impaired,DT-OPT,fog-2,1
10019,low,impaired,DT-OPT,fog-3,27
10019,low,impaired,DT-OPT,fog-4,156
10019,low,impaired,DT-OPT,fog-5,199
10019,low,impaired,DT-OPT,fog-6,0
10019,low,impaired,DT-OPT,fog-7,5
10019,low,impaired,DT-OPT,fog-8,24
10019,low,impaired,SemiGreedy,fog-1,0
10019,low,impaired,SemiGreedy,fog-2,0
10019,low,impaired,SemiGreedy,fog-3,3
10019,low,impaired,SemiGreedy,fog-4,194
10019,low,impaired,SemiGreedy,fog-5,9
10019,low,impaired,SemiGreedy,fog-6,0
10019,low,impaired,SemiGreedy,fog-7,0
10019,low,impaired,SemiGreedy,fog-8,52
10019,low,impaired,Fog-only,fog-1,0
10019,low,impaired,Fog-only,fog-2,0
10019,low,impaired,Fog-only,fog-3,20
10019,low,impaired,Fog-only,fog-4,229
10019,low,impaired,Fog-only,fog-5,53
10019,low,impaired,Fog-only,fog-6,1
10019,low,impaired,Fog-only,fog-7,8
10019,low,impaired,Fog-only,fog-8,135
10019,low,impaired,DRL-OO,fog-1,25
10019,low,impaired,DRL-OO,fog-2,32
10019,low,impaired,DRL-OO,fog-3,0
10019,low,impaired,DRL-OO,fog-4,235
10019,low,impaired,DRL-OO,fog-5,103
10019,low,impaired,DRL-OO,fog-6,0
10019,low,impaired,DRL-OO,fog-7,7
10019,low,impaired,DRL-OO,fog-8,44
10020,low,impaired,DT-KF-CostAware,fog-1,100
10020,low,impaired,DT-KF-CostAware,fog-2,1
10020,low,impaired,DT-KF-CostAware,fog-3,6
10020,low,impaired,DT-KF-CostAware,fog-4,99
10020,low,impaired,DT-KF-CostAware,fog-5,98
10020,low,impaired,DT-KF-CostAware,fog-6,23
10020,low,impaired,DT-KF-CostAware,fog-7,98
10020,low,impaired,DT-KF-CostAware,fog-8,1
10020,low,impaired,DT-OPT,fog-1,37
10020,low,impaired,DT-OPT,fog-2,0
10020,low,impaired,DT-OPT,fog-3,0
10020,low,impaired,DT-OPT,fog-4,22
10020,low,impaired,DT-OPT,fog-5,203
10020,low,impaired,DT-OPT,fog-6,21
10020,low,impaired,DT-OPT,fog-7,141
10020,low,impaired,DT-OPT,fog-8,6
10020,low,impaired,SemiGreedy,fog-1,29
10020,low,impaired,SemiGreedy,fog-2,0
10020,low,impaired,SemiGreedy,fog-3,0
10020,low,impaired,SemiGreedy,fog-4,189
10020,low,impaired,SemiGreedy,fog-5,5
10020,low,impaired,SemiGreedy,fog-6,0
10020,low,impaired,SemiGreedy,fog-7,30
10020,low,impaired,SemiGreedy,fog-8,0
10020,low,impaired,Fog-only,fog-1,92
10020,low,impaired,Fog-only,fog-2,0
10020,low,impaired,Fog-only,fog-3,0
10020,low,impaired,Fog-only,fog-4,220
10020,low,impaired,Fog-only,fog-5,24
10020,low,impaired,Fog-only,fog-6,1
10020,low,impaired,Fog-only,fog-7,93
10020,low,impaired,Fog-only,fog-8,0
10020,low,impaired,DRL-OO,fog-1,36
10020,low,impaired,DRL-OO,fog-2,17
10020,low,impaired,DRL-OO,fog-3,0
10020,low,impaired,DRL-OO,fog-4,38
10020,low,impaired,DRL-OO,fog-5,134
10020,low,impaired,DRL-OO,fog-6,1
10020,low,impaired,DRL-OO,fog-7,199
10020,low,impaired,DRL-OO,fog-8,5
10021,low,impaired,DT-KF-CostAware,fog-1,82
10021,low,impaired,DT-KF-CostAware,fog-2,3
10021,low,impaired,DT-KF-CostAware,fog-3,3
10021,low,impaired,DT-KF-CostAware,fog-4,84
10021,low,impaired,DT-KF-CostAware,fog-5,83
10021,low,impaired,DT-KF-CostAware,fog-6,82
10021,low,impaired,DT-KF-CostAware,fog-7,85
10021,low,impaired,DT-KF-CostAware,fog-8,2
10021,low,impaired,DT-OPT,fog-1,141
10021,low,impaired,DT-OPT,fog-2,1
10021,low,impaired,DT-OPT,fog-3,25
10021,low,impaired,DT-OPT,fog-4,47
10021,low,impaired,DT-OPT,fog-5,168
10021,low,impaired,DT-OPT,fog-6,35
10021,low,impaired,DT-OPT,fog-7,10
10021,low,impaired,DT-OPT,fog-8,1
10021,low,impaired,SemiGreedy,fog-1,1
10021,low,impaired,SemiGreedy,fog-2,0
10021,low,impaired,SemiGreedy,fog-3,0
10021,low,impaired,SemiGreedy,fog-4,65
10021,low,impaired,SemiGreedy,fog-5,13
10021,low,impaired,SemiGreedy,fog-6,0
10021,low,impaired,SemiGreedy,fog-7,192
10021,low,impaired,SemiGreedy,fog-8,0
10021,low,impaired,Fog-only,fog-1,18
10021,low,impaired,Fog-only,fog-2,0
10021,low,impaired,Fog-only,fog-3,0
10021,low,impaired,Fog-only,fog-4,132
10021,low,impaired,Fog-only,fog-5,58
10021,low,impaired,Fog-only,fog-6,3
10021,low,impaired,Fog-only,fog-7,217
10021,low,impaired,Fog-only,fog-8,0
10021,low,impaired,DRL-OO,fog-1,178
10021,low,impaired,DRL-OO,fog-2,10
10021,low,impaired,DRL-OO,fog-3,12
10021,low,impaired,DRL-OO,fog-4,1
10021,low,impaired,DRL-OO,fog-5,18
10021,low,impaired,DRL-OO,fog-6,84
10021,low,impaired,DRL-OO,fog-7,123
10021,low,impaired,DRL-OO,fog-8,2
10022,low,impaired,DT-KF-CostAware,fog-1,7
10022,low,impaired,DT-KF-CostAware,fog-2,9
10022,low,impaired,DT-KF-CostAware,fog-3,60
10022,low,impaired,DT-KF-CostAware,fog-4,9
10022,low,impaired,DT-KF-CostAware,fog-5,8
10022,low,impaired,DT-KF-CostAware,fog-6,192
10022,low,impaired,DT-KF-CostAware,fog-7,61
10022,low,impaired,DT-KF-CostAware,fog-8,60
10022,low,impaired,DT-OPT,fog-1,3
10022,low,impaired,DT-OPT,fog-2,0
10022,low,impaired,DT-OPT,fog-3,90
10022,low,impaired,DT-OPT,fog-4,9
10022,low,impaired,DT-OPT,fog-5,1
10022,low,impaired,DT-OPT,fog-6,63
10022,low,impaired,DT-OPT,fog-7,55
10022,low,impaired,DT-OPT,fog-8,189
10022,low,impaired,SemiGreedy,fog-1,0
10022,low,impaired,SemiGreedy,fog-2,0
10022,low,impaired,SemiGreedy,fog-3,52
10022,low,impaired,SemiGreedy,fog-4,0
10022,low,impaired,SemiGreedy,fog-5,0
10022,low,impaired,SemiGreedy,fog-6,192
10022,low,impaired,SemiGreedy,fog-7,0
10022,low,impaired,SemiGreedy,fog-8,10
10022,low,impaired,Fog-only,fog-1,1
10022,low,impaired,Fog-only,fog-2,0
10022,low,impaired,Fog-only,fog-3,120
10022,low,impaired,Fog-only,fog-4,0
10022,low,impaired,Fog-only,fog-5,1
10022,low,impaired,Fog-only,fog-6,227
10022,low,impaired,Fog-only,fog-7,12
10022,low,impaired,Fog-only,fog-8,49
10022,low,impaired,DRL-OO,fog-1,13
10022,low,impaired,DRL-OO,fog-2,0
10022,low,impaired,DRL-OO,fog-3,57
10022,low,impaired,DRL-OO,fog-4,1
10022,low,impaired,DRL-OO,fog-5,2
10022,low,impaired,DRL-OO,fog-6,193
10022,low,impaired,DRL-OO,fog-7,43
10022,low,impaired,DRL-OO,fog-8,101
10023,low,impaired,DT-KF-CostAware,fog-1,0
10023,low,impaired,DT-KF-CostAware,fog-2,1
10023,low,impaired,DT-KF-CostAware,fog-3,92
10023,low,impaired,DT-KF-CostAware,fog-4,93
10023,low,impaired,DT-KF-CostAware,fog-5,0
10023,low,impaired,DT-KF-CostAware,fog-6,92
10023,low,impaired,DT-KF-CostAware,fog-7,93
10023,low,impaired,DT-KF-CostAware,fog-8,92
10023,low,impaired,DT-OPT,fog-1,0
10023,low,impaired,DT-OPT,fog-2,4
10023,low,impaired,DT-OPT,fog-3,225
10023,low,impaired,DT-OPT,fog-4,48
10023,low,impaired,DT-OPT,fog-5,0
10023,low,impaired,DT-OPT,fog-6,149
10023,low,impaired,DT-OPT,fog-7,37
10023,low,impaired,DT-OPT,fog-8,2
10023,low,impaired,SemiGreedy,fog-1,0
10023,low,impaired,SemiGreedy,fog-2,0
10023,low,impaired,SemiGreedy,fog-3,3
10023,low,impaired,SemiGreedy,fog-4,193
10023,low,impaired,SemiGreedy,fog-5,0
10023,low,impaired,SemiGreedy,fog-6,53
10023,low,impaired,SemiGreedy,fog-7,33
10023,low,impaired,SemiGreedy,fog-8,0
10023,low,impaired,Fog-only,fog-1,0
10023,low,impaired,Fog-only,fog-2,0
10023,low,impaired,Fog-only,fog-3,20
10023,low,impaired,Fog-only,fog-4,218
10023,low,impaired,Fog-only,fog-5,0
10023,low,impaired,Fog-only,fog-6,117
10023,low,impaired,Fog-only,fog-7,108
10023,low,impaired,Fog-only,fog-8,2
10023,low,impaired,DRL-OO,fog-1,1
10023,low,impaired,DRL-OO,fog-2,0
10023,low,impaired,DRL-OO,fog-3,41
10023,low,impaired,DRL-OO,fog-4,128
10023,low,impaired,DRL-OO,fog-5,7
10023,low,impaired,DRL-OO,fog-6,219
10023,low,impaired,DRL-OO,fog-7,64
10023,low,impaired,DRL-OO,fog-8,5
10024,low,impaired,DT-KF-CostAware,fog-1,56
10024,low,impaired,DT-KF-CostAware,fog-2,83
10024,low,impaired,DT-KF-CostAware,fog-3,83
10024,low,impaired,DT-KF-CostAware,fog-4,2
10024,low,impaired,DT-KF-CostAware,fog-5,83
10024,low,impaired,DT-KF-CostAware,fog-6,83
10024,low,impaired,DT-KF-CostAware,fog-7,43
10024,low,impaired,DT-KF-CostAware,fog-8,0
10024,low,impaired,DT-OPT,fog-1,2
10024,low,impaired,DT-OPT,fog-2,226
10024,low,impaired,DT-OPT,fog-3,53
10024,low,impaired,DT-OPT,fog-4,0
10024,low,impaired,DT-OPT,fog-5,41
10024,low,impaired,DT-OPT,fog-6,114
10024,low,impaired,DT-OPT,fog-7,2
10024,low,impaired,DT-OPT,fog-8,0
10024,low,impaired,SemiGreedy,fog-1,0
10024,low,impaired,SemiGreedy,fog-2,67
10024,low,impaired,SemiGreedy,fog-3,11
10024,low,impaired,SemiGreedy,fog-4,0
10024,low,impaired,SemiGreedy,fog-5,166
10024,low,impaired,SemiGreedy,fog-6,0
10024,low,impaired,SemiGreedy,fog-7,0
10024,low,impaired,SemiGreedy,fog-8,0
10024,low,impaired,Fog-only,fog-1,3
10024,low,impaired,Fog-only,fog-2,143
10024,low,impaired,Fog-only,fog-3,58
10024,low,impaired,Fog-only,fog-4,0
10024,low,impaired,Fog-only,fog-5,202
10024,low,impaired,Fog-only,fog-6,28
10024,low,impaired,Fog-only,fog-7,4
10024,low,impaired,Fog-only,fog-8,0
10024,low,impaired,DRL-OO,fog-1,41
10024,low,impaired,DRL-OO,fog-2,230
10024,low,impaired,DRL-OO,fog-3,27
10024,low,impaired,DRL-OO,fog-4,0
10024,low,impaired,DRL-OO,fog-5,85
10024,low,impaired,DRL-OO,fog-6,54
10024,low,impaired,DRL-OO,fog-7,0
10024,low,impaired,DRL-OO,fog-8,1
10025,low,impaired,DT-KF-CostAware,fog-1,70
10025,low,impaired,DT-KF-CostAware,fog-2,79
10025,low,impaired,DT-KF-CostAware,fog-3,75
10025,low,impaired,DT-KF-CostAware,fog-4,2
10025,low,impaired,DT-KF-CostAware,fog-5,32
10025,low,impaired,DT-KF-CostAware,fog-6,38
10025,low,impaired,DT-KF-CostAware,fog-7,78
10025,low,impaired,DT-KF-CostAware,fog-8,75
10025,low,impaired,DT-OPT,fog-1,2
10025,low,impaired,DT-OPT,fog-2,166
10025,low,impaired,DT-OPT,fog-3,6
10025,low,impaired,DT-OPT,fog-4,22
10025,low,impaired,DT-OPT,fog-5,17
10025,low,impaired,DT-OPT,fog-6,12
10025,low,impaired,DT-OPT,fog-7,77
10025,low,impaired,DT-OPT,fog-8,149
10025,low,impaired,SemiGreedy,fog-1,0
10025,low,impaired,SemiGreedy,fog-2,188
10025,low,impaired,SemiGreedy,fog-3,15
10025,low,impaired,SemiGreedy,fog-4,0
10025,low,impaired,SemiGreedy,fog-5,0
10025,low,impaired,SemiGreedy,fog-6,0
10025,low,impaired,SemiGreedy,fog-7,84
10025,low,impaired,SemiGreedy,fog-8,2
10025,low,impaired,Fog-only,fog-1,4
10025,low,impaired,Fog-only,fog-2,212
10025,low,impaired,Fog-only,fog-3,71
10025,low,impaired,Fog-only,fog-4,0
10025,low,impaired,Fog-only,fog-5,0
10025,low,impaired,Fog-only,fog-6,0
10025,low,impaired,Fog-only,fog-7,140
10025,low,impaired,Fog-only,fog-8,24
10025,low,impaired,DRL-OO,fog-1,0
10025,low,impaired,DRL-OO,fog-2,172
10025,low,impaired,DRL-OO,fog-3,5
10025,low,impaired,DRL-OO,fog-4,3
10025,low,impaired,DRL-OO,fog-5,17
10025,low,impaired,DRL-OO,fog-6,70
10025,low,impaired,DRL-OO,fog-7,72
10025,low,impaired,DRL-OO,fog-8,112
10026,low,impaired,DT-KF-CostAware,fog-1,100
10026,low,impaired,DT-KF-CostAware,fog-2,103
10026,low,impaired,DT-KF-CostAware,fog-3,26
10026,low,impaired,DT-KF-CostAware,fog-4,38
10026,low,impaired,DT-KF-CostAware,fog-5,69
10026,low,impaired,DT-KF-CostAware,fog-6,28
10026,low,impaired,DT-KF-CostAware,fog-7,38
10026,low,impaired,DT-KF-CostAware,fog-8,73
10026,low,impaired,DT-OPT,fog-1,224
10026,low,impaired,DT-OPT,fog-2,142
10026,low,impaired,DT-OPT,fog-3,8
10026,low,impaired,DT-OPT,fog-4,0
10026,low,impaired,DT-OPT,fog-5,2
10026,low,impaired,DT-OPT,fog-6,0
10026,low,impaired,DT-OPT,fog-7,66
10026,low,impaired,DT-OPT,fog-8,38
10026,low,impaired,SemiGreedy,fog-1,75
10026,low,impaired,SemiGreedy,fog-2,209
10026,low,impaired,SemiGreedy,fog-3,0
10026,low,impaired,SemiGreedy,fog-4,0
10026,low,impaired,SemiGreedy,fog-5,14
10026,low,impaired,SemiGreedy,fog-6,0
10026,low,impaired,SemiGreedy,fog-7,0
10026,low,impaired,SemiGreedy,fog-8,1
10026,low,impaired,Fog-only,fog-1,151
10026,low,impaired,Fog-only,fog-2,222
10026,low,impaired,Fog-only,fog-3,0
10026,low,impaired,Fog-only,fog-4,4
10026,low,impaired,Fog-only,fog-5,80
10026,low,impaired,Fog-only,fog-6,0
10026,low,impaired,Fog-only,fog-7,0
10026,low,impaired,Fog-only,fog-8,23
10026,low,impaired,DRL-OO,fog-1,192
10026,low,impaired,DRL-OO,fog-2,201
10026,low,impaired,DRL-OO,fog-3,8
10026,low,impaired,DRL-OO,fog-4,10
10026,low,impaired,DRL-OO,fog-5,15
10026,low,impaired,DRL-OO,fog-6,34
10026,low,impaired,DRL-OO,fog-7,0
10026,low,impaired,DRL-OO,fog-8,20
10027,low,impaired,DT-KF-CostAware,fog-1,27
10027,low,impaired,DT-KF-CostAware,fog-2,87
10027,low,impaired,DT-KF-CostAware,fog-3,3
10027,low,impaired,DT-KF-CostAware,fog-4,88
10027,low,impaired,DT-KF-CostAware,fog-5,88
10027,low,impaired,DT-KF-CostAware,fog-6,1
10027,low,impaired,DT-KF-CostAware,fog-7,88
10027,low,impaired,DT-KF-CostAware,fog-8,88
10027,low,impaired,DT-OPT,fog-1,17
10027,low,impaired,DT-OPT,fog-2,42
10027,low,impaired,DT-OPT,fog-3,7
10027,low,impaired,DT-OPT,fog-4,147
10027,low,impaired,DT-OPT,fog-5,9
10027,low,impaired,DT-OPT,fog-6,0
10027,low,impaired,DT-OPT,fog-7,18
10027,low,impaired,DT-OPT,fog-8,231
10027,low,impaired,SemiGreedy,fog-1,0
10027,low,impaired,SemiGreedy,fog-2,1
10027,low,impaired,SemiGreedy,fog-3,0
10027,low,impaired,SemiGreedy,fog-4,3
10027,low,impaired,SemiGreedy,fog-5,74
10027,low,impaired,SemiGreedy,fog-6,0
10027,low,impaired,SemiGreedy,fog-7,23
10027,low,impaired,SemiGreedy,fog-8,199
10027,low,impaired,Fog-only,fog-1,2
10027,low,impaired,Fog-only,fog-2,6
10027,low,impaired,Fog-only,fog-3,1
10027,low,impaired,Fog-only,fog-4,28
10027,low,impaired,Fog-only,fog-5,140
10027,low,impaired,Fog-only,fog-6,0
10027,low,impaired,Fog-only,fog-7,80
10027,low,impaired,Fog-only,fog-8,215
10027,low,impaired,DRL-OO,fog-1,28
10027,low,impaired,DRL-OO,fog-2,38
10027,low,impaired,DRL-OO,fog-3,26
10027,low,impaired,DRL-OO,fog-4,155
10027,low,impaired,DRL-OO,fog-5,3
10027,low,impaired,DRL-OO,fog-6,1
10027,low,impaired,DRL-OO,fog-7,0
10027,low,impaired,DRL-OO,fog-8,221
10028,low,impaired,DT-KF-CostAware,fog-1,63
10028,low,impaired,DT-KF-CostAware,fog-2,73
10028,low,impaired,DT-KF-CostAware,fog-3,51
10028,low,impaired,DT-KF-CostAware,fog-4,73
10028,low,impaired,DT-KF-CostAware,fog-5,20
10028,low,impaired,DT-KF-CostAware,fog-6,74
10028,low,impaired,DT-KF-CostAware,fog-7,63
10028,low,impaired,DT-KF-CostAware,fog-8,73
10028,low,impaired,DT-OPT,fog-1,6
10028,low,impaired,DT-OPT,fog-2,61
10028,low,impaired,DT-OPT,fog-3,7
10028,low,impaired,DT-OPT,fog-4,219
10028,low,impaired,DT-OPT,fog-5,0
10028,low,impaired,DT-OPT,fog-6,119
10028,low,impaired,DT-OPT,fog-7,80
10028,low,impaired,DT-OPT,fog-8,0
10028,low,impaired,SemiGreedy,fog-1,0
10028,low,impaired,SemiGreedy,fog-2,32
10028,low,impaired,SemiGreedy,fog-3,0
10028,low,impaired,SemiGreedy,fog-4,7
10028,low,impaired,SemiGreedy,fog-5,1
10028,low,impaired,SemiGreedy,fog-6,67
10028,low,impaired,SemiGreedy,fog-7,2
10028,low,impaired,SemiGreedy,fog-8,204
10028,low,impaired,Fog-only,fog-1,0
10028,low,impaired,Fog-only,fog-2,93
10028,low,impaired,Fog-only,fog-3,3
10028,low,impaired,Fog-only,fog-4,26
10028,low,impaired,Fog-only,fog-5,3
10028,low,impaired,Fog-only,fog-6,137
10028,low,impaired,Fog-only,fog-7,8
10028,low,impaired,Fog-only,fog-8,222
10028,low,impaired,DRL-OO,fog-1,84
10028,low,impaired,DRL-OO,fog-2,98
10028,low,impaired,DRL-OO,fog-3,37
10028,low,impaired,DRL-OO,fog-4,244
10028,low,impaired,DRL-OO,fog-5,1
10028,low,impaired,DRL-OO,fog-6,13
10028,low,impaired,DRL-OO,fog-7,7
10028,low,impaired,DRL-OO,fog-8,8
10029,low,impaired,DT-KF-CostAware,fog-1,5
10029,low,impaired,DT-KF-CostAware,fog-2,5
10029,low,impaired,DT-KF-CostAware,fog-3,133
10029,low,impaired,DT-KF-CostAware,fog-4,118
10029,low,impaired,DT-KF-CostAware,fog-5,3
10029,low,impaired,DT-KF-CostAware,fog-6,6
10029,low,impaired,DT-KF-CostAware,fog-7,68
10029,low,impaired,DT-KF-CostAware,fog-8,133
10029,low,impaired,DT-OPT,fog-1,3
10029,low,impaired,DT-OPT,fog-2,3
10029,low,impaired,DT-OPT,fog-3,160
10029,low,impaired,DT-OPT,fog-4,76
10029,low,impaired,DT-OPT,fog-5,3
10029,low,impaired,DT-OPT,fog-6,1
10029,low,impaired,DT-OPT,fog-7,14
10029,low,impaired,DT-OPT,fog-8,215
10029,low,impaired,SemiGreedy,fog-1,0
10029,low,impaired,SemiGreedy,fog-2,0
10029,low,impaired,SemiGreedy,fog-3,5
10029,low,impaired,SemiGreedy,fog-4,107
10029,low,impaired,SemiGreedy,fog-5,0
10029,low,impaired,SemiGreedy,fog-6,0
10029,low,impaired,SemiGreedy,fog-7,12
10029,low,impaired,SemiGreedy,fog-8,152
10029,low,impaired,Fog-only,fog-1,0
10029,low,impaired,Fog-only,fog-2,0
10029,low,impaired,Fog-only,fog-3,63
10029,low,impaired,Fog-only,fog-4,151
10029,low,impaired,Fog-only,fog-5,2
10029,low,impaired,Fog-only,fog-6,0
10029,low,impaired,Fog-only,fog-7,51
10029,low,impaired,Fog-only,fog-8,208
10029,low,impaired,DRL-OO,fog-1,0
10029,low,impaired,DRL-OO,fog-2,8
10029,low,impaired,DRL-OO,fog-3,90
10029,low,impaired,DRL-OO,fog-4,106
10029,low,impaired,DRL-OO,fog-5,21
10029,low,impaired,DRL-OO,fog-6,2
10029,low,impaired,DRL-OO,fog-7,27
10029,low,impaired,DRL-OO,fog-8,221
10000,medium,impaired,DT-KF-CostAware,fog-1,46
10000,medium,impaired,DT-KF-CostAware,fog-2,31
10000,medium,impaired,DT-KF-CostAware,fog-3,189
10000,medium,impaired,DT-KF-CostAware,fog-4,98
10000,medium,impaired,DT-KF-CostAware,fog-5,128
10000,medium,impaired,DT-KF-CostAware,fog-6,190
10000,medium,impaired,DT-KF-CostAware,fog-7,140
10000,medium,impaired,DT-KF-CostAware,fog-8,33
10000,medium,impaired,DT-OPT,fog-1,29
10000,medium,impaired,DT-OPT,fog-2,1
10000,medium,impaired,DT-OPT,fog-3,243
10000,medium,impaired,DT-OPT,fog-4,70
10000,medium,impaired,DT-OPT,fog-5,205
10000,medium,impaired,DT-OPT,fog-6,193
10000,medium,impaired,DT-OPT,fog-7,116
10000,medium,impaired,DT-OPT,fog-8,7
10000,medium,impaired,SemiGreedy,fog-1,0
10000,medium,impaired,SemiGreedy,fog-2,0
10000,medium,impaired,SemiGreedy,fog-3,176
10000,medium,impaired,SemiGreedy,fog-4,10
10000,medium,impaired,SemiGreedy,fog-5,35
10000,medium,impaired,SemiGreedy,fog-6,286
10000,medium,impaired,SemiGreedy,fog-7,74
10000,medium,impaired,SemiGreedy,fog-8,1
10000,medium,impaired,Fog-only,fog-1,22
10000,medium,impaired,Fog-only,fog-2,6
10000,medium,impaired,Fog-only,fog-3,212
10000,medium,impaired,Fog-only,fog-4,65
10000,medium,impaired,Fog-only,fog-5,123
10000,medium,impaired,Fog-only,fog-6,244
10000,medium,impaired,Fog-only,fog-7,166
10000,medium,impaired,Fog-only,fog-8,27
10000,medium,impaired,DRL-OO,fog-1,4
10000,medium,impaired,DRL-OO,fog-2,14
10000,medium,impaired,DRL-OO,fog-3,204
10000,medium,impaired,DRL-OO,fog-4,63
10000,medium,impaired,DRL-OO,fog-5,111
10000,medium,impaired,DRL-OO,fog-6,305
10000,medium,impaired,DRL-OO,fog-7,136
10000,medium,impaired,DRL-OO,fog-8,15
10001,medium,impaired,DT-KF-CostAware,fog-1,73
10001,medium,impaired,DT-KF-CostAware,fog-2,56
10001,medium,impaired,DT-KF-CostAware,fog-3,151
10001,medium,impaired,DT-KF-CostAware,fog-4,152
10001,medium,impaired,DT-KF-CostAware,fog-5,151
10001,medium,impaired,DT-KF-CostAware,fog-6,41
10001,medium,impaired,DT-KF-CostAware,fog-7,25
10001,medium,impaired,DT-KF-CostAware,fog-8,151
10001,medium,impaired,DT-OPT,fog-1,89
10001,medium,impaired,DT-OPT,fog-2,46
10001,medium,impaired,DT-OPT,fog-3,228
10001,medium,impaired,DT-OPT,fog-4,131
10001,medium,impaired,DT-OPT,fog-5,211
10001,medium,impaired,DT-OPT,fog-6,4
10001,medium,impaired,DT-OPT,fog-7,30
10001,medium,impaired,DT-OPT,fog-8,76
10001,medium,impaired,SemiGreedy,fog-1,7
10001,medium,impaired,SemiGreedy,fog-2,2
10001,medium,impaired,SemiGreedy,fog-3,234
10001,medium,impaired,SemiGreedy,fog-4,78
10001,medium,impaired,SemiGreedy,fog-5,198
10001,medium,impaired,SemiGreedy,fog-6,0
10001,medium,impaired,SemiGreedy,fog-7,0
10001,medium,impaired,SemiGreedy,fog-8,23
10001,medium,impaired,Fog-only,fog-1,54
10001,medium,impaired,Fog-only,fog-2,20
10001,medium,impaired,Fog-only,fog-3,226
10001,medium,impaired,Fog-only,fog-4,165
10001,medium,impaired,Fog-only,fog-5,228
10001,medium,impaired,Fog-only,fog-6,11
10001,medium,impaired,Fog-only,fog-7,2
10001,medium,impaired,Fog-only,fog-8,109
10001,medium,impaired,DRL-OO,fog-1,32
10001,medium,impaired,DRL-OO,fog-2,32
10001,medium,impaired,DRL-OO,fog-3,205
10001,medium,impaired,DRL-OO,fog-4,156
10001,medium,impaired,DRL-OO,fog-5,246
10001,medium,impaired,DRL-OO,fog-6,4
10001,medium,impaired,DRL-OO,fog-7,7
10001,medium,impaired,DRL-OO,fog-8,130
10002,medium,impaired,DT-KF-CostAware,fog-1,82
10002,medium,impaired,DT-KF-CostAware,fog-2,86
10002,medium,impaired,DT-KF-CostAware,fog-3,139
10002,medium,impaired,DT-KF-CostAware,fog-4,143
10002,medium,impaired,DT-KF-CostAware,fog-5,85
10002,medium,impaired,DT-KF-CostAware,fog-6,85
10002,medium,impaired,DT-KF-CostAware,fog-7,144
10002,medium,impaired,DT-KF-CostAware,fog-8,140
10002,medium,impaired,DT-OPT,fog-1,162
10002,medium,impaired,DT-OPT,fog-2,11
10002,medium,impaired,DT-OPT,fog-3,51
10002,medium,impaired,DT-OPT,fog-4,250
10002,medium,impaired,DT-OPT,fog-5,7
10002,medium,impaired,DT-OPT,fog-6,59
10002,medium,impaired,DT-OPT,fog-7,157
10002,medium,impaired,DT-OPT,fog-8,217
10002,medium,impaired,SemiGreedy,fog-1,1
10002,medium,impaired,SemiGreedy,fog-2,0
10002,medium,impaired,SemiGreedy,fog-3,103
10002,medium,impaired,SemiGreedy,fog-4,182
10002,medium,impaired,SemiGreedy,fog-5,37
10002,medium,impaired,SemiGreedy,fog-6,33
10002,medium,impaired,SemiGreedy,fog-7,269
10002,medium,impaired,SemiGreedy,fog-8,8
10002,medium,impaired,Fog-only,fog-1,22
10002,medium,impaired,Fog-only,fog-2,14
10002,medium,impaired,Fog-only,fog-3,173
10002,medium,impaired,Fog-only,fog-4,208
10002,medium,impaired,Fog-only,fog-5,113
10002,medium,impaired,Fog-only,fog-6,101
10002,medium,impaired,Fog-only,fog-7,229
10002,medium,impaired,Fog-only,fog-8,59
10002,medium,impaired,DRL-OO,fog-1,44
10002,medium,impaired,DRL-OO,fog-2,12
10002,medium,impaired,DRL-OO,fog-3,121
10002,medium,impaired,DRL-OO,fog-4,238
10002,medium,impaired,DRL-OO,fog-5,30
10002,medium,impaired,DRL-OO,fog-6,61
10002,medium,impaired,DRL-OO,fog-7,262
10002,medium,impaired,DRL-OO,fog-8,143
10003,medium,impaired,DT-KF-CostAware,fog-1,6
10003,medium,impaired,DT-KF-CostAware,fog-2,122
10003,medium,impaired,DT-KF-CostAware,fog-3,122
10003,medium,impaired,DT-KF-CostAware,fog-4,121
10003,medium,impaired,DT-KF-CostAware,fog-5,121
10003,medium,impaired,DT-KF-CostAware,fog-6,122
10003,medium,impaired,DT-KF-CostAware,fog-7,122
10003,medium,impaired,DT-KF-CostAware,fog-8,122
10003,medium,impaired,DT-OPT,fog-1,7
10003,medium,impaired,DT-OPT,fog-2,168
10003,medium,impaired,DT-OPT,fog-3,243
10003,medium,impaired,DT-OPT,fog-4,213
10003,medium,impaired,DT-OPT,fog-5,89
10003,medium,impaired,DT-OPT,fog-6,69
10003,medium,impaired,DT-OPT,fog-7,16
10003,medium,impaired,DT-OPT,fog-8,61
10003,medium,impaired,SemiGreedy,fog-1,0
10003,medium,impaired,SemiGreedy,fog-2,200
10003,medium,impaired,SemiGreedy,fog-3,13
10003,medium,impaired,SemiGreedy,fog-4,202
10003,medium,impaired,SemiGreedy,fog-5,75
10003,medium,impaired,SemiGreedy,fog-6,0
10003,medium,impaired,SemiGreedy,fog-7,3
10003,medium,impaired,SemiGreedy,fog-8,97
10003,medium,impaired,Fog-only,fog-1,0
10003,medium,impaired,Fog-only,fog-2,221
10003,medium,impaired,Fog-only,fog-3,82
10003,medium,impaired,Fog-only,fog-4,210
10003,medium,impaired,Fog-only,fog-5,146
10003,medium,impaired,Fog-only,fog-6,14
10003,medium,impaired,Fog-only,fog-7,38
10003,medium,impaired,Fog-only,fog-8,157
10003,medium,impaired,DRL-OO,fog-1,9
10003,medium,impaired,DRL-OO,fog-2,195
10003,medium,impaired,DRL-OO,fog-3,162
10003,medium,impaired,DRL-OO,fog-4,233
10003,medium,impaired,DRL-OO,fog-5,119
10003,medium,impaired,DRL-OO,fog-6,27
10003,medium,impaired,DRL-OO,fog-7,17
10003,medium,impaired,DRL-OO,fog-8,103
10004,medium,impaired,DT-KF-CostAware,fog-1,146
10004,medium,impaired,DT-KF-CostAware,fog-2,146
10004,medium,impaired,DT-KF-CostAware,fog-3,145
10004,medium,impaired,DT-KF-CostAware,fog-4,147
10004,medium,impaired,DT-KF-CostAware,fog-5,10
10004,medium,impaired,DT-KF-CostAware,fog-6,145
10004,medium,impaired,DT-KF-CostAware,fog-7,148
10004,medium,impaired,DT-KF-CostAware,fog-8,10
10004,medium,impaired,DT-OPT,fog-1,265
10004,medium,impaired,DT-OPT,fog-2,138
10004,medium,impaired,DT-OPT,fog-3,146
10004,medium,impaired,DT-OPT,fog-4,36
10004,medium,impaired,DT-OPT,fog-5,3
10004,medium,impaired,DT-OPT,fog-6,73
10004,medium,impaired,DT-OPT,fog-7,242
10004,medium,impaired,DT-OPT,fog-8,3
10004,medium,impaired,SemiGreedy,fog-1,267
10004,medium,impaired,SemiGreedy,fog-2,19
10004,medium,impaired,SemiGreedy,fog-3,176
10004,medium,impaired,SemiGreedy,fog-4,16
10004,medium,impaired,SemiGreedy,fog-5,1
10004,medium,impaired,SemiGreedy,fog-6,104
10004,medium,impaired,SemiGreedy,fog-7,48
10004,medium,impaired,SemiGreedy,fog-8,0
10004,medium,impaired,Fog-only,fog-1,240
10004,medium,impaired,Fog-only,fog-2,82
10004,medium,impaired,Fog-only,fog-3,225
10004,medium,impaired,Fog-only,fog-4,61
10004,medium,impaired,Fog-only,fog-5,14
10004,medium,impaired,Fog-only,fog-6,177
10004,medium,impaired,Fog-only,fog-7,107
10004,medium,impaired,Fog-only,fog-8,2
10004,medium,impaired,DRL-OO,fog-1,279
10004,medium,impaired,DRL-OO,fog-2,84
10004,medium,impaired,DRL-OO,fog-3,204
10004,medium,impaired,DRL-OO,fog-4,38
10004,medium,impaired,DRL-OO,fog-5,10
10004,medium,impaired,DRL-OO,fog-6,106
10004,medium,impaired,DRL-OO,fog-7,180
10004,medium,impaired,DRL-OO,fog-8,6
10005,medium,impaired,DT-KF-CostAware,fog-1,167
10005,medium,impaired,DT-KF-CostAware,fog-2,165
10005,medium,impaired,DT-KF-CostAware,fog-3,54
10005,medium,impaired,DT-KF-CostAware,fog-4,170
10005,medium,impaired,DT-KF-CostAware,fog-5,38
10005,medium,impaired,DT-KF-CostAware,fog-6,166
10005,medium,impaired,DT-KF-CostAware,fog-7,62
10005,medium,impaired,DT-KF-CostAware,fog-8,46
10005,medium,impaired,DT-OPT,fog-1,100
10005,medium,impaired,DT-OPT,fog-2,151
10005,medium,impaired,DT-OPT,fog-3,36
10005,medium,impaired,DT-OPT,fog-4,261
10005,medium,impaired,DT-OPT,fog-5,87
10005,medium,impaired,DT-OPT,fog-6,190
10005,medium,impaired,DT-OPT,fog-7,50
10005,medium,impaired,DT-OPT,fog-8,10
10005,medium,impaired,SemiGreedy,fog-1,187
10005,medium,impaired,SemiGreedy,fog-2,48
10005,medium,impaired,SemiGreedy,fog-3,16
10005,medium,impaired,SemiGreedy,fog-4,267
10005,medium,impaired,SemiGreedy,fog-5,0
10005,medium,impaired,SemiGreedy,fog-6,104
10005,medium,impaired,SemiGreedy,fog-7,3
10005,medium,impaired,SemiGreedy,fog-8,1
10005,medium,impaired,Fog-only,fog-1,220
10005,medium,impaired,Fog-only,fog-2,125
10005,medium,impaired,Fog-only,fog-3,68
10005,medium,impaired,Fog-only,fog-4,239
10005,medium,impaired,Fog-only,fog-5,4
10005,medium,impaired,Fog-only,fog-6,176
10005,medium,impaired,Fog-only,fog-7,39
10005,medium,impaired,Fog-only,fog-8,15
10005,medium,impaired,DRL-OO,fog-1,183
10005,medium,impaired,DRL-OO,fog-2,113
10005,medium,impaired,DRL-OO,fog-3,67
10005,medium,impaired,DRL-OO,fog-4,271
10005,medium,impaired,DRL-OO,fog-5,16
10005,medium,impaired,DRL-OO,fog-6,187
10005,medium,impaired,DRL-OO,fog-7,35
10005,medium,impaired,DRL-OO,fog-8,13
10006,medium,impaired,DT-KF-CostAware,fog-1,45
10006,medium,impaired,DT-KF-CostAware,fog-2,203
10006,medium,impaired,DT-KF-CostAware,fog-3,206
10006,medium,impaired,DT-KF-CostAware,fog-4,35
10006,medium,impaired,DT-KF-CostAware,fog-5,45
10006,medium,impaired,DT-KF-CostAware,fog-6,45
10006,medium,impaired,DT-KF-CostAware,fog-7,205
10006,medium,impaired,DT-KF-CostAware,fog-8,46
10006,medium,impaired,DT-OPT,fog-1,37
10006,medium,impaired,DT-OPT,fog-2,182
10006,medium,impaired,DT-OPT,fog-3,154
10006,medium,impaired,DT-OPT,fog-4,1
10006,medium,impaired,DT-OPT,fog-5,155
10006,medium,impaired,DT-OPT,fog-6,22
10006,medium,impaired,DT-OPT,fog-7,246
10006,medium,impaired,DT-OPT,fog-8,47
10006,medium,impaired,SemiGreedy,fog-1,1
10006,medium,impaired,SemiGreedy,fog-2,74
10006,medium,impaired,SemiGreedy,fog-3,280
10006,medium,impaired,SemiGreedy,fog-4,0
10006,medium,impaired,SemiGreedy,fog-5,5
10006,medium,impaired,SemiGreedy,fog-6,21
10006,medium,impaired,SemiGreedy,fog-7,183
10006,medium,impaired,SemiGreedy,fog-8,0
10006,medium,impaired,Fog-only,fog-1,32
10006,medium,impaired,Fog-only,fog-2,176
10006,medium,impaired,Fog-only,fog-3,249
10006,medium,impaired,Fog-only,fog-4,3
10006,medium,impaired,Fog-only,fog-5,61
10006,medium,impaired,Fog-only,fog-6,95
10006,medium,impaired,Fog-only,fog-7,217
10006,medium,impaired,Fog-only,fog-8,14
10006,medium,impaired,DRL-OO,fog-1,24
10006,medium,impaired,DRL-OO,fog-2,177
10006,medium,impaired,DRL-OO,fog-3,214
10006,medium,impaired,DRL-OO,fog-4,4
10006,medium,impaired,DRL-OO,fog-5,76
10006,medium,impaired,DRL-OO,fog-6,82
10006,medium,impaired,DRL-OO,fog-7,249
10006,medium,impaired,DRL-OO,fog-8,14
10007,medium,impaired,DT-KF-CostAware,fog-1,168
10007,medium,impaired,DT-KF-CostAware,fog-2,12
10007,medium,impaired,DT-KF-CostAware,fog-3,74
10007,medium,impaired,DT-KF-CostAware,fog-4,168
10007,medium,impaired,DT-KF-CostAware,fog-5,76
10007,medium,impaired,DT-KF-CostAware,fog-6,77
10007,medium,impaired,DT-KF-CostAware,fog-7,169
10007,medium,impaired,DT-KF-CostAware,fog-8,167
10007,medium,impaired,DT-OPT,fog-1,101
10007,medium,impaired,DT-OPT,fog-2,2
10007,medium,impaired,DT-OPT,fog-3,18
10007,medium,impaired,DT-OPT,fog-4,219
10007,medium,impaired,DT-OPT,fog-5,60
10007,medium,impaired,DT-OPT,fog-6,224
10007,medium,impaired,DT-OPT,fog-7,121
10007,medium,impaired,DT-OPT,fog-8,181
10007,medium,impaired,SemiGreedy,fog-1,75
10007,medium,impaired,SemiGreedy,fog-2,0
10007,medium,impaired,SemiGreedy,fog-3,5
10007,medium,impaired,SemiGreedy,fog-4,233
10007,medium,impaired,SemiGreedy,fog-5,1
10007,medium,impaired,SemiGreedy,fog-6,16
10007,medium,impaired,SemiGreedy,fog-7,93
10007,medium,impaired,SemiGreedy,fog-8,208
10007,medium,impaired,Fog-only,fog-1,156
10007,medium,impaired,Fog-only,fog-2,4
10007,medium,impaired,Fog-only,fog-3,41
10007,medium,impaired,Fog-only,fog-4,247
10007,medium,impaired,Fog-only,fog-5,10
10007,medium,impaired,Fog-only,fog-6,82
10007,medium,impaired,Fog-only,fog-7,157
10007,medium,impaired,Fog-only,fog-8,229
10007,medium,impaired,DRL-OO,fog-1,112
10007,medium,impaired,DRL-OO,fog-2,1
10007,medium,impaired,DRL-OO,fog-3,27
10007,medium,impaired,DRL-OO,fog-4,275
10007,medium,impaired,DRL-OO,fog-5,20
10007,medium,impaired,DRL-OO,fog-6,69
10007,medium,impaired,DRL-OO,fog-7,195
10007,medium,impaired,DRL-OO,fog-8,227
10008,medium,impaired,DT-KF-CostAware,fog-1,203
10008,medium,impaired,DT-KF-CostAware,fog-2,69
10008,medium,impaired,DT-KF-CostAware,fog-3,84
10008,medium,impaired,DT-KF-CostAware,fog-4,40
10008,medium,impaired,DT-KF-CostAware,fog-5,73
10008,medium,impaired,DT-KF-CostAware,fog-6,200
10008,medium,impaired,DT-KF-CostAware,fog-7,161
10008,medium,impaired,DT-KF-CostAware,fog-8,57
10008,medium,impaired,DT-OPT,fog-1,255
10008,medium,impaired,DT-OPT,fog-2,32
10008,medium,impaired,DT-OPT,fog-3,85
10008,medium,impaired,DT-OPT,fog-4,7
10008,medium,impaired,DT-OPT,fog-5,61
10008,medium,impaired,DT-OPT,fog-6,221
10008,medium,impaired,DT-OPT,fog-7,129
10008,medium,impaired,DT-OPT,fog-8,111
10008,medium,impaired,SemiGreedy,fog-1,268
10008,medium,impaired,SemiGreedy,fog-2,6
10008,medium,impaired,SemiGreedy,fog-3,40
10008,medium,impaired,SemiGreedy,fog-4,0
10008,medium,impaired,SemiGreedy,fog-5,13
10008,medium,impaired,SemiGreedy,fog-6,182
10008,medium,impaired,SemiGreedy,fog-7,109
10008,medium,impaired,SemiGreedy,fog-8,1
10008,medium,impaired,Fog-only,fog-1,244
10008,medium,impaired,Fog-only,fog-2,44
10008,medium,impaired,Fog-only,fog-3,130
10008,medium,impaired,Fog-only,fog-4,5
10008,medium,impaired,Fog-only,fog-5,71
10008,medium,impaired,Fog-only,fog-6,217
10008,medium,impaired,Fog-only,fog-7,178
10008,medium,impaired,Fog-only,fog-8,14
10008,medium,impaired,DRL-OO,fog-1,282
10008,medium,impaired,DRL-OO,fog-2,45
10008,medium,impaired,DRL-OO,fog-3,129
10008,medium,impaired,DRL-OO,fog-4,10
10008,medium,impaired,DRL-OO,fog-5,43
10008,medium,impaired,DRL-OO,fog-6,222
10008,medium,impaired,DRL-OO,fog-7,161
10008,medium,impaired,DRL-OO,fog-8,10
10009,medium,impaired,DT-KF-CostAware,fog-1,145
10009,medium,impaired,DT-KF-CostAware,fog-2,148
10009,medium,impaired,DT-KF-CostAware,fog-3,32
10009,medium,impaired,DT-KF-CostAware,fog-4,26
10009,medium,impaired,DT-KF-CostAware,fog-5,62
10009,medium,impaired,DT-KF-CostAware,fog-6,143
10009,medium,impaired,DT-KF-CostAware,fog-7,145
10009,medium,impaired,DT-KF-CostAware,fog-8,145
10009,medium,impaired,DT-OPT,fog-1,61
10009,medium,impaired,DT-OPT,fog-2,236
10009,medium,impaired,DT-OPT,fog-3,11
10009,medium,impaired,DT-OPT,fog-4,5
10009,medium,impaired,DT-OPT,fog-5,89
10009,medium,impaired,DT-OPT,fog-6,158
10009,medium,impaired,DT-OPT,fog-7,86
10009,medium,impaired,DT-OPT,fog-8,216
10009,medium,impaired,SemiGreedy,fog-1,163
10009,medium,impaired,SemiGreedy,fog-2,9
10009,medium,impaired,SemiGreedy,fog-3,0
10009,medium,impaired,SemiGreedy,fog-4,3
10009,medium,impaired,SemiGreedy,fog-5,1
10009,medium,impaired,SemiGreedy,fog-6,93
10009,medium,impaired,SemiGreedy,fog-7,39
10009,medium,impaired,SemiGreedy,fog-8,254
10009,medium,impaired,Fog-only,fog-1,221
10009,medium,impaired,Fog-only,fog-2,81
10009,medium,impaired,Fog-only,fog-3,4
10009,medium,impaired,Fog-only,fog-4,31
10009,medium,impaired,Fog-only,fog-5,13
10009,medium,impaired,Fog-only,fog-6,169
10009,medium,impaired,Fog-only,fog-7,124
10009,medium,impaired,Fog-only,fog-8,221
10009,medium,impaired,DRL-OO,fog-1,156
10009,medium,impaired,DRL-OO,fog-2,133
10009,medium,impaired,DRL-OO,fog-3,11
10009,medium,impaired,DRL-OO,fog-4,32
10009,medium,impaired,DRL-OO,fog-5,29
10009,medium,impaired,DRL-OO,fog-6,47
10009,medium,impaired,DRL-OO,fog-7,191
10009,medium,impaired,DRL-OO,fog-8,260
10010,medium,impaired,DT-KF-CostAware,fog-1,159
10010,medium,impaired,DT-KF-CostAware,fog-2,23
10010,medium,impaired,DT-KF-CostAware,fog-3,20
10010,medium,impaired,DT-KF-CostAware,fog-4,159
10010,medium,impaired,DT-KF-CostAware,fog-5,160
10010,medium,impaired,DT-KF-CostAware,fog-6,159
10010,medium,impaired,DT-KF-CostAware,fog-7,31
10010,medium,impaired,DT-KF-CostAware,fog-8,159
10010,medium,impaired,DT-OPT,fog-1,82
10010,medium,impaired,DT-OPT,fog-2,9
10010,medium,impaired,DT-OPT,fog-3,1
10010,medium,impaired,DT-OPT,fog-4,242
10010,medium,impaired,DT-OPT,fog-5,146
10010,medium,impaired,DT-OPT,fog-6,205
10010,medium,impaired,DT-OPT,fog-7,49
10010,medium,impaired,DT-OPT,fog-8,153
10010,medium,impaired,SemiGreedy,fog-1,266
10010,medium,impaired,SemiGreedy,fog-2,0
10010,medium,impaired,SemiGreedy,fog-3,0
10010,medium,impaired,SemiGreedy,fog-4,98
10010,medium,impaired,SemiGreedy,fog-5,12
10010,medium,impaired,SemiGreedy,fog-6,188
10010,medium,impaired,SemiGreedy,fog-7,4
10010,medium,impaired,SemiGreedy,fog-8,47
10010,medium,impaired,Fog-only,fog-1,239
10010,medium,impaired,Fog-only,fog-2,8
10010,medium,impaired,Fog-only,fog-3,2
10010,medium,impaired,Fog-only,fog-4,192
10010,medium,impaired,Fog-only,fog-5,72
10010,medium,impaired,Fog-only,fog-6,217
10010,medium,impaired,Fog-only,fog-7,30
10010,medium,impaired,Fog-only,fog-8,127
10010,medium,impaired,DRL-OO,fog-1,128
10010,medium,impaired,DRL-OO,fog-2,22
10010,medium,impaired,DRL-OO,fog-3,2
10010,medium,impaired,DRL-OO,fog-4,188
10010,medium,impaired,DRL-OO,fog-5,69
10010,medium,impaired,DRL-OO,fog-6,255
10010,medium,impaired,DRL-OO,fog-7,19
10010,medium,impaired,DRL-OO,fog-8,205
10011,medium,impaired,DT-KF-CostAware,fog-1,101
10011,medium,impaired,DT-KF-CostAware,fog-2,198
10011,medium,impaired,DT-KF-CostAware,fog-3,37
10011,medium,impaired,DT-KF-CostAware,fog-4,215
10011,medium,impaired,DT-KF-CostAware,fog-5,175
10011,medium,impaired,DT-KF-CostAware,fog-6,96
10011,medium,impaired,DT-KF-CostAware,fog-7,38
10011,medium,impaired,DT-KF-CostAware,fog-8,49
10011,medium,impaired,DT-OPT,fog-1,60
10011,medium,impaired,DT-OPT,fog-2,213
10011,medium,impaired,DT-OPT,fog-3,4
10011,medium,impaired,DT-OPT,fog-4,276
10011,medium,impaired,DT-OPT,fog-5,191
10011,medium,impaired,DT-OPT,fog-6,126
10011,medium,impaired,DT-OPT,fog-7,23
10011,medium,impaired,DT-OPT,fog-8,28
10011,medium,impaired,SemiGreedy,fog-1,44
10011,medium,impaired,SemiGreedy,fog-2,99
10011,medium,impaired,SemiGreedy,fog-3,0
10011,medium,impaired,SemiGreedy,fog-4,273
10011,medium,impaired,SemiGreedy,fog-5,190
10011,medium,impaired,SemiGreedy,fog-6,14
10011,medium,impaired,SemiGreedy,fog-7,0
10011,medium,impaired,SemiGreedy,fog-8,6
10011,medium,impaired,Fog-only,fog-1,137
10011,medium,impaired,Fog-only,fog-2,190
10011,medium,impaired,Fog-only,fog-3,11
10011,medium,impaired,Fog-only,fog-4,246
10011,medium,impaired,Fog-only,fog-5,220
10011,medium,impaired,Fog-only,fog-6,76
10011,medium,impaired,Fog-only,fog-7,5
10011,medium,impaired,Fog-only,fog-8,39
10011,medium,impaired,DRL-OO,fog-1,105
10011,medium,impaired,DRL-OO,fog-2,205
10011,medium,impaired,DRL-OO,fog-3,6
10011,medium,impaired,DRL-OO,fog-4,288
10011,medium,impaired,DRL-OO,fog-5,181
10011,medium,impaired,DRL-OO,fog-6,97
10011,medium,impaired,DRL-OO,fog-7,8
10011,medium,impaired,DRL-OO,fog-8,26
10012,medium,impaired,DT-KF-CostAware,fog-1,119
10012,medium,impaired,DT-KF-CostAware,fog-2,4
10012,medium,impaired,DT-KF-CostAware,fog-3,121
10012,medium,impaired,DT-KF-CostAware,fog-4,120
10012,medium,impaired,DT-KF-CostAware,fog-5,120
10012,medium,impaired,DT-KF-CostAware,fog-6,120
10012,medium,impaired,DT-KF-CostAware,fog-7,111
10012,medium,impaired,DT-KF-CostAware,fog-8,120
10012,medium,impaired,DT-OPT,fog-1,22
10012,medium,impaired,DT-OPT,fog-2,13
10012,medium,impaired,DT-OPT,fog-3,78
10012,medium,impaired,DT-OPT,fog-4,51
10012,medium,impaired,DT-OPT,fog-5,211
10012,medium,impaired,DT-OPT,fog-6,219
10012,medium,impaired,DT-OPT,fog-7,86
10012,medium,impaired,DT-OPT,fog-8,167
10012,medium,impaired,SemiGreedy,fog-1,4
10012,medium,impaired,SemiGreedy,fog-2,0
10012,medium,impaired,SemiGreedy,fog-3,178
10012,medium,impaired,SemiGreedy,fog-4,260
10012,medium,impaired,SemiGreedy,fog-5,15
10012,medium,impaired,SemiGreedy,fog-6,40
10012,medium,impaired,SemiGreedy,fog-7,0
10012,medium,impaired,SemiGreedy,fog-8,98
10012,medium,impaired,Fog-only,fog-1,31
10012,medium,impaired,Fog-only,fog-2,3
10012,medium,impaired,Fog-only,fog-3,218
10012,medium,impaired,Fog-only,fog-4,236
10012,medium,impaired,Fog-only,fog-5,69
10012,medium,impaired,Fog-only,fog-6,117
10012,medium,impaired,Fog-only,fog-7,13
10012,medium,impaired,Fog-only,fog-8,170
10012,medium,impaired,DRL-OO,fog-1,52
10012,medium,impaired,DRL-OO,fog-2,0
10012,medium,impaired,DRL-OO,fog-3,186
10012,medium,impaired,DRL-OO,fog-4,134
10012,medium,impaired,DRL-OO,fog-5,54
10012,medium,impaired,DRL-OO,fog-6,221
10012,medium,impaired,DRL-OO,fog-7,15
10012,medium,impaired,DRL-OO,fog-8,180
10013,medium,impaired,DT-KF-CostAware,fog-1,86
10013,medium,impaired,DT-KF-CostAware,fog-2,103
10013,medium,impaired,DT-KF-CostAware,fog-3,26
10013,medium,impaired,DT-KF-CostAware,fog-4,97
10013,medium,impaired,DT-KF-CostAware,fog-5,217
10013,medium,impaired,DT-KF-CostAware,fog-6,102
10013,medium,impaired,DT-KF-CostAware,fog-7,98
10013,medium,impaired,DT-KF-CostAware,fog-8,193
10013,medium,impaired,DT-OPT,fog-1,37
10013,medium,impaired,DT-OPT,fog-2,204
10013,medium,impaired,DT-OPT,fog-3,6
10013,medium,impaired,DT-OPT,fog-4,50
10013,medium,impaired,DT-OPT,fog-5,210
10013,medium,impaired,DT-OPT,fog-6,138
10013,medium,impaired,DT-OPT,fog-7,76
10013,medium,impaired,DT-OPT,fog-8,220
10013,medium,impaired,SemiGreedy,fog-1,2
10013,medium,impaired,SemiGreedy,fog-2,83
10013,medium,impaired,SemiGreedy,fog-3,0
10013,medium,impaired,SemiGreedy,fog-4,2
10013,medium,impaired,SemiGreedy,fog-5,288
10013,medium,impaired,SemiGreedy,fog-6,41
10013,medium,impaired,SemiGreedy,fog-7,14
10013,medium,impaired,SemiGreedy,fog-8,189
10013,medium,impaired,Fog-only,fog-1,43
10013,medium,impaired,Fog-only,fog-2,170
10013,medium,impaired,Fog-only,fog-3,14
10013,medium,impaired,Fog-only,fog-4,36
10013,medium,impaired,Fog-only,fog-5,249
10013,medium,impaired,Fog-only,fog-6,126
10013,medium,impaired,Fog-only,fog-7,82
10013,medium,impaired,Fog-only,fog-8,222
10013,medium,impaired,DRL-OO,fog-1,17
10013,medium,impaired,DRL-OO,fog-2,142
10013,medium,impaired,DRL-OO,fog-3,3
10013,medium,impaired,DRL-OO,fog-4,39
10013,medium,impaired,DRL-OO,fog-5,298
10013,medium,impaired,DRL-OO,fog-6,125
10013,medium,impaired,DRL-OO,fog-7,71
10013,medium,impaired,DRL-OO,fog-8,227
10014,medium,impaired,DT-KF-CostAware,fog-1,124
10014,medium,impaired,DT-KF-CostAware,fog-2,124
10014,medium,impaired,DT-KF-CostAware,fog-3,88
10014,medium,impaired,DT-KF-CostAware,fog-4,125
10014,medium,impaired,DT-KF-CostAware,fog-5,124
10014,medium,impaired,DT-KF-CostAware,fog-6,85
10014,medium,impaired,DT-KF-CostAware,fog-7,88
10014,medium,impaired,DT-KF-CostAware,fog-8,124
10014,medium,impaired,DT-OPT,fog-1,97
10014,medium,impaired,DT-OPT,fog-2,205
10014,medium,impaired,DT-OPT,fog-3,56
10014,medium,impaired,DT-OPT,fog-4,45
10014,medium,impaired,DT-OPT,fog-5,242
10014,medium,impaired,DT-OPT,fog-6,10
10014,medium,impaired,DT-OPT,fog-7,72
10014,medium,impaired,DT-OPT,fog-8,171
10014,medium,impaired,SemiGreedy,fog-1,171
10014,medium,impaired,SemiGreedy,fog-2,24
10014,medium,impaired,SemiGreedy,fog-3,0
10014,medium,impaired,SemiGreedy,fog-4,105
10014,medium,impaired,SemiGreedy,fog-5,255
10014,medium,impaired,SemiGreedy,fog-6,0
10014,medium,impaired,SemiGreedy,fog-7,0
10014,medium,impaired,SemiGreedy,fog-8,47
10014,medium,impaired,Fog-only,fog-1,205
10014,medium,impaired,Fog-only,fog-2,97
10014,medium,impaired,Fog-only,fog-3,20
10014,medium,impaired,Fog-only,fog-4,165
10014,medium,impaired,Fog-only,fog-5,226
10014,medium,impaired,Fog-only,fog-6,53
10014,medium,impaired,Fog-only,fog-7,6
10014,medium,impaired,Fog-only,fog-8,130
10014,medium,impaired,DRL-OO,fog-1,188
10014,medium,impaired,DRL-OO,fog-2,147
10014,medium,impaired,DRL-OO,fog-3,14
10014,medium,impaired,DRL-OO,fog-4,103
10014,medium,impaired,DRL-OO,fog-5,257
10014,medium,impaired,DRL-OO,fog-6,32
10014,medium,impaired,DRL-OO,fog-7,21
10014,medium,impaired,DRL-OO,fog-8,135
10015,medium,impaired,DT-KF-CostAware,fog-1,141
10015,medium,impaired,DT-KF-CostAware,fog-2,144
10015,medium,impaired,DT-KF-CostAware,fog-3,141
10015,medium,impaired,DT-KF-CostAware,fog-4,141
10015,medium,impaired,DT-KF-CostAware,fog-5,39
10015,medium,impaired,DT-KF-CostAware,fog-6,16
10015,medium,impaired,DT-KF-CostAware,fog-7,139
10015,medium,impaired,DT-KF-CostAware,fog-8,141
10015,medium,impaired,DT-OPT,fog-1,213
10015,medium,impaired,DT-OPT,fog-2,136
10015,medium,impaired,DT-OPT,fog-3,83
10015,medium,impaired,DT-OPT,fog-4,54
10015,medium,impaired,DT-OPT,fog-5,31
10015,medium,impaired,DT-OPT,fog-6,5
10015,medium,impaired,DT-OPT,fog-7,179
10015,medium,impaired,DT-OPT,fog-8,213
10015,medium,impaired,SemiGreedy,fog-1,40
10015,medium,impaired,SemiGreedy,fog-2,0
10015,medium,impaired,SemiGreedy,fog-3,188
10015,medium,impaired,SemiGreedy,fog-4,15
10015,medium,impaired,SemiGreedy,fog-5,0
10015,medium,impaired,SemiGreedy,fog-6,0
10015,medium,impaired,SemiGreedy,fog-7,281
10015,medium,impaired,SemiGreedy,fog-8,100
10015,medium,impaired,Fog-only,fog-1,129
10015,medium,impaired,Fog-only,fog-2,39
10015,medium,impaired,Fog-only,fog-3,216
10015,medium,impaired,Fog-only,fog-4,81
10015,medium,impaired,Fog-only,fog-5,15
10015,medium,impaired,Fog-only,fog-6,13
10015,medium,impaired,Fog-only,fog-7,243
10015,medium,impaired,Fog-only,fog-8,181
10015,medium,impaired,DRL-OO,fog-1,120
10015,medium,impaired,DRL-OO,fog-2,67
10015,medium,impaired,DRL-OO,fog-3,220
10015,medium,impaired,DRL-OO,fog-4,98
10015,medium,impaired,DRL-OO,fog-5,17
10015,medium,impaired,DRL-OO,fog-6,5
10015,medium,impaired,DRL-OO,fog-7,253
10015,medium,impaired,DRL-OO,fog-8,124
10016,medium,impaired,DT-KF-CostAware,fog-1,137
10016,medium,impaired,DT-KF-CostAware,fog-2,136
10016,medium,impaired,DT-KF-CostAware,fog-3,99
10016,medium,impaired,DT-KF-CostAware,fog-4,98
10016,medium,impaired,DT-KF-CostAware,fog-5,134
10016,medium,impaired,DT-KF-CostAware,fog-6,70
10016,medium,impaired,DT-KF-CostAware,fog-7,137
10016,medium,impaired,DT-KF-CostAware,fog-8,65
10016,medium,impaired,DT-OPT,fog-1,231
10016,medium,impaired,DT-OPT,fog-2,197
10016,medium,impaired,DT-OPT,fog-3,84
10016,medium,impaired,DT-OPT,fog-4,21
10016,medium,impaired,DT-OPT,fog-5,60
10016,medium,impaired,DT-OPT,fog-6,68
10016,medium,impaired,DT-OPT,fog-7,192
10016,medium,impaired,DT-OPT,fog-8,39
10016,medium,impaired,SemiGreedy,fog-1,148
10016,medium,impaired,SemiGreedy,fog-2,89
10016,medium,impaired,SemiGreedy,fog-3,33
10016,medium,impaired,SemiGreedy,fog-4,1
10016,medium,impaired,SemiGreedy,fog-5,15
10016,medium,impaired,SemiGreedy,fog-6,1
10016,medium,impaired,SemiGreedy,fog-7,241
10016,medium,impaired,SemiGreedy,fog-8,4
10016,medium,impaired,Fog-only,fog-1,212
10016,medium,impaired,Fog-only,fog-2,160
10016,medium,impaired,Fog-only,fog-3,117
10016,medium,impaired,Fog-only,fog-4,17
10016,medium,impaired,Fog-only,fog-5,95
10016,medium,impaired,Fog-only,fog-6,26
10016,medium,impaired,Fog-only,fog-7,214
10016,medium,impaired,Fog-only,fog-8,56
10016,medium,impaired,DRL-OO,fog-1,223
10016,medium,impaired,DRL-OO,fog-2,178
10016,medium,impaired,DRL-OO,fog-3,54
10016,medium,impaired,DRL-OO,fog-4,73
10016,medium,impaired,DRL-OO,fog-5,95
10016,medium,impaired,DRL-OO,fog-6,9
10016,medium,impaired,DRL-OO,fog-7,213
10016,medium,impaired,DRL-OO,fog-8,29
10017,medium,impaired,DT-KF-CostAware,fog-1,112
10017,medium,impaired,DT-KF-CostAware,fog-2,114
10017,medium,impaired,DT-KF-CostAware,fog-3,115
10017,medium,impaired,DT-KF-CostAware,fog-4,113
10017,medium,impaired,DT-KF-CostAware,fog-5,113
10017,medium,impaired,DT-KF-CostAware,fog-6,28
10017,medium,impaired,DT-KF-CostAware,fog-7,116
10017,medium,impaired,DT-KF-CostAware,fog-8,116
10017,medium,impaired,DT-OPT,fog-1,132
10017,medium,impaired,DT-OPT,fog-2,237
10017,medium,impaired,DT-OPT,fog-3,53
10017,medium,impaired,DT-OPT,fog-4,198
10017,medium,impaired,DT-OPT,fog-5,41
10017,medium,impaired,DT-OPT,fog-6,11
10017,medium,impaired,DT-OPT,fog-7,134
10017,medium,impaired,DT-OPT,fog-8,42
10017,medium,impaired,SemiGreedy,fog-1,254
10017,medium,impaired,SemiGreedy,fog-2,6
10017,medium,impaired,SemiGreedy,fog-3,2
10017,medium,impaired,SemiGreedy,fog-4,175
10017,medium,impaired,SemiGreedy,fog-5,85
10017,medium,impaired,SemiGreedy,fog-6,1
10017,medium,impaired,SemiGreedy,fog-7,36
10017,medium,impaired,SemiGreedy,fog-8,24
10017,medium,impaired,Fog-only,fog-1,234
10017,medium,impaired,Fog-only,fog-2,41
10017,medium,impaired,Fog-only,fog-3,19
10017,medium,impaired,Fog-only,fog-4,188
10017,medium,impaired,Fog-only,fog-5,169
10017,medium,impaired,Fog-only,fog-6,8
10017,medium,impaired,Fog-only,fog-7,123
10017,medium,impaired,Fog-only,fog-8,72
10017,medium,impaired,DRL-OO,fog-1,257
10017,medium,impaired,DRL-OO,fog-2,37
10017,medium,impaired,DRL-OO,fog-3,22
10017,medium,impaired,DRL-OO,fog-4,208
10017,medium,impaired,DRL-OO,fog-5,142
10017,medium,impaired,DRL-OO,fog-6,6
10017,medium,impaired,DRL-OO,fog-7,71
10017,medium,impaired,DRL-OO,fog-8,107
10018,medium,impaired,DT-KF-CostAware,fog-1,148
10018,medium,impaired,DT-KF-CostAware,fog-2,153
10018,medium,impaired,DT-KF-CostAware,fog-3,38
10018,medium,impaired,DT-KF-CostAware,fog-4,149
10018,medium,impaired,DT-KF-CostAware,fog-5,23
10018,medium,impaired,DT-KF-CostAware,fog-6,151
10018,medium,impaired,DT-KF-CostAware,fog-7,66
10018,medium,impaired,DT-KF-CostAware,fog-8,149
10018,medium,impaired,DT-OPT,fog-1,205
10018,medium,impaired,DT-OPT,fog-2,106
10018,medium,impaired,DT-OPT,fog-3,18
10018,medium,impaired,DT-OPT,fog-4,196
10018,medium,impaired,DT-OPT,fog-5,2
10018,medium,impaired,DT-OPT,fog-6,109
10018,medium,impaired,DT-OPT,fog-7,46
10018,medium,impaired,DT-OPT,fog-8,217
10018,medium,impaired,SemiGreedy,fog-1,253
10018,medium,impaired,SemiGreedy,fog-2,156
10018,medium,impaired,SemiGreedy,fog-3,6
10018,medium,impaired,SemiGreedy,fog-4,24
10018,medium,impaired,SemiGreedy,fog-5,0
10018,medium,impaired,SemiGreedy,fog-6,48
10018,medium,impaired,SemiGreedy,fog-7,0
10018,medium,impaired,SemiGreedy,fog-8,99
10018,medium,impaired,Fog-only,fog-1,220
10018,medium,impaired,Fog-only,fog-2,191
10018,medium,impaired,Fog-only,fog-3,49
10018,medium,impaired,Fog-only,fog-4,94
10018,medium,impaired,Fog-only,fog-5,14
10018,medium,impaired,Fog-only,fog-6,127
10018,medium,impaired,Fog-only,fog-7,22
10018,medium,impaired,Fog-only,fog-8,184
10018,medium,impaired,DRL-OO,fog-1,257
10018,medium,impaired,DRL-OO,fog-2,122
10018,medium,impaired,DRL-OO,fog-3,19
10018,medium,impaired,DRL-OO,fog-4,137
10018,medium,impaired,DRL-OO,fog-5,4
10018,medium,impaired,DRL-OO,fog-6,102
10018,medium,impaired,DRL-OO,fog-7,41
10018,medium,impaired,DRL-OO,fog-8,215
10019,medium,impaired,DT-KF-CostAware,fog-1,89
10019,medium,impaired,DT-KF-CostAware,fog-2,91
10019,medium,impaired,DT-KF-CostAware,fog-3,90
10019,medium,impaired,DT-KF-CostAware,fog-4,203
10019,medium,impaired,DT-KF-CostAware,fog-5,87
10019,medium,impaired,DT-KF-CostAware,fog-6,54
10019,medium,impaired,DT-KF-CostAware,fog-7,89
10019,medium,impaired,DT-KF-CostAware,fog-8,182
10019,medium,impaired,DT-OPT,fog-1,105
10019,medium,impaired,DT-OPT,fog-2,21
10019,medium,impaired,DT-OPT,fog-3,102
10019,medium,impaired,DT-OPT,fog-4,250
10019,medium,impaired,DT-OPT,fog-5,215
10019,medium,impaired,DT-OPT,fog-6,4
10019,medium,impaired,DT-OPT,fog-7,53
10019,medium,impaired,DT-OPT,fog-8,153
10019,medium,impaired,SemiGreedy,fog-1,1
10019,medium,impaired,SemiGreedy,fog-2,0
10019,medium,impaired,SemiGreedy,fog-3,40
10019,medium,impaired,SemiGreedy,fog-4,282
10019,medium,impaired,SemiGreedy,fog-5,91
10019,medium,impaired,SemiGreedy,fog-6,2
10019,medium,impaired,SemiGreedy,fog-7,15
10019,medium,impaired,SemiGreedy,fog-8,175
10019,medium,impaired,Fog-only,fog-1,36
10019,medium,impaired,Fog-only,fog-2,8
10019,medium,impaired,Fog-only,fog-3,123
10019,medium,impaired,Fog-only,fog-4,251
10019,medium,impaired,Fog-only,fog-5,159
10019,medium,impaired,Fog-only,fog-6,32
10019,medium,impaired,Fog-only,fog-7,88
10019,medium,impaired,Fog-only,fog-8,207
10019,medium,impaired,DRL-OO,fog-1,91
10019,medium,impaired,DRL-OO,fog-2,22
10019,medium,impaired,DRL-OO,fog-3,58
10019,medium,impaired,DRL-OO,fog-4,290
10019,medium,impaired,DRL-OO,fog-5,131
10019,medium,impaired,DRL-OO,fog-6,8
10019,medium,impaired,DRL-OO,fog-7,77
10019,medium,impaired,DRL-OO,fog-8,222
10020,medium,impaired,DT-KF-CostAware,fog-1,175
10020,medium,impaired,DT-KF-CostAware,fog-2,30
10020,medium,impaired,DT-KF-CostAware,fog-3,38
10020,medium,impaired,DT-KF-CostAware,fog-4,178
10020,medium,impaired,DT-KF-CostAware,fog-5,175
10020,medium,impaired,DT-KF-CostAware,fog-6,51
10020,medium,impaired,DT-KF-CostAware,fog-7,176
10020,medium,impaired,DT-KF-CostAware,fog-8,30
10020,medium,impaired,DT-OPT,fog-1,127
10020,medium,impaired,DT-OPT,fog-2,3
10020,medium,impaired,DT-OPT,fog-3,18
10020,medium,impaired,DT-OPT,fog-4,172
10020,medium,impaired,DT-OPT,fog-5,243
10020,medium,impaired,DT-OPT,fog-6,77
10020,medium,impaired,DT-OPT,fog-7,206
10020,medium,impaired,DT-OPT,fog-8,22
10020,medium,impaired,SemiGreedy,fog-1,128
10020,medium,impaired,SemiGreedy,fog-2,0
10020,medium,impaired,SemiGreedy,fog-3,3
10020,medium,impaired,SemiGreedy,fog-4,251
10020,medium,impaired,SemiGreedy,fog-5,57
10020,medium,impaired,SemiGreedy,fog-6,14
10020,medium,impaired,SemiGreedy,fog-7,120
10020,medium,impaired,SemiGreedy,fog-8,0
10020,medium,impaired,Fog-only,fog-1,174
10020,medium,impaired,Fog-only,fog-2,16
10020,medium,impaired,Fog-only,fog-3,40
10020,medium,impaired,Fog-only,fog-4,246
10020,medium,impaired,Fog-only,fog-5,151
10020,medium,impaired,Fog-only,fog-6,66
10020,medium,impaired,Fog-only,fog-7,175
10020,medium,impaired,Fog-only,fog-8,2
10020,medium,impaired,DRL-OO,fog-1,136
10020,medium,impaired,DRL-OO,fog-2,16
10020,medium,impaired,DRL-OO,fog-3,26
10020,medium,impaired,DRL-OO,fog-4,244
10020,medium,impaired,DRL-OO,fog-5,173
10020,medium,impaired,DRL-OO,fog-6,51
10020,medium,impaired,DRL-OO,fog-7,216
10020,medium,impaired,DRL-OO,fog-8,7
10021,medium,impaired,DT-KF-CostAware,fog-1,150
10021,medium,impaired,DT-KF-CostAware,fog-2,22
10021,medium,impaired,DT-KF-CostAware,fog-3,22
10021,medium,impaired,DT-KF-CostAware,fog-4,153
10021,medium,impaired,DT-KF-CostAware,fog-5,154
10021,medium,impaired,DT-KF-CostAware,fog-6,150
10021,medium,impaired,DT-KF-CostAware,fog-7,184
10021,medium,impaired,DT-KF-CostAware,fog-8,25
10021,medium,impaired,DT-OPT,fog-1,191
10021,medium,impaired,DT-OPT,fog-2,7
10021,medium,impaired,DT-OPT,fog-3,57
10021,medium,impaired,DT-OPT,fog-4,142
10021,medium,impaired,DT-OPT,fog-5,234
10021,medium,impaired,DT-OPT,fog-6,95
10021,medium,impaired,DT-OPT,fog-7,136
10021,medium,impaired,DT-OPT,fog-8,9
10021,medium,impaired,SemiGreedy,fog-1,45
10021,medium,impaired,SemiGreedy,fog-2,0
10021,medium,impaired,SemiGreedy,fog-3,0
10021,medium,impaired,SemiGreedy,fog-4,173
10021,medium,impaired,SemiGreedy,fog-5,96
10021,medium,impaired,SemiGreedy,fog-6,12
10021,medium,impaired,SemiGreedy,fog-7,278
10021,medium,impaired,SemiGreedy,fog-8,1
10021,medium,impaired,Fog-only,fog-1,125
10021,medium,impaired,Fog-only,fog-2,11
10021,medium,impaired,Fog-only,fog-3,2
10021,medium,impaired,Fog-only,fog-4,213
10021,medium,impaired,Fog-only,fog-5,176
10021,medium,impaired,Fog-only,fog-6,71
10021,medium,impaired,Fog-only,fog-7,251
10021,medium,impaired,Fog-only,fog-8,25
10021,medium,impaired,DRL-OO,fog-1,161
10021,medium,impaired,DRL-OO,fog-2,20
10021,medium,impaired,DRL-OO,fog-3,34
10021,medium,impaired,DRL-OO,fog-4,78
10021,medium,impaired,DRL-OO,fog-5,147
10021,medium,impaired,DRL-OO,fog-6,90
10021,medium,impaired,DRL-OO,fog-7,303
10021,medium,impaired,DRL-OO,fog-8,27
10022,medium,impaired,DT-KF-CostAware,fog-1,51
10022,medium,impaired,DT-KF-CostAware,fog-2,51
10022,medium,impaired,DT-KF-CostAware,fog-3,124
10022,medium,impaired,DT-KF-CostAware,fog-4,52
10022,medium,impaired,DT-KF-CostAware,fog-5,53
10022,medium,impaired,DT-KF-CostAware,fog-6,266
10022,medium,impaired,DT-KF-CostAware,fog-7,99
10022,medium,impaired,DT-KF-CostAware,fog-8,120
10022,medium,impaired,DT-OPT,fog-1,37
10022,medium,impaired,DT-OPT,fog-2,3
10022,medium,impaired,DT-OPT,fog-3,162
10022,medium,impaired,DT-OPT,fog-4,55
10022,medium,impaired,DT-OPT,fog-5,22
10022,medium,impaired,DT-OPT,fog-6,223
10022,medium,impaired,DT-OPT,fog-7,132
10022,medium,impaired,DT-OPT,fog-8,205
10022,medium,impaired,SemiGreedy,fog-1,3
10022,medium,impaired,SemiGreedy,fog-2,0
10022,medium,impaired,SemiGreedy,fog-3,151
10022,medium,impaired,SemiGreedy,fog-4,1
10022,medium,impaired,SemiGreedy,fog-5,11
10022,medium,impaired,SemiGreedy,fog-6,284
10022,medium,impaired,SemiGreedy,fog-7,18
10022,medium,impaired,SemiGreedy,fog-8,70
10022,medium,impaired,Fog-only,fog-1,22
10022,medium,impaired,Fog-only,fog-2,7
10022,medium,impaired,Fog-only,fog-3,222
10022,medium,impaired,Fog-only,fog-4,20
10022,medium,impaired,Fog-only,fog-5,70
10022,medium,impaired,Fog-only,fog-6,243
10022,medium,impaired,Fog-only,fog-7,100
10022,medium,impaired,Fog-only,fog-8,157
10022,medium,impaired,DRL-OO,fog-1,45
10022,medium,impaired,DRL-OO,fog-2,1
10022,medium,impaired,DRL-OO,fog-3,185
10022,medium,impaired,DRL-OO,fog-4,11
10022,medium,impaired,DRL-OO,fog-5,41
10022,medium,impaired,DRL-OO,fog-6,302
10022,medium,impaired,DRL-OO,fog-7,99
10022,medium,impaired,DRL-OO,fog-8,143
10023,medium,impaired,DT-KF-CostAware,fog-1,15
10023,medium,impaired,DT-KF-CostAware,fog-2,14
10023,medium,impaired,DT-KF-CostAware,fog-3,171
10023,medium,impaired,DT-KF-CostAware,fog-4,172
10023,medium,impaired,DT-KF-CostAware,fog-5,13
10023,medium,impaired,DT-KF-CostAware,fog-6,172
10023,medium,impaired,DT-KF-CostAware,fog-7,171
10023,medium,impaired,DT-KF-CostAware,fog-8,171
10023,medium,impaired,DT-OPT,fog-1,4
10023,medium,impaired,DT-OPT,fog-2,34
10023,medium,impaired,DT-OPT,fog-3,267
10023,medium,impaired,DT-OPT,fog-4,142
10023,medium,impaired,DT-OPT,fog-5,5
10023,medium,impaired,DT-OPT,fog-6,224
10023,medium,impaired,DT-OPT,fog-7,179
10023,medium,impaired,DT-OPT,fog-8,52
10023,medium,impaired,SemiGreedy,fog-1,1
10023,medium,impaired,SemiGreedy,fog-2,6
10023,medium,impaired,SemiGreedy,fog-3,49
10023,medium,impaired,SemiGreedy,fog-4,266
10023,medium,impaired,SemiGreedy,fog-5,0
10023,medium,impaired,SemiGreedy,fog-6,165
10023,medium,impaired,SemiGreedy,fog-7,142
10023,medium,impaired,SemiGreedy,fog-8,16
10023,medium,impaired,Fog-only,fog-1,12
10023,medium,impaired,Fog-only,fog-2,24
10023,medium,impaired,Fog-only,fog-3,135
10023,medium,impaired,Fog-only,fog-4,256
10023,medium,impaired,Fog-only,fog-5,2
10023,medium,impaired,Fog-only,fog-6,216
10023,medium,impaired,Fog-only,fog-7,187
10023,medium,impaired,Fog-only,fog-8,75
10023,medium,impaired,DRL-OO,fog-1,5
10023,medium,impaired,DRL-OO,fog-2,25
10023,medium,impaired,DRL-OO,fog-3,144
10023,medium,impaired,DRL-OO,fog-4,195
10023,medium,impaired,DRL-OO,fog-5,3
10023,medium,impaired,DRL-OO,fog-6,225
10023,medium,impaired,DRL-OO,fog-7,249
10023,medium,impaired,DRL-OO,fog-8,60
10024,medium,impaired,DT-KF-CostAware,fog-1,137
10024,medium,impaired,DT-KF-CostAware,fog-2,148
10024,medium,impaired,DT-KF-CostAware,fog-3,149
10024,medium,impaired,DT-KF-CostAware,fog-4,26
10024,medium,impaired,DT-KF-CostAware,fog-5,146
10024,medium,impaired,DT-KF-CostAware,fog-6,149
10024,medium,impaired,DT-KF-CostAware,fog-7,119
10024,medium,impaired,DT-KF-CostAware,fog-8,16
10024,medium,impaired,DT-OPT,fog-1,77
10024,medium,impaired,DT-OPT,fog-2,236
10024,medium,impaired,DT-OPT,fog-3,175
10024,medium,impaired,DT-OPT,fog-4,15
10024,medium,impaired,DT-OPT,fog-5,134
10024,medium,impaired,DT-OPT,fog-6,205
10024,medium,impaired,DT-OPT,fog-7,57
10024,medium,impaired,DT-OPT,fog-8,5
10024,medium,impaired,SemiGreedy,fog-1,19
10024,medium,impaired,SemiGreedy,fog-2,174
10024,medium,impaired,SemiGreedy,fog-3,94
10024,medium,impaired,SemiGreedy,fog-4,3
10024,medium,impaired,SemiGreedy,fog-5,240
10024,medium,impaired,SemiGreedy,fog-6,45
10024,medium,impaired,SemiGreedy,fog-7,12
10024,medium,impaired,SemiGreedy,fog-8,0
10024,medium,impaired,Fog-only,fog-1,82
10024,medium,impaired,Fog-only,fog-2,197
10024,medium,impaired,Fog-only,fog-3,166
10024,medium,impaired,Fog-only,fog-4,29
10024,medium,impaired,Fog-only,fog-5,214
10024,medium,impaired,Fog-only,fog-6,139
10024,medium,impaired,Fog-only,fog-7,71
10024,medium,impaired,Fog-only,fog-8,13
10024,medium,impaired,DRL-OO,fog-1,80
10024,medium,impaired,DRL-OO,fog-2,232
10024,medium,impaired,DRL-OO,fog-3,145
10024,medium,impaired,DRL-OO,fog-4,15
10024,medium,impaired,DRL-OO,fog-5,228
10024,medium,impaired,DRL-OO,fog-6,150
10024,medium,impaired,DRL-OO,fog-7,53
10024,medium,impaired,DRL-OO,fog-8,1
10025,medium,impaired,DT-KF-CostAware,fog-1,137
10025,medium,impaired,DT-KF-CostAware,fog-2,144
10025,medium,impaired,DT-KF-CostAware,fog-3,144
10025,medium,impaired,DT-KF-CostAware,fog-4,34
10025,medium,impaired,DT-KF-CostAware,fog-5,66
10025,medium,impaired,DT-KF-CostAware,fog-6,91
10025,medium,impaired,DT-KF-CostAware,fog-7,144
10025,medium,impaired,DT-KF-CostAware,fog-8,143
10025,medium,impaired,DT-OPT,fog-1,52
10025,medium,impaired,DT-OPT,fog-2,254
10025,medium,impaired,DT-OPT,fog-3,80
10025,medium,impaired,DT-OPT,fog-4,39
10025,medium,impaired,DT-OPT,fog-5,45
10025,medium,impaired,DT-OPT,fog-6,62
10025,medium,impaired,DT-OPT,fog-7,180
10025,medium,impaired,DT-OPT,fog-8,206
10025,medium,impaired,SemiGreedy,fog-1,19
10025,medium,impaired,SemiGreedy,fog-2,261
10025,medium,impaired,SemiGreedy,fog-3,122
10025,medium,impaired,SemiGreedy,fog-4,0
10025,medium,impaired,SemiGreedy,fog-5,2
10025,medium,impaired,SemiGreedy,fog-6,5
10025,medium,impaired,SemiGreedy,fog-7,193
10025,medium,impaired,SemiGreedy,fog-8,51
10025,medium,impaired,Fog-only,fog-1,82
10025,medium,impaired,Fog-only,fog-2,229
10025,medium,impaired,Fog-only,fog-3,182
10025,medium,impaired,Fog-only,fog-4,5
10025,medium,impaired,Fog-only,fog-5,18
10025,medium,impaired,Fog-only,fog-6,44
10025,medium,impaired,Fog-only,fog-7,224
10025,medium,impaired,Fog-only,fog-8,136
10025,medium,impaired,DRL-OO,fog-1,50
10025,medium,impaired,DRL-OO,fog-2,279
10025,medium,impaired,DRL-OO,fog-3,91
10025,medium,impaired,DRL-OO,fog-4,11
10025,medium,impaired,DRL-OO,fog-5,17
10025,medium,impaired,DRL-OO,fog-6,90
10025,medium,impaired,DRL-OO,fog-7,210
10025,medium,impaired,DRL-OO,fog-8,169
10026,medium,impaired,DT-KF-CostAware,fog-1,175
10026,medium,impaired,DT-KF-CostAware,fog-2,211
10026,medium,impaired,DT-KF-CostAware,fog-3,89
10026,medium,impaired,DT-KF-CostAware,fog-4,90
10026,medium,impaired,DT-KF-CostAware,fog-5,104
10026,medium,impaired,DT-KF-CostAware,fog-6,91
10026,medium,impaired,DT-KF-CostAware,fog-7,90
10026,medium,impaired,DT-KF-CostAware,fog-8,102
10026,medium,impaired,DT-OPT,fog-1,253
10026,medium,impaired,DT-OPT,fog-2,253
10026,medium,impaired,DT-OPT,fog-3,52
10026,medium,impaired,DT-OPT,fog-4,28
10026,medium,impaired,DT-OPT,fog-5,83
10026,medium,impaired,DT-OPT,fog-6,4
10026,medium,impaired,DT-OPT,fog-7,140
10026,medium,impaired,DT-OPT,fog-8,154
10026,medium,impaired,SemiGreedy,fog-1,196
10026,medium,impaired,SemiGreedy,fog-2,286
10026,medium,impaired,SemiGreedy,fog-3,0
10026,medium,impaired,SemiGreedy,fog-4,22
10026,medium,impaired,SemiGreedy,fog-5,112
10026,medium,impaired,SemiGreedy,fog-6,0
10026,medium,impaired,SemiGreedy,fog-7,5
10026,medium,impaired,SemiGreedy,fog-8,49
10026,medium,impaired,Fog-only,fog-1,234
10026,medium,impaired,Fog-only,fog-2,261
10026,medium,impaired,Fog-only,fog-3,13
10026,medium,impaired,Fog-only,fog-4,82
10026,medium,impaired,Fog-only,fog-5,179
10026,medium,impaired,Fog-only,fog-6,16
10026,medium,impaired,Fog-only,fog-7,49
10026,medium,impaired,Fog-only,fog-8,134
10026,medium,impaired,DRL-OO,fog-1,231
10026,medium,impaired,DRL-OO,fog-2,309
10026,medium,impaired,DRL-OO,fog-3,10
10026,medium,impaired,DRL-OO,fog-4,66
10026,medium,impaired,DRL-OO,fog-5,157
10026,medium,impaired,DRL-OO,fog-6,39
10026,medium,impaired,DRL-OO,fog-7,21
10026,medium,impaired,DRL-OO,fog-8,134
10027,medium,impaired,DT-KF-CostAware,fog-1,95
10027,medium,impaired,DT-KF-CostAware,fog-2,152
10027,medium,impaired,DT-KF-CostAware,fog-3,37
10027,medium,impaired,DT-KF-CostAware,fog-4,153
10027,medium,impaired,DT-KF-CostAware,fog-5,156
10027,medium,impaired,DT-KF-CostAware,fog-6,3
10027,medium,impaired,DT-KF-CostAware,fog-7,154
10027,medium,impaired,DT-KF-CostAware,fog-8,152
10027,medium,impaired,DT-OPT,fog-1,55
10027,medium,impaired,DT-OPT,fog-2,129
10027,medium,impaired,DT-OPT,fog-3,27
10027,medium,impaired,DT-OPT,fog-4,233
10027,medium,impaired,DT-OPT,fog-5,65
10027,medium,impaired,DT-OPT,fog-6,2
10027,medium,impaired,DT-OPT,fog-7,115
10027,medium,impaired,DT-OPT,fog-8,283
10027,medium,impaired,SemiGreedy,fog-1,4
10027,medium,impaired,SemiGreedy,fog-2,29
10027,medium,impaired,SemiGreedy,fog-3,1
10027,medium,impaired,SemiGreedy,fog-4,52
10027,medium,impaired,SemiGreedy,fog-5,171
10027,medium,impaired,SemiGreedy,fog-6,0
10027,medium,impaired,SemiGreedy,fog-7,112
10027,medium,impaired,SemiGreedy,fog-8,267
10027,medium,impaired,Fog-only,fog-1,43
10027,medium,impaired,Fog-only,fog-2,99
10027,medium,impaired,Fog-only,fog-3,13
10027,medium,impaired,Fog-only,fog-4,121
10027,medium,impaired,Fog-only,fog-5,204
10027,medium,impaired,Fog-only,fog-6,4
10027,medium,impaired,Fog-only,fog-7,174
10027,medium,impaired,Fog-only,fog-8,251
10027,medium,impaired,DRL-OO,fog-1,54
10027,medium,impaired,DRL-OO,fog-2,150
10027,medium,impaired,DRL-OO,fog-3,22
10027,medium,impaired,DRL-OO,fog-4,236
10027,medium,impaired,DRL-OO,fog-5,86
10027,medium,impaired,DRL-OO,fog-6,4
10027,medium,impaired,DRL-OO,fog-7,73
10027,medium,impaired,DRL-OO,fog-8,280
10028,medium,impaired,DT-KF-CostAware,fog-1,96
10028,medium,impaired,DT-KF-CostAware,fog-2,142
10028,medium,impaired,DT-KF-CostAware,fog-3,74
10028,medium,impaired,DT-KF-CostAware,fog-4,143
10028,medium,impaired,DT-KF-CostAware,fog-5,61
10028,medium,impaired,DT-KF-CostAware,fog-6,143
10028,medium,impaired,DT-KF-CostAware,fog-7,101
10028,medium,impaired,DT-KF-CostAware,fog-8,143
10028,medium,impaired,DT-OPT,fog-1,40
10028,medium,impaired,DT-OPT,fog-2,180
10028,medium,impaired,DT-OPT,fog-3,41
10028,medium,impaired,DT-OPT,fog-4,243
10028,medium,impaired,DT-OPT,fog-5,2
10028,medium,impaired,DT-OPT,fog-6,219
10028,medium,impaired,DT-OPT,fog-7,152
10028,medium,impaired,DT-OPT,fog-8,39
10028,medium,impaired,SemiGreedy,fog-1,0
10028,medium,impaired,SemiGreedy,fog-2,138
10028,medium,impaired,SemiGreedy,fog-3,3
10028,medium,impaired,SemiGreedy,fog-4,44
10028,medium,impaired,SemiGreedy,fog-5,3
10028,medium,impaired,SemiGreedy,fog-6,174
10028,medium,impaired,SemiGreedy,fog-7,17
10028,medium,impaired,SemiGreedy,fog-8,261
10028,medium,impaired,Fog-only,fog-1,8
10028,medium,impaired,Fog-only,fog-2,208
10028,medium,impaired,Fog-only,fog-3,20
10028,medium,impaired,Fog-only,fog-4,123
10028,medium,impaired,Fog-only,fog-5,26
10028,medium,impaired,Fog-only,fog-6,214
10028,medium,impaired,Fog-only,fog-7,68
10028,medium,impaired,Fog-only,fog-8,250
10028,medium,impaired,DRL-OO,fog-1,45
10028,medium,impaired,DRL-OO,fog-2,259
10028,medium,impaired,DRL-OO,fog-3,23
10028,medium,impaired,DRL-OO,fog-4,198
10028,medium,impaired,DRL-OO,fog-5,7
10028,medium,impaired,DRL-OO,fog-6,163
10028,medium,impaired,DRL-OO,fog-7,47
10028,medium,impaired,DRL-OO,fog-8,175
10029,medium,impaired,DT-KF-CostAware,fog-1,28
10029,medium,impaired,DT-KF-CostAware,fog-2,28
10029,medium,impaired,DT-KF-CostAware,fog-3,216
10029,medium,impaired,DT-KF-CostAware,fog-4,212
10029,medium,impaired,DT-KF-CostAware,fog-5,29
10029,medium,impaired,DT-KF-CostAware,fog-6,28
10029,medium,impaired,DT-KF-CostAware,fog-7,167
10029,medium,impaired,DT-KF-CostAware,fog-8,216
10029,medium,impaired,DT-OPT,fog-1,46
10029,medium,impaired,DT-OPT,fog-2,27
10029,medium,impaired,DT-OPT,fog-3,230
10029,medium,impaired,DT-OPT,fog-4,202
10029,medium,impaired,DT-OPT,fog-5,25
10029,medium,impaired,DT-OPT,fog-6,40
10029,medium,impaired,DT-OPT,fog-7,108
10029,medium,impaired,DT-OPT,fog-8,270
10029,medium,impaired,SemiGreedy,fog-1,2
10029,medium,impaired,SemiGreedy,fog-2,1
10029,medium,impaired,SemiGreedy,fog-3,91
10029,medium,impaired,SemiGreedy,fog-4,215
10029,medium,impaired,SemiGreedy,fog-5,10
10029,medium,impaired,SemiGreedy,fog-6,3
10029,medium,impaired,SemiGreedy,fog-7,83
10029,medium,impaired,SemiGreedy,fog-8,232
10029,medium,impaired,Fog-only,fog-1,17
10029,medium,impaired,Fog-only,fog-2,21
10029,medium,impaired,Fog-only,fog-3,169
10029,medium,impaired,Fog-only,fog-4,237
10029,medium,impaired,Fog-only,fog-5,66
10029,medium,impaired,Fog-only,fog-6,26
10029,medium,impaired,Fog-only,fog-7,178
10029,medium,impaired,Fog-only,fog-8,238
10029,medium,impaired,DRL-OO,fog-1,6
10029,medium,impaired,DRL-OO,fog-2,20
10029,medium,impaired,DRL-OO,fog-3,224
10029,medium,impaired,DRL-OO,fog-4,229
10029,medium,impaired,DRL-OO,fog-5,36
10029,medium,impaired,DRL-OO,fog-6,48
10029,medium,impaired,DRL-OO,fog-7,125
10029,medium,impaired,DRL-OO,fog-8,243
10000,high,impaired,DT-KF-CostAware,fog-1,91
10000,high,impaired,DT-KF-CostAware,fog-2,79
10000,high,impaired,DT-KF-CostAware,fog-3,238
10000,high,impaired,DT-KF-CostAware,fog-4,153
10000,high,impaired,DT-KF-CostAware,fog-5,163
10000,high,impaired,DT-KF-CostAware,fog-6,241
10000,high,impaired,DT-KF-CostAware,fog-7,179
10000,high,impaired,DT-KF-CostAware,fog-8,81
10000,high,impaired,DT-OPT,fog-1,105
10000,high,impaired,DT-OPT,fog-2,27
10000,high,impaired,DT-OPT,fog-3,208
10000,high,impaired,DT-OPT,fog-4,168
10000,high,impaired,DT-OPT,fog-5,195
10000,high,impaired,DT-OPT,fog-6,227
10000,high,impaired,DT-OPT,fog-7,189
10000,high,impaired,DT-OPT,fog-8,42
10000,high,impaired,SemiGreedy,fog-1,48
10000,high,impaired,SemiGreedy,fog-2,23
10000,high,impaired,SemiGreedy,fog-3,234
10000,high,impaired,SemiGreedy,fog-4,106
10000,high,impaired,SemiGreedy,fog-5,157
10000,high,impaired,SemiGreedy,fog-6,307
10000,high,impaired,SemiGreedy,fog-7,193
10000,high,impaired,SemiGreedy,fog-8,55
10000,high,impaired,Fog-only,fog-1,188
10000,high,impaired,Fog-only,fog-2,173
10000,high,impaired,Fog-only,fog-3,185
10000,high,impaired,Fog-only,fog-4,192
10000,high,impaired,Fog-only,fog-5,227
10000,high,impaired,Fog-only,fog-6,173
10000,high,impaired,Fog-only,fog-7,212
10000,high,impaired,Fog-only,fog-8,200
10000,high,impaired,DRL-OO,fog-1,25
10000,high,impaired,DRL-OO,fog-2,32
10000,high,impaired,DRL-OO,fog-3,221
10000,high,impaired,DRL-OO,fog-4,127
10000,high,impaired,DRL-OO,fog-5,150
10000,high,impaired,DRL-OO,fog-6,268
10000,high,impaired,DRL-OO,fog-7,194
10000,high,impaired,DRL-OO,fog-8,39
10001,high,impaired,DT-KF-CostAware,fog-1,150
10001,high,impaired,DT-KF-CostAware,fog-2,136
10001,high,impaired,DT-KF-CostAware,fog-3,199
10001,high,impaired,DT-KF-CostAware,fog-4,196
10001,high,impaired,DT-KF-CostAware,fog-5,204
10001,high,impaired,DT-KF-CostAware,fog-6,132
10001,high,impaired,DT-KF-CostAware,fog-7,105
10001,high,impaired,DT-KF-CostAware,fog-8,193
10001,high,impaired,DT-OPT,fog-1,163
10001,high,impaired,DT-OPT,fog-2,135
10001,high,impaired,DT-OPT,fog-3,210
10001,high,impaired,DT-OPT,fog-4,218
10001,high,impaired,DT-OPT,fog-5,212
10001,high,impaired,DT-OPT,fog-6,72
10001,high,impaired,DT-OPT,fog-7,91
10001,high,impaired,DT-OPT,fog-8,187
10001,high,impaired,SemiGreedy,fog-1,112
10001,high,impaired,SemiGreedy,fog-2,66
10001,high,impaired,SemiGreedy,fog-3,264
10001,high,impaired,SemiGreedy,fog-4,206
10001,high,impaired,SemiGreedy,fog-5,248
10001,high,impaired,SemiGreedy,fog-6,37
10001,high,impaired,SemiGreedy,fog-7,18
10001,high,impaired,SemiGreedy,fog-8,154
10001,high,impaired,Fog-only,fog-1,205
10001,high,impaired,Fog-only,fog-2,198
10001,high,impaired,Fog-only,fog-3,204
10001,high,impaired,Fog-only,fog-4,197
10001,high,impaired,Fog-only,fog-5,186
10001,high,impaired,Fog-only,fog-6,183
10001,high,impaired,Fog-only,fog-7,146
10001,high,impaired,Fog-only,fog-8,225
10001,high,impaired,DRL-OO,fog-1,137
10001,high,impaired,DRL-OO,fog-2,93
10001,high,impaired,DRL-OO,fog-3,221
10001,high,impaired,DRL-OO,fog-4,221
10001,high,impaired,DRL-OO,fog-5,229
10001,high,impaired,DRL-OO,fog-6,44
10001,high,impaired,DRL-OO,fog-7,20
10001,high,impaired,DRL-OO,fog-8,182
10002,high,impaired,DT-KF-CostAware,fog-1,165
10002,high,impaired,DT-KF-CostAware,fog-2,160
10002,high,impaired,DT-KF-CostAware,fog-3,168
10002,high,impaired,DT-KF-CostAware,fog-4,195
10002,high,impaired,DT-KF-CostAware,fog-5,162
10002,high,impaired,DT-KF-CostAware,fog-6,155
10002,high,impaired,DT-KF-CostAware,fog-7,199
10002,high,impaired,DT-KF-CostAware,fog-8,165
10002,high,impaired,DT-OPT,fog-1,199
10002,high,impaired,DT-OPT,fog-2,71
10002,high,impaired,DT-OPT,fog-3,182
10002,high,impaired,DT-OPT,fog-4,220
10002,high,impaired,DT-OPT,fog-5,83
10002,high,impaired,DT-OPT,fog-6,144
10002,high,impaired,DT-OPT,fog-7,217
10002,high,impaired,DT-OPT,fog-8,216
10002,high,impaired,SemiGreedy,fog-1,50
10002,high,impaired,SemiGreedy,fog-2,43
10002,high,impaired,SemiGreedy,fog-3,210
10002,high,impaired,SemiGreedy,fog-4,244
10002,high,impaired,SemiGreedy,fog-5,142
10002,high,impaired,SemiGreedy,fog-6,133
10002,high,impaired,SemiGreedy,fog-7,269
10002,high,impaired,SemiGreedy,fog-8,93
10002,high,impaired,Fog-only,fog-1,179
10002,high,impaired,Fog-only,fog-2,185
10002,high,impaired,Fog-only,fog-3,211
10002,high,impaired,Fog-only,fog-4,208
10002,high,impaired,Fog-only,fog-5,216
10002,high,impaired,Fog-only,fog-6,214
10002,high,impaired,Fog-only,fog-7,176
10002,high,impaired,Fog-only,fog-8,200
10002,high,impaired,DRL-OO,fog-1,75
10002,high,impaired,DRL-OO,fog-2,48
10002,high,impaired,DRL-OO,fog-3,219
10002,high,impaired,DRL-OO,fog-4,241
10002,high,impaired,DRL-OO,fog-5,126
10002,high,impaired,DRL-OO,fog-6,121
10002,high,impaired,DRL-OO,fog-7,214
10002,high,impaired,DRL-OO,fog-8,168
10003,high,impaired,DT-KF-CostAware,fog-1,60
10003,high,impaired,DT-KF-CostAware,fog-2,183
10003,high,impaired,DT-KF-CostAware,fog-3,184
10003,high,impaired,DT-KF-CostAware,fog-4,187
10003,high,impaired,DT-KF-CostAware,fog-5,181
10003,high,impaired,DT-KF-CostAware,fog-6,182
10003,high,impaired,DT-KF-CostAware,fog-7,176
10003,high,impaired,DT-KF-CostAware,fog-8,182
10003,high,impaired,DT-OPT,fog-1,65
10003,high,impaired,DT-OPT,fog-2,222
10003,high,impaired,DT-OPT,fog-3,215
10003,high,impaired,DT-OPT,fog-4,215
10003,high,impaired,DT-OPT,fog-5,180
10003,high,impaired,DT-OPT,fog-6,140
10003,high,impaired,DT-OPT,fog-7,105
10003,high,impaired,DT-OPT,fog-8,171
10003,high,impaired,SemiGreedy,fog-1,19
10003,high,impaired,SemiGreedy,fog-2,237
10003,high,impaired,SemiGreedy,fog-3,134
10003,high,impaired,SemiGreedy,fog-4,227
10003,high,impaired,SemiGreedy,fog-5,187
10003,high,impaired,SemiGreedy,fog-6,52
10003,high,impaired,SemiGreedy,fog-7,95
10003,high,impaired,SemiGreedy,fog-8,196
10003,high,impaired,Fog-only,fog-1,134
10003,high,impaired,Fog-only,fog-2,224
10003,high,impaired,Fog-only,fog-3,201
10003,high,impaired,Fog-only,fog-4,205
10003,high,impaired,Fog-only,fog-5,184
10003,high,impaired,Fog-only,fog-6,178
10003,high,impaired,Fog-only,fog-7,200
10003,high,impaired,Fog-only,fog-8,223
10003,high,impaired,DRL-OO,fog-1,22
10003,high,impaired,DRL-OO,fog-2,251
10003,high,impaired,DRL-OO,fog-3,179
10003,high,impaired,DRL-OO,fog-4,200
10003,high,impaired,DRL-OO,fog-5,165
10003,high,impaired,DRL-OO,fog-6,90
10003,high,impaired,DRL-OO,fog-7,96
10003,high,impaired,DRL-OO,fog-8,223
10004,high,impaired,DT-KF-CostAware,fog-1,210
10004,high,impaired,DT-KF-CostAware,fog-2,212
10004,high,impaired,DT-KF-CostAware,fog-3,206
10004,high,impaired,DT-KF-CostAware,fog-4,201
10004,high,impaired,DT-KF-CostAware,fog-5,94
10004,high,impaired,DT-KF-CostAware,fog-6,205
10004,high,impaired,DT-KF-CostAware,fog-7,206
10004,high,impaired,DT-KF-CostAware,fog-8,99
10004,high,impaired,DT-OPT,fog-1,251
10004,high,impaired,DT-OPT,fog-2,223
10004,high,impaired,DT-OPT,fog-3,219
10004,high,impaired,DT-OPT,fog-4,156
10004,high,impaired,DT-OPT,fog-5,85
10004,high,impaired,DT-OPT,fog-6,195
10004,high,impaired,DT-OPT,fog-7,230
10004,high,impaired,DT-OPT,fog-8,52
10004,high,impaired,SemiGreedy,fog-1,280
10004,high,impaired,SemiGreedy,fog-2,132
10004,high,impaired,SemiGreedy,fog-3,229
10004,high,impaired,SemiGreedy,fog-4,106
10004,high,impaired,SemiGreedy,fog-5,37
10004,high,impaired,SemiGreedy,fog-6,206
10004,high,impaired,SemiGreedy,fog-7,173
10004,high,impaired,SemiGreedy,fog-8,14
10004,high,impaired,Fog-only,fog-1,196
10004,high,impaired,Fog-only,fog-2,204
10004,high,impaired,Fog-only,fog-3,225
10004,high,impaired,Fog-only,fog-4,207
10004,high,impaired,Fog-only,fog-5,165
10004,high,impaired,Fog-only,fog-6,217
10004,high,impaired,Fog-only,fog-7,225
10004,high,impaired,Fog-only,fog-8,123
10004,high,impaired,DRL-OO,fog-1,250
10004,high,impaired,DRL-OO,fog-2,196
10004,high,impaired,DRL-OO,fog-3,226
10004,high,impaired,DRL-OO,fog-4,144
10004,high,impaired,DRL-OO,fog-5,66
10004,high,impaired,DRL-OO,fog-6,205
10004,high,impaired,DRL-OO,fog-7,218
10004,high,impaired,DRL-OO,fog-8,16
10005,high,impaired,DT-KF-CostAware,fog-1,211
10005,high,impaired,DT-KF-CostAware,fog-2,207
10005,high,impaired,DT-KF-CostAware,fog-3,133
10005,high,impaired,DT-KF-CostAware,fog-4,211
10005,high,impaired,DT-KF-CostAware,fog-5,132
10005,high,impaired,DT-KF-CostAware,fog-6,213
10005,high,impaired,DT-KF-CostAware,fog-7,144
10005,high,impaired,DT-KF-CostAware,fog-8,129
10005,high,impaired,DT-OPT,fog-1,197
10005,high,impaired,DT-OPT,fog-2,216
10005,high,impaired,DT-OPT,fog-3,138
10005,high,impaired,DT-OPT,fog-4,221
10005,high,impaired,DT-OPT,fog-5,149
10005,high,impaired,DT-OPT,fog-6,210
10005,high,impaired,DT-OPT,fog-7,144
10005,high,impaired,DT-OPT,fog-8,96
10005,high,impaired,SemiGreedy,fog-1,248
10005,high,impaired,SemiGreedy,fog-2,184
10005,high,impaired,SemiGreedy,fog-3,126
10005,high,impaired,SemiGreedy,fog-4,278
10005,high,impaired,SemiGreedy,fog-5,32
10005,high,impaired,SemiGreedy,fog-6,221
10005,high,impaired,SemiGreedy,fog-7,84
10005,high,impaired,SemiGreedy,fog-8,62
10005,high,impaired,Fog-only,fog-1,198
10005,high,impaired,Fog-only,fog-2,220
10005,high,impaired,Fog-only,fog-3,219
10005,high,impaired,Fog-only,fog-4,178
10005,high,impaired,Fog-only,fog-5,173
10005,high,impaired,Fog-only,fog-6,222
10005,high,impaired,Fog-only,fog-7,211
10005,high,impaired,Fog-only,fog-8,184
10005,high,impaired,DRL-OO,fog-1,237
10005,high,impaired,DRL-OO,fog-2,195
10005,high,impaired,DRL-OO,fog-3,126
10005,high,impaired,DRL-OO,fog-4,249
10005,high,impaired,DRL-OO,fog-5,46
10005,high,impaired,DRL-OO,fog-6,185
10005,high,impaired,DRL-OO,fog-7,128
10005,high,impaired,DRL-OO,fog-8,65
10006,high,impaired,DT-KF-CostAware,fog-1,127
10006,high,impaired,DT-KF-CostAware,fog-2,220
10006,high,impaired,DT-KF-CostAware,fog-3,236
10006,high,impaired,DT-KF-CostAware,fog-4,89
10006,high,impaired,DT-KF-CostAware,fog-5,129
10006,high,impaired,DT-KF-CostAware,fog-6,127
10006,high,impaired,DT-KF-CostAware,fog-7,241
10006,high,impaired,DT-KF-CostAware,fog-8,128
10006,high,impaired,DT-OPT,fog-1,108
10006,high,impaired,DT-OPT,fog-2,215
10006,high,impaired,DT-OPT,fog-3,225
10006,high,impaired,DT-OPT,fog-4,48
10006,high,impaired,DT-OPT,fog-5,183
10006,high,impaired,DT-OPT,fog-6,128
10006,high,impaired,DT-OPT,fog-7,232
10006,high,impaired,DT-OPT,fog-8,133
10006,high,impaired,SemiGreedy,fog-1,60
10006,high,impaired,SemiGreedy,fog-2,215
10006,high,impaired,SemiGreedy,fog-3,306
10006,high,impaired,SemiGreedy,fog-4,20
10006,high,impaired,SemiGreedy,fog-5,97
10006,high,impaired,SemiGreedy,fog-6,142
10006,high,impaired,SemiGreedy,fog-7,279
10006,high,impaired,SemiGreedy,fog-8,38
10006,high,impaired,Fog-only,fog-1,206
10006,high,impaired,Fog-only,fog-2,211
10006,high,impaired,Fog-only,fog-3,175
10006,high,impaired,Fog-only,fog-4,181
10006,high,impaired,Fog-only,fog-5,217
10006,high,impaired,Fog-only,fog-6,220
10006,high,impaired,Fog-only,fog-7,189
10006,high,impaired,Fog-only,fog-8,201
10006,high,impaired,DRL-OO,fog-1,52
10006,high,impaired,DRL-OO,fog-2,185
10006,high,impaired,DRL-OO,fog-3,273
10006,high,impaired,DRL-OO,fog-4,16
10006,high,impaired,DRL-OO,fog-5,139
10006,high,impaired,DRL-OO,fog-6,170
10006,high,impaired,DRL-OO,fog-7,230
10006,high,impaired,DRL-OO,fog-8,54
10007,high,impaired,DT-KF-CostAware,fog-1,211
10007,high,impaired,DT-KF-CostAware,fog-2,78
10007,high,impaired,DT-KF-CostAware,fog-3,151
10007,high,impaired,DT-KF-CostAware,fog-4,215
10007,high,impaired,DT-KF-CostAware,fog-5,140
10007,high,impaired,DT-KF-CostAware,fog-6,161
10007,high,impaired,DT-KF-CostAware,fog-7,214
10007,high,impaired,DT-KF-CostAware,fog-8,215
10007,high,impaired,DT-OPT,fog-1,199
10007,high,impaired,DT-OPT,fog-2,37
10007,high,impaired,DT-OPT,fog-3,139
10007,high,impaired,DT-OPT,fog-4,232
10007,high,impaired,DT-OPT,fog-5,118
10007,high,impaired,DT-OPT,fog-6,198
10007,high,impaired,DT-OPT,fog-7,225
10007,high,impaired,DT-OPT,fog-8,207
10007,high,impaired,SemiGreedy,fog-1,206
10007,high,impaired,SemiGreedy,fog-2,24
10007,high,impaired,SemiGreedy,fog-3,73
10007,high,impaired,SemiGreedy,fog-4,258
10007,high,impaired,SemiGreedy,fog-5,44
10007,high,impaired,SemiGreedy,fog-6,115
10007,high,impaired,SemiGreedy,fog-7,206
10007,high,impaired,SemiGreedy,fog-8,247
10007,high,impaired,Fog-only,fog-1,210
10007,high,impaired,Fog-only,fog-2,142
10007,high,impaired,Fog-only,fog-3,208
10007,high,impaired,Fog-only,fog-4,198
10007,high,impaired,Fog-only,fog-5,183
10007,high,impaired,Fog-only,fog-6,223
10007,high,impaired,Fog-only,fog-7,228
10007,high,impaired,Fog-only,fog-8,198
10007,high,impaired,DRL-OO,fog-1,212
10007,high,impaired,DRL-OO,fog-2,23
10007,high,impaired,DRL-OO,fog-3,113
10007,high,impaired,DRL-OO,fog-4,251
10007,high,impaired,DRL-OO,fog-5,52
10007,high,impaired,DRL-OO,fog-6,132
10007,high,impaired,DRL-OO,fog-7,244
10007,high,impaired,DRL-OO,fog-8,210
10008,high,impaired,DT-KF-CostAware,fog-1,241
10008,high,impaired,DT-KF-CostAware,fog-2,152
10008,high,impaired,DT-KF-CostAware,fog-3,159
10008,high,impaired,DT-KF-CostAware,fog-4,120
10008,high,impaired,DT-KF-CostAware,fog-5,155
10008,high,impaired,DT-KF-CostAware,fog-6,232
10008,high,impaired,DT-KF-CostAware,fog-7,204
10008,high,impaired,DT-KF-CostAware,fog-8,141
10008,high,impaired,DT-OPT,fog-1,221
10008,high,impaired,DT-OPT,fog-2,132
10008,high,impaired,DT-OPT,fog-3,162
10008,high,impaired,DT-OPT,fog-4,61
10008,high,impaired,DT-OPT,fog-5,185
10008,high,impaired,DT-OPT,fog-6,228
10008,high,impaired,DT-OPT,fog-7,209
10008,high,impaired,DT-OPT,fog-8,160
10008,high,impaired,SemiGreedy,fog-1,276
10008,high,impaired,SemiGreedy,fog-2,102
10008,high,impaired,SemiGreedy,fog-3,163
10008,high,impaired,SemiGreedy,fog-4,27
10008,high,impaired,SemiGreedy,fog-5,130
10008,high,impaired,SemiGreedy,fog-6,243
10008,high,impaired,SemiGreedy,fog-7,211
10008,high,impaired,SemiGreedy,fog-8,46
10008,high,impaired,Fog-only,fog-1,193
10008,high,impaired,Fog-only,fog-2,210
10008,high,impaired,Fog-only,fog-3,216
10008,high,impaired,Fog-only,fog-4,163
10008,high,impaired,Fog-only,fog-5,227
10008,high,impaired,Fog-only,fog-6,218
10008,high,impaired,Fog-only,fog-7,212
10008,high,impaired,Fog-only,fog-8,186
10008,high,impaired,DRL-OO,fog-1,252
10008,high,impaired,DRL-OO,fog-2,122
10008,high,impaired,DRL-OO,fog-3,189
10008,high,impaired,DRL-OO,fog-4,24
10008,high,impaired,DRL-OO,fog-5,151
10008,high,impaired,DRL-OO,fog-6,221
10008,high,impaired,DRL-OO,fog-7,218
10008,high,impaired,DRL-OO,fog-8,55
10009,high,impaired,DT-KF-CostAware,fog-1,193
10009,high,impaired,DT-KF-CostAware,fog-2,195
10009,high,impaired,DT-KF-CostAware,fog-3,108
10009,high,impaired,DT-KF-CostAware,fog-4,110
10009,high,impaired,DT-KF-CostAware,fog-5,110
10009,high,impaired,DT-KF-CostAware,fog-6,196
10009,high,impaired,DT-KF-CostAware,fog-7,190
10009,high,impaired,DT-KF-CostAware,fog-8,189
10009,high,impaired,DT-OPT,fog-1,183
10009,high,impaired,DT-OPT,fog-2,221
10009,high,impaired,DT-OPT,fog-3,80
10009,high,impaired,DT-OPT,fog-4,65
10009,high,impaired,DT-OPT,fog-5,135
10009,high,impaired,DT-OPT,fog-6,184
10009,high,impaired,DT-OPT,fog-7,190
10009,high,impaired,DT-OPT,fog-8,208
10009,high,impaired,SemiGreedy,fog-1,236
10009,high,impaired,SemiGreedy,fog-2,137
10009,high,impaired,SemiGreedy,fog-3,24
10009,high,impaired,SemiGreedy,fog-4,84
10009,high,impaired,SemiGreedy,fog-5,48
10009,high,impaired,SemiGreedy,fog-6,202
10009,high,impaired,SemiGreedy,fog-7,179
10009,high,impaired,SemiGreedy,fog-8,258
10009,high,impaired,Fog-only,fog-1,179
10009,high,impaired,Fog-only,fog-2,218
10009,high,impaired,Fog-only,fog-3,186
10009,high,impaired,Fog-only,fog-4,211
10009,high,impaired,Fog-only,fog-5,197
10009,high,impaired,Fog-only,fog-6,204
10009,high,impaired,Fog-only,fog-7,220
10009,high,impaired,Fog-only,fog-8,192
10009,high,impaired,DRL-OO,fog-1,204
10009,high,impaired,DRL-OO,fog-2,164
10009,high,impaired,DRL-OO,fog-3,25
10009,high,impaired,DRL-OO,fog-4,63
10009,high,impaired,DRL-OO,fog-5,82
10009,high,impaired,DRL-OO,fog-6,146
10009,high,impaired,DRL-OO,fog-7,221
10009,high,impaired,DRL-OO,fog-8,227
10010,high,impaired,DT-KF-CostAware,fog-1,211
10010,high,impaired,DT-KF-CostAware,fog-2,117
10010,high,impaired,DT-KF-CostAware,fog-3,116
10010,high,impaired,DT-KF-CostAware,fog-4,212
10010,high,impaired,DT-KF-CostAware,fog-5,210
10010,high,impaired,DT-KF-CostAware,fog-6,211
10010,high,impaired,DT-KF-CostAware,fog-7,116
10010,high,impaired,DT-KF-CostAware,fog-8,211
10010,high,impaired,DT-OPT,fog-1,171
10010,high,impaired,DT-OPT,fog-2,113
10010,high,impaired,DT-OPT,fog-3,47
10010,high,impaired,DT-OPT,fog-4,219
10010,high,impaired,DT-OPT,fog-5,215
10010,high,impaired,DT-OPT,fog-6,221
10010,high,impaired,DT-OPT,fog-7,164
10010,high,impaired,DT-OPT,fog-8,219
10010,high,impaired,SemiGreedy,fog-1,266
10010,high,impaired,SemiGreedy,fog-2,49
10010,high,impaired,SemiGreedy,fog-3,23
10010,high,impaired,SemiGreedy,fog-4,226
10010,high,impaired,SemiGreedy,fog-5,141
10010,high,impaired,SemiGreedy,fog-6,249
10010,high,impaired,SemiGreedy,fog-7,86
10010,high,impaired,SemiGreedy,fog-8,191
10010,high,impaired,Fog-only,fog-1,207
10010,high,impaired,Fog-only,fog-2,189
10010,high,impaired,Fog-only,fog-3,178
10010,high,impaired,Fog-only,fog-4,208
10010,high,impaired,Fog-only,fog-5,223
10010,high,impaired,Fog-only,fog-6,209
10010,high,impaired,Fog-only,fog-7,206
10010,high,impaired,Fog-only,fog-8,197
10010,high,impaired,DRL-OO,fog-1,228
10010,high,impaired,DRL-OO,fog-2,66
10010,high,impaired,DRL-OO,fog-3,23
10010,high,impaired,DRL-OO,fog-4,205
10010,high,impaired,DRL-OO,fog-5,173
10010,high,impaired,DRL-OO,fog-6,230
10010,high,impaired,DRL-OO,fog-7,100
10010,high,impaired,DRL-OO,fog-8,216
10011,high,impaired,DT-KF-CostAware,fog-1,155
10011,high,impaired,DT-KF-CostAware,fog-2,215
10011,high,impaired,DT-KF-CostAware,fog-3,100
10011,high,impaired,DT-KF-CostAware,fog-4,234
10011,high,impaired,DT-KF-CostAware,fog-5,197
10011,high,impaired,DT-KF-CostAware,fog-6,140
10011,high,impaired,DT-KF-CostAware,fog-7,102
10011,high,impaired,DT-KF-CostAware,fog-8,116
10011,high,impaired,DT-OPT,fog-1,156
10011,high,impaired,DT-OPT,fog-2,220
10011,high,impaired,DT-OPT,fog-3,43
10011,high,impaired,DT-OPT,fog-4,237
10011,high,impaired,DT-OPT,fog-5,206
10011,high,impaired,DT-OPT,fog-6,175
10011,high,impaired,DT-OPT,fog-7,76
10011,high,impaired,DT-OPT,fog-8,107
10011,high,impaired,SemiGreedy,fog-1,177
10011,high,impaired,SemiGreedy,fog-2,203
10011,high,impaired,SemiGreedy,fog-3,52
10011,high,impaired,SemiGreedy,fog-4,285
10011,high,impaired,SemiGreedy,fog-5,234
10011,high,impaired,SemiGreedy,fog-6,117
10011,high,impaired,SemiGreedy,fog-7,28
10011,high,impaired,SemiGreedy,fog-8,81
10011,high,impaired,Fog-only,fog-1,218
10011,high,impaired,Fog-only,fog-2,197
10011,high,impaired,Fog-only,fog-3,208
10011,high,impaired,Fog-only,fog-4,192
10011,high,impaired,Fog-only,fog-5,203
10011,high,impaired,Fog-only,fog-6,223
10011,high,impaired,Fog-only,fog-7,186
10011,high,impaired,Fog-only,fog-8,216
10011,high,impaired,DRL-OO,fog-1,161
10011,high,impaired,DRL-OO,fog-2,205
10011,high,impaired,DRL-OO,fog-3,26
10011,high,impaired,DRL-OO,fog-4,247
10011,high,impaired,DRL-OO,fog-5,210
10011,high,impaired,DRL-OO,fog-6,135
10011,high,impaired,DRL-OO,fog-7,15
10011,high,impaired,DRL-OO,fog-8,73
10012,high,impaired,DT-KF-CostAware,fog-1,184
10012,high,impaired,DT-KF-CostAware,fog-2,74
10012,high,impaired,DT-KF-CostAware,fog-3,183
10012,high,impaired,DT-KF-CostAware,fog-4,185
10012,high,impaired,DT-KF-CostAware,fog-5,185
10012,high,impaired,DT-KF-CostAware,fog-6,183
10012,high,impaired,DT-KF-CostAware,fog-7,174
10012,high,impaired,DT-KF-CostAware,fog-8,185
10012,high,impaired,DT-OPT,fog-1,123
10012,high,impaired,DT-OPT,fog-2,62
10012,high,impaired,DT-OPT,fog-3,166
10012,high,impaired,DT-OPT,fog-4,179
10012,high,impaired,DT-OPT,fog-5,218
10012,high,impaired,DT-OPT,fog-6,216
10012,high,impaired,DT-OPT,fog-7,159
10012,high,impaired,DT-OPT,fog-8,207
10012,high,impaired,SemiGreedy,fog-1,86
10012,high,impaired,SemiGreedy,fog-2,16
10012,high,impaired,SemiGreedy,fog-3,248
10012,high,impaired,SemiGreedy,fog-4,266
10012,high,impaired,SemiGreedy,fog-5,125
10012,high,impaired,SemiGreedy,fog-6,181
10012,high,impaired,SemiGreedy,fog-7,54
10012,high,impaired,SemiGreedy,fog-8,214
10012,high,impaired,Fog-only,fog-1,213
10012,high,impaired,Fog-only,fog-2,147
10012,high,impaired,Fog-only,fog-3,213
10012,high,impaired,Fog-only,fog-4,194
10012,high,impaired,Fog-only,fog-5,217
10012,high,impaired,Fog-only,fog-6,203
10012,high,impaired,Fog-only,fog-7,185
10012,high,impaired,Fog-only,fog-8,216
10012,high,impaired,DRL-OO,fog-1,141
10012,high,impaired,DRL-OO,fog-2,13
10012,high,impaired,DRL-OO,fog-3,196
10012,high,impaired,DRL-OO,fog-4,239
10012,high,impaired,DRL-OO,fog-5,142
10012,high,impaired,DRL-OO,fog-6,216
10012,high,impaired,DRL-OO,fog-7,80
10012,high,impaired,DRL-OO,fog-8,208
10013,high,impaired,DT-KF-CostAware,fog-1,133
10013,high,impaired,DT-KF-CostAware,fog-2,148
10013,high,impaired,DT-KF-CostAware,fog-3,87
10013,high,impaired,DT-KF-CostAware,fog-4,148
10013,high,impaired,DT-KF-CostAware,fog-5,227
10013,high,impaired,DT-KF-CostAware,fog-6,151
10013,high,impaired,DT-KF-CostAware,fog-7,153
10013,high,impaired,DT-KF-CostAware,fog-8,197
10013,high,impaired,DT-OPT,fog-1,86
10013,high,impaired,DT-OPT,fog-2,205
10013,high,impaired,DT-OPT,fog-3,33
10013,high,impaired,DT-OPT,fog-4,121
10013,high,impaired,DT-OPT,fog-5,238
10013,high,impaired,DT-OPT,fog-6,185
10013,high,impaired,DT-OPT,fog-7,134
10013,high,impaired,DT-OPT,fog-8,204
10013,high,impaired,SemiGreedy,fog-1,69
10013,high,impaired,SemiGreedy,fog-2,184
10013,high,impaired,SemiGreedy,fog-3,29
10013,high,impaired,SemiGreedy,fog-4,53
10013,high,impaired,SemiGreedy,fog-5,295
10013,high,impaired,SemiGreedy,fog-6,144
10013,high,impaired,SemiGreedy,fog-7,101
10013,high,impaired,SemiGreedy,fog-8,257
10013,high,impaired,Fog-only,fog-1,213
10013,high,impaired,Fog-only,fog-2,213
10013,high,impaired,Fog-only,fog-3,204
10013,high,impaired,Fog-only,fog-4,210
10013,high,impaired,Fog-only,fog-5,175
10013,high,impaired,Fog-only,fog-6,197
10013,high,impaired,Fog-only,fog-7,218
10013,high,impaired,Fog-only,fog-8,181
10013,high,impaired,DRL-OO,fog-1,33
10013,high,impaired,DRL-OO,fog-2,188
10013,high,impaired,DRL-OO,fog-3,12
10013,high,impaired,DRL-OO,fog-4,67
10013,high,impaired,DRL-OO,fog-5,246
10013,high,impaired,DRL-OO,fog-6,159
10013,high,impaired,DRL-OO,fog-7,102
10013,high,impaired,DRL-OO,fog-8,223
10014,high,impaired,DT-KF-CostAware,fog-1,172
10014,high,impaired,DT-KF-CostAware,fog-2,170
10014,high,impaired,DT-KF-CostAware,fog-3,140
10014,high,impaired,DT-KF-CostAware,fog-4,173
10014,high,impaired,DT-KF-CostAware,fog-5,180
10014,high,impaired,DT-KF-CostAware,fog-6,140
10014,high,impaired,DT-KF-CostAware,fog-7,141
10014,high,impaired,DT-KF-CostAware,fog-8,175
10014,high,impaired,DT-OPT,fog-1,177
10014,high,impaired,DT-OPT,fog-2,196
10014,high,impaired,DT-OPT,fog-3,125
10014,high,impaired,DT-OPT,fog-4,143
10014,high,impaired,DT-OPT,fog-5,209
10014,high,impaired,DT-OPT,fog-6,71
10014,high,impaired,DT-OPT,fog-7,142
10014,high,impaired,DT-OPT,fog-8,193
10014,high,impaired,SemiGreedy,fog-1,229
10014,high,impaired,SemiGreedy,fog-2,136
10014,high,impaired,SemiGreedy,fog-3,66
10014,high,impaired,SemiGreedy,fog-4,200
10014,high,impaired,SemiGreedy,fog-5,256
10014,high,impaired,SemiGreedy,fog-6,93
10014,high,impaired,SemiGreedy,fog-7,36
10014,high,impaired,SemiGreedy,fog-8,174
10014,high,impaired,Fog-only,fog-1,176
10014,high,impaired,Fog-only,fog-2,193
10014,high,impaired,Fog-only,fog-3,220
10014,high,impaired,Fog-only,fog-4,204
10014,high,impaired,Fog-only,fog-5,190
10014,high,impaired,Fog-only,fog-6,213
10014,high,impaired,Fog-only,fog-7,191
10014,high,impaired,Fog-only,fog-8,222
10014,high,impaired,DRL-OO,fog-1,212
10014,high,impaired,DRL-OO,fog-2,172
10014,high,impaired,DRL-OO,fog-3,69
10014,high,impaired,DRL-OO,fog-4,165
10014,high,impaired,DRL-OO,fog-5,217
10014,high,impaired,DRL-OO,fog-6,87
10014,high,impaired,DRL-OO,fog-7,51
10014,high,impaired,DRL-OO,fog-8,204
10015,high,impaired,DT-KF-CostAware,fog-1,191
10015,high,impaired,DT-KF-CostAware,fog-2,169
10015,high,impaired,DT-KF-CostAware,fog-3,186
10015,high,impaired,DT-KF-CostAware,fog-4,187
10015,high,impaired,DT-KF-CostAware,fog-5,95
10015,high,impaired,DT-KF-CostAware,fog-6,79
10015,high,impaired,DT-KF-CostAware,fog-7,199
10015,high,impaired,DT-KF-CostAware,fog-8,189
10015,high,impaired,DT-OPT,fog-1,202
10015,high,impaired,DT-OPT,fog-2,184
10015,high,impaired,DT-OPT,fog-3,199
10015,high,impaired,DT-OPT,fog-4,156
10015,high,impaired,DT-OPT,fog-5,87
10015,high,impaired,DT-OPT,fog-6,35
10015,high,impaired,DT-OPT,fog-7,227
10015,high,impaired,DT-OPT,fog-8,205
10015,high,impaired,SemiGreedy,fog-1,175
10015,high,impaired,SemiGreedy,fog-2,83
10015,high,impaired,SemiGreedy,fog-3,251
10015,high,impaired,SemiGreedy,fog-4,129
10015,high,impaired,SemiGreedy,fog-5,33
10015,high,impaired,SemiGreedy,fog-6,32
10015,high,impaired,SemiGreedy,fog-7,290
10015,high,impaired,SemiGreedy,fog-8,219
10015,high,impaired,Fog-only,fog-1,224
10015,high,impaired,Fog-only,fog-2,224
10015,high,impaired,Fog-only,fog-3,190
10015,high,impaired,Fog-only,fog-4,219
10015,high,impaired,Fog-only,fog-5,183
10015,high,impaired,Fog-only,fog-6,183
10015,high,impaired,Fog-only,fog-7,194
10015,high,impaired,Fog-only,fog-8,213
10015,high,impaired,DRL-OO,fog-1,149
10015,high,impaired,DRL-OO,fog-2,118
10015,high,impaired,DRL-OO,fog-3,218
10015,high,impaired,DRL-OO,fog-4,186
10015,high,impaired,DRL-OO,fog-5,47
10015,high,impaired,DRL-OO,fog-6,7
10015,high,impaired,DRL-OO,fog-7,246
10015,high,impaired,DRL-OO,fog-8,190
10016,high,impaired,DT-KF-CostAware,fog-1,171
10016,high,impaired,DT-KF-CostAware,fog-2,170
10016,high,impaired,DT-KF-CostAware,fog-3,127
10016,high,impaired,DT-KF-CostAware,fog-4,131
10016,high,impaired,DT-KF-CostAware,fog-5,138
10016,high,impaired,DT-KF-CostAware,fog-6,138
10016,high,impaired,DT-KF-CostAware,fog-7,171
10016,high,impaired,DT-KF-CostAware,fog-8,138
10016,high,impaired,DT-OPT,fog-1,199
10016,high,impaired,DT-OPT,fog-2,206
10016,high,impaired,DT-OPT,fog-3,119
10016,high,impaired,DT-OPT,fog-4,73
10016,high,impaired,DT-OPT,fog-5,129
10016,high,impaired,DT-OPT,fog-6,102
10016,high,impaired,DT-OPT,fog-7,186
10016,high,impaired,DT-OPT,fog-8,93
10016,high,impaired,SemiGreedy,fog-1,218
10016,high,impaired,SemiGreedy,fog-2,188
10016,high,impaired,SemiGreedy,fog-3,139
10016,high,impaired,SemiGreedy,fog-4,52
10016,high,impaired,SemiGreedy,fog-5,126
10016,high,impaired,SemiGreedy,fog-6,54
10016,high,impaired,SemiGreedy,fog-7,238
10016,high,impaired,SemiGreedy,fog-8,88
10016,high,impaired,Fog-only,fog-1,180
10016,high,impaired,Fog-only,fog-2,182
10016,high,impaired,Fog-only,fog-3,214
10016,high,impaired,Fog-only,fog-4,218
10016,high,impaired,Fog-only,fog-5,204
10016,high,impaired,Fog-only,fog-6,216
10016,high,impaired,Fog-only,fog-7,167
10016,high,impaired,Fog-only,fog-8,215
10016,high,impaired,DRL-OO,fog-1,216
10016,high,impaired,DRL-OO,fog-2,169
10016,high,impaired,DRL-OO,fog-3,89
10016,high,impaired,DRL-OO,fog-4,87
10016,high,impaired,DRL-OO,fog-5,143
10016,high,impaired,DRL-OO,fog-6,18
10016,high,impaired,DRL-OO,fog-7,207
10016,high,impaired,DRL-OO,fog-8,37
10017,high,impaired,DT-KF-CostAware,fog-1,188
10017,high,impaired,DT-KF-CostAware,fog-2,187
10017,high,impaired,DT-KF-CostAware,fog-3,177
10017,high,impaired,DT-KF-CostAware,fog-4,189
10017,high,impaired,DT-KF-CostAware,fog-5,187
10017,high,impaired,DT-KF-CostAware,fog-6,98
10017,high,impaired,DT-KF-CostAware,fog-7,186
10017,high,impaired,DT-KF-CostAware,fog-8,188
10017,high,impaired,DT-OPT,fog-1,209
10017,high,impaired,DT-OPT,fog-2,224
10017,high,impaired,DT-OPT,fog-3,125
10017,high,impaired,DT-OPT,fog-4,214
10017,high,impaired,DT-OPT,fog-5,181
10017,high,impaired,DT-OPT,fog-6,73
10017,high,impaired,DT-OPT,fog-7,193
10017,high,impaired,DT-OPT,fog-8,157
10017,high,impaired,SemiGreedy,fog-1,273
10017,high,impaired,SemiGreedy,fog-2,92
10017,high,impaired,SemiGreedy,fog-3,53
10017,high,impaired,SemiGreedy,fog-4,240
10017,high,impaired,SemiGreedy,fog-5,206
10017,high,impaired,SemiGreedy,fog-6,24
10017,high,impaired,SemiGreedy,fog-7,182
10017,high,impaired,SemiGreedy,fog-8,141
10017,high,impaired,Fog-only,fog-1,201
10017,high,impaired,Fog-only,fog-2,205
10017,high,impaired,Fog-only,fog-3,199
10017,high,impaired,Fog-only,fog-4,208
10017,high,impaired,Fog-only,fog-5,212
10017,high,impaired,Fog-only,fog-6,164
10017,high,impaired,Fog-only,fog-7,238
10017,high,impaired,Fog-only,fog-8,216
10017,high,impaired,DRL-OO,fog-1,253
10017,high,impaired,DRL-OO,fog-2,135
10017,high,impaired,DRL-OO,fog-3,68
10017,high,impaired,DRL-OO,fog-4,202
10017,high,impaired,DRL-OO,fog-5,225
10017,high,impaired,DRL-OO,fog-6,18
10017,high,impaired,DRL-OO,fog-7,167
10017,high,impaired,DRL-OO,fog-8,174
10018,high,impaired,DT-KF-CostAware,fog-1,198
10018,high,impaired,DT-KF-CostAware,fog-2,172
10018,high,impaired,DT-KF-CostAware,fog-3,113
10018,high,impaired,DT-KF-CostAware,fog-4,198
10018,high,impaired,DT-KF-CostAware,fog-5,86
10018,high,impaired,DT-KF-CostAware,fog-6,166
10018,high,impaired,DT-KF-CostAware,fog-7,117
10018,high,impaired,DT-KF-CostAware,fog-8,194
10018,high,impaired,DT-OPT,fog-1,186
10018,high,impaired,DT-OPT,fog-2,175
10018,high,impaired,DT-OPT,fog-3,75
10018,high,impaired,DT-OPT,fog-4,205
10018,high,impaired,DT-OPT,fog-5,34
10018,high,impaired,DT-OPT,fog-6,151
10018,high,impaired,DT-OPT,fog-7,125
10018,high,impaired,DT-OPT,fog-8,203
10018,high,impaired,SemiGreedy,fog-1,249
10018,high,impaired,SemiGreedy,fog-2,216
10018,high,impaired,SemiGreedy,fog-3,100
10018,high,impaired,SemiGreedy,fog-4,142
10018,high,impaired,SemiGreedy,fog-5,44
10018,high,impaired,SemiGreedy,fog-6,168
10018,high,impaired,SemiGreedy,fog-7,75
10018,high,impaired,SemiGreedy,fog-8,209
10018,high,impaired,Fog-only,fog-1,152
10018,high,impaired,Fog-only,fog-2,167
10018,high,impaired,Fog-only,fog-3,231
10018,high,impaired,Fog-only,fog-4,197
10018,high,impaired,Fog-only,fog-5,236
10018,high,impaired,Fog-only,fog-6,200
10018,high,impaired,Fog-only,fog-7,230
10018,high,impaired,Fog-only,fog-8,196
10018,high,impaired,DRL-OO,fog-1,221
10018,high,impaired,DRL-OO,fog-2,192
10018,high,impaired,DRL-OO,fog-3,56
10018,high,impaired,DRL-OO,fog-4,164
10018,high,impaired,DRL-OO,fog-5,21
10018,high,impaired,DRL-OO,fog-6,142
10018,high,impaired,DRL-OO,fog-7,90
10018,high,impaired,DRL-OO,fog-8,191
10019,high,impaired,DT-KF-CostAware,fog-1,147
10019,high,impaired,DT-KF-CostAware,fog-2,140
10019,high,impaired,DT-KF-CostAware,fog-3,147
10019,high,impaired,DT-KF-CostAware,fog-4,222
10019,high,impaired,DT-KF-CostAware,fog-5,153
10019,high,impaired,DT-KF-CostAware,fog-6,129
10019,high,impaired,DT-KF-CostAware,fog-7,147
10019,high,impaired,DT-KF-CostAware,fog-8,195
10019,high,impaired,DT-OPT,fog-1,175
10019,high,impaired,DT-OPT,fog-2,109
10019,high,impaired,DT-OPT,fog-3,167
10019,high,impaired,DT-OPT,fog-4,223
10019,high,impaired,DT-OPT,fog-5,194
10019,high,impaired,DT-OPT,fog-6,50
10019,high,impaired,DT-OPT,fog-7,147
10019,high,impaired,DT-OPT,fog-8,194
10019,high,impaired,SemiGreedy,fog-1,85
10019,high,impaired,SemiGreedy,fog-2,42
10019,high,impaired,SemiGreedy,fog-3,157
10019,high,impaired,SemiGreedy,fog-4,284
10019,high,impaired,SemiGreedy,fog-5,192
10019,high,impaired,SemiGreedy,fog-6,89
10019,high,impaired,SemiGreedy,fog-7,134
10019,high,impaired,SemiGreedy,fog-8,229
10019,high,impaired,Fog-only,fog-1,208
10019,high,impaired,Fog-only,fog-2,204
10019,high,impaired,Fog-only,fog-3,197
10019,high,impaired,Fog-only,fog-4,166
10019,high,impaired,Fog-only,fog-5,211
10019,high,impaired,Fog-only,fog-6,210
10019,high,impaired,Fog-only,fog-7,213
10019,high,impaired,Fog-only,fog-8,192
10019,high,impaired,DRL-OO,fog-1,142
10019,high,impaired,DRL-OO,fog-2,52
10019,high,impaired,DRL-OO,fog-3,124
10019,high,impaired,DRL-OO,fog-4,227
10019,high,impaired,DRL-OO,fog-5,185
10019,high,impaired,DRL-OO,fog-6,32
10019,high,impaired,DRL-OO,fog-7,136
10019,high,impaired,DRL-OO,fog-8,220
10020,high,impaired,DT-KF-CostAware,fog-1,211
10020,high,impaired,DT-KF-CostAware,fog-2,97
10020,high,impaired,DT-KF-CostAware,fog-3,107
10020,high,impaired,DT-KF-CostAware,fog-4,216
10020,high,impaired,DT-KF-CostAware,fog-5,210
10020,high,impaired,DT-KF-CostAware,fog-6,115
10020,high,impaired,DT-KF-CostAware,fog-7,215
10020,high,impaired,DT-KF-CostAware,fog-8,99
10020,high,impaired,DT-OPT,fog-1,198
10020,high,impaired,DT-OPT,fog-2,26
10020,high,impaired,DT-OPT,fog-3,119
10020,high,impaired,DT-OPT,fog-4,223
10020,high,impaired,DT-OPT,fog-5,218
10020,high,impaired,DT-OPT,fog-6,165
10020,high,impaired,DT-OPT,fog-7,216
10020,high,impaired,DT-OPT,fog-8,74
10020,high,impaired,SemiGreedy,fog-1,209
10020,high,impaired,SemiGreedy,fog-2,34
10020,high,impaired,SemiGreedy,fog-3,68
10020,high,impaired,SemiGreedy,fog-4,278
10020,high,impaired,SemiGreedy,fog-5,177
10020,high,impaired,SemiGreedy,fog-6,105
10020,high,impaired,SemiGreedy,fog-7,208
10020,high,impaired,SemiGreedy,fog-8,15
10020,high,impaired,Fog-only,fog-1,219
10020,high,impaired,Fog-only,fog-2,164
10020,high,impaired,Fog-only,fog-3,181
10020,high,impaired,Fog-only,fog-4,221
10020,high,impaired,Fog-only,fog-5,205
10020,high,impaired,Fog-only,fog-6,212
10020,high,impaired,Fog-only,fog-7,184
10020,high,impaired,Fog-only,fog-8,138
10020,high,impaired,DRL-OO,fog-1,194
10020,high,impaired,DRL-OO,fog-2,13
10020,high,impaired,DRL-OO,fog-3,82
10020,high,impaired,DRL-OO,fog-4,267
10020,high,impaired,DRL-OO,fog-5,198
10020,high,impaired,DRL-OO,fog-6,116
10020,high,impaired,DRL-OO,fog-7,199
10020,high,impaired,DRL-OO,fog-8,10
10021,high,impaired,DT-KF-CostAware,fog-1,208
10021,high,impaired,DT-KF-CostAware,fog-2,89
10021,high,impaired,DT-KF-CostAware,fog-3,89
10021,high,impaired,DT-KF-CostAware,fog-4,205
10021,high,impaired,DT-KF-CostAware,fog-5,217
10021,high,impaired,DT-KF-CostAware,fog-6,202
10021,high,impaired,DT-KF-CostAware,fog-7,226
10021,high,impaired,DT-KF-CostAware,fog-8,90
10021,high,impaired,DT-OPT,fog-1,211
10021,high,impaired,DT-OPT,fog-2,48
10021,high,impaired,DT-OPT,fog-3,117
10021,high,impaired,DT-OPT,fog-4,203
10021,high,impaired,DT-OPT,fog-5,224
10021,high,impaired,DT-OPT,fog-6,176
10021,high,impaired,DT-OPT,fog-7,222
10021,high,impaired,DT-OPT,fog-8,101
10021,high,impaired,SemiGreedy,fog-1,168
10021,high,impaired,SemiGreedy,fog-2,34
10021,high,impaired,SemiGreedy,fog-3,17
10021,high,impaired,SemiGreedy,fog-4,259
10021,high,impaired,SemiGreedy,fog-5,228
10021,high,impaired,SemiGreedy,fog-6,117
10021,high,impaired,SemiGreedy,fog-7,292
10021,high,impaired,SemiGreedy,fog-8,63
10021,high,impaired,Fog-only,fog-1,209
10021,high,impaired,Fog-only,fog-2,170
10021,high,impaired,Fog-only,fog-3,154
10021,high,impaired,Fog-only,fog-4,233
10021,high,impaired,Fog-only,fog-5,218
10021,high,impaired,Fog-only,fog-6,221
10021,high,impaired,Fog-only,fog-7,209
10021,high,impaired,Fog-only,fog-8,197
10021,high,impaired,DRL-OO,fog-1,185
10021,high,impaired,DRL-OO,fog-2,22
10021,high,impaired,DRL-OO,fog-3,50
10021,high,impaired,DRL-OO,fog-4,221
10021,high,impaired,DRL-OO,fog-5,222
10021,high,impaired,DRL-OO,fog-6,141
10021,high,impaired,DRL-OO,fog-7,271
10021,high,impaired,DRL-OO,fog-8,56
10022,high,impaired,DT-KF-CostAware,fog-1,110
10022,high,impaired,DT-KF-CostAware,fog-2,109
10022,high,impaired,DT-KF-CostAware,fog-3,191
10022,high,impaired,DT-KF-CostAware,fog-4,112
10022,high,impaired,DT-KF-CostAware,fog-5,111
10022,high,impaired,DT-KF-CostAware,fog-6,255
10022,high,impaired,DT-KF-CostAware,fog-7,115
10022,high,impaired,DT-KF-CostAware,fog-8,182
10022,high,impaired,DT-OPT,fog-1,99
10022,high,impaired,DT-OPT,fog-2,28
10022,high,impaired,DT-OPT,fog-3,188
10022,high,impaired,DT-OPT,fog-4,126
10022,high,impaired,DT-OPT,fog-5,98
10022,high,impaired,DT-OPT,fog-6,230
10022,high,impaired,DT-OPT,fog-7,165
10022,high,impaired,DT-OPT,fog-8,198
10022,high,impaired,SemiGreedy,fog-1,70
10022,high,impaired,SemiGreedy,fog-2,28
10022,high,impaired,SemiGreedy,fog-3,227
10022,high,impaired,SemiGreedy,fog-4,53
10022,high,impaired,SemiGreedy,fog-5,118
10022,high,impaired,SemiGreedy,fog-6,305
10022,high,impaired,SemiGreedy,fog-7,133
10022,high,impaired,SemiGreedy,fog-8,185
10022,high,impaired,Fog-only,fog-1,202
10022,high,impaired,Fog-only,fog-2,191
10022,high,impaired,Fog-only,fog-3,191
10022,high,impaired,Fog-only,fog-4,204
10022,high,impaired,Fog-only,fog-5,217
10022,high,impaired,Fog-only,fog-6,164
10022,high,impaired,Fog-only,fog-7,210
10022,high,impaired,Fog-only,fog-8,186
10022,high,impaired,DRL-OO,fog-1,67
10022,high,impaired,DRL-OO,fog-2,12
10022,high,impaired,DRL-OO,fog-3,197
10022,high,impaired,DRL-OO,fog-4,28
10022,high,impaired,DRL-OO,fog-5,101
10022,high,impaired,DRL-OO,fog-6,236
10022,high,impaired,DRL-OO,fog-7,138
10022,high,impaired,DRL-OO,fog-8,172
10023,high,impaired,DT-KF-CostAware,fog-1,98
10023,high,impaired,DT-KF-CostAware,fog-2,103
10023,high,impaired,DT-KF-CostAware,fog-3,229
10023,high,impaired,DT-KF-CostAware,fog-4,234
10023,high,impaired,DT-KF-CostAware,fog-5,99
10023,high,impaired,DT-KF-CostAware,fog-6,228
10023,high,impaired,DT-KF-CostAware,fog-7,231
10023,high,impaired,DT-KF-CostAware,fog-8,220
10023,high,impaired,DT-OPT,fog-1,67
10023,high,impaired,DT-OPT,fog-2,157
10023,high,impaired,DT-OPT,fog-3,225
10023,high,impaired,DT-OPT,fog-4,212
10023,high,impaired,DT-OPT,fog-5,74
10023,high,impaired,DT-OPT,fog-6,237
10023,high,impaired,DT-OPT,fog-7,255
10023,high,impaired,DT-OPT,fog-8,194
10023,high,impaired,SemiGreedy,fog-1,47
10023,high,impaired,SemiGreedy,fog-2,87
10023,high,impaired,SemiGreedy,fog-3,194
10023,high,impaired,SemiGreedy,fog-4,267
10023,high,impaired,SemiGreedy,fog-5,25
10023,high,impaired,SemiGreedy,fog-6,246
10023,high,impaired,SemiGreedy,fog-7,239
10023,high,impaired,SemiGreedy,fog-8,151
10023,high,impaired,Fog-only,fog-1,198
10023,high,impaired,Fog-only,fog-2,203
10023,high,impaired,Fog-only,fog-3,231
10023,high,impaired,Fog-only,fog-4,193
10023,high,impaired,Fog-only,fog-5,147
10023,high,impaired,Fog-only,fog-6,215
10023,high,impaired,Fog-only,fog-7,224
10023,high,impaired,Fog-only,fog-8,230
10023,high,impaired,DRL-OO,fog-1,48
10023,high,impaired,DRL-OO,fog-2,109
10023,high,impaired,DRL-OO,fog-3,236
10023,high,impaired,DRL-OO,fog-4,203
10023,high,impaired,DRL-OO,fog-5,22
10023,high,impaired,DRL-OO,fog-6,220
10023,high,impaired,DRL-OO,fog-7,274
10023,high,impaired,DRL-OO,fog-8,191
10024,high,impaired,DT-KF-CostAware,fog-1,180
10024,high,impaired,DT-KF-CostAware,fog-2,208
10024,high,impaired,DT-KF-CostAware,fog-3,195
10024,high,impaired,DT-KF-CostAware,fog-4,81
10024,high,impaired,DT-KF-CostAware,fog-5,193
10024,high,impaired,DT-KF-CostAware,fog-6,191
10024,high,impaired,DT-KF-CostAware,fog-7,174
10024,high,impaired,DT-KF-CostAware,fog-8,70
10024,high,impaired,DT-OPT,fog-1,162
10024,high,impaired,DT-OPT,fog-2,242
10024,high,impaired,DT-OPT,fog-3,209
10024,high,impaired,DT-OPT,fog-4,49
10024,high,impaired,DT-OPT,fog-5,185
10024,high,impaired,DT-OPT,fog-6,216
10024,high,impaired,DT-OPT,fog-7,127
10024,high,impaired,DT-OPT,fog-8,33
10024,high,impaired,SemiGreedy,fog-1,122
10024,high,impaired,SemiGreedy,fog-2,230
10024,high,impaired,SemiGreedy,fog-3,188
10024,high,impaired,SemiGreedy,fog-4,57
10024,high,impaired,SemiGreedy,fog-5,250
10024,high,impaired,SemiGreedy,fog-6,176
10024,high,impaired,SemiGreedy,fog-7,113
10024,high,impaired,SemiGreedy,fog-8,35
10024,high,impaired,Fog-only,fog-1,206
10024,high,impaired,Fog-only,fog-2,189
10024,high,impaired,Fog-only,fog-3,217
10024,high,impaired,Fog-only,fog-4,218
10024,high,impaired,Fog-only,fog-5,161
10024,high,impaired,Fog-only,fog-6,220
10024,high,impaired,Fog-only,fog-7,212
10024,high,impaired,Fog-only,fog-8,202
10024,high,impaired,DRL-OO,fog-1,119
10024,high,impaired,DRL-OO,fog-2,231
10024,high,impaired,DRL-OO,fog-3,202
10024,high,impaired,DRL-OO,fog-4,43
10024,high,impaired,DRL-OO,fog-5,225
10024,high,impaired,DRL-OO,fog-6,183
10024,high,impaired,DRL-OO,fog-7,110
10024,high,impaired,DRL-OO,fog-8,16
10025,high,impaired,DT-KF-CostAware,fog-1,195
10025,high,impaired,DT-KF-CostAware,fog-2,216
10025,high,impaired,DT-KF-CostAware,fog-3,199
10025,high,impaired,DT-KF-CostAware,fog-4,115
10025,high,impaired,DT-KF-CostAware,fog-5,154
10025,high,impaired,DT-KF-CostAware,fog-6,173
10025,high,impaired,DT-KF-CostAware,fog-7,204
10025,high,impaired,DT-KF-CostAware,fog-8,201
10025,high,impaired,DT-OPT,fog-1,190
10025,high,impaired,DT-OPT,fog-2,232
10025,high,impaired,DT-OPT,fog-3,183
10025,high,impaired,DT-OPT,fog-4,99
10025,high,impaired,DT-OPT,fog-5,145
10025,high,impaired,DT-OPT,fog-6,137
10025,high,impaired,DT-OPT,fog-7,222
10025,high,impaired,DT-OPT,fog-8,234
10025,high,impaired,SemiGreedy,fog-1,156
10025,high,impaired,SemiGreedy,fog-2,270
10025,high,impaired,SemiGreedy,fog-3,217
10025,high,impaired,SemiGreedy,fog-4,17
10025,high,impaired,SemiGreedy,fog-5,58
10025,high,impaired,SemiGreedy,fog-6,95
10025,high,impaired,SemiGreedy,fog-7,246
10025,high,impaired,SemiGreedy,fog-8,190
10025,high,impaired,Fog-only,fog-1,219
10025,high,impaired,Fog-only,fog-2,235
10025,high,impaired,Fog-only,fog-3,219
10025,high,impaired,Fog-only,fog-4,140
10025,high,impaired,Fog-only,fog-5,191
10025,high,impaired,Fog-only,fog-6,207
10025,high,impaired,Fog-only,fog-7,201
10025,high,impaired,Fog-only,fog-8,223
10025,high,impaired,DRL-OO,fog-1,193
10025,high,impaired,DRL-OO,fog-2,250
10025,high,impaired,DRL-OO,fog-3,221
10025,high,impaired,DRL-OO,fog-4,44
10025,high,impaired,DRL-OO,fog-5,73
10025,high,impaired,DRL-OO,fog-6,131
10025,high,impaired,DRL-OO,fog-7,242
10025,high,impaired,DRL-OO,fog-8,185
10026,high,impaired,DT-KF-CostAware,fog-1,209
10026,high,impaired,DT-KF-CostAware,fog-2,231
10026,high,impaired,DT-KF-CostAware,fog-3,165
10026,high,impaired,DT-KF-CostAware,fog-4,166
10026,high,impaired,DT-KF-CostAware,fog-5,171
10026,high,impaired,DT-KF-CostAware,fog-6,163
10026,high,impaired,DT-KF-CostAware,fog-7,164
10026,high,impaired,DT-KF-CostAware,fog-8,168
10026,high,impaired,DT-OPT,fog-1,224
10026,high,impaired,DT-OPT,fog-2,221
10026,high,impaired,DT-OPT,fog-3,133
10026,high,impaired,DT-OPT,fog-4,157
10026,high,impaired,DT-OPT,fog-5,182
10026,high,impaired,DT-OPT,fog-6,95
10026,high,impaired,DT-OPT,fog-7,204
10026,high,impaired,DT-OPT,fog-8,194
10026,high,impaired,SemiGreedy,fog-1,248
10026,high,impaired,SemiGreedy,fog-2,278
10026,high,impaired,SemiGreedy,fog-3,43
10026,high,impaired,SemiGreedy,fog-4,122
10026,high,impaired,SemiGreedy,fog-5,209
10026,high,impaired,SemiGreedy,fog-6,61
10026,high,impaired,SemiGreedy,fog-7,85
10026,high,impaired,SemiGreedy,fog-8,171
10026,high,impaired,Fog-only,fog-1,201
10026,high,impaired,Fog-only,fog-2,197
10026,high,impaired,Fog-only,fog-3,188
10026,high,impaired,Fog-only,fog-4,211
10026,high,impaired,Fog-only,fog-5,231
10026,high,impaired,Fog-only,fog-6,192
10026,high,impaired,Fog-only,fog-7,203
10026,high,impaired,Fog-only,fog-8,200
10026,high,impaired,DRL-OO,fog-1,212
10026,high,impaired,DRL-OO,fog-2,253
10026,high,impaired,DRL-OO,fog-3,44
10026,high,impaired,DRL-OO,fog-4,168
10026,high,impaired,DRL-OO,fog-5,215
10026,high,impaired,DRL-OO,fog-6,106
10026,high,impaired,DRL-OO,fog-7,111
10026,high,impaired,DRL-OO,fog-8,198
10027,high,impaired,DT-KF-CostAware,fog-1,181
10027,high,impaired,DT-KF-CostAware,fog-2,213
10027,high,impaired,DT-KF-CostAware,fog-3,144
10027,high,impaired,DT-KF-CostAware,fog-4,214
10027,high,impaired,DT-KF-CostAware,fog-5,218
10027,high,impaired,DT-KF-CostAware,fog-6,44
10027,high,impaired,DT-KF-CostAware,fog-7,213
10027,high,impaired,DT-KF-CostAware,fog-8,217
10027,high,impaired,DT-OPT,fog-1,148
10027,high,impaired,DT-OPT,fog-2,196
10027,high,impaired,DT-OPT,fog-3,112
10027,high,impaired,DT-OPT,fog-4,252
10027,high,impaired,DT-OPT,fog-5,200
10027,high,impaired,DT-OPT,fog-6,48
10027,high,impaired,DT-OPT,fog-7,219
10027,high,impaired,DT-OPT,fog-8,252
10027,high,impaired,SemiGreedy,fog-1,87
10027,high,impaired,SemiGreedy,fog-2,138
10027,high,impaired,SemiGreedy,fog-3,52
10027,high,impaired,SemiGreedy,fog-4,173
10027,high,impaired,SemiGreedy,fog-5,247
10027,high,impaired,SemiGreedy,fog-6,16
10027,high,impaired,SemiGreedy,fog-7,227
10027,high,impaired,SemiGreedy,fog-8,266
10027,high,impaired,Fog-only,fog-1,203
10027,high,impaired,Fog-only,fog-2,217
10027,high,impaired,Fog-only,fog-3,164
10027,high,impaired,Fog-only,fog-4,231
10027,high,impaired,Fog-only,fog-5,231
10027,high,impaired,Fog-only,fog-6,107
10027,high,impaired,Fog-only,fog-7,222
10027,high,impaired,Fog-only,fog-8,228
10027,high,impaired,DRL-OO,fog-1,142
10027,high,impaired,DRL-OO,fog-2,195
10027,high,impaired,DRL-OO,fog-3,74
10027,high,impaired,DRL-OO,fog-4,246
10027,high,impaired,DRL-OO,fog-5,216
10027,high,impaired,DRL-OO,fog-6,19
10027,high,impaired,DRL-OO,fog-7,216
10027,high,impaired,DRL-OO,fog-8,237
10028,high,impaired,DT-KF-CostAware,fog-1,150
10028,high,impaired,DT-KF-CostAware,fog-2,212
10028,high,impaired,DT-KF-CostAware,fog-3,145
10028,high,impaired,DT-KF-CostAware,fog-4,205
10028,high,impaired,DT-KF-CostAware,fog-5,149
10028,high,impaired,DT-KF-CostAware,fog-6,207
10028,high,impaired,DT-KF-CostAware,fog-7,159
10028,high,impaired,DT-KF-CostAware,fog-8,208
10028,high,impaired,DT-OPT,fog-1,131
10028,high,impaired,DT-OPT,fog-2,236
10028,high,impaired,DT-OPT,fog-3,130
10028,high,impaired,DT-OPT,fog-4,233
10028,high,impaired,DT-OPT,fog-5,60
10028,high,impaired,DT-OPT,fog-6,223
10028,high,impaired,DT-OPT,fog-7,198
10028,high,impaired,DT-OPT,fog-8,186
10028,high,impaired,SemiGreedy,fog-1,29
10028,high,impaired,SemiGreedy,fog-2,235
10028,high,impaired,SemiGreedy,fog-3,58
10028,high,impaired,SemiGreedy,fog-4,180
10028,high,impaired,SemiGreedy,fog-5,82
10028,high,impaired,SemiGreedy,fog-6,254
10028,high,impaired,SemiGreedy,fog-7,135
10028,high,impaired,SemiGreedy,fog-8,268
10028,high,impaired,Fog-only,fog-1,166
10028,high,impaired,Fog-only,fog-2,210
10028,high,impaired,Fog-only,fog-3,190
10028,high,impaired,Fog-only,fog-4,224
10028,high,impaired,Fog-only,fog-5,197
10028,high,impaired,Fog-only,fog-6,204
10028,high,impaired,Fog-only,fog-7,220
10028,high,impaired,Fog-only,fog-8,214
10028,high,impaired,DRL-OO,fog-1,100
10028,high,impaired,DRL-OO,fog-2,241
10028,high,impaired,DRL-OO,fog-3,73
10028,high,impaired,DRL-OO,fog-4,189
10028,high,impaired,DRL-OO,fog-5,56
10028,high,impaired,DRL-OO,fog-6,259
10028,high,impaired,DRL-OO,fog-7,144
10028,high,impaired,DRL-OO,fog-8,243
10029,high,impaired,DT-KF-CostAware,fog-1,70
10029,high,impaired,DT-KF-CostAware,fog-2,68
10029,high,impaired,DT-KF-CostAware,fog-3,243
10029,high,impaired,DT-KF-CostAware,fog-4,244
10029,high,impaired,DT-KF-CostAware,fog-5,66
10029,high,impaired,DT-KF-CostAware,fog-6,68
10029,high,impaired,DT-KF-CostAware,fog-7,201
10029,high,impaired,DT-KF-CostAware,fog-8,255
10029,high,impaired,DT-OPT,fog-1,89
10029,high,impaired,DT-OPT,fog-2,51
10029,high,impaired,DT-OPT,fog-3,227
10029,high,impaired,DT-OPT,fog-4,231
10029,high,impaired,DT-OPT,fog-5,63
10029,high,impaired,DT-OPT,fog-6,74
10029,high,impaired,DT-OPT,fog-7,204
10029,high,impaired,DT-OPT,fog-8,238
10029,high,impaired,SemiGreedy,fog-1,37
10029,high,impaired,SemiGreedy,fog-2,33
10029,high,impaired,SemiGreedy,fog-3,211
10029,high,impaired,SemiGreedy,fog-4,265
10029,high,impaired,SemiGreedy,fog-5,92
10029,high,impaired,SemiGreedy,fog-6,38
10029,high,impaired,SemiGreedy,fog-7,208
10029,high,impaired,SemiGreedy,fog-8,264
10029,high,impaired,Fog-only,fog-1,194
10029,high,impaired,Fog-only,fog-2,198
10029,high,impaired,Fog-only,fog-3,208
10029,high,impaired,Fog-only,fog-4,217
10029,high,impaired,Fog-only,fog-5,206
10029,high,impaired,Fog-only,fog-6,194
10029,high,impaired,Fog-only,fog-7,211
10029,high,impaired,Fog-only,fog-8,204
10029,high,impaired,DRL-OO,fog-1,12
10029,high,impaired,DRL-OO,fog-2,16
10029,high,impaired,DRL-OO,fog-3,242
10029,high,impaired,DRL-OO,fog-4,244
10029,high,impaired,DRL-OO,fog-5,44
10029,high,impaired,DRL-OO,fog-6,55
10029,high,impaired,DRL-OO,fog-7,178
10029,high,impaired,DRL-OO,fog-8,225
