seed,load,qos_regime,algorithm,policy_seed,target,mae,rmse,mape
10000,low,clean,DT-KF-CostAware,,load,0.02224230735760949,0.028309824243549424,0.09309292817598447
10000,low,clean,DT-KF-CostAware,,packet_loss,5.094589957421799e-05,6.530975973451619e-05,0.06649529883545334
10000,low,clean,DT-KF-CostAware,,jitter_s,6.613409828969198e-05,8.492200762093748e-05,0.05277129686985747
10000,low,clean,DT-OPT,,load,0.022296820185500665,0.02793481343823089,0.09389354454815416
10000,low,clean,DT-OPT,,packet_loss,5.939167021363051e-05,7.638468360096436e-05,0.07800292681112832
10000,low,clean,DT-OPT,,jitter_s,7.643231138561891e-05,9.899678500195382e-05,0.06083882848642263
10000,low,clean,SemiGreedy,,load,0.0282389457499554,0.03510730519252083,0.1180672774445348
10000,low,clean,Fog-only,,load,0.025924091316233463,0.03285796914389767,0.11378000605878877
10000,low,clean,DRL-OO-2025,501,load,0.0282389457499554,0.03510730519252083,0.1180672774445348
10000,low,clean,DRL-OO-2025,501,packet_loss,4.9371595039602077e-05,6.393218067277714e-05,0.06423664462576083
10000,low,clean,DRL-OO-2025,501,jitter_s,6.612122530935369e-05,8.54968613883517e-05,0.052845362584048844
10001,low,clean,DT-KF-CostAware,,load,0.018798667573456645,0.023841342706479876,0.07710328213695264
10001,low,clean,DT-KF-CostAware,,packet_loss,4.8877619918709024e-05,6.117790884413596e-05,0.06285184951604315
10001,low,clean,DT-KF-CostAware,,jitter_s,5.591851718972268e-05,6.996085986407861e-05,0.04930873813887716
10001,low,clean,DT-OPT,,load,0.01892474449016529,0.024155155641630562,0.0771567131747689
10001,low,clean,DT-OPT,,packet_loss,5.652480406615751e-05,7.082638261870164e-05,0.07308188585914539
10001,low,clean,DT-OPT,,jitter_s,6.421689712460262e-05,8.05672202319836e-05,0.05673031722994946
10001,low,clean,SemiGreedy,,load,0.022678168714450726,0.02830438448970675,0.09331962435948056
10001,low,clean,Fog-only,,load,0.023404899975485456,0.02908396120977951,0.09189672493765448
10001,low,clean,DRL-OO-2025,502,load,0.022678168714450726,0.02830438448970675,0.09331962435948056
10001,low,clean,DRL-OO-2025,502,packet_loss,4.5896616930325e-05,5.814650102220337e-05,0.05890426740490272
10001,low,clean,DRL-OO-2025,502,jitter_s,5.416678573460472e-05,6.801455193347878e-05,0.04775071870101617
10002,low,clean,DT-KF-CostAware,,load,0.01824195729606978,0.023906033369335035,0.07467247024018166
10002,low,clean,DT-KF-CostAware,,packet_loss,4.7086979114155715e-05,6.097534729398164e-05,0.0619914519016452
10002,low,clean,DT-KF-CostAware,,jitter_s,5.996043301454325e-05,7.76103223516742e-05,0.04863722462182993
10002,low,clean,DT-OPT,,load,0.018303645006945733,0.023638022480074707,0.07482497471264472
10002,low,clean,DT-OPT,,packet_loss,5.436223912893422e-05,7.487764468898054e-05,0.0712877513000096
10002,low,clean,DT-OPT,,jitter_s,6.83762590071942e-05,9.373221422266766e-05,0.05492104559045428
10002,low,clean,SemiGreedy,,load,0.023904770228513023,0.029769785702789025,0.09817118491387884
10002,low,clean,Fog-only,,load,0.023405291663149856,0.028959090649841875,0.09124992960917323
10002,low,clean,DRL-OO-2025,503,load,0.023904770228513023,0.029769785702789025,0.09817118491387884
10002,low,clean,DRL-OO-2025,503,packet_loss,4.564294683340674e-05,5.862832328721433e-05,0.06026809871813636
10002,low,clean,DRL-OO-2025,503,jitter_s,6.007329229346941e-05,7.722623848211816e-05,0.04889937196107604
10003,low,clean,DT-KF-CostAware,,load,0.02005200538093279,0.024649030931785283,0.08162166901089314
10003,low,clean,DT-KF-CostAware,,packet_loss,4.908517460923394e-05,6.193321659676868e-05,0.06492783872220179
10003,low,clean,DT-KF-CostAware,,jitter_s,6.030827385408476e-05,7.590524859735817e-05,0.05124801168505799
10003,low,clean,DT-OPT,,load,0.019759801879449007,0.024554527618693145,0.08041849423955531
10003,low,clean,DT-OPT,,packet_loss,5.5589075213742263e-05,7.01774274643455e-05,0.07345050963754506
10003,low,clean,DT-OPT,,jitter_s,6.765060004016929e-05,8.465759404450921e-05,0.05755219839556188
10003,low,clean,SemiGreedy,,load,0.02397671786407459,0.030076663534015058,0.09741353140876133
10003,low,clean,Fog-only,,load,0.020220260274679176,0.024718099824917343,0.083641964878261
10003,low,clean,DRL-OO-2025,504,load,0.02397671786407459,0.030076663534015058,0.09741353140876133
10003,low,clean,DRL-OO-2025,504,packet_loss,4.474633416486303e-05,5.694785169523868e-05,0.05910588120323919
10003,low,clean,DRL-OO-2025,504,jitter_s,5.696028288533775e-05,7.236624369818014e-05,0.04828701349524567
10004,low,clean,DT-KF-CostAware,,load,0.01988351561303135,0.02428472695953017,0.08071049874177261
10004,low,clean,DT-KF-CostAware,,packet_loss,4.983638567120895e-05,6.417009035876633e-05,0.0652548852090191
10004,low,clean,DT-KF-CostAware,,jitter_s,5.641842184443957e-05,7.171501059529962e-05,0.05130752858762249
10004,low,clean,DT-OPT,,load,0.019769115839608366,0.02385591150788255,0.07943397502814113
10004,low,clean,DT-OPT,,packet_loss,5.449241178713734e-05,6.952509522206544e-05,0.07134813307053141
10004,low,clean,DT-OPT,,jitter_s,6.120969010139667e-05,7.720605980388884e-05,0.0554941275933276
10004,low,clean,SemiGreedy,,load,0.025008135644384016,0.029876779017995684,0.10044863066687355
10004,low,clean,Fog-only,,load,0.019245813386099313,0.023365463646473184,0.07660219894589833
10004,low,clean,DRL-OO-2025,505,load,0.025008135644384016,0.029876779017995684,0.10044863066687355
10004,low,clean,DRL-OO-2025,505,packet_loss,4.705943438247225e-05,5.930245140254825e-05,0.06136573783988798
10004,low,clean,DRL-OO-2025,505,jitter_s,5.516495210370086e-05,6.887741938886791e-05,0.04999219156945206
10005,low,clean,DT-KF-CostAware,,load,0.020975030093355624,0.02641755490003959,0.08194714206396567
10005,low,clean,DT-KF-CostAware,,packet_loss,5.146642420934791e-05,6.574789416625657e-05,0.06530488931210258
10005,low,clean,DT-KF-CostAware,,jitter_s,6.033835139047501e-05,7.659481348120337e-05,0.05155451218148036
10005,low,clean,DT-OPT,,load,0.020806846874690747,0.027037212171518856,0.08138335060416495
10005,low,clean,DT-OPT,,packet_loss,5.733888018239741e-05,7.35773149523447e-05,0.07273878963897558
10005,low,clean,DT-OPT,,jitter_s,6.645190023096561e-05,8.503600550378614e-05,0.0568299870292326
10005,low,clean,SemiGreedy,,load,0.02580482923824085,0.033463606705194715,0.10212830663935711
10005,low,clean,Fog-only,,load,0.0214050453157108,0.02887020961022756,0.0832089753888732
10005,low,clean,DRL-OO-2025,501,load,0.02580482923824085,0.033463606705194715,0.10212830663935711
10005,low,clean,DRL-OO-2025,501,packet_loss,5.142016670625018e-05,6.50484928404408e-05,0.06500038665240956
10005,low,clean,DRL-OO-2025,501,jitter_s,6.206156371772423e-05,7.83180259201194e-05,0.05298254160673883
10006,low,clean,DT-KF-CostAware,,load,0.02099773409173775,0.02565860475681267,0.08712609846460984
10006,low,clean,DT-KF-CostAware,,packet_loss,4.622615487746168e-05,5.856219394581169e-05,0.06393455039225347
10006,low,clean,DT-KF-CostAware,,jitter_s,5.6036614907865034e-05,7.047526172329394e-05,0.05050944058156806
10006,low,clean,DT-OPT,,load,0.019917258939253328,0.0250854743261811,0.0835793778380981
10006,low,clean,DT-OPT,,packet_loss,5.2986909015531776e-05,6.759327496843795e-05,0.0730216625280028
10006,low,clean,DT-OPT,,jitter_s,6.346166106080115e-05,8.049458853214199e-05,0.05703443081472914
10006,low,clean,SemiGreedy,,load,0.02788798704326239,0.03422617829660207,0.11413046884953212
10006,low,clean,Fog-only,,load,0.03684419622298452,0.04459017416608448,0.16305096430921998
10006,low,clean,DRL-OO-2025,502,load,0.02788798704326239,0.03422617829660207,0.11413046884953212
10006,low,clean,DRL-OO-2025,502,packet_loss,4.498753458879718e-05,5.626226614005551e-05,0.06232630718750756
10006,low,clean,DRL-OO-2025,502,jitter_s,5.673739450112695e-05,7.058493976645527e-05,0.051079833120948125
10007,low,clean,DT-KF-CostAware,,load,0.020248592330028254,0.024379509450740314,0.08129558280272085
10007,low,clean,DT-KF-CostAware,,packet_loss,4.333743835205614e-05,5.630307849553114e-05,0.06206309805729488
10007,low,clean,DT-KF-CostAware,,jitter_s,5.734035051753447e-05,7.414360694644702e-05,0.049107991612723015
10007,low,clean,DT-OPT,,load,0.020187135294986325,0.023844953672639717,0.08125042488031088
10007,low,clean,DT-OPT,,packet_loss,4.933589032900283e-05,6.651989249692027e-05,0.07107416710605237
10007,low,clean,DT-OPT,,jitter_s,6.462818167583574e-05,8.69180854068426e-05,0.0552790550754527
10007,low,clean,SemiGreedy,,load,0.024102311758301114,0.030683609777029684,0.0963616314488194
10007,low,clean,Fog-only,,load,0.0193340733366936,0.023737898571025463,0.07555608216158924
10007,low,clean,DRL-OO-2025,503,load,0.024102311758301114,0.030683609777029684,0.0963616314488194
10007,low,clean,DRL-OO-2025,503,packet_loss,4.315477082901071e-05,5.586920986871688e-05,0.061305024088894246
10007,low,clean,DRL-OO-2025,503,jitter_s,5.828817681619098e-05,7.562190787545758e-05,0.04979119691761718
10008,low,clean,DT-KF-CostAware,,load,0.018209999509881857,0.022844199802716278,0.07328453218024651
10008,low,clean,DT-KF-CostAware,,packet_loss,4.664519065429913e-05,5.910496279277913e-05,0.062424754490077165
10008,low,clean,DT-KF-CostAware,,jitter_s,5.6624853463701836e-05,7.159458728999728e-05,0.04902571175182537
10008,low,clean,DT-OPT,,load,0.01866225877876446,0.022812731195454173,0.07537712232439486
10008,low,clean,DT-OPT,,packet_loss,5.3982893784812484e-05,6.990069752140423e-05,0.07210734556545831
10008,low,clean,DT-OPT,,jitter_s,6.456386115668186e-05,8.239012326913554e-05,0.05611408723427191
10008,low,clean,SemiGreedy,,load,0.021431638374654338,0.02660855140906982,0.08644434148099196
10008,low,clean,Fog-only,,load,0.01910946054516231,0.022704198126559508,0.07555546706858077
10008,low,clean,DRL-OO-2025,504,load,0.021431638374654338,0.02660855140906982,0.08644434148099196
10008,low,clean,DRL-OO-2025,504,packet_loss,4.531582258940846e-05,5.757208096512277e-05,0.06051194921893351
10008,low,clean,DRL-OO-2025,504,jitter_s,5.61743211136232e-05,7.10404205773951e-05,0.04868020419180587
10009,low,clean,DT-KF-CostAware,,load,0.021678749888679398,0.026914044100902146,0.08877555700707876
10009,low,clean,DT-KF-CostAware,,packet_loss,4.8680559066571833e-05,6.189214912910592e-05,0.06470113108772384
10009,low,clean,DT-KF-CostAware,,jitter_s,5.9248802885918597e-05,7.370679407135445e-05,0.051691367158728095
10009,low,clean,DT-OPT,,load,0.02054332669806594,0.025997952139517878,0.08447517210629948
10009,low,clean,DT-OPT,,packet_loss,5.395900245623255e-05,6.890509619141419e-05,0.0715815885127301
10009,low,clean,DT-OPT,,jitter_s,6.476790594301651e-05,8.090937869270491e-05,0.05655736819457427
10009,low,clean,SemiGreedy,,load,0.02474148650553978,0.0322284628341133,0.10095643540802454
10009,low,clean,Fog-only,,load,0.021161401039871932,0.026580797502525767,0.08567799713268305
10009,low,clean,DRL-OO-2025,505,load,0.02474148650553978,0.0322284628341133,0.10095643540802454
10009,low,clean,DRL-OO-2025,505,packet_loss,4.538234841362345e-05,5.7729342499059505e-05,0.06043024859350822
10009,low,clean,DRL-OO-2025,505,jitter_s,5.617398544261973e-05,7.04418757862318e-05,0.04907765474586363
10010,low,clean,DT-KF-CostAware,,load,0.021100489894599266,0.02592583341088308,0.08649506826476203
10010,low,clean,DT-KF-CostAware,,packet_loss,4.886735225770409e-05,6.249343509747595e-05,0.06429056825949592
10010,low,clean,DT-KF-CostAware,,jitter_s,6.251811989629145e-05,7.96930981354388e-05,0.05075340235712668
10010,low,clean,DT-OPT,,load,0.0207608646290141,0.025223195126326488,0.08509919752026303
10010,low,clean,DT-OPT,,packet_loss,5.679088275871532e-05,7.375674271838539e-05,0.07449014529479701
10010,low,clean,DT-OPT,,jitter_s,7.200766123762291e-05,9.418982771498525e-05,0.05788501517136486
10010,low,clean,SemiGreedy,,load,0.025491733035919124,0.031011010149942703,0.10401973763187236
10010,low,clean,Fog-only,,load,0.025995500767369506,0.031941666934032685,0.10079174873363028
10010,low,clean,DRL-OO-2025,501,load,0.025491733035919124,0.031011010149942703,0.10401973763187236
10010,low,clean,DRL-OO-2025,501,packet_loss,4.6154259672579384e-05,5.956369645270939e-05,0.06041232153343643
10010,low,clean,DRL-OO-2025,501,jitter_s,6.0429408113858314e-05,7.778103137539964e-05,0.048950097309913086
10011,low,clean,DT-KF-CostAware,,load,0.018424926473459224,0.023293447923953457,0.07403115152410882
10011,low,clean,DT-KF-CostAware,,packet_loss,4.644588829496074e-05,5.892766518861404e-05,0.06323058100405972
10011,low,clean,DT-KF-CostAware,,jitter_s,5.933453715551685e-05,7.595495876240487e-05,0.04958696192106697
10011,low,clean,DT-OPT,,load,0.018543106185547085,0.024003787640757425,0.07381494825508339
10011,low,clean,DT-OPT,,packet_loss,5.4018055035558484e-05,6.934420559086678e-05,0.07389324182743089
10011,low,clean,DT-OPT,,jitter_s,6.924873308506975e-05,9.085024430073196e-05,0.057672990208945986
10011,low,clean,SemiGreedy,,load,0.02323433274895026,0.029750142279203414,0.09339739141205491
10011,low,clean,Fog-only,,load,0.02412211407130569,0.029314138916334297,0.09221189713607303
10011,low,clean,DRL-OO-2025,502,load,0.02323433274895026,0.029750142279203414,0.09339739141205491
10011,low,clean,DRL-OO-2025,502,packet_loss,4.5444821818797375e-05,5.7014273638848085e-05,0.06181788824567763
10011,low,clean,DRL-OO-2025,502,jitter_s,5.980059047608089e-05,7.528683656916776e-05,0.05012296548972781
10012,low,clean,DT-KF-CostAware,,load,0.020156284754977542,0.02537101692062323,0.08273028800895672
10012,low,clean,DT-KF-CostAware,,packet_loss,4.953119782294981e-05,6.27975336771733e-05,0.06445575669288679
10012,low,clean,DT-KF-CostAware,,jitter_s,5.983841110301058e-05,7.610595699144716e-05,0.050823833034929815
10012,low,clean,DT-OPT,,load,0.020406818023593377,0.02556128693433218,0.083943073530648
10012,low,clean,DT-OPT,,packet_loss,5.5482982778472814e-05,6.963606989000884e-05,0.07257025607361513
10012,low,clean,DT-OPT,,jitter_s,6.670679756333201e-05,8.42142261682005e-05,0.056707608359509706
10012,low,clean,SemiGreedy,,load,0.02351408708437459,0.028889554151915117,0.09662684889093177
10012,low,clean,Fog-only,,load,0.023391796122633954,0.029620083583683697,0.09162658978431472
10012,low,clean,DRL-OO-2025,503,load,0.02351408708437459,0.028889554151915117,0.09662684889093177
10012,low,clean,DRL-OO-2025,503,packet_loss,4.486395804916825e-05,5.755087010909251e-05,0.058335359116591226
10012,low,clean,DRL-OO-2025,503,jitter_s,5.576235888366012e-05,7.17548236197894e-05,0.04721835577569478
10013,low,clean,DT-KF-CostAware,,load,0.019864523609167267,0.02589423110786557,0.0802598318273577
10013,low,clean,DT-KF-CostAware,,packet_loss,5.015898249068252e-05,6.514441637941338e-05,0.06578560966507549
10013,low,clean,DT-KF-CostAware,,jitter_s,6.314826775326396e-05,8.163619820469147e-05,0.05196693749080933
10013,low,clean,DT-OPT,,load,0.019774798458960945,0.025730437745284232,0.07997678528620196
10013,low,clean,DT-OPT,,packet_loss,6.0721702215148405e-05,8.108159253688279e-05,0.07985873334290577
10013,low,clean,DT-OPT,,jitter_s,7.52778308783744e-05,0.00010022715259398897,0.06183619648638435
10013,low,clean,SemiGreedy,,load,0.026389858580706044,0.03326206708548256,0.10676090988883323
10013,low,clean,Fog-only,,load,0.02113698080404087,0.027057980946514675,0.08694554345150109
10013,low,clean,DRL-OO-2025,504,load,0.026389858580706044,0.03326206708548256,0.10676090988883323
10013,low,clean,DRL-OO-2025,504,packet_loss,4.7163093375433974e-05,6.176230900941178e-05,0.06209413137615933
10013,low,clean,DRL-OO-2025,504,jitter_s,6.188119998402364e-05,8.048005962835396e-05,0.05106732400505871
10014,low,clean,DT-KF-CostAware,,load,0.02277672433187249,0.028395786067465713,0.09253687837076664
10014,low,clean,DT-KF-CostAware,,packet_loss,5.1448969751160524e-05,6.412275196256483e-05,0.06805190524383634
10014,low,clean,DT-KF-CostAware,,jitter_s,6.625618859769033e-05,8.220199210431292e-05,0.05400405362081966
10014,low,clean,DT-OPT,,load,0.023671306154531873,0.029944769232387747,0.0970863611358224
10014,low,clean,DT-OPT,,packet_loss,5.9128707612752e-05,7.483726771623396e-05,0.07828006903169038
10014,low,clean,DT-OPT,,jitter_s,7.542726185958681e-05,9.437612015349617e-05,0.061464260925148825
10014,low,clean,SemiGreedy,,load,0.027130499383915808,0.03282531013714475,0.1092859206903827
10014,low,clean,Fog-only,,load,0.02384627280177882,0.029598809443071403,0.09468898782990723
10014,low,clean,DRL-OO-2025,505,load,0.027130499383915808,0.03282531013714475,0.1092859206903827
10014,low,clean,DRL-OO-2025,505,packet_loss,4.757859418468077e-05,6.024683165742607e-05,0.06274150409719435
10014,low,clean,DRL-OO-2025,505,jitter_s,6.3258772741934e-05,7.97054286871398e-05,0.051314440595797546
10015,low,clean,DT-KF-CostAware,,load,0.02129939738383042,0.027193434148056524,0.08746006526599578
10015,low,clean,DT-KF-CostAware,,packet_loss,5.4696985431352024e-05,6.915424973499262e-05,0.06669893978179824
10015,low,clean,DT-KF-CostAware,,jitter_s,6.369411084107639e-05,8.039716865934403e-05,0.0526543098291881
10015,low,clean,DT-OPT,,load,0.02252414758734064,0.02872912157430076,0.09020093030037597
10015,low,clean,DT-OPT,,packet_loss,6.339185992897524e-05,7.964214016766562e-05,0.07733622744996144
10015,low,clean,DT-OPT,,jitter_s,7.356561406136522e-05,9.26192219703462e-05,0.060537237169192314
10015,low,clean,SemiGreedy,,load,0.02658749036799683,0.03342867584377246,0.10995778413509759
10015,low,clean,Fog-only,,load,0.025360813947403922,0.03418230886732991,0.10015182293381884
10015,low,clean,DRL-OO-2025,501,load,0.02658749036799683,0.03342867584377246,0.10995778413509759
10015,low,clean,DRL-OO-2025,501,packet_loss,5.266672476660138e-05,6.701069170842517e-05,0.06386275420521864
10015,low,clean,DRL-OO-2025,501,jitter_s,6.319764624094524e-05,7.982350434629582e-05,0.05221556303710355
10016,low,clean,DT-KF-CostAware,,load,0.01966006650472305,0.02483007199293231,0.07977006360030128
10016,low,clean,DT-KF-CostAware,,packet_loss,4.758990241153418e-05,6.0330118644364095e-05,0.06275517894389217
10016,low,clean,DT-KF-CostAware,,jitter_s,5.58475806806617e-05,7.028314339257387e-05,0.04904488712962309
10016,low,clean,DT-OPT,,load,0.019179627167137565,0.023945755417893885,0.07794033146421515
10016,low,clean,DT-OPT,,packet_loss,5.250208795076891e-05,6.639661426404382e-05,0.06936032066211666
10016,low,clean,DT-OPT,,jitter_s,6.0683926286211804e-05,7.59443304587995e-05,0.0535541970083918
10016,low,clean,SemiGreedy,,load,0.023659115748027284,0.03139184377457048,0.09586875030149832
10016,low,clean,Fog-only,,load,0.020578153820526003,0.025201540420831857,0.08060719919988858
10016,low,clean,DRL-OO-2025,502,load,0.023659115748027284,0.03139184377457048,0.09586875030149832
10016,low,clean,DRL-OO-2025,502,packet_loss,4.595792038834379e-05,5.8705044451557955e-05,0.06018164181496951
10016,low,clean,DRL-OO-2025,502,jitter_s,5.5788783082686425e-05,7.065646230755732e-05,0.04883420217214383
10017,low,clean,DT-KF-CostAware,,load,0.022658208313648096,0.027320205981107775,0.0922612814360095
10017,low,clean,DT-KF-CostAware,,packet_loss,4.666620612520658e-05,5.917132816695499e-05,0.061493558938794025
10017,low,clean,DT-KF-CostAware,,jitter_s,5.873049677876329e-05,7.40315001113057e-05,0.048734399162827347
10017,low,clean,DT-OPT,,load,0.022420136684327685,0.027752897386949547,0.09072243952672522
10017,low,clean,DT-OPT,,packet_loss,5.262544956358697e-05,6.666854025024219e-05,0.06935703541722417
10017,low,clean,DT-OPT,,jitter_s,6.538052122119767e-05,8.19075518204772e-05,0.05440854068073717
10017,low,clean,SemiGreedy,,load,0.02599596532742452,0.031339365484254714,0.10660681623491808
10017,low,clean,Fog-only,,load,0.027157182359252328,0.03424118306656893,0.10386807994204306
10017,low,clean,DRL-OO-2025,503,load,0.02599596532742452,0.031339365484254714,0.10660681623491808
10017,low,clean,DRL-OO-2025,503,packet_loss,4.639181139128148e-05,5.8561331657295476e-05,0.06104898340269283
10017,low,clean,DRL-OO-2025,503,jitter_s,6.013512311289353e-05,7.543983296169047e-05,0.04976340112982827
10018,low,clean,DT-KF-CostAware,,load,0.022450545456488863,0.02715278748094557,0.09210442923263533
10018,low,clean,DT-KF-CostAware,,packet_loss,5.016343314739462e-05,6.304323116305316e-05,0.06477979249683663
10018,low,clean,DT-KF-CostAware,,jitter_s,6.465765273826401e-05,8.229708783563066e-05,0.05140613147808458
10018,low,clean,DT-OPT,,load,0.02164010664384834,0.026655826243630384,0.08907670846228566
10018,low,clean,DT-OPT,,packet_loss,5.6189485870505715e-05,7.1312982475578e-05,0.07270575623478004
10018,low,clean,DT-OPT,,jitter_s,7.110909255288789e-05,9.139703672623037e-05,0.056740966982490176
10018,low,clean,SemiGreedy,,load,0.02858754371768151,0.035167347880970104,0.11705171139756941
10018,low,clean,Fog-only,,load,0.020637725194040446,0.026183383993311552,0.08448934998360694
10018,low,clean,DRL-OO-2025,504,load,0.02858754371768151,0.035167347880970104,0.11705171139756941
10018,low,clean,DRL-OO-2025,504,packet_loss,4.959159533087597e-05,6.296517289717914e-05,0.06392395114976819
10018,low,clean,DRL-OO-2025,504,jitter_s,6.620165785762303e-05,8.460864044068296e-05,0.05272663325040904
10019,low,clean,DT-KF-CostAware,,load,0.020235868150597972,0.02468514845964325,0.08236234581545511
10019,low,clean,DT-KF-CostAware,,packet_loss,5.0181143181819116e-05,6.292413314210214e-05,0.06457637834266576
10019,low,clean,DT-KF-CostAware,,jitter_s,6.252944444181312e-05,7.851980863225158e-05,0.05064446551608726
10019,low,clean,DT-OPT,,load,0.020609820856254735,0.025087599645394722,0.08285328337132943
10019,low,clean,DT-OPT,,packet_loss,5.659511787294761e-05,7.070751505998689e-05,0.0727020331275573
10019,low,clean,DT-OPT,,jitter_s,6.977376089371895e-05,8.737648132294539e-05,0.05661209420012952
10019,low,clean,SemiGreedy,,load,0.025373738529293723,0.031046936607380678,0.10398671950107127
10019,low,clean,Fog-only,,load,0.03408479101944857,0.04315530625406259,0.12716807986780188
10019,low,clean,DRL-OO-2025,505,load,0.025373738529293723,0.031046936607380678,0.10398671950107127
10019,low,clean,DRL-OO-2025,505,packet_loss,4.9049215218231505e-05,6.162298913907277e-05,0.06328817554010073
10019,low,clean,DRL-OO-2025,505,jitter_s,6.331598950678396e-05,7.929788223394681e-05,0.051356112148587596
10020,low,clean,DT-KF-CostAware,,load,0.021887279920347773,0.026865121722877135,0.08800917069681637
10020,low,clean,DT-KF-CostAware,,packet_loss,5.090462385550637e-05,6.41969367335995e-05,0.06698458836461413
10020,low,clean,DT-KF-CostAware,,jitter_s,6.291665951560395e-05,7.902918374302736e-05,0.052639103218617964
10020,low,clean,DT-OPT,,load,0.024589149428932786,0.02985691114594568,0.09909825277907973
10020,low,clean,DT-OPT,,packet_loss,5.9289241541236e-05,7.394912058905696e-05,0.07770574369191849
10020,low,clean,DT-OPT,,jitter_s,7.28614091469042e-05,9.012173796912278e-05,0.06100098426123597
10020,low,clean,SemiGreedy,,load,0.026847126790322133,0.032038231572514425,0.10931196123472543
10020,low,clean,Fog-only,,load,0.028822389865570546,0.036065817569130305,0.11199085438097248
10020,low,clean,DRL-OO-2025,501,load,0.026847126790322133,0.032038231572514425,0.10931196123472543
10020,low,clean,DRL-OO-2025,501,packet_loss,4.832465766165266e-05,6.114793899653519e-05,0.06393991462474566
10020,low,clean,DRL-OO-2025,501,jitter_s,6.180152842619317e-05,7.789435495653434e-05,0.05181976413918493
10021,low,clean,DT-KF-CostAware,,load,0.02003509736435369,0.0252056426919429,0.08294873392850315
10021,low,clean,DT-KF-CostAware,,packet_loss,4.931580270587404e-05,6.240594971662545e-05,0.06592825056625475
10021,low,clean,DT-KF-CostAware,,jitter_s,6.205198664793477e-05,7.901417226687767e-05,0.051522621751868086
10021,low,clean,DT-OPT,,load,0.020519426139285233,0.025032119209229417,0.08469258967903891
10021,low,clean,DT-OPT,,packet_loss,5.725825794497566e-05,7.285244699387055e-05,0.07645031877138356
10021,low,clean,DT-OPT,,jitter_s,7.141087691821026e-05,9.098744215055841e-05,0.05928126603549943
10021,low,clean,SemiGreedy,,load,0.025729536088251515,0.03225049866215938,0.1054126997674586
10021,low,clean,Fog-only,,load,0.02438014959721845,0.028794880175080008,0.09649953086691714
10021,low,clean,DRL-OO-2025,502,load,0.025729536088251515,0.03225049866215938,0.1054126997674586
10021,low,clean,DRL-OO-2025,502,packet_loss,4.796128877544327e-05,6.070725398598555e-05,0.06384696577326653
10021,low,clean,DRL-OO-2025,502,jitter_s,6.272568085247934e-05,7.969174423394821e-05,0.05183639669891588
10022,low,clean,DT-KF-CostAware,,load,0.019003132841022976,0.02450840451249401,0.07945802821013934
10022,low,clean,DT-KF-CostAware,,packet_loss,4.969937113824353e-05,6.399529463144317e-05,0.06365708581356888
10022,low,clean,DT-KF-CostAware,,jitter_s,6.190218597819693e-05,7.882782540714587e-05,0.05007902134595896
10022,low,clean,DT-OPT,,load,0.018041990301888588,0.023645022756312938,0.07570143969748135
10022,low,clean,DT-OPT,,packet_loss,5.637096173176369e-05,7.328518147276532e-05,0.07216162900270849
10022,low,clean,DT-OPT,,jitter_s,6.923424060588515e-05,8.867185492679805e-05,0.056072065404906765
10022,low,clean,SemiGreedy,,load,0.024531677632932965,0.030911586092251163,0.10273639037753944
10022,low,clean,Fog-only,,load,0.018569440783819186,0.024235852862103932,0.07983360630237771
10022,low,clean,DRL-OO-2025,503,load,0.024531677632932965,0.030911586092251163,0.10273639037753944
10022,low,clean,DRL-OO-2025,503,packet_loss,4.8717842400675205e-05,6.204084984503521e-05,0.0617705227442077
10022,low,clean,DRL-OO-2025,503,jitter_s,6.223703492627587e-05,7.89015207571261e-05,0.05002968284551061
10023,low,clean,DT-KF-CostAware,,load,0.019969740235527906,0.02440970963294694,0.07932851276767607
10023,low,clean,DT-KF-CostAware,,packet_loss,5.371123873903679e-05,7.144991978709924e-05,0.06596805092982419
10023,low,clean,DT-KF-CostAware,,jitter_s,6.422875842427206e-05,8.302981490745072e-05,0.05182054612189914
10023,low,clean,DT-OPT,,load,0.019923236704179607,0.024497547641809777,0.07988741664904939
10023,low,clean,DT-OPT,,packet_loss,6.751335446859204e-05,9.827859748036782e-05,0.08259521708621038
10023,low,clean,DT-OPT,,jitter_s,7.83230807136799e-05,0.00010887765690463776,0.06346526765913688
10023,low,clean,SemiGreedy,,load,0.024522233072338123,0.029850273826147414,0.0974756569922662
10023,low,clean,Fog-only,,load,0.024605877344641116,0.028826928728307066,0.10249038032501163
10023,low,clean,DRL-OO-2025,504,load,0.024522233072338123,0.029850273826147414,0.0974756569922662
10023,low,clean,DRL-OO-2025,504,packet_loss,5.0730364940923005e-05,6.820525886169929e-05,0.062361945323735665
10023,low,clean,DRL-OO-2025,504,jitter_s,6.264803262667812e-05,8.201937731086993e-05,0.05033638380851053
10024,low,clean,DT-KF-CostAware,,load,0.023221054322547063,0.02875956160978361,0.09255291291576664
10024,low,clean,DT-KF-CostAware,,packet_loss,5.157255100667004e-05,6.625712280946246e-05,0.06631070967569995
10024,low,clean,DT-KF-CostAware,,jitter_s,6.759727828200112e-05,8.661036201987649e-05,0.052768830788648954
10024,low,clean,DT-OPT,,load,0.023226497127235266,0.028965821630959405,0.09210581246817859
10024,low,clean,DT-OPT,,packet_loss,5.922176630348847e-05,7.68653232782184e-05,0.07612402131710233
10024,low,clean,DT-OPT,,jitter_s,7.706496539333195e-05,9.943178755277704e-05,0.06024975247391499
10024,low,clean,SemiGreedy,,load,0.03114751074063597,0.03754468255258437,0.12347349515537884
10024,low,clean,Fog-only,,load,0.022147666697971906,0.028827230444186315,0.08496758674780601
10024,low,clean,DRL-OO-2025,505,load,0.03114751074063597,0.03754468255258437,0.12347349515537884
10024,low,clean,DRL-OO-2025,505,packet_loss,5.0918648188262e-05,6.463923778364847e-05,0.06514133165216769
10024,low,clean,DRL-OO-2025,505,jitter_s,6.933885963374192e-05,8.738850800228359e-05,0.05407130676956406
10025,low,clean,DT-KF-CostAware,,load,0.02112669064080311,0.02589120638993499,0.08633973289106124
10025,low,clean,DT-KF-CostAware,,packet_loss,5.2884540066912765e-05,6.623163913879634e-05,0.06763168446231682
10025,low,clean,DT-KF-CostAware,,jitter_s,6.500958462796834e-05,8.132301193515334e-05,0.053124408947490674
10025,low,clean,DT-OPT,,load,0.022541826790263963,0.027475608525982447,0.09100173196477004
10025,low,clean,DT-OPT,,packet_loss,6.085732574489196e-05,7.734058732289861e-05,0.07801783212696992
10025,low,clean,DT-OPT,,jitter_s,7.304252633931039e-05,9.228634110057365e-05,0.059915177990653906
10025,low,clean,SemiGreedy,,load,0.027363278754135474,0.033862982259657004,0.11117722198153127
10025,low,clean,Fog-only,,load,0.028975614309256475,0.03624258651400149,0.11135402016281819
10025,low,clean,DRL-OO-2025,501,load,0.027363278754135474,0.033862982259657004,0.11117722198153127
10025,low,clean,DRL-OO-2025,501,packet_loss,4.824755921859684e-05,6.072276077001396e-05,0.06147483637993813
10025,low,clean,DRL-OO-2025,501,jitter_s,6.242470367300703e-05,7.866517338292878e-05,0.05053534345775185
10026,low,clean,DT-KF-CostAware,,load,0.02021107349598256,0.026921080219822226,0.08096630031963296
10026,low,clean,DT-KF-CostAware,,packet_loss,5.317962224758079e-05,6.759232595847138e-05,0.07009495130911719
10026,low,clean,DT-KF-CostAware,,jitter_s,6.713100701876464e-05,8.61343334207413e-05,0.05533913281129346
10026,low,clean,DT-OPT,,load,0.019632445424897765,0.02599436909660153,0.07843719801392515
10026,low,clean,DT-OPT,,packet_loss,5.946827894902432e-05,7.698252713546423e-05,0.07854662448273522
10026,low,clean,DT-OPT,,jitter_s,7.469347454117915e-05,9.675727000840056e-05,0.061506132720476114
10026,low,clean,SemiGreedy,,load,0.02726391713059239,0.03522432304705298,0.10904419985896503
10026,low,clean,Fog-only,,load,0.020619375250599016,0.026488797164992403,0.08006721337471158
10026,low,clean,DRL-OO-2025,502,load,0.02726391713059239,0.03522432304705298,0.10904419985896503
10026,low,clean,DRL-OO-2025,502,packet_loss,5.0074364305177613e-05,6.43212517883782e-05,0.0659367324591876
10026,low,clean,DRL-OO-2025,502,jitter_s,6.611354001457556e-05,8.512937566226362e-05,0.054447057133569364
10027,low,clean,DT-KF-CostAware,,load,0.020399948185542808,0.02593839335589213,0.0834834185185203
10027,low,clean,DT-KF-CostAware,,packet_loss,4.9419600672875875e-05,6.227500347659405e-05,0.06512476614219552
10027,low,clean,DT-KF-CostAware,,jitter_s,6.008628793778596e-05,7.555308361213586e-05,0.0514031749544213
10027,low,clean,DT-OPT,,load,0.02050990400994393,0.02607549995424267,0.08344572783035632
10027,low,clean,DT-OPT,,packet_loss,5.576488157280739e-05,7.014412709931328e-05,0.07348248282696195
10027,low,clean,DT-OPT,,jitter_s,6.693176677358684e-05,8.36799809015817e-05,0.05745273899655616
10027,low,clean,SemiGreedy,,load,0.024146682383709466,0.030411362848451917,0.09909699757052014
10027,low,clean,Fog-only,,load,0.020065329826676834,0.026071216912011176,0.0811227278489698
10027,low,clean,DRL-OO-2025,503,load,0.024146682383709466,0.030411362848451917,0.09909699757052014
10027,low,clean,DRL-OO-2025,503,packet_loss,4.662709907305419e-05,5.878662760430384e-05,0.06125212734006704
10027,low,clean,DRL-OO-2025,503,jitter_s,5.833100734483723e-05,7.347491629541257e-05,0.04970347828394962
10028,low,clean,DT-KF-CostAware,,load,0.02183429589042171,0.02583394951505511,0.08782688431546452
10028,low,clean,DT-KF-CostAware,,packet_loss,4.753021768559005e-05,5.939673711060203e-05,0.06478182368115762
10028,low,clean,DT-KF-CostAware,,jitter_s,6.184401925617338e-05,7.744634587962224e-05,0.05106494005653368
10028,low,clean,DT-OPT,,load,0.02157690040705096,0.025455737825615696,0.08738189461084307
10028,low,clean,DT-OPT,,packet_loss,5.242144850188017e-05,6.718360407771736e-05,0.07214004085817806
10028,low,clean,DT-OPT,,jitter_s,6.750833608313111e-05,8.58581612063112e-05,0.05622343007454832
10028,low,clean,SemiGreedy,,load,0.028795092096414853,0.03504732452516593,0.1155601107607673
10028,low,clean,Fog-only,,load,0.02080259220421852,0.024771516469569016,0.0860237262212564
10028,low,clean,DRL-OO-2025,504,load,0.028795092096414853,0.03504732452516593,0.1155601107607673
10028,low,clean,DRL-OO-2025,504,packet_loss,4.7655287554873275e-05,6.135964080472064e-05,0.06443378309626088
10028,low,clean,DRL-OO-2025,504,jitter_s,6.410471284602592e-05,8.312206444002034e-05,0.052674076474308766
10029,low,clean,DT-KF-CostAware,,load,0.020247101570414944,0.025815877284181055,0.08245562270029487
10029,low,clean,DT-KF-CostAware,,packet_loss,5.057329294225437e-05,6.495033282418341e-05,0.06619358671373562
10029,low,clean,DT-KF-CostAware,,jitter_s,6.125959590244434e-05,7.75481548265439e-05,0.052365302096570386
10029,low,clean,DT-OPT,,load,0.020250850288181337,0.025678435459045707,0.08298626485322393
10029,low,clean,DT-OPT,,packet_loss,5.84940103811297e-05,7.614972854889975e-05,0.07661119270031376
10029,low,clean,DT-OPT,,jitter_s,6.973559126804786e-05,8.955433137514141e-05,0.059696386799380975
10029,low,clean,SemiGreedy,,load,0.02442740628566493,0.030365431742357857,0.09883765167947042
10029,low,clean,Fog-only,,load,0.019365026386737625,0.024993519982634407,0.07882833011599481
10029,low,clean,DRL-OO-2025,505,load,0.02442740628566493,0.030365431742357857,0.09883765167947042
10029,low,clean,DRL-OO-2025,505,packet_loss,4.5334412304078496e-05,5.841047883769724e-05,0.05942526688502603
10029,low,clean,DRL-OO-2025,505,jitter_s,5.651056974125547e-05,7.202790818847815e-05,0.048241889468347024
10000,medium,clean,DT-KF-CostAware,,load,0.0267677742902309,0.03406328669936639,0.05466571712440544
10000,medium,clean,DT-KF-CostAware,,packet_loss,6.503896826801534e-05,8.341304106179415e-05,0.06580447189007171
10000,medium,clean,DT-KF-CostAware,,jitter_s,8.392687672077032e-05,0.00010784742067225109,0.05189736262467606
10000,medium,clean,DT-OPT,,load,0.02686440152225683,0.03365517636752957,0.05507580754030061
10000,medium,clean,DT-OPT,,packet_loss,7.605329145704509e-05,9.781725260190928e-05,0.07742273069388213
10000,medium,clean,DT-OPT,,jitter_s,9.742306436387113e-05,0.00012625281956170337,0.060088461756900614
10000,medium,clean,SemiGreedy,,load,0.03393582578785762,0.04219169153167142,0.06934749276929582
10000,medium,clean,Fog-only,,load,0.0315998197612044,0.040012661324813924,0.066455103828769
10000,medium,clean,DRL-OO-2025,501,load,0.03393582578785762,0.04219169153167142,0.06934749276929582
10000,medium,clean,DRL-OO-2025,501,packet_loss,6.259007559684542e-05,8.097960159933662e-05,0.06312575737081073
10000,medium,clean,DRL-OO-2025,501,jitter_s,8.311102352987111e-05,0.00010744187365414845,0.051457960996818736
10001,medium,clean,DT-KF-CostAware,,load,0.02268128705081979,0.02875353895358886,0.045821989467137385
10001,medium,clean,DT-KF-CostAware,,packet_loss,6.255309875411783e-05,7.825025292436155e-05,0.06234872840883258
10001,medium,clean,DT-KF-CostAware,,jitter_s,7.1247232864882e-05,8.901869568017236e-05,0.0486955984213855
10001,medium,clean,DT-OPT,,load,0.0228658903781519,0.02921491345681116,0.04600173480467389
10001,medium,clean,DT-OPT,,packet_loss,7.248194002990364e-05,9.080355724126152e-05,0.07263716634043255
10001,medium,clean,DT-OPT,,jitter_s,8.204064714159704e-05,0.00010287815802837871,0.0561743101148011
10001,medium,clean,SemiGreedy,,load,0.02725825562535355,0.03403334993410503,0.05522576428049765
10001,medium,clean,Fog-only,,load,0.028539553742896236,0.035472325986955225,0.056131529842029355
10001,medium,clean,DRL-OO-2025,502,load,0.02725825562535355,0.03403334993410503,0.05522576428049765
10001,medium,clean,DRL-OO-2025,502,packet_loss,5.839784543890724e-05,7.401095055836014e-05,0.05808697880147271
10001,medium,clean,DRL-OO-2025,502,jitter_s,6.833917837721833e-05,8.59341735297089e-05,0.04668520212256104
10002,medium,clean,DT-KF-CostAware,,load,0.02200655496561376,0.028822404524944643,0.04441341168362466
10002,medium,clean,DT-KF-CostAware,,packet_loss,6.02384272581389e-05,7.805601815601311e-05,0.06147527550850286
10002,medium,clean,DT-KF-CostAware,,jitter_s,7.637918558203686e-05,9.885981986960688e-05,0.048013550659893
10002,medium,clean,DT-OPT,,load,0.022179546252247467,0.028567690770685734,0.044718297939504284
10002,medium,clean,DT-OPT,,packet_loss,6.974051862117547e-05,9.611429962995069e-05,0.07088249640638938
10002,medium,clean,DT-OPT,,jitter_s,8.735482017742399e-05,0.00011989703725051929,0.05436702664188297
10002,medium,clean,SemiGreedy,,load,0.028759333645244616,0.03580005570099143,0.05821415581406176
10002,medium,clean,Fog-only,,load,0.028494233834455984,0.0352537708854576,0.05585136075247775
10002,medium,clean,DRL-OO-2025,503,load,0.028759333645244616,0.03580005570099143,0.05821415581406176
10002,medium,clean,DRL-OO-2025,503,packet_loss,5.803729437832174e-05,7.460600236020444e-05,0.05939343366417151
10002,medium,clean,DRL-OO-2025,503,jitter_s,7.585911683503818e-05,9.756978465506145e-05,0.04785036712647229
10003,medium,clean,DT-KF-CostAware,,load,0.024156563781907465,0.0297258409717407,0.04863011643686025
10003,medium,clean,DT-KF-CostAware,,packet_loss,6.27356503069463e-05,7.916793568929714e-05,0.06432802006711363
10003,medium,clean,DT-KF-CostAware,,jitter_s,7.670513153218071e-05,9.647611518701878e-05,0.05053315088331255
10003,medium,clean,DT-OPT,,load,0.023863513103075662,0.029679725307147464,0.048019597936618266
10003,medium,clean,DT-OPT,,packet_loss,7.120439783996578e-05,8.988047891545421e-05,0.07291981409950855
10003,medium,clean,DT-OPT,,jitter_s,8.625368863907343e-05,0.00010791960528793347,0.05689059258512577
10003,medium,clean,SemiGreedy,,load,0.028824183100741717,0.03615736540710957,0.0579919206424776
10003,medium,clean,Fog-only,,load,0.024480383143703408,0.02987560113182511,0.04972977259235033
10003,medium,clean,DRL-OO-2025,504,load,0.028824183100741717,0.03615736540710957,0.0579919206424776
10003,medium,clean,DRL-OO-2025,504,packet_loss,5.6775259561500526e-05,7.236018716434029e-05,0.05813117225025175
10003,medium,clean,DRL-OO-2025,504,jitter_s,7.172380931602715e-05,9.118045976463575e-05,0.047135124064423606
10004,medium,clean,DT-KF-CostAware,,load,0.023889566315309068,0.029177732940494597,0.048036343571993205
10004,medium,clean,DT-KF-CostAware,,packet_loss,6.372077644733669e-05,8.205426127226517e-05,0.06469780793580125
10004,medium,clean,DT-KF-CostAware,,jitter_s,7.175204262015856e-05,9.126295015654553e-05,0.05057382097618074
10004,medium,clean,DT-OPT,,load,0.02376255946725051,0.02868396520697814,0.04748790873627197
10004,medium,clean,DT-OPT,,packet_loss,6.980977337568746e-05,8.907896942813258e-05,0.07088002940650563
10004,medium,clean,DT-OPT,,jitter_s,7.807030471590984e-05,9.851871166742067e-05,0.054865544596677404
10004,medium,clean,SemiGreedy,,load,0.030034700059690982,0.035864351181675795,0.06006988173835808
10004,medium,clean,Fog-only,,load,0.02313351863630104,0.028110411918400843,0.04595011068208007
10004,medium,clean,DRL-OO-2025,505,load,0.030034700059690982,0.035864351181675795,0.06006988173835808
10004,medium,clean,DRL-OO-2025,505,packet_loss,5.974717290527393e-05,7.533514954758587e-05,0.060406970939368906
10004,medium,clean,DRL-OO-2025,505,jitter_s,6.949342850973478e-05,8.683203083167135e-05,0.048821856168363265
10005,medium,clean,DT-KF-CostAware,,load,0.0251967433063851,0.0317649597921554,0.04940756927282534
10005,medium,clean,DT-KF-CostAware,,packet_loss,6.574808237555701e-05,8.395181979322268e-05,0.06470448608736512
10005,medium,clean,DT-KF-CostAware,,jitter_s,7.667247936564119e-05,9.726183679860171e-05,0.050809264182152536
10005,medium,clean,DT-OPT,,load,0.025022239697617656,0.03256737028858641,0.04906872791880905
10005,medium,clean,DT-OPT,,packet_loss,7.346420538752903e-05,9.413786975488152e-05,0.07227286326133361
10005,medium,clean,DT-OPT,,jitter_s,8.47353436369236e-05,0.00010829943946580342,0.056201657918096906
10005,medium,clean,SemiGreedy,,load,0.030992714385235022,0.04017195947604184,0.06132113798729068
10005,medium,clean,Fog-only,,load,0.025894669918479718,0.03495195400043728,0.0505208697263228
10005,medium,clean,DRL-OO-2025,501,load,0.030992714385235022,0.04017195947604184,0.06132113798729068
10005,medium,clean,DRL-OO-2025,501,packet_loss,6.525619027616664e-05,8.24769831297985e-05,0.06397739652645973
10005,medium,clean,DRL-OO-2025,501,jitter_s,7.815564912179515e-05,9.851949989316869e-05,0.05173643701463139
10006,medium,clean,DT-KF-CostAware,,load,0.025227518790474104,0.030843147023366817,0.051298200550276625
10006,medium,clean,DT-KF-CostAware,,packet_loss,5.9131423068350935e-05,7.489397983658343e-05,0.06337554259148662
10006,medium,clean,DT-KF-CostAware,,jitter_s,7.12129991922746e-05,8.962677201054444e-05,0.049740460296699776
10006,medium,clean,DT-OPT,,load,0.023970722484208815,0.03020650837451192,0.049063436463262625
10006,medium,clean,DT-OPT,,packet_loss,6.796290766558227e-05,8.670431669683015e-05,0.07258735730882356
10006,medium,clean,DT-OPT,,jitter_s,8.104248741068174e-05,0.00010285423252057863,0.056439194811643854
10006,medium,clean,SemiGreedy,,load,0.03351341761966618,0.04111587584647783,0.06765343860535307
10006,medium,clean,Fog-only,,load,0.0452141579825449,0.054659607435396135,0.09568362128941628
10006,medium,clean,DRL-OO-2025,502,load,0.03351341761966618,0.04111587584647783,0.06765343860535307
10006,medium,clean,DRL-OO-2025,502,packet_loss,5.711946020298025e-05,7.142151227318799e-05,0.06132497935482251
10006,medium,clean,DRL-OO-2025,502,jitter_s,7.136105696477191e-05,8.88086163709023e-05,0.049788137678983435
10007,medium,clean,DT-KF-CostAware,,load,0.024397312121561574,0.029369860811399248,0.04875051917854018
10007,medium,clean,DT-KF-CostAware,,packet_loss,5.539983526117872e-05,7.202332340573385e-05,0.061493424619583625
10007,medium,clean,DT-KF-CostAware,,jitter_s,7.284164916815234e-05,9.432190274450455e-05,0.04835198242738069
10007,medium,clean,DT-OPT,,load,0.02438156103812913,0.028757822794435416,0.048786571208431564
10007,medium,clean,DT-OPT,,packet_loss,6.325001262231092e-05,8.531035646482342e-05,0.07062468024326163
10007,medium,clean,DT-OPT,,jitter_s,8.239275048674467e-05,0.00011102477537234779,0.05461884594709234
10007,medium,clean,SemiGreedy,,load,0.028988135564344087,0.03688908652314635,0.057804688808963244
10007,medium,clean,Fog-only,,load,0.023377247022700092,0.02874478615144994,0.045909379767416776
10007,medium,clean,DRL-OO-2025,503,load,0.028988135564344087,0.03688908652314635,0.057804688808963244
10007,medium,clean,DRL-OO-2025,503,packet_loss,5.4871991470929496e-05,7.102604168864987e-05,0.060422514654377056
10007,medium,clean,DRL-OO-2025,503,jitter_s,7.352786053792289e-05,9.53814196866728e-05,0.048693119977688895
10008,medium,clean,DT-KF-CostAware,,load,0.021918979752775996,0.02750372987725635,0.043855550797535815
10008,medium,clean,DT-KF-CostAware,,packet_loss,5.964264615759002e-05,7.557169069938083e-05,0.0618940719892113
10008,medium,clean,DT-KF-CostAware,,jitter_s,7.208335516239864e-05,9.107718343378002e-05,0.048394906834874456
10008,medium,clean,DT-OPT,,load,0.022472472358907702,0.02747430022363864,0.04505831808319921
10008,medium,clean,DT-OPT,,packet_loss,6.912155784594959e-05,8.952362410214848e-05,0.07159127902327397
10008,medium,clean,DT-OPT,,jitter_s,8.237509020638431e-05,0.00010508694460411104,0.0555134188576642
10008,medium,clean,SemiGreedy,,load,0.025767304195809797,0.03197469668217142,0.05165535596540448
10008,medium,clean,Fog-only,,load,0.023047494094306835,0.027374855547020297,0.04562557391105106
10008,medium,clean,DRL-OO-2025,504,load,0.025767304195809797,0.03197469668217142,0.05165535596540448
10008,medium,clean,DRL-OO-2025,504,packet_loss,5.770462666632927e-05,7.332162874413869e-05,0.05974907749944426
10008,medium,clean,DRL-OO-2025,504,jitter_s,7.103805737413618e-05,8.987813042880301e-05,0.04772615076176817
10009,medium,clean,DT-KF-CostAware,,load,0.02609009746905409,0.032374705143267575,0.05265688230488208
10009,medium,clean,DT-KF-CostAware,,packet_loss,6.20822562379971e-05,7.900485881416202e-05,0.06392725727569545
10009,medium,clean,DT-KF-CostAware,,jitter_s,7.508778564196111e-05,9.34548667237565e-05,0.0507667114000114
10009,medium,clean,DT-OPT,,load,0.024745454357069326,0.03131219983496132,0.05004695508299329
10009,medium,clean,DT-OPT,,packet_loss,6.898120527639204e-05,8.81375014469144e-05,0.07089818320293974
10009,medium,clean,DT-OPT,,jitter_s,8.238008195833059e-05,0.00010291651009716813,0.05574809427336521
10009,medium,clean,SemiGreedy,,load,0.029720305850177455,0.03870090655526358,0.059898162241827056
10009,medium,clean,Fog-only,,load,0.025575405620171267,0.032125997876202295,0.05120418408124169
10009,medium,clean,DRL-OO-2025,505,load,0.029720305850177455,0.03870090655526358,0.059898162241827056
10009,medium,clean,DRL-OO-2025,505,packet_loss,5.770863902432306e-05,7.336305957201992e-05,0.05953069841168837
10009,medium,clean,DRL-OO-2025,505,jitter_s,7.085468688757535e-05,8.868899670875366e-05,0.0479813434404544
10010,medium,clean,DT-KF-CostAware,,load,0.025451544077433125,0.031244631958712382,0.05141661883857085
10010,medium,clean,DT-KF-CostAware,,packet_loss,6.248515049816201e-05,7.99347414163693e-05,0.0637486890618454
10010,medium,clean,DT-KF-CostAware,,jitter_s,7.949435952854266e-05,0.00010142336931868479,0.05002325104457947
10010,medium,clean,DT-OPT,,load,0.02508056895020663,0.030468275847329068,0.050621906977952776
10010,medium,clean,DT-OPT,,packet_loss,7.28373157427898e-05,9.46151437236809e-05,0.07408788103732111
10010,medium,clean,DT-OPT,,jitter_s,9.203936625907772e-05,0.00012046124892418165,0.05735840136037247
10010,medium,clean,SemiGreedy,,load,0.030668447570255438,0.037302246871218615,0.06184015671145114
10010,medium,clean,Fog-only,,load,0.03180957629698248,0.039125700120939126,0.06206978364906346
10010,medium,clean,DRL-OO-2025,501,load,0.030668447570255438,0.037302246871218615,0.06184015671145114
10010,medium,clean,DRL-OO-2025,501,packet_loss,5.869254437081964e-05,7.576332103714743e-05,0.05955413090042352
10010,medium,clean,DRL-OO-2025,501,jitter_s,7.627884790574753e-05,9.819866185161804e-05,0.04789184304525049
10011,medium,clean,DT-KF-CostAware,,load,0.022183377900158428,0.028004203787053435,0.04433231334992108
10011,medium,clean,DT-KF-CostAware,,packet_loss,5.944145591964418e-05,7.540186081403109e-05,0.06274234475097934
10011,medium,clean,DT-KF-CostAware,,jitter_s,7.555383621718863e-05,9.672379815420366e-05,0.048945921839056876
10011,medium,clean,DT-OPT,,load,0.022328643922972964,0.028897904185727498,0.044371601564031214
10011,medium,clean,DT-OPT,,packet_loss,6.929347115262224e-05,8.887760219842148e-05,0.07349580478163155
10011,medium,clean,DT-OPT,,jitter_s,8.843189661488845e-05,0.00011601246220995457,0.05709436038790277
10011,medium,clean,SemiGreedy,,load,0.027883394768308565,0.03571485451593752,0.05576373764965185
10011,medium,clean,Fog-only,,load,0.029148698523810874,0.03540867698061602,0.05656312157208117
10011,medium,clean,DRL-OO-2025,502,load,0.027883394768308565,0.03571485451593752,0.05576373764965185
10011,medium,clean,DRL-OO-2025,502,packet_loss,5.7772073066894794e-05,7.248227091881821e-05,0.060928188300046246
10011,medium,clean,DRL-OO-2025,502,jitter_s,7.544158586839285e-05,9.499878435164886e-05,0.04902382703472619
10012,medium,clean,DT-KF-CostAware,,load,0.02427916286997028,0.030536780023120092,0.049045889579101616
10012,medium,clean,DT-KF-CostAware,,packet_loss,6.330498770406781e-05,8.023392315030237e-05,0.06386939114319708
10012,medium,clean,DT-KF-CostAware,,jitter_s,7.609896277604818e-05,9.664793895570836e-05,0.05011342473542676
10012,medium,clean,DT-OPT,,load,0.024574456360578745,0.03080289597047299,0.04968161115051255
10012,medium,clean,DT-OPT,,packet_loss,7.101399918132273e-05,8.913797435248597e-05,0.0720086305878835
10012,medium,clean,DT-OPT,,jitter_s,8.503155490618984e-05,0.00010726222057883854,0.05604046701346851
10012,medium,clean,SemiGreedy,,load,0.028251704319851488,0.0346979502982701,0.05719538145982881
10012,medium,clean,Fog-only,,load,0.028055034353731984,0.035610727975637683,0.05511360495780458
10012,medium,clean,DRL-OO-2025,503,load,0.028251704319851488,0.0346979502982701,0.05719538145982881
10012,medium,clean,DRL-OO-2025,503,packet_loss,5.707287216220892e-05,7.319837827012011e-05,0.0575337802002731
10012,medium,clean,DRL-OO-2025,503,jitter_s,7.037168058911715e-05,9.056842828330887e-05,0.046189028524911795
10013,medium,clean,DT-KF-CostAware,,load,0.02389753149101747,0.031139362377110538,0.047824304670578695
10013,medium,clean,DT-KF-CostAware,,packet_loss,6.405662080723636e-05,8.326096817617804e-05,0.06513510531127242
10013,medium,clean,DT-KF-CostAware,,jitter_s,8.02648173555015e-05,0.00010380538130612762,0.0512031873961218
10013,medium,clean,DT-OPT,,load,0.023841305133279887,0.030994353105583853,0.04772627523444153
10013,medium,clean,DT-OPT,,packet_loss,7.779687508432553e-05,0.0001039719327663289,0.07933266977586349
10013,medium,clean,DT-OPT,,jitter_s,9.608444971347505e-05,0.00012807902164217416,0.06118236354925159
10013,medium,clean,SemiGreedy,,load,0.03171028955500245,0.03994734246542516,0.06359580107502674
10013,medium,clean,Fog-only,,load,0.02559057875991529,0.03270641014018163,0.05176487407419732
10013,medium,clean,DRL-OO-2025,504,load,0.03171028955500245,0.03994734246542516,0.06359580107502674
10013,medium,clean,DRL-OO-2025,504,packet_loss,5.975875079268262e-05,7.836201548692077e-05,0.06100707733528545
10013,medium,clean,DRL-OO-2025,504,jitter_s,7.779821232494933e-05,0.00010131794820434694,0.04976859329267982
10014,medium,clean,DT-KF-CostAware,,load,0.027533823014678303,0.03440887810011276,0.055277754384145665
10014,medium,clean,DT-KF-CostAware,,packet_loss,6.572796894416782e-05,8.1905376118128e-05,0.06740590759756918
10014,medium,clean,DT-KF-CostAware,,jitter_s,8.419735176410512e-05,0.00010442570865814134,0.05321602872778399
10014,medium,clean,DT-OPT,,load,0.028635845584297003,0.0363232227569358,0.057787786316909895
10014,medium,clean,DT-OPT,,packet_loss,7.570091828082209e-05,9.57239550838881e-05,0.07769884958184028
10014,medium,clean,DT-OPT,,jitter_s,9.612062996645928e-05,0.00012021593149873169,0.060724912980179784
10014,medium,clean,SemiGreedy,,load,0.03272173152862086,0.03962876883061088,0.06544813304471964
10014,medium,clean,Fog-only,,load,0.028950477294273576,0.036010558134611036,0.057274433201862825
10014,medium,clean,DRL-OO-2025,505,load,0.03272173152862086,0.03962876883061088,0.06544813304471964
10014,medium,clean,DRL-OO-2025,505,packet_loss,6.043703953210709e-05,7.653328487157336e-05,0.06179877039585609
10014,medium,clean,DRL-OO-2025,505,jitter_s,7.975590306180925e-05,0.00010050200343227319,0.050151555848495295
10015,medium,clean,DT-KF-CostAware,,load,0.0256709029937431,0.03281663152236973,0.05181136712453259
10015,medium,clean,DT-KF-CostAware,,packet_loss,6.996146221533394e-05,8.841586194046716e-05,0.06612471003807001
10015,medium,clean,DT-KF-CostAware,,jitter_s,8.099995575494429e-05,0.00010225585674889113,0.05188322650646917
10015,medium,clean,DT-OPT,,load,0.027244133603596943,0.03477504851305149,0.05410233050702136
10015,medium,clean,DT-OPT,,packet_loss,8.122555146948684e-05,0.00010202746953091272,0.07681354369165028
10015,medium,clean,DT-OPT,,jitter_s,9.386952239035637e-05,0.00011815191789470538,0.05986228641758607
10015,medium,clean,SemiGreedy,,load,0.031984974043022876,0.04019197321820261,0.0649256094835401
10015,medium,clean,Fog-only,,load,0.03082022033732749,0.041730418718537,0.06049746389375873
10015,medium,clean,DRL-OO-2025,501,load,0.031984974043022876,0.04019197321820261,0.0649256094835401
10015,medium,clean,DRL-OO-2025,501,packet_loss,6.689226758473948e-05,8.513833450255921e-05,0.06286251883156119
10015,medium,clean,DRL-OO-2025,501,jitter_s,7.96349763325308e-05,0.000100620221491217,0.05097247966006165
10016,medium,clean,DT-KF-CostAware,,load,0.023650188662814486,0.029855356827847845,0.04752558659886304
10016,medium,clean,DT-KF-CostAware,,packet_loss,6.0916527027901014e-05,7.720019184203028e-05,0.06226924180127758
10016,medium,clean,DT-KF-CostAware,,jitter_s,7.117831826448386e-05,8.943251396013016e-05,0.048453439235964235
10016,medium,clean,DT-OPT,,load,0.02310942799494802,0.028822002507335312,0.046477651844053135
10016,medium,clean,DT-OPT,,packet_loss,6.734851871231714e-05,8.514313171945085e-05,0.06897551714793276
10016,medium,clean,DT-OPT,,jitter_s,7.753994273003172e-05,9.69438963398467e-05,0.05304118562829566
10016,medium,clean,SemiGreedy,,load,0.028418465542704822,0.03769617470676979,0.057093183051780134
10016,medium,clean,Fog-only,,load,0.024859562262684525,0.03042859599390419,0.048914606776477874
10016,medium,clean,DRL-OO-2025,502,load,0.028418465542704822,0.03769617470676979,0.057093183051780134
10016,medium,clean,DRL-OO-2025,502,packet_loss,5.840537103005865e-05,7.4552427059847e-05,0.059283212442060335
10016,medium,clean,DRL-OO-2025,502,jitter_s,7.037075654814048e-05,8.898239005261585e-05,0.04775084013532303
10017,medium,clean,DT-KF-CostAware,,load,0.027332597914796936,0.032973091137622514,0.05496152177265734
10017,medium,clean,DT-KF-CostAware,,packet_loss,5.964499998603095e-05,7.563182885243046e-05,0.060907207012392495
10017,medium,clean,DT-KF-CostAware,,jitter_s,7.461862818064675e-05,9.401903061847688e-05,0.047984305001267734
10017,medium,clean,DT-OPT,,load,0.027096185908020636,0.03358745042424649,0.054240227198846976
10017,medium,clean,DT-OPT,,packet_loss,6.739678312278236e-05,8.545807386668194e-05,0.06883223022888685
10017,medium,clean,DT-OPT,,jitter_s,8.330782673806097e-05,0.00010443984136664941,0.053722484140588896
10017,medium,clean,SemiGreedy,,load,0.0312459679474312,0.037673339728854054,0.06317744479511257
10017,medium,clean,Fog-only,,load,0.03283448300446046,0.04150634244651497,0.06357848904042131
10017,medium,clean,DRL-OO-2025,503,load,0.0312459679474312,0.037673339728854054,0.06317744479511257
10017,medium,clean,DRL-OO-2025,503,packet_loss,5.8890017880620704e-05,7.441780609199871e-05,0.06005137480211856
10017,medium,clean,DRL-OO-2025,503,jitter_s,7.579740634620651e-05,9.512097474793144e-05,0.04858977858596073
10018,medium,clean,DT-KF-CostAware,,load,0.02700227402569585,0.03266479985340847,0.05455523886203682
10018,medium,clean,DT-KF-CostAware,,packet_loss,6.40751291522585e-05,8.054878728089819e-05,0.06414236148646947
10018,medium,clean,DT-KF-CostAware,,jitter_s,8.206704115360922e-05,0.00010454930253321093,0.05057142136345487
10018,medium,clean,DT-OPT,,load,0.02603109725557345,0.032088137673881884,0.05268114267680857
10018,medium,clean,DT-OPT,,packet_loss,7.199909471538063e-05,9.135859438244089e-05,0.0722178429732648
10018,medium,clean,DT-OPT,,jitter_s,9.067657042248127e-05,0.00011653503434016868,0.05609227386431023
10018,medium,clean,SemiGreedy,,load,0.03432876331016245,0.042240030569568356,0.06935312298189734
10018,medium,clean,Fog-only,,load,0.02488872360504618,0.03157499367837575,0.05016829872889098
10018,medium,clean,DRL-OO-2025,504,load,0.03432876331016245,0.042240030569568356,0.06935312298189734
10018,medium,clean,DRL-OO-2025,504,packet_loss,6.281190208737605e-05,7.978462324930242e-05,0.06275945545257115
10018,medium,clean,DRL-OO-2025,504,jitter_s,8.316752097024326e-05,0.00010630086868642315,0.0513251050844485
10019,medium,clean,DT-KF-CostAware,,load,0.024386710017744135,0.029748655282913806,0.04901417461320597
10019,medium,clean,DT-KF-CostAware,,packet_loss,6.420685818711847e-05,8.054534393939888e-05,0.06407011044607512
10019,medium,clean,DT-KF-CostAware,,jitter_s,7.964104730786646e-05,0.00010002202476334995,0.050002219446159096
10019,medium,clean,DT-OPT,,load,0.024905132544808695,0.030322078097821132,0.04964639801822081
10019,medium,clean,DT-OPT,,packet_loss,7.254889377942318e-05,9.067562332422703e-05,0.07227352807616089
10019,medium,clean,DT-OPT,,jitter_s,8.913739668515564e-05,0.00011163461670282205,0.0560665928720206
10019,medium,clean,SemiGreedy,,load,0.030494777815585027,0.03729894354439838,0.06161010404613414
10019,medium,clean,Fog-only,,load,0.04156905048486543,0.05268442688412657,0.07927010874697148
10019,medium,clean,DRL-OO-2025,505,load,0.030494777815585027,0.03729894354439838,0.06161010404613414
10019,medium,clean,DRL-OO-2025,505,packet_loss,6.23545360798575e-05,7.835581488690565e-05,0.062370017193739254
10019,medium,clean,DRL-OO-2025,505,jitter_s,7.985369552110456e-05,0.00010007299792691017,0.05019725363148418
10020,medium,clean,DT-KF-CostAware,,load,0.02637155888076745,0.032368477690564425,0.05260201753219481
10020,medium,clean,DT-KF-CostAware,,packet_loss,6.516495512043001e-05,8.210421849807013e-05,0.06648933029551676
10020,medium,clean,DT-KF-CostAware,,jitter_s,8.00964359975139e-05,0.00010051905789235556,0.051958241949500085
10020,medium,clean,DT-OPT,,load,0.029735345994604083,0.03609337350683146,0.05935784730061514
10020,medium,clean,DT-OPT,,packet_loss,7.589132735331565e-05,9.466015412573051e-05,0.07712594049006923
10020,medium,clean,DT-OPT,,jitter_s,9.28794640402123e-05,0.00011479317904747778,0.060289402923950096
10020,medium,clean,SemiGreedy,,load,0.032252988195138076,0.0384982876741763,0.06488711241008316
10020,medium,clean,Fog-only,,load,0.0351253342539552,0.04392829935860076,0.06849976399014536
10020,medium,clean,DRL-OO-2025,501,load,0.032252988195138076,0.0384982876741763,0.06488711241008316
10020,medium,clean,DRL-OO-2025,501,packet_loss,6.14177673498477e-05,7.766456260155255e-05,0.06301516706568953
10020,medium,clean,DRL-OO-2025,501,jitter_s,7.79555688662744e-05,9.817083188167387e-05,0.050685036191824566
10021,medium,clean,DT-KF-CostAware,,load,0.024127639368155065,0.030357709425053694,0.04904002659222546
10021,medium,clean,DT-KF-CostAware,,packet_loss,6.316576150865841e-05,7.985701051490912e-05,0.0654584610897392
10021,medium,clean,DT-KF-CostAware,,jitter_s,7.910256782717714e-05,0.00010059288002936659,0.05090444105546931
10021,medium,clean,DT-OPT,,load,0.024744718328358055,0.030194125150799934,0.05018772709501944
10021,medium,clean,DT-OPT,,packet_loss,7.347648646021849e-05,9.347976556865974e-05,0.07604471929894882
10021,medium,clean,DT-OPT,,jitter_s,9.13709337333354e-05,0.00011630401246318073,0.058789323080551584
10021,medium,clean,SemiGreedy,,load,0.03088867800272447,0.038721165106392695,0.062460713298037554
10021,medium,clean,Fog-only,,load,0.029697077765171588,0.03509364493128352,0.05871553657255722
10021,medium,clean,DRL-OO-2025,502,load,0.03088867800272447,0.038721165106392695,0.062460713298037554
10021,medium,clean,DRL-OO-2025,502,packet_loss,6.094620334314476e-05,7.713601232696646e-05,0.06288546562821315
10021,medium,clean,DRL-OO-2025,502,jitter_s,7.9011625149184e-05,0.0001004418690980961,0.05062292404446904
10022,medium,clean,DT-KF-CostAware,,load,0.02291024345452059,0.029504083621852105,0.0468157280770836
10022,medium,clean,DT-KF-CostAware,,packet_loss,6.36171752045284e-05,8.190843654453243e-05,0.0631378793848498
10022,medium,clean,DT-KF-CostAware,,jitter_s,7.877340312840705e-05,0.00010033989943031587,0.04937334375015803
10022,medium,clean,DT-OPT,,load,0.02174271142662389,0.028477061842817765,0.04450938249980142
10022,medium,clean,DT-OPT,,packet_loss,7.222389738286027e-05,9.400370404196774e-05,0.07164481205576012
10022,medium,clean,DT-OPT,,jitter_s,8.838398983787764e-05,0.00011326378560843508,0.055463277421566475
10022,medium,clean,SemiGreedy,,load,0.02948673940965063,0.03718422127174641,0.060372720558986584
10022,medium,clean,Fog-only,,load,0.022293967002348338,0.029087778279185118,0.04628287489777683
10022,medium,clean,DRL-OO-2025,503,load,0.02948673940965063,0.03718422127174641,0.060372720558986584
10022,medium,clean,DRL-OO-2025,503,packet_loss,6.19798573924562e-05,7.89593187199245e-05,0.060880666428305925
10022,medium,clean,DRL-OO-2025,503,jitter_s,7.861042245436444e-05,9.96441402896883e-05,0.04895639218117935
10023,medium,clean,DT-KF-CostAware,,load,0.023995899643205715,0.02933032238329375,0.04763728209561462
10023,medium,clean,DT-KF-CostAware,,packet_loss,6.868264284925765e-05,9.145992231550235e-05,0.06538998143846639
10023,medium,clean,DT-KF-CostAware,,jitter_s,8.171912129938224e-05,0.00010574996160570775,0.05110320865528086
10023,medium,clean,DT-OPT,,load,0.023969944258209117,0.029452391210145142,0.047855532371992006
10023,medium,clean,DT-OPT,,packet_loss,8.654647800136648e-05,0.00012596826812723687,0.08207079748358789
10023,medium,clean,DT-OPT,,jitter_s,0.00010001516976208033,0.00013908804663977195,0.0628240177874773
10023,medium,clean,SemiGreedy,,load,0.029420461149891643,0.03582703751308263,0.05847763909801903
10023,medium,clean,Fog-only,,load,0.029796986489457285,0.03489228325542596,0.06092804479254567
10023,medium,clean,DRL-OO-2025,504,load,0.029420461149891643,0.03582703751308263,0.05847763909801903
10023,medium,clean,DRL-OO-2025,504,packet_loss,6.458855144531405e-05,8.689138636742245e-05,0.061545095560097296
10023,medium,clean,DRL-OO-2025,504,jitter_s,7.911164048421823e-05,0.00010372276329980914,0.04926987917269961
10024,medium,clean,DT-KF-CostAware,,load,0.02792898228572595,0.034608088704745556,0.055476226974804956
10024,medium,clean,DT-KF-CostAware,,packet_loss,6.578528807575346e-05,8.452580867845446e-05,0.06559700629084003
10024,medium,clean,DT-KF-CostAware,,jitter_s,8.568619206318562e-05,0.00010979452561692913,0.051858212780759624
10024,medium,clean,DT-OPT,,load,0.02797867168211662,0.034917097071702284,0.05540162961772244
10024,medium,clean,DT-OPT,,packet_loss,7.573725844321438e-05,9.832457225226623e-05,0.0754907395468626
10024,medium,clean,DT-OPT,,jitter_s,9.80466197889607e-05,0.00012654373870364037,0.05943016539853188
10024,medium,clean,SemiGreedy,,load,0.03741912244013237,0.045106444980489484,0.07416258628591613
10024,medium,clean,Fog-only,,load,0.02678329392450368,0.034881868062324364,0.051952075796953504
10024,medium,clean,DRL-OO-2025,505,load,0.03741912244013237,0.045106444980489484,0.07416258628591613
10024,medium,clean,DRL-OO-2025,505,packet_loss,6.436812836118517e-05,8.170509103423738e-05,0.06386546176498026
10024,medium,clean,DRL-OO-2025,505,jitter_s,8.686468521182633e-05,0.00010946641784400324,0.052523972834576736
10025,medium,clean,DT-KF-CostAware,,load,0.025446129798402443,0.03118944790364758,0.051279574964677055
10025,medium,clean,DT-KF-CostAware,,packet_loss,6.764819883589782e-05,8.484927417026245e-05,0.06705664028191544
10025,medium,clean,DT-KF-CostAware,,jitter_s,8.272268107615135e-05,0.00010355717848965681,0.05241237899529194
10025,medium,clean,DT-OPT,,load,0.027219780963886313,0.033177270332423216,0.054449520159547994
10025,medium,clean,DT-OPT,,packet_loss,7.820020254899783e-05,9.948272733712784e-05,0.07769814178290066
10025,medium,clean,DT-OPT,,jitter_s,9.344423272884066e-05,0.00011806636048414461,0.05943145156632431
10025,medium,clean,SemiGreedy,,load,0.032892364604731036,0.040716454706923796,0.06610036196006222
10025,medium,clean,Fog-only,,load,0.03549287619754744,0.044370531854513055,0.06876823317940188
10025,medium,clean,DRL-OO-2025,501,load,0.032892364604731036,0.040716454706923796,0.06610036196006222
10025,medium,clean,DRL-OO-2025,501,packet_loss,6.118236965371858e-05,7.714767348209178e-05,0.06042514635495139
10025,medium,clean,DRL-OO-2025,501,jitter_s,7.847524325970755e-05,9.90142149407333e-05,0.04925189705493833
10026,medium,clean,DT-KF-CostAware,,load,0.0243167355699335,0.03239628905315499,0.04843908253084601
10026,medium,clean,DT-KF-CostAware,,packet_loss,6.793336497255388e-05,8.631141474722758e-05,0.0694213387314122
10026,medium,clean,DT-KF-CostAware,,jitter_s,8.530535379073244e-05,0.00010936372126295065,0.05452330202129024
10026,medium,clean,DT-OPT,,load,0.023627594802237688,0.03129963298396918,0.0469829583957936
10026,medium,clean,DT-OPT,,packet_loss,7.611941235852921e-05,9.859195724743506e-05,0.07795020937423956
10026,medium,clean,DT-OPT,,jitter_s,9.515650388715028e-05,0.00012335322579351925,0.06075110266475909
10026,medium,clean,SemiGreedy,,load,0.03277307291070343,0.04234158813200444,0.06528422935888692
10026,medium,clean,Fog-only,,load,0.02484299533295677,0.0319485357433703,0.04857216046124681
10026,medium,clean,DRL-OO-2025,502,load,0.03277307291070343,0.04234158813200444,0.06528422935888692
10026,medium,clean,DRL-OO-2025,502,packet_loss,6.344927268364886e-05,8.150561434715861e-05,0.06476913785219213
10026,medium,clean,DRL-OO-2025,502,jitter_s,8.297077937833756e-05,0.00010697639621401777,0.052974929362217274
10027,medium,clean,DT-KF-CostAware,,load,0.02459369649828242,0.03126721571227809,0.049609445539093536
10027,medium,clean,DT-KF-CostAware,,packet_loss,6.318994436313044e-05,7.963944205269955e-05,0.06454397564555468
10027,medium,clean,DT-KF-CostAware,,jitter_s,7.641837273877545e-05,9.608786992985447e-05,0.05065999338180569
10027,medium,clean,DT-OPT,,load,0.024764240390459154,0.03146643246211867,0.049754398034206136
10027,medium,clean,DT-OPT,,packet_loss,7.143312590351581e-05,8.986476267606001e-05,0.07296247688202404
10027,medium,clean,DT-OPT,,jitter_s,8.536966900897364e-05,0.00010672944869285209,0.05678304266573861
10027,medium,clean,SemiGreedy,,load,0.02906595175823946,0.03658729828305651,0.05879784698157734
10027,medium,clean,Fog-only,,load,0.02425794870860429,0.03152329365935013,0.04850497818800711
10027,medium,clean,DRL-OO-2025,503,load,0.02906595175823946,0.03658729828305651,0.05879784698157734
10027,medium,clean,DRL-OO-2025,503,packet_loss,5.933478096565202e-05,7.477418695092359e-05,0.060410671586109285
10027,medium,clean,DRL-OO-2025,503,jitter_s,7.360397840324165e-05,9.273445347200558e-05,0.04860156063196773
10028,medium,clean,DT-KF-CostAware,,load,0.026244501927108775,0.031051516597987525,0.052491163883163425
10028,medium,clean,DT-KF-CostAware,,packet_loss,6.075028647583825e-05,7.588837768695623e-05,0.06420425672808786
10028,medium,clean,DT-KF-CostAware,,jitter_s,7.860733022525652e-05,9.84044830452283e-05,0.05030599419134069
10028,medium,clean,DT-OPT,,load,0.025958603151746373,0.030630881285336736,0.05213072316754421
10028,medium,clean,DT-OPT,,packet_loss,6.708422147989787e-05,8.601294396256018e-05,0.07157865344764669
10028,medium,clean,DT-OPT,,jitter_s,8.603559225113638e-05,0.00010947925189342951,0.05553489357316653
10028,medium,clean,SemiGreedy,,load,0.03457814822209589,0.04208904821773846,0.06910056856156642
10028,medium,clean,Fog-only,,load,0.02520227235336244,0.03002664495376392,0.05129927823850877
10028,medium,clean,DRL-OO-2025,504,load,0.03457814822209589,0.04208904821773846,0.06910056856156642
10028,medium,clean,DRL-OO-2025,504,packet_loss,6.0476415725195135e-05,7.779167581215632e-05,0.06339963886955617
10028,medium,clean,DRL-OO-2025,504,jitter_s,8.065478980213865e-05,0.00010448524420258085,0.05137728490912086
10029,medium,clean,DT-KF-CostAware,,load,0.024404970480911847,0.0311291894446062,0.04909982174856842
10029,medium,clean,DT-KF-CostAware,,packet_loss,6.46294570151467e-05,8.312334091056703e-05,0.06559025817749548
10029,medium,clean,DT-KF-CostAware,,jitter_s,7.784040732977767e-05,9.875336595077104e-05,0.051582740462336914
10029,medium,clean,DT-OPT,,load,0.024463110730132045,0.03102611537833846,0.04938676124454828
10029,medium,clean,DT-OPT,,packet_loss,7.502868444610721e-05,9.772806778526167e-05,0.07618340364048902
10029,medium,clean,DT-OPT,,jitter_s,8.904034988117696e-05,0.00011452336538771744,0.05908889281956294
10029,medium,clean,SemiGreedy,,load,0.02937899810791448,0.036511574101284035,0.05895124674707153
10029,medium,clean,Fog-only,,load,0.023415640859469018,0.030225811100347787,0.04706221272984833
10029,medium,clean,DRL-OO-2025,505,load,0.02937899810791448,0.036511574101284035,0.05895124674707153
10029,medium,clean,DRL-OO-2025,505,packet_loss,5.761656332551993e-05,7.430134619078302e-05,0.058559336373230485
10029,medium,clean,DRL-OO-2025,505,jitter_s,7.125970429541641e-05,9.093475841589826e-05,0.04715893990101573
10000,high,clean,DT-KF-CostAware,,load,0.03129324122285233,0.03981776810638265,0.04234385962256345
10000,high,clean,DT-KF-CostAware,,packet_loss,7.917042370298635e-05,0.00010154924191447486,0.0654016661725641
10000,high,clean,DT-KF-CostAware,,jitter_s,0.00010177827655030181,0.00013083375571926485,0.05137427005449517
10000,high,clean,DT-OPT,,load,0.03143507069969721,0.03937687186414827,0.04266731321802449
10000,high,clean,DT-OPT,,packet_loss,9.27381348749564e-05,0.00011927726285715739,0.0770755316805406
10000,high,clean,DT-OPT,,jitter_s,0.00011845204633000712,0.00015356112143778065,0.05963361552220184
10000,high,clean,SemiGreedy,,load,0.03963270582575985,0.049276782215475934,0.05367006395712821
10000,high,clean,Fog-only,,load,0.03727554820617524,0.047174029803703076,0.051624477334690444
10000,high,clean,DRL-OO-2025,501,load,0.03963270582575985,0.049276782215475934,0.05367006395712821
10000,high,clean,DRL-OO-2025,501,packet_loss,7.584073675018849e-05,9.807231897194942e-05,0.06244943817079463
10000,high,clean,DRL-OO-2025,501,jitter_s,0.00010017222623089459,0.0001294635304062329,0.05061850478892919
10001,high,clean,DT-KF-CostAware,,load,0.02656390652818294,0.03366716433959967,0.03564976602493198
10001,high,clean,DT-KF-CostAware,,packet_loss,7.624209432374019e-05,9.53469598848783e-05,0.06204119264401432
10001,high,clean,DT-KF-CostAware,,jitter_s,8.660480087753799e-05,0.00010811723262480322,0.04832443882729507
10001,high,clean,DT-OPT,,load,0.02680703626613849,0.034277215829298595,0.03585102444035543
10001,high,clean,DT-OPT,,packet_loss,8.84517423381854e-05,0.00011080155274158214,0.07236686160362851
10001,high,clean,DT-OPT,,jitter_s,9.990020424188679e-05,0.0001252247740948828,0.05584328196507539
10001,high,clean,SemiGreedy,,load,0.0318383425362564,0.03976308260084452,0.042835483980445455
10001,high,clean,Fog-only,,load,0.033682782272801325,0.04186573286728843,0.04425340720007677
10001,high,clean,DRL-OO-2025,502,load,0.0318383425362564,0.03976308260084452,0.042835483980445455
10001,high,clean,DRL-OO-2025,502,packet_loss,7.09523102272e-05,8.991161082637157e-05,0.057614328190467474
10001,high,clean,DRL-OO-2025,502,jitter_s,8.255715012661465e-05,0.00010391052741043573,0.04603694140850019
10002,high,clean,DT-KF-CostAware,,load,0.025773669794215533,0.033741334134745386,0.0345674468712574
10002,high,clean,DT-KF-CostAware,,packet_loss,7.339760782308738e-05,9.516016297257725e-05,0.06115578432390285
10002,high,clean,DT-KF-CostAware,,jitter_s,9.283146716465378e-05,0.00012015454974887681,0.0476365761392559
10002,high,clean,DT-OPT,,load,0.02606368203926824,0.03350096360053095,0.03492643823599669
10002,high,clean,DT-OPT,,packet_loss,8.512943829609612e-05,0.00011736924335386455,0.07063569473110697
10002,high,clean,DT-OPT,,jitter_s,0.00010637875022957638,0.00014609850937923028,0.054040453868209916
10002,high,clean,SemiGreedy,,load,0.033613897061976254,0.041831724632574674,0.04519879738739228
10002,high,clean,Fog-only,,load,0.033583176005762064,0.0415533708417549,0.04402002435363339
10002,high,clean,DRL-OO-2025,503,load,0.033613897061976254,0.041831724632574674,0.04519879738739228
10002,high,clean,DRL-OO-2025,503,packet_loss,7.047506047772475e-05,9.062007072684281e-05,0.05887805195303953
10002,high,clean,DRL-OO-2025,503,jitter_s,9.168527898529534e-05,0.00011797809467481738,0.04720850295366588
10003,high,clean,DT-KF-CostAware,,load,0.028261122182882133,0.0348047339677932,0.03783608125117963
10003,high,clean,DT-KF-CostAware,,packet_loss,7.639474257415854e-05,9.642705207815565e-05,0.0639553765686695
10003,high,clean,DT-KF-CostAware,,jitter_s,9.312785066869584e-05,0.00011709015596904434,0.050093619481797316
10003,high,clean,DT-OPT,,load,0.02796722432670232,0.03480811123762166,0.03742608458453328
10003,high,clean,DT-OPT,,packet_loss,8.682828359432946e-05,0.0001096042498512149,0.07259055840865881
10003,high,clean,DT-OPT,,jitter_s,0.00010488877492831679,0.0001312195454936503,0.05648883677881797
10003,high,clean,SemiGreedy,,load,0.03367164833740884,0.04223912363581276,0.04506490274225502
10003,high,clean,Fog-only,,load,0.02874280136370322,0.03503887308388367,0.038741063255728916
10003,high,clean,DRL-OO-2025,504,load,0.03367164833740884,0.04223912363581276,0.04506490274225502
10003,high,clean,DRL-OO-2025,504,packet_loss,6.885220486795016e-05,8.781239617328816e-05,0.05755329402498334
10003,high,clean,DRL-OO-2025,504,jitter_s,8.653789732801753e-05,0.00011005913515994388,0.04643196390504213
10004,high,clean,DT-KF-CostAware,,load,0.027895617017586773,0.03407175317098526,0.037316114451096914
10004,high,clean,DT-KF-CostAware,,packet_loss,7.763519170305828e-05,9.996397283387795e-05,0.06437032004312392
10004,high,clean,DT-KF-CostAware,,jitter_s,8.710996954444783e-05,0.00011085489444071125,0.05012347859033792
10004,high,clean,DT-OPT,,load,0.027763007289474572,0.03351313610140307,0.036960845265323464
10004,high,clean,DT-OPT,,packet_loss,8.514895484180212e-05,0.00010865604344943953,0.07060285560221749
10004,high,clean,DT-OPT,,jitter_s,9.495352595818099e-05,0.00011987207650696028,0.05448156531562913
10004,high,clean,SemiGreedy,,load,0.03506208673847411,0.04185267540980336,0.04671928142626686
10004,high,clean,Fog-only,,load,0.027021223886502774,0.03285665905119957,0.035798931605897026
10004,high,clean,DRL-OO-2025,505,load,0.03506208673847411,0.04185267540980336,0.04671928142626686
10004,high,clean,DRL-OO-2025,505,packet_loss,7.245878024658257e-05,9.14061191295156e-05,0.05982015860103602
10004,high,clean,DRL-OO-2025,505,jitter_s,8.387601051201104e-05,0.00010484609461023014,0.04811180060881751
10005,high,clean,DT-KF-CostAware,,load,0.02941845651941458,0.03711403532241431,0.038563110973811154
10005,high,clean,DT-KF-CostAware,,packet_loss,8.005074877783838e-05,0.00010218618470899255,0.06433957220388414
10005,high,clean,DT-KF-CostAware,,jitter_s,9.304086047107313e-05,0.00011798028138391474,0.05035560071914476
10005,high,clean,DT-OPT,,load,0.02923763252054456,0.03809981359670444,0.03832115684783061
10005,high,clean,DT-OPT,,packet_loss,8.961843112314155e-05,0.00011472654566623102,0.07200224512172416
10005,high,clean,DT-OPT,,jitter_s,0.00010306364056297533,0.00013161165355697377,0.05582798246304753
10005,high,clean,SemiGreedy,,load,0.03618260373668249,0.04688125582479516,0.047782596252198876
10005,high,clean,Fog-only,,load,0.030385158714227818,0.041039938801578746,0.03964424300938078
10005,high,clean,DRL-OO-2025,501,load,0.03618260373668249,0.04688125582479516,0.047782596252198876
10005,high,clean,DRL-OO-2025,501,packet_loss,7.910804150021562e-05,9.995058840267198e-05,0.06334360289295314
10005,high,clean,DRL-OO-2025,501,jitter_s,9.429979236471491e-05,0.0001187905030334386,0.0509743898341557
10006,high,clean,DT-KF-CostAware,,load,0.029457303489210464,0.03602894688408404,0.039734011539895434
10006,high,clean,DT-KF-CostAware,,packet_loss,7.206616676550461e-05,9.125363535749676e-05,0.06304839692316633
10006,high,clean,DT-KF-CostAware,,jitter_s,8.64269314027466e-05,0.00010882912822199816,0.04927553766521722
10006,high,clean,DT-OPT,,load,0.028027224310772376,0.03532999416513435,0.037998815465346954
10006,high,clean,DT-OPT,,packet_loss,8.295621339969963e-05,0.00010583851043588327,0.07232904303543937
10006,high,clean,DT-OPT,,jitter_s,9.867597607053215e-05,0.00012525788708138373,0.05609135142460987
10006,high,clean,SemiGreedy,,load,0.039140764209502285,0.048006179211472114,0.0525091540083001
10006,high,clean,Fog-only,,load,0.053584119742105356,0.06473504946313786,0.07459767515964814
10006,high,clean,DRL-OO-2025,502,load,0.039140764209502285,0.048006179211472114,0.0525091540083001
10006,high,clean,DRL-OO-2025,502,packet_loss,6.928513554676363e-05,8.662817896279627e-05,0.06072149119931016
10006,high,clean,DRL-OO-2025,502,jitter_s,8.603980297336116e-05,0.00010710991138016457,0.04900319302938347
10007,high,clean,DT-KF-CostAware,,load,0.028546336817969,0.03436209807848007,0.03800375563030112
10007,high,clean,DT-KF-CostAware,,packet_loss,6.74960117397745e-05,8.776646532607062e-05,0.061163919256175675
10007,high,clean,DT-KF-CostAware,,jitter_s,8.837707037042437e-05,0.00011454327344322771,0.047893420638209006
10007,high,clean,DT-OPT,,load,0.028575986781271934,0.03367312047961054,0.03808392483730538
10007,high,clean,DT-OPT,,packet_loss,7.71899898429281e-05,0.00010411951075097123,0.07036349334161977
10007,high,clean,DT-OPT,,jitter_s,0.0001001879007733466,0.0001351679324993511,0.05421821756361598
10007,high,clean,SemiGreedy,,load,0.03387395937038703,0.04309562516783304,0.04502910621336805
10007,high,clean,Fog-only,,load,0.02742331851524584,0.033758403043858555,0.036000839846540296
10007,high,clean,DRL-OO-2025,503,load,0.03387395937038703,0.04309562516783304,0.04502910621336805
10007,high,clean,DRL-OO-2025,503,packet_loss,6.663072929153014e-05,8.621734125198041e-05,0.05990115852112601
10007,high,clean,DRL-OO-2025,503,jitter_s,8.882798518084948e-05,0.0001151999718414832,0.04803015797182546
10008,high,clean,DT-KF-CostAware,,load,0.025628545610260425,0.03216527611251327,0.03415332559789039
10008,high,clean,DT-KF-CostAware,,packet_loss,7.264527537088955e-05,9.206004908868715e-05,0.06156254526784626
10008,high,clean,DT-KF-CostAware,,jitter_s,8.756604485775105e-05,0.00011059859838912773,0.04800964882592734
10008,high,clean,DT-OPT,,load,0.026284985343693494,0.03213821960687582,0.035084947489384004
10008,high,clean,DT-OPT,,packet_loss,8.426947751242625e-05,0.00010916494795312911,0.07127206272092336
10008,high,clean,DT-OPT,,jitter_s,0.0001002094681651109,0.00012781834468186042,0.055145919695208205
10008,high,clean,SemiGreedy,,load,0.03010392694817124,0.03734203040640909,0.040184211962422826
10008,high,clean,Fog-only,,load,0.02698552764345134,0.03204784785347854,0.03566414831331877
10008,high,clean,DRL-OO-2025,504,load,0.03010392694817124,0.03734203040640909,0.040184211962422826
10008,high,clean,DRL-OO-2025,504,packet_loss,7.01163974985592e-05,8.910066892760077e-05,0.05928665219933919
10008,high,clean,DRL-OO-2025,504,jitter_s,8.591463904493268e-05,0.00010876609963088271,0.047130125817378035
10009,high,clean,DT-KF-CostAware,,load,0.030501445049428783,0.03783665999857243,0.04090743952540749
10009,high,clean,DT-KF-CostAware,,packet_loss,7.550394556370382e-05,9.614608319641988e-05,0.06345588572520913
10009,high,clean,DT-KF-CostAware,,jitter_s,9.097605368760611e-05,0.00011325409700497175,0.05020886591135125
10009,high,clean,DT-OPT,,load,0.028950048648087725,0.036628488243787664,0.03888560323401215
10009,high,clean,DT-OPT,,packet_loss,8.402127516266478e-05,0.00010739356647407509,0.07048327645260585
10009,high,clean,DT-OPT,,jitter_s,0.00010001979450866894,0.00012496740493988493,0.055252076944213815
10009,high,clean,SemiGreedy,,load,0.034701575968159426,0.04517391900176023,0.04649674432907991
10009,high,clean,Fog-only,,load,0.0299976955284885,0.037675859997962455,0.039961155990617905
10009,high,clean,DRL-OO-2025,505,load,0.034701575968159426,0.04517391900176023,0.04649674432907991
10009,high,clean,DRL-OO-2025,505,packet_loss,7.00689204740926e-05,8.904057427293285e-05,0.058989959670743525
10009,high,clean,DRL-OO-2025,505,jitter_s,8.55801245111729e-05,0.00010701008284738654,0.047312514614696884
10010,high,clean,DT-KF-CostAware,,load,0.029806835360851373,0.03656506826030138,0.04000661432987611
10010,high,clean,DT-KF-CostAware,,packet_loss,7.61197228025858e-05,9.740385484644965e-05,0.06341995354065968
10010,high,clean,DT-KF-CostAware,,jitter_s,9.65060190648164e-05,0.0001232059492401025,0.04957794929193441
10010,high,clean,DT-OPT,,load,0.02940027327139913,0.03571615782025371,0.039421002171044196
10010,high,clean,DT-OPT,,packet_loss,8.889373428281632e-05,0.00011549547470552138,0.07384124329500374
10010,high,clean,DT-OPT,,jitter_s,0.00011209667302507749,0.00014677543435778051,0.05703914531786106
10010,high,clean,SemiGreedy,,load,0.035845162104591745,0.04359428878371299,0.04805359068075992
10010,high,clean,Fog-only,,load,0.037625261330018554,0.046317877901613416,0.04912077347467709
10010,high,clean,DRL-OO-2025,501,load,0.035845162104591745,0.04359428878371299,0.04805359068075992
10010,high,clean,DRL-OO-2025,501,packet_loss,7.127710956058714e-05,9.200319290850519e-05,0.05905054140014237
10010,high,clean,DRL-OO-2025,501,jitter_s,9.217102848088549e-05,0.00011868655234217645,0.047244321087156996
10011,high,clean,DT-KF-CostAware,,load,0.025944892694043424,0.03271659330900845,0.03454276501575197
10011,high,clean,DT-KF-CostAware,,packet_loss,7.246001878189746e-05,9.189975775403998e-05,0.06245475501285287
10011,high,clean,DT-KF-CostAware,,jitter_s,9.182441310882226e-05,0.00011753684614543076,0.04856843258021474
10011,high,clean,DT-OPT,,load,0.026123201516106594,0.03379420284991454,0.03462708030908509
10011,high,clean,DT-OPT,,packet_loss,8.458229203109977e-05,0.0001084317605513879,0.07325540803551907
10011,high,clean,DT-OPT,,jitter_s,0.00010766660288270533,0.00014121305572422458,0.056755501035522495
10011,high,clean,SemiGreedy,,load,0.03253245678766687,0.041680327060811866,0.0433429833459168
10011,high,clean,Fog-only,,load,0.03417966681012948,0.04150590994436242,0.04447805266787065
10011,high,clean,DRL-OO-2025,502,load,0.03253245678766687,0.041680327060811866,0.0433429833459168
10011,high,clean,DRL-OO-2025,502,packet_loss,7.014922049714785e-05,8.798735389939554e-05,0.060409111008513754
10011,high,clean,DRL-OO-2025,502,jitter_s,9.111778625089961e-05,0.00011477436929505434,0.04834797045461944
10012,high,clean,DT-KF-CostAware,,load,0.028402040984963014,0.03570481356292114,0.0381141675381716
10012,high,clean,DT-KF-CostAware,,packet_loss,7.709667379883718e-05,9.769779478104707e-05,0.06351322985085615
10012,high,clean,DT-KF-CostAware,,jitter_s,9.238709435566692e-05,0.0001172371001780798,0.04967905966332407
10012,high,clean,DT-OPT,,load,0.02874209469756413,0.036048237134766244,0.038587138473290185
10012,high,clean,DT-OPT,,packet_loss,8.655415720835023e-05,0.00010866530184660251,0.07166273625370678
10012,high,clean,DT-OPT,,jitter_s,0.00010339819793828211,0.00013035501444836822,0.055641198678259424
10012,high,clean,SemiGreedy,,load,0.032991615889621406,0.04050757166039784,0.04436562603247712
10012,high,clean,Fog-only,,load,0.032730578387582684,0.0416087543459575,0.04298344868820643
10012,high,clean,DRL-OO-2025,503,load,0.032991615889621406,0.04050757166039784,0.04436562603247712
10012,high,clean,DRL-OO-2025,503,packet_loss,6.933360745721303e-05,8.888469269464005e-05,0.0570708452576427
10012,high,clean,DRL-OO-2025,503,jitter_s,8.502702159110964e-05,0.00010944521977702687,0.04556320210121435
10013,high,clean,DT-KF-CostAware,,load,0.02793053937286768,0.036385840843757546,0.03720664782044233
10013,high,clean,DT-KF-CostAware,,packet_loss,7.797639595167513e-05,0.00010140478491335669,0.06474159239582604
10013,high,clean,DT-KF-CostAware,,jitter_s,9.741749427130282e-05,0.00012602474386487494,0.05073972323812537
10013,high,clean,DT-OPT,,load,0.027907811807598805,0.036260129939246974,0.03718208310004472
10013,high,clean,DT-OPT,,packet_loss,9.487321620588914e-05,0.0001268840240432642,0.07900136452490544
10013,high,clean,DT-OPT,,jitter_s,0.00011691508945028473,0.00015597263575980747,0.060782643148615055
10013,high,clean,SemiGreedy,,load,0.03703072052929886,0.04663353729606093,0.04943085509597072
10013,high,clean,Fog-only,,load,0.030046042074067452,0.03835785810013261,0.04036303713762785
10013,high,clean,DRL-OO-2025,504,load,0.03703072052929886,0.04663353729606093,0.04943085509597072
10013,high,clean,DRL-OO-2025,504,packet_loss,7.239788317434205e-05,9.500540941087105e-05,0.0603523648383371
10013,high,clean,DRL-OO-2025,504,jitter_s,9.376544882811451e-05,0.00012222846798884475,0.048972683565564126
10014,high,clean,DT-KF-CostAware,,load,0.03229092169748411,0.04042624519410206,0.04312177141717092
10014,high,clean,DT-KF-CostAware,,packet_loss,8.003372211435415e-05,9.971426469088333e-05,0.0670217306787761
10014,high,clean,DT-KF-CostAware,,jitter_s,0.00010217130136154544,0.0001266989483880759,0.05273518259009777
10014,high,clean,DT-OPT,,load,0.03360038501406218,0.04270659683309182,0.04504459686728327
10014,high,clean,DT-OPT,,packet_loss,9.22938160400034e-05,0.0001166354119162453,0.0773499303179575
10014,high,clean,DT-OPT,,jitter_s,0.0001168281699467753,0.00014610467250089442,0.06026526035847172
10014,high,clean,SemiGreedy,,load,0.038312963673325914,0.04643655953896483,0.05103219118046619
10014,high,clean,Fog-only,,load,0.03406075598054315,0.0424275560271101,0.044952743768517586
10014,high,clean,DRL-OO-2025,505,load,0.038312963673325914,0.04643655953896483,0.05103219118046619
10014,high,clean,DRL-OO-2025,505,packet_loss,7.330258833732341e-05,9.285799874297248e-05,0.06120836090488969
10014,high,clean,DRL-OO-2025,505,jitter_s,9.630623686514743e-05,0.00012136562817422145,0.04944279859771574
10015,high,clean,DT-KF-CostAware,,load,0.030042408603655795,0.03844218642535869,0.040267711505548656
10015,high,clean,DT-KF-CostAware,,packet_loss,8.526294389499866e-05,0.00010770772076470274,0.06578970327058985
10015,high,clean,DT-KF-CostAware,,jitter_s,9.834989651368624e-05,0.0001241671218425149,0.05141875185220565
10015,high,clean,DT-OPT,,load,0.031968189545723315,0.04082424300464749,0.042290261442418986
10015,high,clean,DT-OPT,,packet_loss,9.908600057435876e-05,0.00012444065212707776,0.07650339923762331
10015,high,clean,DT-OPT,,jitter_s,0.00011420559037657499,0.0001437336831945611,0.05945153345371515
10015,high,clean,SemiGreedy,,load,0.037382457718048934,0.046956429460035906,0.05035295905015298
10015,high,clean,Fog-only,,load,0.03627990832634439,0.04928731032863236,0.0475012546990189
10015,high,clean,DRL-OO-2025,501,load,0.037382457718048934,0.046956429460035906,0.05035295905015298
10015,high,clean,DRL-OO-2025,501,packet_loss,8.115917453932735e-05,0.00010331293449168816,0.06226117898417222
10015,high,clean,DRL-OO-2025,501,jitter_s,9.611471443294452e-05,0.0001214926993742833,0.050207689548624486
10016,high,clean,DT-KF-CostAware,,load,0.027643571698936758,0.03488206940243907,0.036957900117940375
10016,high,clean,DT-KF-CostAware,,packet_loss,7.426399686762025e-05,9.409941995654867e-05,0.061978858587813865
10016,high,clean,DT-KF-CostAware,,jitter_s,8.653937660805162e-05,0.00010863348969899575,0.0480969623382521
10016,high,clean,DT-OPT,,load,0.027042018787050124,0.033700165428428,0.03617632939290294
10016,high,clean,DT-OPT,,packet_loss,8.220881648358244e-05,0.00010391438621270805,0.06874339829909137
10016,high,clean,DT-OPT,,jitter_s,9.443393360783344e-05,0.00011798885077986119,0.05273763137705476
10016,high,clean,SemiGreedy,,load,0.033177815337382364,0.044001380410780846,0.04435466713050743
10016,high,clean,Fog-only,,load,0.02914173536931988,0.03565836078315283,0.03832441416422154
10016,high,clean,DRL-OO-2025,502,load,0.033177815337382364,0.044001380410780846,0.04435466713050743
10016,high,clean,DRL-OO-2025,502,packet_loss,7.088407035312606e-05,9.044318916862426e-05,0.05874458914917108
10016,high,clean,DRL-OO-2025,502,jitter_s,8.497857782322808e-05,0.00010737825850810805,0.04708035803544456
10017,high,clean,DT-KF-CostAware,,load,0.032006987515945794,0.038628356092181355,0.042794403260923264
10017,high,clean,DT-KF-CostAware,,packet_loss,7.264136012436688e-05,9.21236809082797e-05,0.06055176263155117
10017,high,clean,DT-KF-CostAware,,jitter_s,9.055471497081216e-05,0.00011406344808634274,0.0475343101921512
10017,high,clean,DT-OPT,,load,0.03177223513171359,0.03942505254088802,0.04232027756682794
10017,high,clean,DT-OPT,,packet_loss,8.217635969915793e-05,0.0001042754304533019,0.06850751719331834
10017,high,clean,DT-OPT,,jitter_s,0.0001012743025541738,0.00012702478518176961,0.05330793025037488
10017,high,clean,SemiGreedy,,load,0.03649597056743787,0.04400835676392129,0.04902725446046784
10017,high,clean,Fog-only,,load,0.03851228201906755,0.0487744036303804,0.049990595217406196
10017,high,clean,DRL-OO-2025,503,load,0.03649597056743787,0.04400835676392129,0.04902725446046784
10017,high,clean,DRL-OO-2025,503,packet_loss,7.141447040486525e-05,9.031529906789993e-05,0.0594430745014144
10017,high,clean,DRL-OO-2025,503,jitter_s,9.152835129263738e-05,0.00011487210053742338,0.0478826961082105
10018,high,clean,DT-KF-CostAware,,load,0.03155472313987107,0.038178243530165516,0.04235262674431622
10018,high,clean,DT-KF-CostAware,,packet_loss,7.801482458031122e-05,9.808690229725876e-05,0.06376262415609837
10018,high,clean,DT-KF-CostAware,,jitter_s,9.953989425868706e-05,0.00012686138434082845,0.05007415850934507
10018,high,clean,DT-OPT,,load,0.030422163207235526,0.0375223244401933,0.04088139770707306
10018,high,clean,DT-OPT,,packet_loss,8.783391411173028e-05,0.00011143264678031346,0.07192904186455931
10018,high,clean,DT-OPT,,jitter_s,0.00011027737713973058,0.00014172730343324226,0.0557000059415677
10018,high,clean,SemiGreedy,,load,0.040070708178282184,0.04931344957143773,0.0537957202960954
10018,high,clean,Fog-only,,load,0.02914150495658144,0.036969663925378024,0.0390282167007402
10018,high,clean,DRL-OO-2025,504,load,0.040070708178282184,0.04931344957143773,0.0537957202960954
10018,high,clean,DRL-OO-2025,504,packet_loss,7.606892240540788e-05,9.66530000271592e-05,0.06205222943089219
10018,high,clean,DRL-OO-2025,504,jitter_s,0.00010018621680352566,0.0001280740922960819,0.050465790318400455
10019,high,clean,DT-KF-CostAware,,load,0.02853758272600702,0.03481389036616742,0.038142272854556854
10019,high,clean,DT-KF-CostAware,,packet_loss,7.82501263582114e-05,9.819303270518956e-05,0.06376415107762795
10019,high,clean,DT-KF-CostAware,,jitter_s,9.679460157174471e-05,0.00012157456961818777,0.049617562566913985
10019,high,clean,DT-OPT,,load,0.029200444233362634,0.03555917930162902,0.03876821035087145
10019,high,clean,DT-OPT,,packet_loss,8.851167958790984e-05,0.00011066685473493871,0.07200982864437763
10019,high,clean,DT-OPT,,jitter_s,0.00010852287097382183,0.0001359380021319979,0.05573325159666644
10019,high,clean,SemiGreedy,,load,0.035615817101876314,0.04355187097068538,0.047809283970983336
10019,high,clean,Fog-only,,load,0.049053309950282245,0.06221658785928497,0.06290744804505467
10019,high,clean,DRL-OO-2025,505,load,0.035615817101876314,0.04355187097068538,0.047809283970983336
10019,high,clean,DRL-OO-2025,505,packet_loss,7.569359222052068e-05,9.513035415082769e-05,0.06181621065902917
10019,high,clean,DRL-OO-2025,505,jitter_s,9.64449552542368e-05,0.00012092072201477003,0.0494920854900917
10020,high,clean,DT-KF-CostAware,,load,0.030867968530611863,0.03787351772826244,0.041006328160426916
10020,high,clean,DT-KF-CostAware,,packet_loss,7.944695646351197e-05,0.00010004140178211662,0.0661953234850392
10020,high,clean,DT-KF-CostAware,,jitter_s,9.731649599365514e-05,0.00012206210823380989,0.051549550291240066
10020,high,clean,DT-OPT,,load,0.03488339383537424,0.04233246261414112,0.04636053102046589
10020,high,clean,DT-OPT,,packet_loss,9.251362972821436e-05,0.00011540059528453662,0.07677565995517231
10020,high,clean,DT-OPT,,jitter_s,0.00011296117662427219,0.0001395179547139353,0.059871593156746936
10020,high,clean,SemiGreedy,,load,0.03765884959995407,0.044959338577697176,0.050381088665254606
10020,high,clean,Fog-only,,load,0.04143377980762468,0.0517951577261116,0.05404944042384163
10020,high,clean,DRL-OO-2025,501,load,0.03765884959995407,0.044959338577697176,0.050381088665254606
10020,high,clean,DRL-OO-2025,501,packet_loss,7.454014503273524e-05,9.422334923294597e-05,0.06245406348756333
10020,high,clean,DRL-OO-2025,501,jitter_s,9.41780648644911e-05,0.00011851555380028707,0.050003121187457755
10021,high,clean,DT-KF-CostAware,,load,0.02822018137195644,0.03551165027761093,0.03805955113956764
10021,high,clean,DT-KF-CostAware,,packet_loss,7.703368236943921e-05,9.733442196991454e-05,0.06517619083097424
10021,high,clean,DT-KF-CostAware,,jitter_s,9.620041470371841e-05,0.00012222120892677442,0.05053787791950547
10021,high,clean,DT-OPT,,load,0.028970010517430884,0.03535834964545817,0.039002124563420594
10021,high,clean,DT-OPT,,packet_loss,8.971288957256382e-05,0.00011412942652027262,0.07580396551354988
10021,high,clean,DT-OPT,,jitter_s,0.00011136177236172946,0.00014166419754281783,0.05849462861108987
10021,high,clean,SemiGreedy,,load,0.036047819917197424,0.04519288374235627,0.04843726858455426
10021,high,clean,Fog-only,,load,0.035020571338224483,0.04140032358557414,0.04620575202120233
10021,high,clean,DRL-OO-2025,502,load,0.036047819917197424,0.04519288374235627,0.04843726858455426
10021,high,clean,DRL-OO-2025,502,packet_loss,7.397540422845916e-05,9.360744730763244e-05,0.0623166930869723
10021,high,clean,DRL-OO-2025,502,jitter_s,9.537628490380827e-05,0.00012126451571749322,0.04989765589560699
10022,high,clean,DT-KF-CostAware,,load,0.02681850582941062,0.034501493318826834,0.03631434901103588
10022,high,clean,DT-KF-CostAware,,packet_loss,7.755612439267991e-05,9.984910190511159e-05,0.06282629924128558
10022,high,clean,DT-KF-CostAware,,jitter_s,9.567937151639865e-05,0.0001219023755147037,0.04894510371861772
10022,high,clean,DT-OPT,,load,0.025443432551359207,0.03331131526231196,0.03449756033022623
10022,high,clean,DT-OPT,,packet_loss,8.810267710560305e-05,0.00011474505799115338,0.0713399944617225
10022,high,clean,DT-OPT,,jitter_s,0.00010756468814926434,0.00013789928648811383,0.05509418498744635
10022,high,clean,SemiGreedy,,load,0.0344418011863683,0.043457849071677115,0.04671950811262807
10022,high,clean,Fog-only,,load,0.026024197474167295,0.03394596353586496,0.035660703718688035
10022,high,clean,DRL-OO-2025,503,load,0.0344418011863683,0.043457849071677115,0.04671950811262807
10022,high,clean,DRL-OO-2025,503,packet_loss,7.528604024354317e-05,9.592003025689905e-05,0.060357934994390565
10022,high,clean,DRL-OO-2025,503,jitter_s,9.50100267654543e-05,0.00012045839297937162,0.048291694774331775
10023,high,clean,DT-KF-CostAware,,load,0.028023289895030643,0.034252011960581294,0.03711756436738961
10023,high,clean,DT-KF-CostAware,,packet_loss,8.367376895424102e-05,0.000111495839508937,0.06503960974794373
10023,high,clean,DT-KF-CostAware,,jitter_s,9.923083066689525e-05,0.0001285188583598514,0.05066084540453174
10023,high,clean,DT-OPT,,load,0.028016651812238638,0.03440837853285585,0.037272780107184836
10023,high,clean,DT-OPT,,packet_loss,0.00010559153486051631,0.0001536766072120676,0.08174977022688729
10023,high,clean,DT-OPT,,jitter_s,0.00012173766717306817,0.0001693360199556898,0.06243434593385813
10023,high,clean,SemiGreedy,,load,0.03431868922744517,0.04180464573952249,0.0455099835357541
10023,high,clean,Fog-only,,load,0.03498904544719599,0.04096029152022006,0.04744030159128833
10023,high,clean,DRL-OO-2025,504,load,0.03431868922744517,0.04180464573952249,0.0455099835357541
10023,high,clean,DRL-OO-2025,504,packet_loss,7.849215216715834e-05,0.00010561629672158999,0.06106103153707612
10023,high,clean,DRL-OO-2025,504,jitter_s,9.562999084461556e-05,0.00012549335182233072,0.04862315189301853
10024,high,clean,DT-KF-CostAware,,load,0.03263744180240085,0.04045797630909717,0.04323170305695042
10024,high,clean,DT-KF-CostAware,,packet_loss,8.001675792788263e-05,0.00010282747447944092,0.06515955899441635
10024,high,clean,DT-KF-CostAware,,jitter_s,0.00010382651111407232,0.00013303962528699587,0.05130793798518525
10024,high,clean,DT-OPT,,load,0.03273084623699798,0.04087019505073118,0.043249248147846066
10024,high,clean,DT-OPT,,packet_loss,9.227873188308253e-05,0.00011981213141288052,0.0751101736669739
10024,high,clean,DT-OPT,,jitter_s,0.00011908185098531437,0.0001537097097095895,0.05893731915786482
10024,high,clean,SemiGreedy,,load,0.04369073413962877,0.052668971357379746,0.057787892835356666
10024,high,clean,Fog-only,,load,0.03144603037259273,0.040940820473124626,0.0408769399350214
10024,high,clean,DRL-OO-2025,505,load,0.04369073413962877,0.052668971357379746,0.057787892835356666
10024,high,clean,DRL-OO-2025,505,packet_loss,7.784519894794289e-05,9.88221005232026e-05,0.06307997542189389
10024,high,clean,DRL-OO-2025,505,jitter_s,0.00010449400944740729,0.00013162977529629095,0.05159547010364784
10025,high,clean,DT-KF-CostAware,,load,0.029765568956001787,0.03648912668941644,0.03987045235062075
10025,high,clean,DT-KF-CostAware,,packet_loss,8.242404292221972e-05,0.00010349630765189349,0.06670320934731776
10025,high,clean,DT-KF-CostAware,,jitter_s,0.00010046472170114162,0.00012584422890451205,0.05197707902987224
10025,high,clean,DT-OPT,,load,0.031897735137508675,0.038881154856145385,0.04247966625429687
10025,high,clean,DT-OPT,,packet_loss,9.555595355197234e-05,0.00012165493465505005,0.07750634064539738
10025,high,clean,DT-OPT,,jitter_s,0.00011386814134900238,0.00014390275102441177,0.059136164444710815
10025,high,clean,SemiGreedy,,load,0.0384214504553266,0.04757069446357968,0.0513610867431733
10025,high,clean,Fog-only,,load,0.04201013808583847,0.052505178609466005,0.05452118176059155
10025,high,clean,DRL-OO-2025,501,load,0.0384214504553266,0.04757069446357968,0.0513610867431733
10025,high,clean,DRL-OO-2025,501,packet_loss,7.414880178291074e-05,9.362360668800774e-05,0.0597871936007649
10025,high,clean,DRL-OO-2025,501,jitter_s,9.458060468194341e-05,0.00011944387226174868,0.04846882673194776
10026,high,clean,DT-KF-CostAware,,load,0.02842339638188789,0.03787285229751133,0.03772949878789036
10026,high,clean,DT-KF-CostAware,,packet_loss,8.270065026785263e-05,0.00010505753670775439,0.0690068965564966
10026,high,clean,DT-KF-CostAware,,jitter_s,0.00010353542675195389,0.00013264117641751766,0.05403563453799377
10026,high,clean,DT-OPT,,load,0.027622744179577607,0.03660653660290978,0.03661413063445518
10026,high,clean,DT-OPT,,packet_loss,9.279065304044138e-05,0.0001202244667099684,0.07758864686148466
10026,high,clean,DT-OPT,,jitter_s,0.00011566781048696301,0.00014999175724441047,0.06030013949317327
10026,high,clean,SemiGreedy,,load,0.03828222869081448,0.049459670750911205,0.05083015059367979
10026,high,clean,Fog-only,,load,0.029066615415314547,0.037410438716540255,0.038024589628333764
10026,high,clean,DRL-OO-2025,502,load,0.03828222869081448,0.049459670750911205,0.05083015059367979
10026,high,clean,DRL-OO-2025,502,packet_loss,7.685701124153488e-05,9.873389286261711e-05,0.06405882295809742
10026,high,clean,DRL-OO-2025,502,jitter_s,9.989634345992681e-05,0.00012889361647792425,0.05207912056856453
10027,high,clean,DT-KF-CostAware,,load,0.028789133344508687,0.03659757651422543,0.038590867670607584
10027,high,clean,DT-KF-CostAware,,packet_loss,7.698621083248222e-05,9.703090586229462e-05,0.0642006774506207
10027,high,clean,DT-KF-CostAware,,jitter_s,9.276752957726683e-05,0.00011667182108022537,0.0501999775965473
10027,high,clean,DT-OPT,,load,0.029019490909733638,0.03685905103236066,0.03877348289091741
10027,high,clean,DT-OPT,,packet_loss,8.711177802761785e-05,0.0001096094480846425,0.07264264311220477
10027,high,clean,DT-OPT,,jitter_s,0.00010385541231147908,0.00012982446682230576,0.05638557932299064
10027,high,clean,SemiGreedy,,load,0.03398551994462528,0.04276427548537241,0.0456726680113742
10027,high,clean,Fog-only,,load,0.02845312385504908,0.036978149560331124,0.03786181833046315
10027,high,clean,DRL-OO-2025,503,load,0.03398551994462528,0.04276427548537241,0.0456726680113742
10027,high,clean,DRL-OO-2025,503,packet_loss,7.208046793391643e-05,9.079990045572796e-05,0.05991330373632581
10027,high,clean,DRL-OO-2025,503,jitter_s,8.896208698854317e-05,0.00011205790332417916,0.04794951536330806
10028,high,clean,DT-KF-CostAware,,load,0.03065470796379585,0.03626982450091812,0.04083962187207405
10028,high,clean,DT-KF-CostAware,,packet_loss,7.40127175560221e-05,9.240841340779883e-05,0.06387568129421697
10028,high,clean,DT-KF-CostAware,,jitter_s,9.541406682491479e-05,0.00011941738874375862,0.04984780054130074
10028,high,clean,DT-OPT,,load,0.03034030589644181,0.03580742105455831,0.04054903847568477
10028,high,clean,DT-OPT,,packet_loss,8.177035021210981e-05,0.00010486665562434722,0.07124259272850822
10028,high,clean,DT-OPT,,jitter_s,0.00010460589918855911,0.00013314980810463838,0.055121285750077235
10028,high,clean,SemiGreedy,,load,0.04036120434777697,0.04913116493187915,0.05374347495959397
10028,high,clean,Fog-only,,load,0.02960915951449481,0.03529353845486129,0.040012443318384404
10028,high,clean,DRL-OO-2025,504,load,0.04036120434777697,0.04913116493187915,0.05374347495959397
10028,high,clean,DRL-OO-2025,504,packet_loss,7.333310744389496e-05,9.42695111024314e-05,0.06277672959817997
10028,high,clean,DRL-OO-2025,504,jitter_s,9.730096639966131e-05,0.000125926324099738,0.0506065454374174
10029,high,clean,DT-KF-CostAware,,load,0.028562839391408756,0.03644437616173845,0.03820939931333822
10029,high,clean,DT-KF-CostAware,,packet_loss,7.871979341713806e-05,0.00010132279614702683,0.06523789115959767
10029,high,clean,DT-KF-CostAware,,jitter_s,9.447468847146737e-05,0.00012000643926616985,0.051117052084973455
10029,high,clean,DT-OPT,,load,0.028675371172082766,0.036375963803552215,0.038459611047541996
10029,high,clean,DT-OPT,,packet_loss,9.159185074423241e-05,0.0001193285407693823,0.0759390421542746
10029,high,clean,DT-OPT,,jitter_s,0.0001084080293102759,0.0001395340605578508,0.05873790140431917
10029,high,clean,SemiGreedy,,load,0.03433166561122381,0.0426589911758851,0.04584876955722946
10029,high,clean,Fog-only,,load,0.027466313842432182,0.03546062276040018,0.03670619006879424
10029,high,clean,DRL-OO-2025,505,load,0.03433166561122381,0.0426589911758851,0.04584876955722946
10029,high,clean,DRL-OO-2025,505,packet_loss,6.992239846338405e-05,9.023254192544713e-05,0.05803324447945512
10029,high,clean,DRL-OO-2025,505,jitter_s,8.60534505881563e-05,0.00010990895697335309,0.046498650757332616
10000,low,moderate,DT-KF-CostAware,,load,0.02224230735760949,0.028309824243549424,0.09309292817598447
10000,low,moderate,DT-KF-CostAware,,packet_loss,0.0007641884936132698,0.000979646396017743,0.06657903364287784
10000,low,moderate,DT-KF-CostAware,,jitter_s,0.00035271519087835715,0.00045291737397833317,0.05280631727909887
10000,low,moderate,DT-OPT,,load,0.022296820185500665,0.02793481343823089,0.09389354454815416
10000,low,moderate,DT-OPT,,packet_loss,0.0008908750532044574,0.0011457702540144652,0.07810177953098402
10000,low,moderate,DT-OPT,,jitter_s,0.00040763899405663414,0.0005279828533437537,0.06087909732948044
10000,low,moderate,SemiGreedy,,load,0.0282389457499554,0.03510730519252083,0.1180672774445348
10000,low,moderate,Fog-only,,load,0.025924091316233463,0.03285796914389767,0.11378000605878877
10000,low,moderate,DRL-OO-2025,501,load,0.0282389457499554,0.03510730519252083,0.1180672774445348
10000,low,moderate,DRL-OO-2025,501,packet_loss,0.000740573925594031,0.000958982710091657,0.06431705170150907
10000,low,moderate,DRL-OO-2025,501,jitter_s,0.00035264653498321975,0.00045598326073787565,0.052880415890085665
10001,low,moderate,DT-KF-CostAware,,load,0.018798667573456645,0.023841342706479876,0.07710328213695264
10001,low,moderate,DT-KF-CostAware,,packet_loss,0.0007331642987806353,0.0009176686326620395,0.06292938289445921
10001,low,moderate,DT-KF-CostAware,,jitter_s,0.00029823209167852095,0.0003731245859417526,0.049344482131928415
10001,low,moderate,DT-OPT,,load,0.01892474449016529,0.024155155641630562,0.0771567131747689
10001,low,moderate,DT-OPT,,packet_loss,0.0008478720609923626,0.0010623957392805247,0.07317258525440044
10001,low,moderate,DT-OPT,,jitter_s,0.0003424901179978806,0.0004296918412372458,0.056771548415706044
10001,low,moderate,SemiGreedy,,load,0.022678168714450726,0.02830438448970675,0.09331962435948056
10001,low,moderate,Fog-only,,load,0.023404899975485456,0.02908396120977951,0.09189672493765448
10001,low,moderate,DRL-OO-2025,502,load,0.022678168714450726,0.02830438448970675,0.09331962435948056
10001,low,moderate,DRL-OO-2025,502,packet_loss,0.000688449253954875,0.0008721975153330504,0.05897670746526867
10001,low,moderate,DRL-OO-2025,502,jitter_s,0.0002888895239178919,0.0003627442769785535,0.04778527750028538
10002,low,moderate,DT-KF-CostAware,,load,0.01824195729606978,0.023906033369335035,0.07467247024018166
10002,low,moderate,DT-KF-CostAware,,packet_loss,0.0007063046867123357,0.0009146302094097244,0.062069467323648805
10002,low,moderate,DT-KF-CostAware,,jitter_s,0.00031978897607756404,0.0004139217192089291,0.048670194617015244
10002,low,moderate,DT-OPT,,load,0.018303645006945733,0.023638022480074707,0.07482497471264472
10002,low,moderate,DT-OPT,,packet_loss,0.0008154335869340133,0.0011231646703347084,0.07137730922275214
10002,low,moderate,DT-OPT,,jitter_s,0.0003646733813717025,0.0004999051425208943,0.054957929821024334
10002,low,moderate,SemiGreedy,,load,0.023904770228513023,0.029769785702789025,0.09817118491387884
10002,low,moderate,Fog-only,,load,0.023405291663149856,0.028959090649841875,0.09124992960917323
10002,low,moderate,DRL-OO-2025,503,load,0.023904770228513023,0.029769785702789025,0.09817118491387884
10002,low,moderate,DRL-OO-2025,503,packet_loss,0.0006846442025011009,0.0008794248493082148,0.0603439277765078
10002,low,moderate,DRL-OO-2025,503,jitter_s,0.0003203908922318369,0.0004118732719046303,0.04893259895685552
10003,low,moderate,DT-KF-CostAware,,load,0.02005200538093279,0.024649030931785283,0.08162166901089314
10003,low,moderate,DT-KF-CostAware,,packet_loss,0.0007362776191385089,0.0009289982489515301,0.06501038836931353
10003,low,moderate,DT-KF-CostAware,,jitter_s,0.0003216441272217854,0.00040482799251924357,0.051284272257705016
10003,low,moderate,DT-OPT,,load,0.019759801879449007,0.024554527618693145,0.08041849423955531
10003,low,moderate,DT-OPT,,packet_loss,0.0008338361282061338,0.0010526614119651823,0.07354392806401809
10003,low,moderate,DT-OPT,,jitter_s,0.00036080320021423634,0.0004515071682373825,0.05759295815868895
10003,low,moderate,SemiGreedy,,load,0.02397671786407459,0.030076663534015058,0.09741353140876133
10003,low,moderate,Fog-only,,load,0.020220260274679176,0.024718099824917343,0.083641964878261
10003,low,moderate,DRL-OO-2025,504,load,0.02397671786407459,0.030076663534015058,0.09741353140876133
10003,low,moderate,DRL-OO-2025,504,packet_loss,0.0006711950124729453,0.00085421777542858,0.05918067941698236
10003,low,moderate,DRL-OO-2025,504,jitter_s,0.000303788175388468,0.00038595329972362745,0.04832107990111099
10004,low,moderate,DT-KF-CostAware,,load,0.01988351561303135,0.02428472695953017,0.08071049874177261
10004,low,moderate,DT-KF-CostAware,,packet_loss,0.0007475457850681342,0.0009625513553814948,0.06533714496820155
10004,low,moderate,DT-KF-CostAware,,jitter_s,0.0003008982498370111,0.00038248005650826474,0.05134634283503105
10004,low,moderate,DT-OPT,,load,0.019769115839608366,0.02385591150788255,0.07943397502814113
10004,low,moderate,DT-OPT,,packet_loss,0.0008173861768070601,0.0010428764283309817,0.07143818479414696
10004,low,moderate,DT-OPT,,jitter_s,0.0003264516805407823,0.0004117656522874072,0.055536034569089746
10004,low,moderate,SemiGreedy,,load,0.025008135644384016,0.029876779017995684,0.10044863066687355
10004,low,moderate,Fog-only,,load,0.019245813386099313,0.023365463646473184,0.07660219894589833
10004,low,moderate,DRL-OO-2025,505,load,0.025008135644384016,0.029876779017995684,0.10044863066687355
10004,low,moderate,DRL-OO-2025,505,packet_loss,0.0007058915157370837,0.0008895367710382235,0.06144261228605326
10004,low,moderate,DRL-OO-2025,505,jitter_s,0.0002942130778864046,0.00036734623674062884,0.0500297728597623
10005,low,moderate,DT-KF-CostAware,,load,0.020975030093355624,0.02641755490003959,0.08194714206396567
10005,low,moderate,DT-KF-CostAware,,packet_loss,0.0007719963631402185,0.0009862184124938486,0.06538473218054555
10005,low,moderate,DT-KF-CostAware,,jitter_s,0.00032180454074920005,0.00040850567189975126,0.051590888317663695
10005,low,moderate,DT-OPT,,load,0.020806846874690747,0.027037212171518856,0.08138335060416495
10005,low,moderate,DT-OPT,,packet_loss,0.0008600832027359613,0.0011036597242851706,0.07282788871575333
10005,low,moderate,DT-OPT,,jitter_s,0.00035441013456515,0.00045352536268685936,0.0568701741833206
10005,low,moderate,SemiGreedy,,load,0.02580482923824085,0.033463606705194715,0.10212830663935711
10005,low,moderate,Fog-only,,load,0.0214050453157108,0.02887020961022756,0.0832089753888732
10005,low,moderate,DRL-OO-2025,501,load,0.02580482923824085,0.033463606705194715,0.10212830663935711
10005,low,moderate,DRL-OO-2025,501,packet_loss,0.0007713025005937527,0.000975727392606612,0.0650792995965608
10005,low,moderate,DRL-OO-2025,501,jitter_s,0.00033099500649452925,0.0004176961382406367,0.05301980956501285
10006,low,moderate,DT-KF-CostAware,,load,0.02099773409173775,0.02565860475681267,0.08712609846460984
10006,low,moderate,DT-KF-CostAware,,packet_loss,0.000693392323161925,0.0008784329091871753,0.06401922624005467
10006,low,moderate,DT-KF-CostAware,,jitter_s,0.0002988619461752803,0.00037586806252423434,0.05054712703219824
10006,low,moderate,DT-OPT,,load,0.019917258939253328,0.0250854743261811,0.0835793778380981
10006,low,moderate,DT-OPT,,packet_loss,0.0007948036352329764,0.0010138991245265691,0.07311812934095467
10006,low,moderate,DT-OPT,,jitter_s,0.0003384621923242728,0.000429304472171424,0.057076914581947025
10006,low,moderate,SemiGreedy,,load,0.02788798704326239,0.03422617829660207,0.11413046884953212
10006,low,moderate,Fog-only,,load,0.03684419622298452,0.04459017416608448,0.16305096430921998
10006,low,moderate,DRL-OO-2025,502,load,0.02788798704326239,0.03422617829660207,0.11413046884953212
10006,low,moderate,DRL-OO-2025,502,packet_loss,0.0006748130188319577,0.0008439339921008325,0.062408716256633794
10006,low,moderate,DRL-OO-2025,502,jitter_s,0.0003025994373393437,0.0003764530120877615,0.051117819164763226
10007,low,moderate,DT-KF-CostAware,,load,0.020248592330028254,0.024379509450740314,0.08129558280272085
10007,low,moderate,DT-KF-CostAware,,packet_loss,0.0006500615752808422,0.0008445461774329671,0.06214846035272307
10007,low,moderate,DT-KF-CostAware,,jitter_s,0.00030581520276018383,0.0003954325703810508,0.04914280132307956
10007,low,moderate,DT-OPT,,load,0.020187135294986325,0.023844953672639717,0.08125042488031088
10007,low,moderate,DT-OPT,,packet_loss,0.0007400383549350424,0.0009977983874538041,0.07117278286009525
10007,low,moderate,DT-OPT,,jitter_s,0.00034468363560445723,0.0004635631221698271,0.055318188150487974
10007,low,moderate,SemiGreedy,,load,0.024102311758301114,0.030683609777029684,0.0963616314488194
10007,low,moderate,Fog-only,,load,0.0193340733366936,0.023737898571025463,0.07555608216158924
10007,low,moderate,DRL-OO-2025,503,load,0.024102311758301114,0.030683609777029684,0.0963616314488194
10007,low,moderate,DRL-OO-2025,503,packet_loss,0.0006473215624351607,0.0008380381480307532,0.06138846762897818
10007,low,moderate,DRL-OO-2025,503,jitter_s,0.0003108702763530186,0.00040331684200244045,0.04982635504059777
10008,low,moderate,DT-KF-CostAware,,load,0.018209999509881857,0.022844199802716278,0.07328453218024651
10008,low,moderate,DT-KF-CostAware,,packet_loss,0.000699677859814487,0.000886574441891687,0.06250495365892463
10008,low,moderate,DT-KF-CostAware,,jitter_s,0.0003019992184730765,0.00038183779887998554,0.049060938030114444
10008,low,moderate,DT-OPT,,load,0.01866225877876446,0.022812731195454173,0.07537712232439486
10008,low,moderate,DT-OPT,,packet_loss,0.0008097434067721874,0.0010485104628210633,0.07219989961569645
10008,low,moderate,DT-OPT,,jitter_s,0.00034434059283563676,0.00043941399076872297,0.05615456953734395
10008,low,moderate,SemiGreedy,,load,0.021431638374654338,0.02660855140906982,0.08644434148099196
10008,low,moderate,Fog-only,,load,0.01910946054516231,0.022704198126559508,0.07555546706858077
10008,low,moderate,DRL-OO-2025,504,load,0.021431638374654338,0.02660855140906982,0.08644434148099196
10008,low,moderate,DRL-OO-2025,504,packet_loss,0.0006797373388411268,0.0008635812144768415,0.06058929997158765
10008,low,moderate,DRL-OO-2025,504,jitter_s,0.0002995963792726571,0.0003788822430794406,0.04871513865458661
10009,low,moderate,DT-KF-CostAware,,load,0.021678749888679398,0.026914044100902146,0.08877555700707876
10009,low,moderate,DT-KF-CostAware,,packet_loss,0.0007302083859985774,0.0009283822369365887,0.06478411774568282
10009,low,moderate,DT-KF-CostAware,,jitter_s,0.00031599361539156587,0.0003931029017138904,0.05172877145556206
10009,low,moderate,DT-OPT,,load,0.02054332669806594,0.025997952139517878,0.08447517210629948
10009,low,moderate,DT-OPT,,packet_loss,0.0008093850368434884,0.0010335764428712128,0.07167326527629504
10009,low,moderate,DT-OPT,,jitter_s,0.00034542883169608814,0.00043151668636109286,0.05659837824683404
10009,low,moderate,SemiGreedy,,load,0.02474148650553978,0.0322284628341133,0.10095643540802454
10009,low,moderate,Fog-only,,load,0.021161401039871932,0.026580797502525767,0.08567799713268305
10009,low,moderate,DRL-OO-2025,505,load,0.02474148650553978,0.0322284628341133,0.10095643540802454
10009,low,moderate,DRL-OO-2025,505,packet_loss,0.0006807352262043517,0.0008659401374858924,0.06050769400239715
10009,low,moderate,DRL-OO-2025,505,jitter_s,0.00029959458902730526,0.0003756900041932363,0.049113131778826015
10010,low,moderate,DT-KF-CostAware,,load,0.021100489894599266,0.02592583341088308,0.08649506826476203
10010,low,moderate,DT-KF-CostAware,,packet_loss,0.0007330102838655615,0.0009374015264621394,0.06437238245838355
10010,low,moderate,DT-KF-CostAware,,jitter_s,0.00033342997278022095,0.0004250298567223402,0.050787612937077516
10010,low,moderate,DT-OPT,,load,0.0207608646290141,0.025223195126326488,0.08509919752026303
10010,low,moderate,DT-OPT,,packet_loss,0.0008518632413807297,0.0011063511407757808,0.0745847088722317
10010,low,moderate,DT-OPT,,jitter_s,0.0003840408599339889,0.0005023457478132546,0.057923664506265314
10010,low,moderate,SemiGreedy,,load,0.025491733035919124,0.031011010149942703,0.10401973763187236
10010,low,moderate,Fog-only,,load,0.025995500767369506,0.031941666934032685,0.10079174873363028
10010,low,moderate,DRL-OO-2025,501,load,0.025491733035919124,0.031011010149942703,0.10401973763187236
10010,low,moderate,DRL-OO-2025,501,packet_loss,0.0006923138950886907,0.0008934554467906409,0.06048863955389137
10010,low,moderate,DRL-OO-2025,501,jitter_s,0.0003222901766072443,0.0004148321673354646,0.04898300220854171
10011,low,moderate,DT-KF-CostAware,,load,0.018424926473459224,0.023293447923953457,0.07403115152410882
10011,low,moderate,DT-KF-CostAware,,packet_loss,0.000696688324424411,0.0008839149778292107,0.06331355774744882
10011,low,moderate,DT-KF-CostAware,,jitter_s,0.0003164508648294231,0.00040509311339949263,0.04962135587426251
10011,low,moderate,DT-OPT,,load,0.018543106185547085,0.024003787640757425,0.07381494825508339
10011,low,moderate,DT-OPT,,packet_loss,0.0008102708255333774,0.0010401630838630016,0.07399064468462495
10011,low,moderate,DT-OPT,,jitter_s,0.0003693265764537053,0.0004845346362705704,0.05771286446367229
10011,low,moderate,SemiGreedy,,load,0.02323433274895026,0.029750142279203414,0.09339739141205491
10011,low,moderate,Fog-only,,load,0.02412211407130569,0.029314138916334297,0.09221189713607303
10011,low,moderate,DRL-OO-2025,502,load,0.02323433274895026,0.029750142279203414,0.09339739141205491
10011,low,moderate,DRL-OO-2025,502,packet_loss,0.0006816723272819607,0.0008552141045827213,0.061898805144595205
10011,low,moderate,DRL-OO-2025,502,jitter_s,0.00031893648253909806,0.00040152979503556134,0.05015778186077227
10012,low,moderate,DT-KF-CostAware,,load,0.020156284754977542,0.02537101692062323,0.08273028800895672
10012,low,moderate,DT-KF-CostAware,,packet_loss,0.0007429679673442472,0.0009419630051575994,0.06453746659060222
10012,low,moderate,DT-KF-CostAware,,jitter_s,0.0003191381925493898,0.0004058984372877182,0.050859984805199335
10012,low,moderate,DT-OPT,,load,0.020406818023593377,0.02556128693433218,0.083943073530648
10012,low,moderate,DT-OPT,,packet_loss,0.0008322447416770921,0.0010445410483501325,0.07266278087734279
10012,low,moderate,DT-OPT,,jitter_s,0.0003557695870044374,0.000449142539563736,0.056748002318793886
10012,low,moderate,SemiGreedy,,load,0.02351408708437459,0.028889554151915117,0.09662684889093177
10012,low,moderate,Fog-only,,load,0.023391796122633954,0.029620083583683697,0.09162658978431472
10012,low,moderate,DRL-OO-2025,503,load,0.02351408708437459,0.028889554151915117,0.09662684889093177
10012,low,moderate,DRL-OO-2025,503,packet_loss,0.0006729593707375237,0.0008632630516363875,0.05840900159262067
10012,low,moderate,DRL-OO-2025,503,jitter_s,0.0002973992473795206,0.00038269239263887683,0.04725181840996552
10013,low,moderate,DT-KF-CostAware,,load,0.019864523609167267,0.02589423110786557,0.0802598318273577
10013,low,moderate,DT-KF-CostAware,,packet_loss,0.0007523847373602379,0.0009771662456912003,0.0658692579151427
10013,low,moderate,DT-KF-CostAware,,jitter_s,0.0003367907613507411,0.0004353930570916879,0.052002505000581886
10013,low,moderate,DT-OPT,,load,0.019774798458960945,0.025730437745284232,0.07997678528620196
10013,low,moderate,DT-OPT,,packet_loss,0.0009108255332272259,0.0012162238880532418,0.07996031550006752
10013,low,moderate,DT-OPT,,jitter_s,0.0004014817646846635,0.000534544813834608,0.061878416826920773
10013,low,moderate,SemiGreedy,,load,0.026389858580706044,0.03326206708548256,0.10676090988883323
10013,low,moderate,Fog-only,,load,0.02113698080404087,0.027057980946514675,0.08694554345150109
10013,low,moderate,DRL-OO-2025,504,load,0.026389858580706044,0.03326206708548256,0.10676090988883323
10013,low,moderate,DRL-OO-2025,504,packet_loss,0.0007074464006315094,0.0009264346351411764,0.06217333715328167
10013,low,moderate,DRL-OO-2025,504,jitter_s,0.0003300330665814593,0.0004292269846845545,0.05110230382311902
10014,low,moderate,DT-KF-CostAware,,load,0.02277672433187249,0.028395786067465713,0.09253687837076664
10014,low,moderate,DT-KF-CostAware,,packet_loss,0.000771734546267408,0.0009618412794384725,0.06813864500605117
10014,low,moderate,DT-KF-CostAware,,jitter_s,0.0003533663391876817,0.0004384106245563357,0.05404072845423632
10014,low,moderate,DT-OPT,,load,0.023671306154531873,0.029944769232387747,0.0970863611358224
10014,low,moderate,DT-OPT,,packet_loss,0.0008869306141912798,0.0011225590157435093,0.07837989193732195
10014,low,moderate,DT-OPT,,jitter_s,0.00040227872991779634,0.0005033393074853128,0.061506024514222296
10014,low,moderate,SemiGreedy,,load,0.027130499383915808,0.03282531013714475,0.1092859206903827
10014,low,moderate,Fog-only,,load,0.02384627280177882,0.029598809443071403,0.09468898782990723
10014,low,moderate,DRL-OO-2025,505,load,0.027130499383915808,0.03282531013714475,0.1092859206903827
10014,low,moderate,DRL-OO-2025,505,packet_loss,0.0007136789127702114,0.0009037024748613908,0.0628211329666803
10014,low,moderate,DRL-OO-2025,505,jitter_s,0.0003373801212903147,0.0004250956196647457,0.05134904610128815
10015,low,moderate,DT-KF-CostAware,,load,0.02129939738383042,0.027193434148056524,0.08746006526599578
10015,low,moderate,DT-KF-CostAware,,packet_loss,0.0008204547814702804,0.0010373137460248894,0.0667765994177484
10015,low,moderate,DT-KF-CostAware,,jitter_s,0.00033970192448574076,0.0004287848995165015,0.05269040293838088
10015,low,moderate,DT-OPT,,load,0.02252414758734064,0.02872912157430076,0.09020093030037597
10015,low,moderate,DT-OPT,,packet_loss,0.0009508778989346284,0.0011946321025149843,0.07742639006154707
10015,low,moderate,DT-OPT,,jitter_s,0.0003923499416606146,0.0004939691838418466,0.06057855263277964
10015,low,moderate,SemiGreedy,,load,0.02658749036799683,0.03342867584377246,0.10995778413509759
10015,low,moderate,Fog-only,,load,0.025360813947403922,0.03418230886732991,0.10015182293381884
10015,low,moderate,DRL-OO-2025,501,load,0.02658749036799683,0.03342867584377246,0.10995778413509759
10015,low,moderate,DRL-OO-2025,501,packet_loss,0.0007900008714990207,0.0010051603756263776,0.06393644639347205
10015,low,moderate,DRL-OO-2025,501,jitter_s,0.0003370541132850413,0.00042572535651357773,0.05225126715027169
10016,low,moderate,DT-KF-CostAware,,load,0.01966006650472305,0.02483007199293231,0.07977006360030128
10016,low,moderate,DT-KF-CostAware,,packet_loss,0.0007138485361730127,0.0009049517796654614,0.0628348475480244
10016,low,moderate,DT-KF-CostAware,,jitter_s,0.0002978537636301957,0.0003748434314270606,0.04908045725957631
10016,low,moderate,DT-OPT,,load,0.019179627167137565,0.023945755417893885,0.07794033146421515
10016,low,moderate,DT-OPT,,packet_loss,0.0007875313192615336,0.0009959492139606572,0.06944856213551653
10016,low,moderate,DT-OPT,,jitter_s,0.0003236476068597963,0.00040503642911359736,0.05359326112354508
10016,low,moderate,SemiGreedy,,load,0.023659115748027284,0.03139184377457048,0.09586875030149832
10016,low,moderate,Fog-only,,load,0.020578153820526003,0.025201540420831857,0.08060719919988858
10016,low,moderate,DRL-OO-2025,502,load,0.023659115748027284,0.03139184377457048,0.09586875030149832
10016,low,moderate,DRL-OO-2025,502,packet_loss,0.0006893688058251568,0.0008805756667733692,0.060257259854788185
10016,low,moderate,DRL-OO-2025,502,jitter_s,0.0002975401764409942,0.0003768344656403057,0.048869448947737364
10017,low,moderate,DT-KF-CostAware,,load,0.022658208313648096,0.027320205981107775,0.0922612814360095
10017,low,moderate,DT-KF-CostAware,,packet_loss,0.0006999930918780988,0.0008875699225043249,0.06157160150574834
10017,low,moderate,DT-KF-CostAware,,jitter_s,0.0003132293161534041,0.00039483466726029703,0.048767919477526595
10017,low,moderate,DT-OPT,,load,0.022420136684327685,0.027752897386949547,0.09072243952672522
10017,low,moderate,DT-OPT,,packet_loss,0.0007893817434538044,0.0010000281037536327,0.06944522684411361
10017,low,moderate,DT-OPT,,jitter_s,0.0003486961131797209,0.00043684027637587837,0.05444609059242526
10017,low,moderate,SemiGreedy,,load,0.02599596532742452,0.031339365484254714,0.10660681623491808
10017,low,moderate,Fog-only,,load,0.027157182359252328,0.03424118306656893,0.10386807994204306
10017,low,moderate,DRL-OO-2025,503,load,0.02599596532742452,0.031339365484254714,0.10660681623491808
10017,low,moderate,DRL-OO-2025,503,packet_loss,0.0006958771708692219,0.000878419974859432,0.0611261659379875
10017,low,moderate,DRL-OO-2025,503,jitter_s,0.00032072065660209895,0.00040234577579568255,0.049797472637996096
10018,low,moderate,DT-KF-CostAware,,load,0.022450545456488863,0.02715278748094557,0.09210442923263533
10018,low,moderate,DT-KF-CostAware,,packet_loss,0.0007524514972109194,0.0009456484674457975,0.06485992170008667
10018,low,moderate,DT-KF-CostAware,,jitter_s,0.0003448408146040748,0.0004389178017900302,0.051440487033708654
10018,low,moderate,DT-OPT,,load,0.02164010664384834,0.026655826243630384,0.08907670846228566
10018,low,moderate,DT-OPT,,packet_loss,0.0008428422880575859,0.0010696947371336698,0.07279592790767787
10018,low,moderate,DT-OPT,,jitter_s,0.00037924849361540213,0.0004874508625398953,0.056779026715500155
10018,low,moderate,SemiGreedy,,load,0.02858754371768151,0.035167347880970104,0.11705171139756941
10018,low,moderate,Fog-only,,load,0.020637725194040446,0.026183383993311552,0.08448934998360694
10018,low,moderate,DRL-OO-2025,504,load,0.02858754371768151,0.035167347880970104,0.11705171139756941
10018,low,moderate,DRL-OO-2025,504,packet_loss,0.0007438739299631396,0.0009444775934576871,0.0640027280504504
10018,low,moderate,DRL-OO-2025,504,jitter_s,0.0003530755085739895,0.00045124608235030917,0.0527618694881016
10019,low,moderate,DT-KF-CostAware,,load,0.020235868150597972,0.02468514845964325,0.08236234581545511
10019,low,moderate,DT-KF-CostAware,,packet_loss,0.0007527171477272868,0.0009438619971315321,0.06465586338892693
10019,low,moderate,DT-KF-CostAware,,jitter_s,0.0003334903703563367,0.0004187723127053418,0.0506786248446041
10019,low,moderate,DT-OPT,,load,0.020609820856254735,0.025087599645394722,0.08285328337132943
10019,low,moderate,DT-OPT,,packet_loss,0.0008489267680942142,0.0010606127258998032,0.07279144331262051
10019,low,moderate,DT-OPT,,jitter_s,0.00037212672476650096,0.000466007900389042,0.05665037701582302
10019,low,moderate,SemiGreedy,,load,0.025373738529293723,0.031046936607380678,0.10398671950107127
10019,low,moderate,Fog-only,,load,0.03408479101944857,0.04315530625406259,0.12716807986780188
10019,low,moderate,DRL-OO-2025,505,load,0.025373738529293723,0.031046936607380678,0.10398671950107127
10019,low,moderate,DRL-OO-2025,505,packet_loss,0.0007357382282734725,0.0009243448370860916,0.06336604772359211
10019,low,moderate,DRL-OO-2025,505,jitter_s,0.0003376852773695145,0.0004229220385810496,0.05139070240952036
10020,low,moderate,DT-KF-CostAware,,load,0.021887279920347773,0.026865121722877135,0.08800917069681637
10020,low,moderate,DT-KF-CostAware,,packet_loss,0.0007635693578325954,0.0009629540510039924,0.0670703794939663
10020,low,moderate,DT-KF-CostAware,,jitter_s,0.00033555551741655445,0.00042148897996281264,0.05267543953888281
10020,low,moderate,DT-OPT,,load,0.024589149428932786,0.02985691114594568,0.09909825277907973
10020,low,moderate,DT-OPT,,packet_loss,0.00088933862311854,0.0011092368088358542,0.07780474115014857
10020,low,moderate,DT-OPT,,jitter_s,0.0003885941821168225,0.000480649269168655,0.061043141801502866
10020,low,moderate,SemiGreedy,,load,0.026847126790322133,0.032038231572514425,0.10931196123472543
10020,low,moderate,Fog-only,,load,0.028822389865570546,0.036065817569130305,0.11199085438097248
10020,low,moderate,DRL-OO-2025,501,load,0.026847126790322133,0.032038231572514425,0.10931196123472543
10020,low,moderate,DRL-OO-2025,501,packet_loss,0.0007248698649247897,0.0009172190849480278,0.0640221212635074
10020,low,moderate,DRL-OO-2025,501,jitter_s,0.00032960815160636365,0.0004154365597681831,0.05185554178368398
10021,low,moderate,DT-KF-CostAware,,load,0.02003509736435369,0.0252056426919429,0.08294873392850315
10021,low,moderate,DT-KF-CostAware,,packet_loss,0.0007397370405881105,0.0009360892457493816,0.06601310093420494
10021,low,moderate,DT-KF-CostAware,,jitter_s,0.00033094392878898544,0.00042140891875668083,0.05155809698010296
10021,low,moderate,DT-OPT,,load,0.020519426139285233,0.025032119209229417,0.08469258967903891
10021,low,moderate,DT-OPT,,packet_loss,0.000858873869174635,0.0010927867049080582,0.07654861925245328
10021,low,moderate,DT-OPT,,jitter_s,0.00038085801023045464,0.00048526635813631144,0.059322080639189284
10021,low,moderate,SemiGreedy,,load,0.025729536088251515,0.03225049866215938,0.1054126997674586
10021,low,moderate,Fog-only,,load,0.02438014959721845,0.028794880175080008,0.09649953086691714
10021,low,moderate,DRL-OO-2025,502,load,0.025729536088251515,0.03225049866215938,0.1054126997674586
10021,low,moderate,DRL-OO-2025,502,packet_loss,0.0007194193316316491,0.0009106088097897832,0.06392858295703976
10021,low,moderate,DRL-OO-2025,502,jitter_s,0.00033453696454655653,0.0004250226359143905,0.05187189189399616
10022,low,moderate,DT-KF-CostAware,,load,0.019003132841022976,0.02450840451249401,0.07945802821013934
10022,low,moderate,DT-KF-CostAware,,packet_loss,0.0007454905670736529,0.0009599294194716474,0.06373627456565104
10022,low,moderate,DT-KF-CostAware,,jitter_s,0.00033014499188371697,0.00042041506883811126,0.05011249337945127
10022,low,moderate,DT-OPT,,load,0.018041990301888588,0.023645022756312938,0.07570143969748135
10022,low,moderate,DT-OPT,,packet_loss,0.000845564425976455,0.0010992777220914793,0.07225142746782619
10022,low,moderate,DT-OPT,,jitter_s,0.0003692492832313874,0.00047291655960958955,0.056109578523051935
10022,low,moderate,SemiGreedy,,load,0.024531677632932965,0.030911586092251163,0.10273639037753944
10022,low,moderate,Fog-only,,load,0.018569440783819186,0.024235852862103932,0.07983360630237771
10022,low,moderate,DRL-OO-2025,503,load,0.024531677632932965,0.030911586092251163,0.10273639037753944
10022,low,moderate,DRL-OO-2025,503,packet_loss,0.000730767636010128,0.0009306127476755281,0.06184611188662427
10022,low,moderate,DRL-OO-2025,503,jitter_s,0.0003319308529401379,0.00042080811070467253,0.050062844092880046
10023,low,moderate,DT-KF-CostAware,,load,0.019969740235527906,0.02440970963294694,0.07932851276767607
10023,low,moderate,DT-KF-CostAware,,packet_loss,0.0008056685810855518,0.0010717487968064884,0.06604652819650857
10023,low,moderate,DT-KF-CostAware,,jitter_s,0.0003425533782627844,0.00044282567950640393,0.05185557581070135
10023,low,moderate,DT-OPT,,load,0.019923236704179607,0.024497547641809777,0.07988741664904939
10023,low,moderate,DT-OPT,,packet_loss,0.0010127003170288804,0.0014741789622055171,0.0826930621571468
10023,low,moderate,DT-OPT,,jitter_s,0.0004177230971396263,0.0005806808368247348,0.06350831169345943
10023,low,moderate,SemiGreedy,,load,0.024522233072338123,0.029850273826147414,0.0974756569922662
10023,low,moderate,Fog-only,,load,0.024605877344641116,0.028826928728307066,0.10249038032501163
10023,low,moderate,DRL-OO-2025,504,load,0.024522233072338123,0.029850273826147414,0.0974756569922662
10023,low,moderate,DRL-OO-2025,504,packet_loss,0.0007609554741138451,0.0010230788829254894,0.062436053958567925
10023,low,moderate,DRL-OO-2025,504,jitter_s,0.0003341228406756166,0.00043743667899130635,0.05037022964078685
10024,low,moderate,DT-KF-CostAware,,load,0.023221054322547063,0.02875956160978361,0.09255291291576664
10024,low,moderate,DT-KF-CostAware,,packet_loss,0.0007735882651000505,0.0009938568421419365,0.06639318849163152
10024,low,moderate,DT-KF-CostAware,,jitter_s,0.000360518817504006,0.0004619219307726747,0.05280305669633205
10024,low,moderate,DT-OPT,,load,0.023226497127235266,0.028965821630959405,0.09210581246817859
10024,low,moderate,DT-OPT,,packet_loss,0.0008883264945523272,0.0011529798491732761,0.07621867599012197
10024,low,moderate,DT-OPT,,jitter_s,0.000411013148764437,0.0005303028669481443,0.06028888785899641
10024,low,moderate,SemiGreedy,,load,0.03114751074063597,0.03754468255258437,0.12347349515537884
10024,low,moderate,Fog-only,,load,0.022147666697971906,0.028827230444186315,0.08496758674780601
10024,low,moderate,DRL-OO-2025,505,load,0.03114751074063597,0.03754468255258437,0.12347349515537884
10024,low,moderate,DRL-OO-2025,505,packet_loss,0.0007637797228239301,0.000969588566754727,0.06522173956950175
10024,low,moderate,DRL-OO-2025,505,jitter_s,0.0003698072513799571,0.0004660720426788459,0.05410630802359394
10025,low,moderate,DT-KF-CostAware,,load,0.02112669064080311,0.02589120638993499,0.08633973289106124
10025,low,moderate,DT-KF-CostAware,,packet_loss,0.0007932681010036914,0.000993474587081945,0.06771499091990402
10025,low,moderate,DT-KF-CostAware,,jitter_s,0.0003467177846824979,0.00043372273032081786,0.053160525158762136
10025,low,moderate,DT-OPT,,load,0.022541826790263963,0.027475608525982447,0.09100173196477004
10025,low,moderate,DT-OPT,,packet_loss,0.0009128598861733792,0.001160108809843479,0.07811426271906753
10025,low,moderate,DT-OPT,,jitter_s,0.00038956014047632204,0.0004921938192030595,0.059956088710709156
10025,low,moderate,SemiGreedy,,load,0.027363278754135474,0.033862982259657004,0.11117722198153127
10025,low,moderate,Fog-only,,load,0.028975614309256475,0.03624258651400149,0.11135402016281819
10025,low,moderate,DRL-OO-2025,501,load,0.027363278754135474,0.033862982259657004,0.11117722198153127
10025,low,moderate,DRL-OO-2025,501,packet_loss,0.0007237133882789524,0.0009108414115502093,0.06154999531058997
10025,low,moderate,DRL-OO-2025,501,jitter_s,0.0003329317529227042,0.0004195475913756202,0.05056929937110651
10026,low,moderate,DT-KF-CostAware,,load,0.02021107349598256,0.026921080219822226,0.08096630031963296
10026,low,moderate,DT-KF-CostAware,,packet_loss,0.000797694333713712,0.0010138848893770707,0.07018384227831863
10026,low,moderate,DT-KF-CostAware,,jitter_s,0.00035803203743341145,0.00045938311157728707,0.05537732417884831
10026,low,moderate,DT-OPT,,load,0.019632445424897765,0.02599436909660153,0.07843719801392515
10026,low,moderate,DT-OPT,,packet_loss,0.0008920241842353646,0.0011547379070319635,0.07864644676756512
10026,low,moderate,DT-OPT,,jitter_s,0.0003983651975529555,0.0005160387733781364,0.06154854986913009
10026,low,moderate,SemiGreedy,,load,0.02726391713059239,0.03522432304705298,0.10904419985896503
10026,low,moderate,Fog-only,,load,0.020619375250599016,0.026488797164992403,0.08006721337471158
10026,low,moderate,DRL-OO-2025,502,load,0.02726391713059239,0.03522432304705298,0.10904419985896503
10026,low,moderate,DRL-OO-2025,502,packet_loss,0.000751115464577664,0.000964818776825673,0.06602002004108509
10026,low,moderate,DRL-OO-2025,502,jitter_s,0.00035260554674440304,0.000454023336865406,0.05448451861957865
10027,low,moderate,DT-KF-CostAware,,load,0.020399948185542808,0.02593839335589213,0.0834834185185203
10027,low,moderate,DT-KF-CostAware,,packet_loss,0.0007412940100931383,0.0009341250521489107,0.0652069370748485
10027,low,moderate,DT-KF-CostAware,,jitter_s,0.00032046020233485845,0.0004029497792647245,0.051439853102871184
10027,low,moderate,DT-OPT,,load,0.02050990400994393,0.02607549995424267,0.08344572783035632
10027,low,moderate,DT-OPT,,packet_loss,0.000836473223592111,0.001052161906489699,0.07357526743635542
10027,low,moderate,DT-OPT,,jitter_s,0.00035696942279246315,0.0004462932314751024,0.05749384155396718
10027,low,moderate,SemiGreedy,,load,0.024146682383709466,0.030411362848451917,0.09909699757052014
10027,low,moderate,Fog-only,,load,0.020065329826676834,0.026071216912011176,0.0811227278489698
10027,low,moderate,DRL-OO-2025,503,load,0.024146682383709466,0.030411362848451917,0.09909699757052014
10027,low,moderate,DRL-OO-2025,503,packet_loss,0.000699406486095813,0.0008817994140645577,0.061328954184164106
10027,low,moderate,DRL-OO-2025,503,jitter_s,0.0003110987058391319,0.00039186622024220045,0.04973875205257708
10028,low,moderate,DT-KF-CostAware,,load,0.02183429589042171,0.02583394951505511,0.08782688431546452
10028,low,moderate,DT-KF-CostAware,,packet_loss,0.0007129532652838508,0.0008909510566590304,0.06486627431764783
10028,low,moderate,DT-KF-CostAware,,jitter_s,0.000329834769366258,0.0004130471780246519,0.05110017758148503
10028,low,moderate,DT-OPT,,load,0.02157690040705096,0.025455737825615696,0.08738189461084307
10028,low,moderate,DT-OPT,,packet_loss,0.0007863217275282025,0.0010077540611657604,0.07223503118412301
10028,low,moderate,DT-OPT,,jitter_s,0.00036004445911003266,0.0004579101931003265,0.05626261224406976
10028,low,moderate,SemiGreedy,,load,0.028795092096414853,0.03504732452516593,0.1155601107607673
10028,low,moderate,Fog-only,,load,0.02080259220421852,0.024771516469569016,0.0860237262212564
10028,low,moderate,DRL-OO-2025,504,load,0.028795092096414853,0.03504732452516593,0.1155601107607673
10028,low,moderate,DRL-OO-2025,504,packet_loss,0.0007148293133230989,0.0009203946120708095,0.06451687478173194
10028,low,moderate,DRL-OO-2025,504,jitter_s,0.0003418918018454717,0.0004433176770134419,0.052710190382767017
10029,low,moderate,DT-KF-CostAware,,load,0.020247101570414944,0.025815877284181055,0.08245562270029487
10029,low,moderate,DT-KF-CostAware,,packet_loss,0.0007585993941338154,0.0009742549923627511,0.06627726224698086
10029,low,moderate,DT-KF-CostAware,,jitter_s,0.0003267178448130364,0.0004135901590749008,0.0524024202085744
10029,low,moderate,DT-OPT,,load,0.020250850288181337,0.025678435459045707,0.08298626485322393
10029,low,moderate,DT-OPT,,packet_loss,0.0008774101557169453,0.001142245928233496,0.07670816135639065
10029,low,moderate,DT-OPT,,jitter_s,0.00037192315342958866,0.00047762310066742084,0.059738769669923905
10029,low,moderate,SemiGreedy,,load,0.02442740628566493,0.030365431742357857,0.09883765167947042
10029,low,moderate,Fog-only,,load,0.019365026386737625,0.024993519982634407,0.07882833011599481
10029,low,moderate,DRL-OO-2025,505,load,0.02442740628566493,0.030365431742357857,0.09883765167947042
10029,low,moderate,DRL-OO-2025,505,packet_loss,0.0006800161845611773,0.0008761571825654585,0.05950035875541118
10029,low,moderate,DRL-OO-2025,505,jitter_s,0.00030138970528669585,0.00038414884367188356,0.04827599021685389
10000,medium,moderate,DT-KF-CostAware,,load,0.0267677742902309,0.03406328669936639,0.05466571712440544
10000,medium,moderate,DT-KF-CostAware,,packet_loss,0.0009755845240202302,0.0012511956159269126,0.06586867236518772
10000,medium,moderate,DT-KF-CostAware,,jitter_s,0.00044761000917744166,0.0005751862435853392,0.05192404315784382
10000,medium,moderate,DT-OPT,,load,0.02686440152225683,0.03365517636752957,0.05507580754030061
10000,medium,moderate,DT-OPT,,packet_loss,0.0011407993718556765,0.0014672587890286392,0.07749874491851533
10000,medium,moderate,DT-OPT,,jitter_s,0.0005195896766073127,0.0006733483709957514,0.060119269575956244
10000,medium,moderate,SemiGreedy,,load,0.03393582578785762,0.04219169153167142,0.06934749276929582
10000,medium,moderate,Fog-only,,load,0.0315998197612044,0.040012661324813924,0.066455103828769
10000,medium,moderate,DRL-OO-2025,501,load,0.03393582578785762,0.04219169153167142,0.06934749276929582
10000,medium,moderate,DRL-OO-2025,501,packet_loss,0.0009388511339526814,0.001214694023990049,0.06318698224254765
10000,medium,moderate,DRL-OO-2025,501,jitter_s,0.00044325879215931257,0.0005730233261554585,0.051484396872600195
10001,medium,moderate,DT-KF-CostAware,,load,0.02268128705081979,0.02875353895358886,0.045821989467137385
10001,medium,moderate,DT-KF-CostAware,,packet_loss,0.0009382964813117674,0.0011737537938654233,0.06240831569875106
10001,medium,moderate,DT-KF-CostAware,,jitter_s,0.0003799852419460373,0.00047476637696091924,0.04872294951888153
10001,medium,moderate,DT-OPT,,load,0.0228658903781519,0.02921491345681116,0.04600173480467389
10001,medium,moderate,DT-OPT,,packet_loss,0.0010872291004485545,0.0013620533586189228,0.07270700409724197
10001,medium,moderate,DT-OPT,,jitter_s,0.00043755011808851746,0.0005486835094846864,0.05620594318733995
10001,medium,moderate,SemiGreedy,,load,0.02725825562535355,0.03403334993410503,0.05522576428049765
10001,medium,moderate,Fog-only,,load,0.028539553742896236,0.035472325986955225,0.056131529842029355
10001,medium,moderate,DRL-OO-2025,502,load,0.02725825562535355,0.03403334993410503,0.05522576428049765
10001,medium,moderate,DRL-OO-2025,502,packet_loss,0.0008759676815836087,0.001110164258375402,0.0581423191641077
10001,medium,moderate,DRL-OO-2025,502,jitter_s,0.00036447561801183106,0.0004583155921584474,0.04671137820025292
10002,medium,moderate,DT-KF-CostAware,,load,0.02200655496561376,0.028822404524944643,0.04441341168362466
10002,medium,moderate,DT-KF-CostAware,,packet_loss,0.0009035764088720833,0.0011708402723401966,0.06153522370023104
10002,medium,moderate,DT-KF-CostAware,,jitter_s,0.00040735565643753,0.0005272523726379034,0.048038765508454255
10002,medium,moderate,DT-OPT,,load,0.022179546252247467,0.028567690770685734,0.044718297939504284
10002,medium,moderate,DT-OPT,,packet_loss,0.0010461077793176318,0.0014417144944492604,0.07095148810676843
10002,medium,moderate,DT-OPT,,jitter_s,0.0004658923742795947,0.000639450865336103,0.054395308696766356
10002,medium,moderate,SemiGreedy,,load,0.028759333645244616,0.03580005570099143,0.05821415581406176
10002,medium,moderate,Fog-only,,load,0.028494233834455984,0.0352537708854576,0.05585136075247775
10002,medium,moderate,DRL-OO-2025,503,load,0.028759333645244616,0.03580005570099143,0.05821415581406176
10002,medium,moderate,DRL-OO-2025,503,packet_loss,0.0008705594156748262,0.0011190900354030664,0.05945133017250933
10002,medium,moderate,DRL-OO-2025,503,jitter_s,0.0004045819564535369,0.0005203721848269944,0.04787555546185362
10003,medium,moderate,DT-KF-CostAware,,load,0.024156563781907465,0.0297258409717407,0.04863011643686025
10003,medium,moderate,DT-KF-CostAware,,packet_loss,0.0009410347546041943,0.0011875190353394574,0.06439138696339274
10003,medium,moderate,DT-KF-CostAware,,jitter_s,0.0004090940348382972,0.0005145392809974335,0.050560859921604154
10003,medium,moderate,DT-OPT,,load,0.023863513103075662,0.029679725307147464,0.048019597936618266
10003,medium,moderate,DT-OPT,,packet_loss,0.0010680659675994868,0.0013482071837318133,0.07299165902619785
10003,medium,moderate,DT-OPT,,jitter_s,0.000460019672741725,0.0005755712282023118,0.056921818513577596
10003,medium,moderate,SemiGreedy,,load,0.028824183100741717,0.03615736540710957,0.0579919206424776
10003,medium,moderate,Fog-only,,load,0.024480383143703408,0.02987560113182511,0.04972977259235033
10003,medium,moderate,DRL-OO-2025,504,load,0.028824183100741717,0.03615736540710957,0.0579919206424776
10003,medium,moderate,DRL-OO-2025,504,packet_loss,0.000851628893422508,0.0010854028074651044,0.058188168673620026
10003,medium,moderate,DRL-OO-2025,504,jitter_s,0.0003825269830188114,0.00048629578541139074,0.047160893961028266
10004,medium,moderate,DT-KF-CostAware,,load,0.023889566315309068,0.029177732940494597,0.048036343571993205
10004,medium,moderate,DT-KF-CostAware,,packet_loss,0.0009558116467100503,0.0012308139190839779,0.06476101992880925
10004,medium,moderate,DT-KF-CostAware,,jitter_s,0.00038267756064084565,0.0004867357341682429,0.050603464388536516
10004,medium,moderate,DT-OPT,,load,0.02376255946725051,0.02868396520697814,0.04748790873627197
10004,medium,moderate,DT-OPT,,packet_loss,0.0010471466006353118,0.0013361845414219886,0.0709493704307024
10004,medium,moderate,DT-OPT,,jitter_s,0.0004163749584848524,0.0005254331288929102,0.054897649874530864
10004,medium,moderate,SemiGreedy,,load,0.030034700059690982,0.035864351181675795,0.06006988173835808
10004,medium,moderate,Fog-only,,load,0.02313351863630104,0.028110411918400843,0.04595011068208007
10004,medium,moderate,DRL-OO-2025,505,load,0.030034700059690982,0.035864351181675795,0.06006988173835808
10004,medium,moderate,DRL-OO-2025,505,packet_loss,0.0008962075935791088,0.001130027243213788,0.06046561677865623
10004,medium,moderate,DRL-OO-2025,505,jitter_s,0.00037063161871858554,0.0004631041644355805,0.048850300172766425
10005,medium,moderate,DT-KF-CostAware,,load,0.0251967433063851,0.0317649597921554,0.04940756927282534
10005,medium,moderate,DT-KF-CostAware,,packet_loss,0.000986221235633355,0.0012592772968983402,0.06476580775544068
10005,medium,moderate,DT-KF-CostAware,,jitter_s,0.0004089198899500864,0.0005187297962592092,0.050837057786561314
10005,medium,moderate,DT-OPT,,load,0.025022239697617656,0.03256737028858641,0.04906872791880905
10005,medium,moderate,DT-OPT,,packet_loss,0.0011019630808129352,0.0014120680463232222,0.07234147612424575
10005,medium,moderate,DT-OPT,,jitter_s,0.0004519218327302593,0.0005775970104842849,0.056232466885769175
10005,medium,moderate,SemiGreedy,,load,0.030992714385235022,0.04017195947604184,0.06132113798729068
10005,medium,moderate,Fog-only,,load,0.025894669918479718,0.03495195400043728,0.0505208697263228
10005,medium,moderate,DRL-OO-2025,501,load,0.030992714385235022,0.04017195947604184,0.06132113798729068
10005,medium,moderate,DRL-OO-2025,501,packet_loss,0.0009788428541424997,0.0012371547469469777,0.06403760836262372
10005,medium,moderate,DRL-OO-2025,501,jitter_s,0.0004168301286495741,0.0005254373327635664,0.05176464544411979
10006,medium,moderate,DT-KF-CostAware,,load,0.025227518790474104,0.030843147023366817,0.051298200550276625
10006,medium,moderate,DT-KF-CostAware,,packet_loss,0.000886971346025264,0.001123409697548751,0.06344055647535699
10006,medium,moderate,DT-KF-CostAware,,jitter_s,0.00037980266235879796,0.0004780094507229037,0.04976920986357882
10006,medium,moderate,DT-OPT,,load,0.023970722484208815,0.03020650837451192,0.049063436463262625
10006,medium,moderate,DT-OPT,,packet_loss,0.0010194436149837342,0.0013005647504524523,0.07266163852172032
10006,medium,moderate,DT-OPT,,jitter_s,0.00043222659952363594,0.0005485559067764193,0.05647175982946757
10006,medium,moderate,SemiGreedy,,load,0.03351341761966618,0.04111587584647783,0.06765343860535307
10006,medium,moderate,Fog-only,,load,0.0452141579825449,0.054659607435396135,0.09568362128941628
10006,medium,moderate,DRL-OO-2025,502,load,0.03351341761966618,0.04111587584647783,0.06765343860535307
10006,medium,moderate,DRL-OO-2025,502,packet_loss,0.0008567919030447036,0.0010713226840978196,0.06138779075106444
10006,medium,moderate,DRL-OO-2025,502,jitter_s,0.0003805923038121169,0.00047364595397814574,0.04981682272194051
10007,medium,moderate,DT-KF-CostAware,,load,0.024397312121561574,0.029369860811399248,0.04875051917854018
10007,medium,moderate,DT-KF-CostAware,,packet_loss,0.0008309975289176807,0.0010803498510860076,0.061558949170417224
10007,medium,moderate,DT-KF-CostAware,,jitter_s,0.00038848879556347923,0.000503050147970691,0.04837853843724991
10007,medium,moderate,DT-OPT,,load,0.02438156103812913,0.028757822794435416,0.048786571208431564
10007,medium,moderate,DT-OPT,,packet_loss,0.0009487501893346637,0.0012796553469723512,0.07070059522269148
10007,medium,moderate,DT-OPT,,jitter_s,0.00043942800259597157,0.0005921321353191885,0.05464880261000038
10007,medium,moderate,SemiGreedy,,load,0.028988135564344087,0.03688908652314635,0.057804688808963244
10007,medium,moderate,Fog-only,,load,0.023377247022700092,0.02874478615144994,0.045909379767416776
10007,medium,moderate,DRL-OO-2025,503,load,0.028988135564344087,0.03688908652314635,0.057804688808963244
10007,medium,moderate,DRL-OO-2025,503,packet_loss,0.0008230798720639421,0.0010653906253297477,0.06048623692722626
10007,medium,moderate,DRL-OO-2025,503,jitter_s,0.0003921485895355888,0.0005087009049955884,0.04871976726797453
10008,medium,moderate,DT-KF-CostAware,,load,0.021918979752775996,0.02750372987725635,0.043855550797535815
10008,medium,moderate,DT-KF-CostAware,,packet_loss,0.0008946396923638503,0.0011335753604907123,0.06195570508678362
10008,medium,moderate,DT-KF-CostAware,,jitter_s,0.0003844445608661261,0.00048574497831349334,0.04842186455821443
10008,medium,moderate,DT-OPT,,load,0.022472472358907702,0.02747430022363864,0.04505831808319921
10008,medium,moderate,DT-OPT,,packet_loss,0.001036823367689244,0.0013428543615322274,0.07166250150179632
10008,medium,moderate,DT-OPT,,jitter_s,0.00043933381443404974,0.000560463704555259,0.055544464367485225
10008,medium,moderate,SemiGreedy,,load,0.025767304195809797,0.03197469668217142,0.05165535596540448
10008,medium,moderate,Fog-only,,load,0.023047494094306835,0.027374855547020297,0.04562557391105106
10008,medium,moderate,DRL-OO-2025,504,load,0.025767304195809797,0.03197469668217142,0.05165535596540448
10008,medium,moderate,DRL-OO-2025,504,packet_loss,0.0008655693999949391,0.0010998244311620803,0.0598082761912285
10008,medium,moderate,DRL-OO-2025,504,jitter_s,0.00037886963932872624,0.00047935002895361606,0.04775269679148962
10009,medium,moderate,DT-KF-CostAware,,load,0.02609009746905409,0.032374705143267575,0.05265688230488208
10009,medium,moderate,DT-KF-CostAware,,packet_loss,0.0009312338435699562,0.0011850728822124302,0.06399074820405633
10009,medium,moderate,DT-KF-CostAware,,jitter_s,0.0004004681900904593,0.0004984259558600346,0.050795169931539604
10009,medium,moderate,DT-OPT,,load,0.024745454357069326,0.03131219983496132,0.05004695508299329
10009,medium,moderate,DT-OPT,,packet_loss,0.0010347180791458808,0.001322062521703716,0.07096849167509192
10009,medium,moderate,DT-OPT,,jitter_s,0.00043936043711109663,0.0005488880538515635,0.05577940955984956
10009,medium,moderate,SemiGreedy,,load,0.029720305850177455,0.03870090655526358,0.059898162241827056
10009,medium,moderate,Fog-only,,load,0.025575405620171267,0.032125997876202295,0.05120418408124169
10009,medium,moderate,DRL-OO-2025,505,load,0.029720305850177455,0.03870090655526358,0.059898162241827056
10009,medium,moderate,DRL-OO-2025,505,packet_loss,0.0008656295853648457,0.0011004458935802983,0.05958977358140614
10009,medium,moderate,DRL-OO-2025,505,jitter_s,0.000377891663400402,0.00047300798244668624,0.0480082191613059
10010,medium,moderate,DT-KF-CostAware,,load,0.025451544077433125,0.031244631958712382,0.05141661883857085
10010,medium,moderate,DT-KF-CostAware,,packet_loss,0.0009372772574724301,0.0011990211212455394,0.06381157736231331
10010,medium,moderate,DT-KF-CostAware,,jitter_s,0.0004239699174855608,0.0005409246363663189,0.050049379961709495
10010,medium,moderate,DT-OPT,,load,0.02508056895020663,0.030468275847329068,0.050621906977952776
10010,medium,moderate,DT-OPT,,packet_loss,0.0010925597361418477,0.0014192271558552136,0.074160791551441
10010,medium,moderate,DT-OPT,,jitter_s,0.0004908766200484145,0.000642459994262302,0.05738808265775232
10010,medium,moderate,SemiGreedy,,load,0.030668447570255438,0.037302246871218615,0.06184015671145114
10010,medium,moderate,Fog-only,,load,0.03180957629698248,0.039125700120939126,0.06206978364906346
10010,medium,moderate,DRL-OO-2025,501,load,0.030668447570255438,0.037302246871218615,0.06184015671145114
10010,medium,moderate,DRL-OO-2025,501,packet_loss,0.0008803881655622945,0.0011364498155572115,0.05961243556363142
10010,medium,moderate,DRL-OO-2025,501,jitter_s,0.00040682052216398687,0.0005237261965419629,0.04791678903637557
10011,medium,moderate,DT-KF-CostAware,,load,0.022183377900158428,0.028004203787053435,0.04433231334992108
10011,medium,moderate,DT-KF-CostAware,,packet_loss,0.000891621838794663,0.0011310279122104666,0.06280614651109746
10011,medium,moderate,DT-KF-CostAware,,jitter_s,0.0004029537931583394,0.0005158602568224195,0.04897222907791445
10011,medium,moderate,DT-OPT,,load,0.022328643922972964,0.028897904185727498,0.044371601564031214
10011,medium,moderate,DT-OPT,,packet_loss,0.0010394020672893336,0.0013331640329763222,0.07357087716952586
10011,medium,moderate,DT-OPT,,jitter_s,0.00047163678194607196,0.0006187331317864245,0.05712495060081788
10011,medium,moderate,SemiGreedy,,load,0.027883394768308565,0.03571485451593752,0.05576373764965185
10011,medium,moderate,Fog-only,,load,0.029148698523810874,0.03540867698061602,0.05656312157208117
10011,medium,moderate,DRL-OO-2025,502,load,0.027883394768308565,0.03571485451593752,0.05576373764965185
10011,medium,moderate,DRL-OO-2025,502,packet_loss,0.000866581096003422,0.0010872340637822734,0.060989991539864216
10011,medium,moderate,DRL-OO-2025,502,jitter_s,0.00040235512463142857,0.000506660183208794,0.049050219790286675
10012,medium,moderate,DT-KF-CostAware,,load,0.02427916286997028,0.030536780023120092,0.049045889579101616
10012,medium,moderate,DT-KF-CostAware,,packet_loss,0.0009495748155610174,0.0012035088472545357,0.06393213233881372
10012,medium,moderate,DT-KF-CostAware,,jitter_s,0.0004058611348055903,0.0005154556744304445,0.05014105020281687
10012,medium,moderate,DT-OPT,,load,0.024574456360578745,0.03080289597047299,0.04968161115051255
10012,medium,moderate,DT-OPT,,packet_loss,0.0010652099877198405,0.0013370696152872892,0.07207976852397383
10012,medium,moderate,DT-OPT,,jitter_s,0.00045350162616634575,0.0005720651764204722,0.056071400903217425
10012,medium,moderate,SemiGreedy,,load,0.028251704319851488,0.0346979502982701,0.05719538145982881
10012,medium,moderate,Fog-only,,load,0.028055034353731984,0.035610727975637683,0.05511360495780458
10012,medium,moderate,DRL-OO-2025,503,load,0.028251704319851488,0.0346979502982701,0.05719538145982881
10012,medium,moderate,DRL-OO-2025,503,packet_loss,0.0008560930824331337,0.0010979756740518015,0.05759007119009475
10012,medium,moderate,DRL-OO-2025,503,jitter_s,0.0003753156298086249,0.0004830316175109806,0.04621439128950893
10013,medium,moderate,DT-KF-CostAware,,load,0.02389753149101747,0.031139362377110538,0.047824304670578695
10013,medium,moderate,DT-KF-CostAware,,packet_loss,0.0009608493121085453,0.0012489145226426703,0.06519928544362515
10013,medium,moderate,DT-KF-CostAware,,jitter_s,0.00042807902589600804,0.0005536287002993472,0.0512303448394048
10013,medium,moderate,DT-OPT,,load,0.023841305133279887,0.030994353105583853,0.04772627523444153
10013,medium,moderate,DT-OPT,,packet_loss,0.0011669531262648828,0.0015595789914949333,0.07941087710847526
10013,medium,moderate,DT-OPT,,jitter_s,0.0005124503984718667,0.0006830881154249288,0.06121473431222808
10013,medium,moderate,SemiGreedy,,load,0.03171028955500245,0.03994734246542516,0.06359580107502674
10013,medium,moderate,Fog-only,,load,0.02559057875991529,0.03270641014018163,0.05176487407419732
10013,medium,moderate,DRL-OO-2025,504,load,0.03171028955500245,0.03994734246542516,0.06359580107502674
10013,medium,moderate,DRL-OO-2025,504,packet_loss,0.0008963812618902391,0.0011754302323038113,0.06106739387195906
10013,medium,moderate,DRL-OO-2025,504,jitter_s,0.0004149237990663964,0.0005403623904231838,0.04979501278431691
10014,medium,moderate,DT-KF-CostAware,,load,0.027533823014678303,0.03440887810011276,0.055277754384145665
10014,medium,moderate,DT-KF-CostAware,,packet_loss,0.0009859195341625172,0.0012285806417719198,0.06747249240236115
10014,medium,moderate,DT-KF-CostAware,,jitter_s,0.00044905254274189404,0.0005569371128434205,0.053244041362652136
10014,medium,moderate,DT-OPT,,load,0.028635845584297003,0.0363232227569358,0.057787786316909895
10014,medium,moderate,DT-OPT,,packet_loss,0.0011355137742123315,0.001435859326258321,0.07777563153367398
10014,medium,moderate,DT-OPT,,jitter_s,0.0005126433598211163,0.0006411516346599024,0.06075688891815834
10014,medium,moderate,SemiGreedy,,load,0.03272173152862086,0.03962876883061088,0.06544813304471964
10014,medium,moderate,Fog-only,,load,0.028950477294273576,0.036010558134611036,0.057274433201862825
10014,medium,moderate,DRL-OO-2025,505,load,0.03272173152862086,0.03962876883061088,0.06544813304471964
10014,medium,moderate,DRL-OO-2025,505,packet_loss,0.0009065555929816063,0.0011479992730736004,0.06185956809401092
10014,medium,moderate,DRL-OO-2025,505,jitter_s,0.00042536481632964935,0.0005360106849721237,0.050177766891862506
10015,medium,moderate,DT-KF-CostAware,,load,0.0256709029937431,0.03281663152236973,0.05181136712453259
10015,medium,moderate,DT-KF-CostAware,,packet_loss,0.0010494219332300087,0.0013262379291070073,0.06618435325073843
10015,medium,moderate,DT-KF-CostAware,,jitter_s,0.00043199976402636954,0.0005453645693274193,0.05191077070165808
10015,medium,moderate,DT-OPT,,load,0.027244133603596943,0.03477504851305149,0.05410233050702136
10015,medium,moderate,DT-OPT,,packet_loss,0.0012183832720423025,0.0015304120429636906,0.07688292359349409
10015,medium,moderate,DT-OPT,,jitter_s,0.0005006374527485674,0.0006301435621050954,0.05989393203225621
10015,medium,moderate,SemiGreedy,,load,0.031984974043022876,0.04019197321820261,0.0649256094835401
10015,medium,moderate,Fog-only,,load,0.03082022033732749,0.041730418718537,0.06049746389375873
10015,medium,moderate,DRL-OO-2025,501,load,0.031984974043022876,0.04019197321820261,0.0649256094835401
10015,medium,moderate,DRL-OO-2025,501,packet_loss,0.0010033840137710923,0.0012770750175383884,0.06291871052415016
10015,medium,moderate,DRL-OO-2025,501,jitter_s,0.00042471987377349756,0.0005366411812864907,0.05099947071026448
10016,medium,moderate,DT-KF-CostAware,,load,0.023650188662814486,0.029855356827847845,0.04752558659886304
10016,medium,moderate,DT-KF-CostAware,,packet_loss,0.0009137479054185151,0.0011580028776304542,0.062330495936537035
10016,medium,moderate,DT-KF-CostAware,,jitter_s,0.0003796176974105805,0.0004769734077873608,0.04848067048705853
10016,medium,moderate,DT-OPT,,load,0.02310942799494802,0.028822002507335312,0.046477651844053135
10016,medium,moderate,DT-OPT,,packet_loss,0.001010227780684757,0.001277146975791763,0.06904351759126238
10016,medium,moderate,DT-OPT,,jitter_s,0.00041354636122683603,0.0005170341138125158,0.05307116585191855
10016,medium,moderate,SemiGreedy,,load,0.028418465542704822,0.03769617470676979,0.057093183051780134
10016,medium,moderate,Fog-only,,load,0.024859562262684525,0.03042859599390419,0.048914606776477874
10016,medium,moderate,DRL-OO-2025,502,load,0.028418465542704822,0.03769617470676979,0.057093183051780134
10016,medium,moderate,DRL-OO-2025,502,packet_loss,0.0008760805654508798,0.0011182864058977052,0.059340930425764354
10016,medium,moderate,DRL-OO-2025,502,jitter_s,0.0003753107015900825,0.0004745727469472846,0.047777549072212475
10017,medium,moderate,DT-KF-CostAware,,load,0.027332597914796936,0.032973091137622514,0.05496152177265734
10017,medium,moderate,DT-KF-CostAware,,packet_loss,0.0008946749997904643,0.0011344774327864571,0.06096708559416095
10017,medium,moderate,DT-KF-CostAware,,jitter_s,0.0003979660169634493,0.00050143482996521,0.04800987453608583
10017,medium,moderate,DT-OPT,,load,0.027096185908020636,0.03358745042424649,0.054240227198846976
10017,medium,moderate,DT-OPT,,packet_loss,0.0010109517468417355,0.0012818711080002294,0.06890002810874149
10017,medium,moderate,DT-OPT,,jitter_s,0.00044430840926965845,0.000557012487288797,0.053751206215486576
10017,medium,moderate,SemiGreedy,,load,0.0312459679474312,0.037673339728854054,0.06317744479511257
10017,medium,moderate,Fog-only,,load,0.03283448300446046,0.04150634244651497,0.06357848904042131
10017,medium,moderate,DRL-OO-2025,503,load,0.0312459679474312,0.037673339728854054,0.06317744479511257
10017,medium,moderate,DRL-OO-2025,503,packet_loss,0.0008833502682093105,0.0011162670913799806,0.06011018393085837
10017,medium,moderate,DRL-OO-2025,503,jitter_s,0.0004042528338464348,0.000507311865322301,0.04861554296848546
10018,medium,moderate,DT-KF-CostAware,,load,0.02700227402569585,0.03266479985340847,0.05455523886203682
10018,medium,moderate,DT-KF-CostAware,,packet_loss,0.0009611269372838771,0.0012082318092134729,0.06420383850091257
10018,medium,moderate,DT-KF-CostAware,,jitter_s,0.0004376908861525825,0.000557596280177125,0.05059761109415668
10018,medium,moderate,DT-OPT,,load,0.02603109725557345,0.032088137673881884,0.05268114267680857
10018,medium,moderate,DT-OPT,,packet_loss,0.0010799864207307092,0.0013703789157366135,0.07228724135729171
10018,medium,moderate,DT-OPT,,jitter_s,0.0004836083755865667,0.0006215201831475663,0.056121435515485166
10018,medium,moderate,SemiGreedy,,load,0.03432876331016245,0.042240030569568356,0.06935312298189734
10018,medium,moderate,Fog-only,,load,0.02488872360504618,0.03157499367837575,0.05016829872889098
10018,medium,moderate,DRL-OO-2025,504,load,0.03432876331016245,0.042240030569568356,0.06935312298189734
10018,medium,moderate,DRL-OO-2025,504,packet_loss,0.0009421785313106405,0.0011967693487395363,0.06281938469050932
10018,medium,moderate,DRL-OO-2025,504,jitter_s,0.00044356011184129736,0.0005669379663275901,0.05135167801228381
10019,medium,moderate,DT-KF-CostAware,,load,0.024386710017744135,0.029748655282913806,0.04901417461320597
10019,medium,moderate,DT-KF-CostAware,,packet_loss,0.0009631028728067771,0.0012081801590909831,0.06413123771940774
10019,medium,moderate,DT-KF-CostAware,,jitter_s,0.00042475225230862124,0.0005334507987378663,0.05002835455190752
10019,medium,moderate,DT-OPT,,load,0.024905132544808695,0.030322078097821132,0.04964639801822081
10019,medium,moderate,DT-OPT,,packet_loss,0.0010882334066913473,0.0013601343498634054,0.07234242877117977
10019,medium,moderate,DT-OPT,,jitter_s,0.0004753994489874968,0.000595384622415051,0.05609597322684764
10019,medium,moderate,SemiGreedy,,load,0.030494777815585027,0.03729894354439838,0.06161010404613414
10019,medium,moderate,Fog-only,,load,0.04156905048486543,0.05268442688412657,0.07927010874697148
10019,medium,moderate,DRL-OO-2025,505,load,0.030494777815585027,0.03729894354439838,0.06161010404613414
10019,medium,moderate,DRL-OO-2025,505,packet_loss,0.0009353180411978625,0.0011753372233035846,0.062429488578317524
10019,medium,moderate,DRL-OO-2025,505,jitter_s,0.00042588637611255765,0.0005337226556101876,0.05022344719985904
10020,medium,moderate,DT-KF-CostAware,,load,0.02637155888076745,0.032368477690564425,0.05260201753219481
10020,medium,moderate,DT-KF-CostAware,,packet_loss,0.0009774743268064503,0.0012315632774710517,0.0665553243445439
10020,medium,moderate,DT-KF-CostAware,,jitter_s,0.0004271809919867409,0.000536101642092563,0.05198604018259052
10020,medium,moderate,DT-OPT,,load,0.029735345994604083,0.03609337350683146,0.05935784730061514
10020,medium,moderate,DT-OPT,,packet_loss,0.0011383699102997344,0.0014199023118859574,0.07720209202318622
10020,medium,moderate,DT-OPT,,jitter_s,0.0004953571415477991,0.000612230288253215,0.06032169445553364
10020,medium,moderate,SemiGreedy,,load,0.032252988195138076,0.0384982876741763,0.06488711241008316
10020,medium,moderate,Fog-only,,load,0.0351253342539552,0.04392829935860076,0.06849976399014536
10020,medium,moderate,DRL-OO-2025,501,load,0.032252988195138076,0.0384982876741763,0.06488711241008316
10020,medium,moderate,DRL-OO-2025,501,packet_loss,0.0009212665102477156,0.0011649684390232884,0.06307796063948028
10020,medium,moderate,DRL-OO-2025,501,jitter_s,0.00041576303395346345,0.000523577770035594,0.05071216173108648
10021,medium,moderate,DT-KF-CostAware,,load,0.024127639368155065,0.030357709425053694,0.04904002659222546
10021,medium,moderate,DT-KF-CostAware,,packet_loss,0.0009474864226298762,0.001197855157723637,0.06552373484791617
10021,medium,moderate,DT-KF-CostAware,,jitter_s,0.0004218803617449448,0.0005364953601566219,0.05093159565377743
10021,medium,moderate,DT-OPT,,load,0.024744718328358055,0.030194125150799934,0.05018772709501944
10021,medium,moderate,DT-OPT,,packet_loss,0.0011021472969032773,0.0014021964835298961,0.0761204741326059
10021,medium,moderate,DT-OPT,,jitter_s,0.00048731164657778874,0.0006202880664702973,0.05882068208391541
10021,medium,moderate,SemiGreedy,,load,0.03088867800272447,0.038721165106392695,0.062460713298037554
10021,medium,moderate,Fog-only,,load,0.029697077765171588,0.03509364493128352,0.05871553657255722
10021,medium,moderate,DRL-OO-2025,502,load,0.03088867800272447,0.038721165106392695,0.062460713298037554
10021,medium,moderate,DRL-OO-2025,502,packet_loss,0.0009141930501471715,0.0011570401849044971,0.06294774724755942
10021,medium,moderate,DRL-OO-2025,502,jitter_s,0.00042139533412898135,0.0005356899685231792,0.05064979065925607
10022,medium,moderate,DT-KF-CostAware,,load,0.02291024345452059,0.029504083621852105,0.0468157280770836
10022,medium,moderate,DT-KF-CostAware,,packet_loss,0.000954257628067926,0.0012286265481679867,0.06319871385965059
10022,medium,moderate,DT-KF-CostAware,,jitter_s,0.0004201248166848376,0.0005351461302950178,0.04939890308999935
10022,medium,moderate,DT-OPT,,load,0.02174271142662389,0.028477061842817765,0.04450938249980142
10022,medium,moderate,DT-OPT,,packet_loss,0.0010833584607429039,0.001410055560629516,0.07171387384037328
10022,medium,moderate,DT-OPT,,jitter_s,0.0004713812791353473,0.0006040735232449869,0.05549201936296901
10022,medium,moderate,SemiGreedy,,load,0.02948673940965063,0.03718422127174641,0.060372720558986584
10022,medium,moderate,Fog-only,,load,0.022293967002348338,0.029087778279185118,0.04628287489777683
10022,medium,moderate,DRL-OO-2025,503,load,0.02948673940965063,0.03718422127174641,0.060372720558986584
10022,medium,moderate,DRL-OO-2025,503,packet_loss,0.0009296978608868429,0.0011843897807988675,0.0609383628991284
10022,medium,moderate,DRL-OO-2025,503,jitter_s,0.000419255586423277,0.0005314354148783375,0.04898152565873372
10023,medium,moderate,DT-KF-CostAware,,load,0.023995899643205715,0.02933032238329375,0.04763728209561462
10023,medium,moderate,DT-KF-CostAware,,packet_loss,0.0010302396427388644,0.0013718988347325351,0.06545025880362029
10023,medium,moderate,DT-KF-CostAware,,jitter_s,0.00043583531359670533,0.0005639997952304413,0.051129977122511334
10023,medium,moderate,DT-OPT,,load,0.023969944258209117,0.029452391210145142,0.047855532371992006
10023,medium,moderate,DT-OPT,,packet_loss,0.0012981971700204973,0.0018895240219085536,0.08214612602540276
10023,medium,moderate,DT-OPT,,jitter_s,0.000533414238731095,0.0007418029154121172,0.06285703841032658
10023,medium,moderate,SemiGreedy,,load,0.029420461149891643,0.03582703751308263,0.05847763909801903
10023,medium,moderate,Fog-only,,load,0.029796986489457285,0.03489228325542596,0.06092804479254567
10023,medium,moderate,DRL-OO-2025,504,load,0.029420461149891643,0.03582703751308263,0.05847763909801903
10023,medium,moderate,DRL-OO-2025,504,packet_loss,0.000968828271679711,0.0013033707955113368,0.06160176781657252
10023,medium,moderate,DRL-OO-2025,504,jitter_s,0.0004219287492491639,0.0005531880709323153,0.049295552765866064
10024,medium,moderate,DT-KF-CostAware,,load,0.02792898228572595,0.034608088704745556,0.055476226974804956
10024,medium,moderate,DT-KF-CostAware,,packet_loss,0.0009867793211363017,0.0012678871301768167,0.06566024383529198
10024,medium,moderate,DT-KF-CostAware,,jitter_s,0.00045699302433699,0.0005855708032902887,0.05188427936948871
10024,medium,moderate,DT-OPT,,load,0.02797867168211662,0.034917097071702284,0.05540162961772244
10024,medium,moderate,DT-OPT,,packet_loss,0.0011360588766482162,0.0014748685837839936,0.07556348566129192
10024,medium,moderate,DT-OPT,,jitter_s,0.0005229153055411239,0.0006748999397527487,0.05946008308722075
10024,medium,moderate,SemiGreedy,,load,0.03741912244013237,0.045106444980489484,0.07416258628591613
10024,medium,moderate,Fog-only,,load,0.02678329392450368,0.034881868062324364,0.051952075796953504
10024,medium,moderate,DRL-OO-2025,505,load,0.03741912244013237,0.045106444980489484,0.07416258628591613
10024,medium,moderate,DRL-OO-2025,505,packet_loss,0.0009655219254177773,0.0012255763655135603,0.06392657250447412
10024,medium,moderate,DRL-OO-2025,505,jitter_s,0.00046327832112974055,0.0005838208951680173,0.05255032827278631
10025,medium,moderate,DT-KF-CostAware,,load,0.025446129798402443,0.03118944790364758,0.051279574964677055
10025,medium,moderate,DT-KF-CostAware,,packet_loss,0.0010147229825384673,0.001272739112553937,0.06712063429409337
10025,medium,moderate,DT-KF-CostAware,,jitter_s,0.00044118763240614053,0.0005523049519448363,0.052439996676366646
10025,medium,moderate,DT-OPT,,load,0.027219780963886313,0.033177270332423216,0.054449520159547994
10025,medium,moderate,DT-OPT,,packet_loss,0.0011730030382349674,0.0014922409100569178,0.07777254024798912
10025,medium,moderate,DT-OPT,,jitter_s,0.0004983692412204837,0.000629687255915438,0.05946290266584905
10025,medium,moderate,SemiGreedy,,load,0.032892364604731036,0.040716454706923796,0.06610036196006222
10025,medium,moderate,Fog-only,,load,0.03549287619754744,0.044370531854513055,0.06876823317940188
10025,medium,moderate,DRL-OO-2025,501,load,0.032892364604731036,0.040716454706923796,0.06610036196006222
10025,medium,moderate,DRL-OO-2025,501,packet_loss,0.0009177355448057783,0.0011572151022313766,0.06048238648372586
10025,medium,moderate,DRL-OO-2025,501,jitter_s,0.00041853463071844034,0.0005280758130172443,0.04927754552798745
10026,medium,moderate,DT-KF-CostAware,,load,0.0243167355699335,0.03239628905315499,0.04843908253084601
10026,medium,moderate,DT-KF-CostAware,,packet_loss,0.0010190004745883078,0.0012946712212084136,0.06948955580972159
10026,medium,moderate,DT-KF-CostAware,,jitter_s,0.0004549618868839063,0.0005832731800690702,0.05455246483665526
10026,medium,moderate,DT-OPT,,load,0.023627594802237688,0.03129963298396918,0.0469829583957936
10026,medium,moderate,DT-OPT,,packet_loss,0.001141791185377938,0.001478879358711526,0.07802697230691362
10026,medium,moderate,DT-OPT,,jitter_s,0.0005075013540648014,0.0006578838708987694,0.060783571268930005
10026,medium,moderate,SemiGreedy,,load,0.03277307291070343,0.04234158813200444,0.06528422935888692
10026,medium,moderate,Fog-only,,load,0.02484299533295677,0.0319485357433703,0.04857216046124681
10026,medium,moderate,DRL-OO-2025,502,load,0.03277307291070343,0.04234158813200444,0.06528422935888692
10026,medium,moderate,DRL-OO-2025,502,packet_loss,0.0009517390902547329,0.0012225842152073791,0.06483253305465839
10026,medium,moderate,DRL-OO-2025,502,jitter_s,0.00044251082335113355,0.0005705407798080947,0.05300317814293068
10027,medium,moderate,DT-KF-CostAware,,load,0.02459369649828242,0.03126721571227809,0.049609445539093536
10027,medium,moderate,DT-KF-CostAware,,packet_loss,0.0009478491654469568,0.0011945916307904935,0.06460706514920835
10027,medium,moderate,DT-KF-CostAware,,jitter_s,0.0004075646546068023,0.0005124686396258904,0.05068799479664335
10027,medium,moderate,DT-OPT,,load,0.024764240390459154,0.03146643246211867,0.049754398034206136
10027,medium,moderate,DT-OPT,,packet_loss,0.001071496888552737,0.0013479714401409,0.07303385053994967
10027,medium,moderate,DT-OPT,,jitter_s,0.00045530490138119296,0.0005692237263618779,0.056814509138504145
10027,medium,moderate,SemiGreedy,,load,0.02906595175823946,0.03658729828305651,0.05879784698157734
10027,medium,moderate,Fog-only,,load,0.02425794870860429,0.03152329365935013,0.04850497818800711
10027,medium,moderate,DRL-OO-2025,503,load,0.02906595175823946,0.03658729828305651,0.05879784698157734
10027,medium,moderate,DRL-OO-2025,503,packet_loss,0.0008900217144847803,0.0011216128042638538,0.060469369658624435
10027,medium,moderate,DRL-OO-2025,503,jitter_s,0.0003925545514839555,0.0004945837518506964,0.04862827985035251
10028,medium,moderate,DT-KF-CostAware,,load,0.026244501927108775,0.031051516597987525,0.052491163883163425
10028,medium,moderate,DT-KF-CostAware,,packet_loss,0.0009112542971375736,0.0011383256653043434,0.06426912678247432
10028,medium,moderate,DT-KF-CostAware,,jitter_s,0.0004192390945347014,0.0005248239095745509,0.05033289122099672
10028,medium,moderate,DT-OPT,,load,0.025958603151746373,0.030630881285336736,0.05213072316754421
10028,medium,moderate,DT-OPT,,packet_loss,0.0010062633221984679,0.0012901941594384027,0.07165169801784403
10028,medium,moderate,DT-OPT,,jitter_s,0.00045885649200606073,0.0005838893434316239,0.05556487926678881
10028,medium,moderate,SemiGreedy,,load,0.03457814822209589,0.04208904821773846,0.06910056856156642
10028,medium,moderate,Fog-only,,load,0.02520227235336244,0.03002664495376392,0.05129927823850877
10028,medium,moderate,DRL-OO-2025,504,load,0.03457814822209589,0.04208904821773846,0.06910056856156642
10028,medium,moderate,DRL-OO-2025,504,packet_loss,0.0009071462358779271,0.0011668751371823446,0.06346300139967825
10028,medium,moderate,DRL-OO-2025,504,jitter_s,0.0004301588789447394,0.0005572546357470978,0.05140458333493195
10029,medium,moderate,DT-KF-CostAware,,load,0.024404970480911847,0.0311291894446062,0.04909982174856842
10029,medium,moderate,DT-KF-CostAware,,packet_loss,0.0009694418552272005,0.0012468501136585054,0.06565452359323867
10029,medium,moderate,DT-KF-CostAware,,jitter_s,0.0004151488390921477,0.0005266846184041123,0.05161107918634005
10029,medium,moderate,DT-OPT,,load,0.024463110730132045,0.03102611537833846,0.04938676124454828
10029,medium,moderate,DT-OPT,,packet_loss,0.0011254302666916084,0.0014659210167789255,0.0762581305390099
10029,medium,moderate,DT-OPT,,jitter_s,0.00047488186603294384,0.0006107912820678264,0.059121406803978864
10029,medium,moderate,SemiGreedy,,load,0.02937899810791448,0.036511574101284035,0.05895124674707153
10029,medium,moderate,Fog-only,,load,0.023415640859469018,0.030225811100347787,0.04706221272984833
10029,medium,moderate,DRL-OO-2025,505,load,0.02937899810791448,0.036511574101284035,0.05895124674707153
10029,medium,moderate,DRL-OO-2025,505,packet_loss,0.0008642484498827987,0.0011145201928617452,0.05861669514014019
10029,medium,moderate,DRL-OO-2025,505,jitter_s,0.00038005175624222093,0.00048498537821812414,0.04718477664141541
10000,high,moderate,DT-KF-CostAware,,load,0.03129324122285233,0.03981776810638265,0.04234385962256345
10000,high,moderate,DT-KF-CostAware,,packet_loss,0.0011875563555447952,0.0015232386287171227,0.06545374647855529
10000,high,moderate,DT-KF-CostAware,,jitter_s,0.000542817474934943,0.000697780030502746,0.051395825387313805
10000,high,moderate,DT-OPT,,load,0.03143507069969721,0.03937687186414827,0.04266731321802449
10000,high,moderate,DT-OPT,,packet_loss,0.0013910720231243457,0.0017891589428573602,0.0771372930941886
10000,high,moderate,DT-OPT,,jitter_s,0.0006317442470933711,0.0008189926476681636,0.05965856681243596
10000,high,moderate,SemiGreedy,,load,0.03963270582575985,0.049276782215475934,0.05367006395712821
10000,high,moderate,Fog-only,,load,0.03727554820617524,0.047174029803703076,0.051624477334690444
10000,high,moderate,DRL-OO-2025,501,load,0.03963270582575985,0.049276782215475934,0.05367006395712821
10000,high,moderate,DRL-OO-2025,501,packet_loss,0.0011376110512528272,0.001471084784579241,0.06249887590834529
10000,high,moderate,DRL-OO-2025,501,jitter_s,0.0005342518732314378,0.0006904721621665755,0.05063972504188081
10001,high,moderate,DT-KF-CostAware,,load,0.02656390652818294,0.03366716433959967,0.03564976602493198
10001,high,moderate,DT-KF-CostAware,,packet_loss,0.0011436314148561028,0.0014302043982731744,0.06208958530308542
10001,high,moderate,DT-KF-CostAware,,jitter_s,0.00046189227134686944,0.0005766252406656172,0.048346593432677894
10001,high,moderate,DT-OPT,,load,0.02680703626613849,0.034277215829298595,0.03585102444035543
10001,high,moderate,DT-OPT,,packet_loss,0.0013267761350727809,0.0016620232911237324,0.07242364711321238
10001,high,moderate,DT-OPT,,jitter_s,0.0005328010892900628,0.000667865461839375,0.05586894913093176
10001,high,moderate,SemiGreedy,,load,0.0318383425362564,0.03976308260084452,0.042835483980445455
10001,high,moderate,Fog-only,,load,0.033682782272801325,0.04186573286728843,0.04425340720007677
10001,high,moderate,DRL-OO-2025,502,load,0.0318383425362564,0.03976308260084452,0.042835483980445455
10001,high,moderate,DRL-OO-2025,502,packet_loss,0.0010642846534079996,0.0013486741623955731,0.05765912614496577
10001,high,moderate,DRL-OO-2025,502,jitter_s,0.0004403048006752781,0.0005541894795223239,0.046058008403195884
10002,high,moderate,DT-KF-CostAware,,load,0.025773669794215533,0.033741334134745386,0.0345674468712574
10002,high,moderate,DT-KF-CostAware,,packet_loss,0.0011009641173463105,0.0014274024445886588,0.06120446297238219
10002,high,moderate,DT-KF-CostAware,,jitter_s,0.0004951011582114866,0.0006408242653273427,0.047656993488418176
10002,high,moderate,DT-OPT,,load,0.02606368203926824,0.03350096360053095,0.03492643823599669
10002,high,moderate,DT-OPT,,packet_loss,0.0012769415744414419,0.0017605386503079684,0.07069180855910517
10002,high,moderate,DT-OPT,,jitter_s,0.0005673533345577407,0.0007791920500225613,0.054063395336135606
10002,high,moderate,SemiGreedy,,load,0.033613897061976254,0.041831724632574674,0.04519879738739228
10002,high,moderate,Fog-only,,load,0.033583176005762064,0.0415533708417549,0.04402002435363339
10002,high,moderate,DRL-OO-2025,503,load,0.033613897061976254,0.041831724632574674,0.04519879738739228
10002,high,moderate,DRL-OO-2025,503,packet_loss,0.0010571259071658716,0.0013593010609026423,0.05892489702764525
10002,high,moderate,DRL-OO-2025,503,jitter_s,0.0004889881545882417,0.0006292165049323592,0.04722878427461872
10003,high,moderate,DT-KF-CostAware,,load,0.028261122182882133,0.0348047339677932,0.03783608125117963
10003,high,moderate,DT-KF-CostAware,,packet_loss,0.0011459211386123781,0.0014464057811723347,0.06400679595119337
10003,high,moderate,DT-KF-CostAware,,jitter_s,0.0004966818702330444,0.0006244808318349031,0.05011604173242279
10003,high,moderate,DT-OPT,,load,0.02796722432670232,0.03480811123762166,0.03742608458453328
10003,high,moderate,DT-OPT,,packet_loss,0.0013024242539149415,0.001644063747768223,0.07264892641316731
10003,high,moderate,DT-OPT,,jitter_s,0.0005594067996176897,0.0006998375759661352,0.056514147472022144
10003,high,moderate,SemiGreedy,,load,0.03367164833740884,0.04223912363581276,0.04506490274225502
10003,high,moderate,Fog-only,,load,0.02874280136370322,0.03503887308388367,0.038741063255728916
10003,high,moderate,DRL-OO-2025,504,load,0.03367164833740884,0.04223912363581276,0.04506490274225502
10003,high,moderate,DRL-OO-2025,504,packet_loss,0.0010327830730192521,0.0013171859425993224,0.05759934985139223
10003,high,moderate,DRL-OO-2025,504,jitter_s,0.00046153545241609347,0.0005869820541863673,0.046452685409944135
10004,high,moderate,DT-KF-CostAware,,load,0.027895617017586773,0.03407175317098526,0.037316114451096914
10004,high,moderate,DT-KF-CostAware,,packet_loss,0.0011645278755458741,0.0014994595925081693,0.06442166355663323
10004,high,moderate,DT-KF-CostAware,,jitter_s,0.00046458650423705506,0.0005912261036837934,0.05014745811164822
10004,high,moderate,DT-OPT,,load,0.027763007289474572,0.03351313610140307,0.036960845265323464
10004,high,moderate,DT-OPT,,packet_loss,0.0012772343226270316,0.0016298406517415924,0.07065924497097417
10004,high,moderate,DT-OPT,,jitter_s,0.0005064188051102986,0.0006393177413704548,0.05450758833573793
10004,high,moderate,SemiGreedy,,load,0.03506208673847411,0.04185267540980336,0.04671928142626686
10004,high,moderate,Fog-only,,load,0.027021223886502774,0.03285665905119957,0.035798931605897026
10004,high,moderate,DRL-OO-2025,505,load,0.03506208673847411,0.04185267540980336,0.04671928142626686
10004,high,moderate,DRL-OO-2025,505,packet_loss,0.0010868817036987384,0.001371091786942734,0.05986756772897886
10004,high,moderate,DRL-OO-2025,505,jitter_s,0.0004473387227307256,0.0005591791712545608,0.048134682751859975
10005,high,moderate,DT-KF-CostAware,,load,0.02941845651941458,0.03711403532241431,0.038563110973811154
10005,high,moderate,DT-KF-CostAware,,packet_loss,0.0012007612316675754,0.0015327927706348882,0.06438935415780037
10005,high,moderate,DT-KF-CostAware,,jitter_s,0.0004962179225123901,0.0006292281673808785,0.050378091847531996
10005,high,moderate,DT-OPT,,load,0.02923763252054456,0.03809981359670444,0.03832115684783061
10005,high,moderate,DT-OPT,,packet_loss,0.0013442764668471234,0.001720898184993465,0.0720580488799635
10005,high,moderate,DT-OPT,,jitter_s,0.0005496727496692018,0.0007019288189705268,0.05585296988767396
10005,high,moderate,SemiGreedy,,load,0.03618260373668249,0.04688125582479516,0.047782596252198876
10005,high,moderate,Fog-only,,load,0.030385158714227818,0.041039938801578746,0.03964424300938078
10005,high,moderate,DRL-OO-2025,501,load,0.03618260373668249,0.04688125582479516,0.047782596252198876
10005,high,moderate,DRL-OO-2025,501,packet_loss,0.001186620622503234,0.0014992588260400795,0.06339227855972748
10005,high,moderate,DRL-OO-2025,501,jitter_s,0.0005029322259451464,0.0006335493495116726,0.05099708061802734
10006,high,moderate,DT-KF-CostAware,,load,0.029457303489210464,0.03602894688408404,0.039734011539895434
10006,high,moderate,DT-KF-CostAware,,packet_loss,0.0010809925014825692,0.0013688045303624516,0.06310117781340717
10006,high,moderate,DT-KF-CostAware,,jitter_s,0.0004609436341479818,0.0005804220171839902,0.049298781071846015
10006,high,moderate,DT-OPT,,load,0.028027224310772376,0.03532999416513435,0.037998815465346954
10006,high,moderate,DT-OPT,,packet_loss,0.0012443432009954945,0.001587577656538249,0.07238944809188783
10006,high,moderate,DT-OPT,,jitter_s,0.0005262718723761715,0.0006680420644340465,0.05611776249849988
10006,high,moderate,SemiGreedy,,load,0.039140764209502285,0.048006179211472114,0.0525091540083001
10006,high,moderate,Fog-only,,load,0.053584119742105356,0.06473504946313786,0.07459767515964814
10006,high,moderate,DRL-OO-2025,502,load,0.039140764209502285,0.048006179211472114,0.0525091540083001
10006,high,moderate,DRL-OO-2025,502,packet_loss,0.0010392770332014543,0.0012994226844419438,0.060772246843144855
10006,high,moderate,DRL-OO-2025,502,jitter_s,0.0004588789491912595,0.0005712528606942111,0.04902623577604289
10007,high,moderate,DT-KF-CostAware,,load,0.028546336817969,0.03436209807848007,0.03800375563030112
10007,high,moderate,DT-KF-CostAware,,packet_loss,0.0010124401760966172,0.001316496979891059,0.061217110226221644
10007,high,moderate,DT-KF-CostAware,,jitter_s,0.00047134437530892994,0.0006108974583638811,0.04791489090868968
10007,high,moderate,DT-OPT,,load,0.028575986781271934,0.03367312047961054,0.03808392483730538
10007,high,moderate,DT-OPT,,packet_loss,0.0011578498476439215,0.0015617926612645685,0.07042522036923446
10007,high,moderate,DT-OPT,,jitter_s,0.0005343354707911818,0.0007208956399965392,0.05424248821524626
10007,high,moderate,SemiGreedy,,load,0.03387395937038703,0.04309562516783304,0.04502910621336805
10007,high,moderate,Fog-only,,load,0.02742331851524584,0.033758403043858555,0.036000839846540296
10007,high,moderate,DRL-OO-2025,503,load,0.03387395937038703,0.04309562516783304,0.04502910621336805
10007,high,moderate,DRL-OO-2025,503,packet_loss,0.0009994609393729522,0.0012932601187797064,0.05995271972107958
10007,high,moderate,DRL-OO-2025,503,jitter_s,0.0004737492542978637,0.0006143998498212437,0.048051614865991764
10008,high,moderate,DT-KF-CostAware,,load,0.025628545610260425,0.03216527611251327,0.03415332559789039
10008,high,moderate,DT-KF-CostAware,,packet_loss,0.0010896791305633432,0.0013809007363303073,0.061612592623120424
10008,high,moderate,DT-KF-CostAware,,jitter_s,0.00046701890590800555,0.0005898591914086811,0.04803148490551115
10008,high,moderate,DT-OPT,,load,0.026284985343693494,0.03213821960687582,0.035084947489384004
10008,high,moderate,DT-OPT,,packet_loss,0.0012640421626863936,0.0016374742192969364,0.07132994777538892
10008,high,moderate,DT-OPT,,jitter_s,0.0005344504968805914,0.0006816978383032555,0.05517109924916966
10008,high,moderate,SemiGreedy,,load,0.03010392694817124,0.03734203040640909,0.040184211962422826
10008,high,moderate,Fog-only,,load,0.02698552764345134,0.03204784785347854,0.03566414831331877
10008,high,moderate,DRL-OO-2025,504,load,0.03010392694817124,0.03734203040640909,0.040184211962422826
10008,high,moderate,DRL-OO-2025,504,packet_loss,0.0010517459624783878,0.0013365100339140115,0.05933460886149261
10008,high,moderate,DRL-OO-2025,504,jitter_s,0.00045821140823964097,0.0005800858646980411,0.0471515271983559
10009,high,moderate,DT-KF-CostAware,,load,0.030501445049428783,0.03783665999857243,0.04090743952540749
10009,high,moderate,DT-KF-CostAware,,packet_loss,0.0011325591834555572,0.001442191247946298,0.06350730619649587
10009,high,moderate,DT-KF-CostAware,,jitter_s,0.00048520561966723257,0.0006040218506931826,0.05023183639848156
10009,high,moderate,DT-OPT,,load,0.028950048648087725,0.036628488243787664,0.03888560323401215
10009,high,moderate,DT-OPT,,packet_loss,0.0012603191274399717,0.0016109034971111265,0.07054030537435661
10009,high,moderate,DT-OPT,,jitter_s,0.0005334389040462345,0.000666492826346053,0.05527740698745838
10009,high,moderate,SemiGreedy,,load,0.034701575968159426,0.04517391900176023,0.04649674432907991
10009,high,moderate,Fog-only,,load,0.0299976955284885,0.037675859997962455,0.039961155990617905
10009,high,moderate,DRL-OO-2025,505,load,0.034701575968159426,0.04517391900176023,0.04649674432907991
10009,high,moderate,DRL-OO-2025,505,packet_loss,0.0010510338071113888,0.0013356086140939927,0.05903771974545348
10009,high,moderate,DRL-OO-2025,505,jitter_s,0.00045642733072625533,0.0005707204418527282,0.04733414594097868
10010,high,moderate,DT-KF-CostAware,,load,0.029806835360851373,0.03656506826030138,0.04000661432987611
10010,high,moderate,DT-KF-CostAware,,packet_loss,0.001141795842038787,0.0014610578226967447,0.06347103549353134
10010,high,moderate,DT-KF-CostAware,,jitter_s,0.0005146987683456875,0.0006570983959472134,0.049599087359361825
10010,high,moderate,DT-OPT,,load,0.02940027327139913,0.03571615782025371,0.039421002171044196
10010,high,moderate,DT-OPT,,packet_loss,0.0013334060142422444,0.0017324321205828205,0.07390057412758215
10010,high,moderate,DT-OPT,,jitter_s,0.0005978489228004132,0.0007828023165748293,0.05706324098839824
10010,high,moderate,SemiGreedy,,load,0.035845162104591745,0.04359428878371299,0.04805359068075992
10010,high,moderate,Fog-only,,load,0.037625261330018554,0.046317877901613416,0.04912077347467709
10010,high,moderate,DRL-OO-2025,501,load,0.035845162104591745,0.04359428878371299,0.04805359068075992
10010,high,moderate,DRL-OO-2025,501,packet_loss,0.0010691566434088068,0.0013800478936275774,0.05909773464455893
10010,high,moderate,DRL-OO-2025,501,jitter_s,0.0004915788185647226,0.000632994945824941,0.04726440803541261
10011,high,moderate,DT-KF-CostAware,,load,0.025944892694043424,0.03271659330900845,0.03454276501575197
10011,high,moderate,DT-KF-CostAware,,packet_loss,0.0010869002817284618,0.0013784963663105996,0.06250659627355339
10011,high,moderate,DT-KF-CostAware,,jitter_s,0.0004897302032470522,0.0006268631794422975,0.04858974101302608
10011,high,moderate,DT-OPT,,load,0.026123201516106594,0.03379420284991454,0.03462708030908509
10011,high,moderate,DT-OPT,,packet_loss,0.0012687343804664965,0.0016264764082708184,0.0733164866279579
10011,high,moderate,DT-OPT,,jitter_s,0.0005742218820410951,0.0007531362971958649,0.05678032341848611
10011,high,moderate,SemiGreedy,,load,0.03253245678766687,0.041680327060811866,0.0433429833459168
10011,high,moderate,Fog-only,,load,0.03417966681012948,0.04150590994436242,0.04447805266787065
10011,high,moderate,DRL-OO-2025,502,load,0.03253245678766687,0.041680327060811866,0.0433429833459168
10011,high,moderate,DRL-OO-2025,502,packet_loss,0.001052238307457218,0.001319810308490933,0.060459131195889394
10011,high,moderate,DRL-OO-2025,502,jitter_s,0.00048596152667146466,0.0006121299695736233,0.04836922002926433
10012,high,moderate,DT-KF-CostAware,,load,0.028402040984963014,0.03570481356292114,0.0381141675381716
10012,high,moderate,DT-KF-CostAware,,packet_loss,0.0011564501069825574,0.0014654669217157058,0.06356415794897097
10012,high,moderate,DT-KF-CostAware,,jitter_s,0.0004927311698968903,0.0006252645342830923,0.049701415789796775
10012,high,moderate,DT-OPT,,load,0.02874209469756413,0.036048237134766244,0.038587138473290185
10012,high,moderate,DT-OPT,,packet_loss,0.001298312358125253,0.0016299795276990376,0.07172052420795554
10012,high,moderate,DT-OPT,,jitter_s,0.0005514570556708379,0.0006952267437246306,0.05566626963909512
10012,high,moderate,SemiGreedy,,load,0.032991615889621406,0.04050757166039784,0.04436562603247712
10012,high,moderate,Fog-only,,load,0.032730578387582684,0.0416087543459575,0.04298344868820643
10012,high,moderate,DRL-OO-2025,503,load,0.032991615889621406,0.04050757166039784,0.04436562603247712
10012,high,moderate,DRL-OO-2025,503,packet_loss,0.0010400041118581956,0.0013332703904196006,0.05711643065023435
10012,high,moderate,DRL-OO-2025,503,jitter_s,0.000453477448485918,0.0005837078388108099,0.045583623566733955
10013,high,moderate,DT-KF-CostAware,,load,0.02793053937286768,0.036385840843757546,0.03720664782044233
10013,high,moderate,DT-KF-CostAware,,packet_loss,0.0011696459392751268,0.0015210717737003502,0.0647936646516571
10013,high,moderate,DT-KF-CostAware,,jitter_s,0.0005195599694469484,0.000672131967279333,0.050761691353283865
10013,high,moderate,DT-OPT,,load,0.027907811807598805,0.036260129939246974,0.03718208310004472
10013,high,moderate,DT-OPT,,packet_loss,0.0014230982430883375,0.0019032603606489627,0.07906494173014349
10013,high,moderate,DT-OPT,,jitter_s,0.0006235471437348518,0.0008318540573856397,0.06080889452536686
10013,high,moderate,SemiGreedy,,load,0.03703072052929886,0.04663353729606093,0.04943085509597072
10013,high,moderate,Fog-only,,load,0.030046042074067452,0.03835785810013261,0.04036303713762785
10013,high,moderate,DRL-OO-2025,504,load,0.03703072052929886,0.04663353729606093,0.04943085509597072
10013,high,moderate,DRL-OO-2025,504,packet_loss,0.001085968247615131,0.0014250811411630657,0.06040107645164746
10013,high,moderate,DRL-OO-2025,504,jitter_s,0.000500082393749944,0.000651885162607172,0.048993905350135564
10014,high,moderate,DT-KF-CostAware,,load,0.03229092169748411,0.04042624519410206,0.04312177141717092
10014,high,moderate,DT-KF-CostAware,,packet_loss,0.0012005058317153124,0.00149571397036325,0.0670757779227421
10014,high,moderate,DT-KF-CostAware,,jitter_s,0.0005449136072615757,0.000675727724736405,0.052757846272385334
10014,high,moderate,DT-OPT,,load,0.03360038501406218,0.04270659683309182,0.04504459686728327
10014,high,moderate,DT-OPT,,packet_loss,0.0013844072406000508,0.0017495311787436795,0.0774123263671275
10014,high,moderate,DT-OPT,,jitter_s,0.0006230835730494682,0.0007792249200047702,0.06029116545179648
10014,high,moderate,SemiGreedy,,load,0.038312963673325914,0.04643655953896483,0.05103219118046619
10014,high,moderate,Fog-only,,load,0.03406075598054315,0.0424275560271101,0.044952743768517586
10014,high,moderate,DRL-OO-2025,505,load,0.038312963673325914,0.04643655953896483,0.05103219118046619
10014,high,moderate,DRL-OO-2025,505,packet_loss,0.001099538825059851,0.001392869981144587,0.061257524858968994
10014,high,moderate,DRL-OO-2025,505,jitter_s,0.0005136332632807864,0.0006472833502625144,0.04946389289355884
10015,high,moderate,DT-KF-CostAware,,load,0.030042408603655795,0.03844218642535869,0.040267711505548656
10015,high,moderate,DT-KF-CostAware,,packet_loss,0.0012789441584249797,0.001615615811470541,0.06583813217691797
10015,high,moderate,DT-KF-CostAware,,jitter_s,0.0005245327814063266,0.0006622246498267461,0.05144102640853174
10015,high,moderate,DT-OPT,,load,0.031968189545723315,0.04082424300464749,0.042290261442418986
10015,high,moderate,DT-OPT,,packet_loss,0.0014862900086153813,0.0018666097819061659,0.0765597953674844
10015,high,moderate,DT-OPT,,jitter_s,0.0006090964820083998,0.0007665796437043256,0.059477180688598155
10015,high,moderate,SemiGreedy,,load,0.037382457718048934,0.046956429460035906,0.05035295905015298
10015,high,moderate,Fog-only,,load,0.03627990832634439,0.04928731032863236,0.0475012546990189
10015,high,moderate,DRL-OO-2025,501,load,0.037382457718048934,0.046956429460035906,0.05035295905015298
10015,high,moderate,DRL-OO-2025,501,packet_loss,0.0012173876180899103,0.0015496940173753224,0.06230659816172676
10015,high,moderate,DRL-OO-2025,501,jitter_s,0.0005126118103090374,0.0006479610633295109,0.05022938155296922
10016,high,moderate,DT-KF-CostAware,,load,0.027643571698936758,0.03488206940243907,0.036957900117940375
10016,high,moderate,DT-KF-CostAware,,packet_loss,0.0011139599530143036,0.00141149129934823,0.062028623234645947
10016,high,moderate,DT-KF-CostAware,,jitter_s,0.0004615433419096088,0.0005793786117279774,0.048119027381516084
10016,high,moderate,DT-OPT,,load,0.027042018787050124,0.033700165428428,0.03617632939290294
10016,high,moderate,DT-OPT,,packet_loss,0.0012331322472537373,0.0015587157931906213,0.06879871853853266
10016,high,moderate,DT-OPT,,jitter_s,0.0005036476459084451,0.0006292738708259265,0.05276196279025386
10016,high,moderate,SemiGreedy,,load,0.033177815337382364,0.044001380410780846,0.04435466713050743
10016,high,moderate,Fog-only,,load,0.02914173536931988,0.03565836078315283,0.03832441416422154
10016,high,moderate,DRL-OO-2025,502,load,0.033177815337382364,0.044001380410780846,0.04435466713050743
10016,high,moderate,DRL-OO-2025,502,packet_loss,0.0010632610552968908,0.0013566478375293637,0.058791275872774294
10016,high,moderate,DRL-OO-2025,502,jitter_s,0.0004532190817238831,0.0005726840453765764,0.04710185494556928
10017,high,moderate,DT-KF-CostAware,,load,0.032006987515945794,0.038628356092181355,0.042794403260923264
10017,high,moderate,DT-KF-CostAware,,packet_loss,0.001089620401865503,0.0013818552136241956,0.060600344678615525
10017,high,moderate,DT-KF-CostAware,,jitter_s,0.00048295847984433144,0.0006083383897938279,0.04755498289435726
10017,high,moderate,DT-OPT,,load,0.03177223513171359,0.03942505254088802,0.04232027756682794
10017,high,moderate,DT-OPT,,packet_loss,0.0012326453954873689,0.0015641314567995286,0.06856258497859005
10017,high,moderate,DT-OPT,,jitter_s,0.0005401296136222602,0.0006774655209694377,0.053331189355588914
10017,high,moderate,SemiGreedy,,load,0.03649597056743787,0.04400835676392129,0.04902725446046784
10017,high,moderate,Fog-only,,load,0.03851228201906755,0.0487744036303804,0.049990595217406196
10017,high,moderate,DRL-OO-2025,503,load,0.03649597056743787,0.04400835676392129,0.04902725446046784
10017,high,moderate,DRL-OO-2025,503,packet_loss,0.0010712170560729791,0.0013547294860184987,0.05949058154763477
10017,high,moderate,DRL-OO-2025,503,jitter_s,0.00048815120689406593,0.0006126512028662579,0.04790341262302914
10018,high,moderate,DT-KF-CostAware,,load,0.03155472313987107,0.038178243530165516,0.04235262674431622
10018,high,moderate,DT-KF-CostAware,,packet_loss,0.001170222368704668,0.0014713035344588812,0.06381250723920441
10018,high,moderate,DT-KF-CostAware,,jitter_s,0.000530879436046331,0.0006765940498177518,0.05009532557531101
10018,high,moderate,DT-OPT,,load,0.030422163207235526,0.0375223244401933,0.04088139770707306
10018,high,moderate,DT-OPT,,packet_loss,0.0013175087116759534,0.0016714897017047013,0.07198545894726323
10018,high,moderate,DT-OPT,,jitter_s,0.0005881460114118963,0.0007558789516439585,0.05572364695633502
10018,high,moderate,SemiGreedy,,load,0.040070708178282184,0.04931344957143773,0.0537957202960954
10018,high,moderate,Fog-only,,load,0.02914150495658144,0.036969663925378024,0.0390282167007402
10018,high,moderate,DRL-OO-2025,504,load,0.040070708178282184,0.04931344957143773,0.0537957202960954
10018,high,moderate,DRL-OO-2025,504,packet_loss,0.0011410338360811178,0.0014497950004073875,0.06210059446088809
10018,high,moderate,DRL-OO-2025,504,jitter_s,0.0005343264896188035,0.0006830618255791035,0.05048711476431179
10019,high,moderate,DT-KF-CostAware,,load,0.02853758272600702,0.03481389036616742,0.038142272854556854
10019,high,moderate,DT-KF-CostAware,,packet_loss,0.0011737518953731708,0.0014728954905778432,0.06381381800053873
10019,high,moderate,DT-KF-CostAware,,jitter_s,0.0005162378750493052,0.0006483977046303348,0.04963873205824101
10019,high,moderate,DT-OPT,,load,0.029200444233362634,0.03555917930162902,0.03876821035087145
10019,high,moderate,DT-OPT,,packet_loss,0.0013276751938186475,0.0016600028210240804,0.07206587796631274
10019,high,moderate,DT-OPT,,jitter_s,0.0005787886451937164,0.0007250026780373221,0.05575709195251145
10019,high,moderate,SemiGreedy,,load,0.035615817101876314,0.04355187097068538,0.047809283970983336
10019,high,moderate,Fog-only,,load,0.049053309950282245,0.06221658785928497,0.06290744804505467
10019,high,moderate,DRL-OO-2025,505,load,0.035615817101876314,0.04355187097068538,0.047809283970983336
10019,high,moderate,DRL-OO-2025,505,packet_loss,0.0011354038833078105,0.0014269553122624155,0.0618643257265889
10019,high,moderate,DRL-OO-2025,505,jitter_s,0.0005143730946892629,0.0006449105174121068,0.04951316333417169
10020,high,moderate,DT-KF-CostAware,,load,0.030867968530611863,0.03787351772826244,0.041006328160426916
10020,high,moderate,DT-KF-CostAware,,packet_loss,0.0011917043469526797,0.0015006210267317496,0.0662489585316518
10020,high,moderate,DT-KF-CostAware,,jitter_s,0.0005190213119661608,0.0006509979105803194,0.051572065825316205
10020,high,moderate,DT-OPT,,load,0.03488339383537424,0.04233246261414112,0.04636053102046589
10020,high,moderate,DT-OPT,,packet_loss,0.0013877044459232153,0.0017310089292680495,0.07683754331026198
10020,high,moderate,DT-OPT,,jitter_s,0.0006024596086627853,0.0007440957584743218,0.05989777094091213
10020,high,moderate,SemiGreedy,,load,0.03765884959995407,0.044959338577697176,0.050381088665254606
10020,high,moderate,Fog-only,,load,0.04143377980762468,0.0517951577261116,0.05404944042384163
10020,high,moderate,DRL-OO-2025,501,load,0.03765884959995407,0.044959338577697176,0.050381088665254606
10020,high,moderate,DRL-OO-2025,501,packet_loss,0.0011181021754910288,0.0014133502384941897,0.06250486987205453
10020,high,moderate,DRL-OO-2025,501,jitter_s,0.0005022830126106193,0.000632082953601531,0.050024969492240175
10021,high,moderate,DT-KF-CostAware,,load,0.02822018137195644,0.03551165027761093,0.03805955113956764
10021,high,moderate,DT-KF-CostAware,,packet_loss,0.001155505235541588,0.001460016329548718,0.06522923750158728
10021,high,moderate,DT-KF-CostAware,,jitter_s,0.0005130688784198314,0.0006518464476094636,0.05055988088845348
10021,high,moderate,DT-OPT,,load,0.028970010517430884,0.03535834964545817,0.039002124563420594
10021,high,moderate,DT-OPT,,packet_loss,0.0013456933435884568,0.001711941397804089,0.07586559894929129
10021,high,moderate,DT-OPT,,jitter_s,0.0005939294525958903,0.0007555423868950283,0.05852009477795096
10021,high,moderate,SemiGreedy,,load,0.036047819917197424,0.04519288374235627,0.04843726858455426
10021,high,moderate,Fog-only,,load,0.035020571338224483,0.04140032358557414,0.04620575202120233
10021,high,moderate,DRL-OO-2025,502,load,0.036047819917197424,0.04519288374235627,0.04843726858455426
10021,high,moderate,DRL-OO-2025,502,packet_loss,0.001109631063426887,0.0014041117096144865,0.06236706752375537
10021,high,moderate,DRL-OO-2025,502,jitter_s,0.0005086735194869773,0.0006467440838266303,0.04991927539880174
10022,high,moderate,DT-KF-CostAware,,load,0.02681850582941062,0.034501493318826834,0.03631434901103588
10022,high,moderate,DT-KF-CostAware,,packet_loss,0.0011633418658901988,0.001497736528576674,0.06287569614611146
10022,high,moderate,DT-KF-CostAware,,jitter_s,0.0005102899814207929,0.0006501460027450864,0.04896577954525189
10022,high,moderate,DT-OPT,,load,0.025443432551359207,0.03331131526231196,0.03449756033022623
10022,high,moderate,DT-OPT,,packet_loss,0.0013215401565840458,0.0017211758698673005,0.07139611530688478
10022,high,moderate,DT-OPT,,jitter_s,0.0005736783367960766,0.0007354628612699408,0.05511748410838155
10022,high,moderate,SemiGreedy,,load,0.0344418011863683,0.043457849071677115,0.04671950811262807
10022,high,moderate,Fog-only,,load,0.026024197474167295,0.03394596353586496,0.035660703718688035
10022,high,moderate,DRL-OO-2025,503,load,0.0344418011863683,0.043457849071677115,0.04671950811262807
10022,high,moderate,DRL-OO-2025,503,packet_loss,0.0011292906036531475,0.0014388004538534857,0.06040461273554247
10022,high,moderate,DRL-OO-2025,503,jitter_s,0.0005067201427490897,0.0006424447625566487,0.048311926000263704
10023,high,moderate,DT-KF-CostAware,,load,0.028023289895030643,0.034252011960581294,0.03711756436738961
10023,high,moderate,DT-KF-CostAware,,packet_loss,0.001255106534313615,0.001672437592634055,0.06508854735007738
10023,high,moderate,DT-KF-CostAware,,jitter_s,0.000529231096890108,0.0006854339112525408,0.05068250654717663
10023,high,moderate,DT-OPT,,load,0.028016651812238638,0.03440837853285585,0.037272780107184836
10023,high,moderate,DT-OPT,,packet_loss,0.0015838730229077442,0.0023051491081810135,0.08181101375288986
10023,high,moderate,DT-OPT,,jitter_s,0.0006492675582563635,0.0009031254397636788,0.06246113404750323
10023,high,moderate,SemiGreedy,,load,0.03431868922744517,0.04180464573952249,0.0455099835357541
10023,high,moderate,Fog-only,,load,0.03498904544719599,0.04096029152022006,0.04744030159128833
10023,high,moderate,DRL-OO-2025,504,load,0.03431868922744517,0.04180464573952249,0.0455099835357541
10023,high,moderate,DRL-OO-2025,504,packet_loss,0.001177382282507375,0.0015842444508238497,0.06110692386676771
10023,high,moderate,DRL-OO-2025,504,jitter_s,0.0005100266178379495,0.0006692978763857638,0.0486438345435986
10024,high,moderate,DT-KF-CostAware,,load,0.03263744180240085,0.04045797630909717,0.04323170305695042
10024,high,moderate,DT-KF-CostAware,,packet_loss,0.0012002513689182395,0.0015424121171916136,0.06521083933978862
10024,high,moderate,DT-KF-CostAware,,jitter_s,0.0005537413926083858,0.0007095446681973113,0.05132899107395742
10024,high,moderate,DT-OPT,,load,0.03273084623699798,0.04087019505073118,0.043249248147846066
10024,high,moderate,DT-OPT,,packet_loss,0.0013841809782462378,0.0017971819711932076,0.07516925814387732
10024,high,moderate,DT-OPT,,jitter_s,0.0006351032052550101,0.0008197851184511443,0.05896153928697699
10024,high,moderate,SemiGreedy,,load,0.04369073413962877,0.052668971357379746,0.057787892835356666
10024,high,moderate,Fog-only,,load,0.03144603037259273,0.040940820473124626,0.0408769399350214
10024,high,moderate,DRL-OO-2025,505,load,0.04369073413962877,0.052668971357379746,0.057787892835356666
10024,high,moderate,DRL-OO-2025,505,packet_loss,0.0011676779842191432,0.0014823315078480387,0.06312925614191692
10024,high,moderate,DRL-OO-2025,505,jitter_s,0.0005573013837195055,0.0007020254682468852,0.051616607366842884
10025,high,moderate,DT-KF-CostAware,,load,0.029765568956001787,0.03648912668941644,0.03987045235062075
10025,high,moderate,DT-KF-CostAware,,packet_loss,0.0012363606438332956,0.0015524446147784023,0.06675516485038846
10025,high,moderate,DT-KF-CostAware,,jitter_s,0.0005358118490727552,0.0006711692208240642,0.05199943874328516
10025,high,moderate,DT-OPT,,load,0.031897735137508675,0.038881154856145385,0.04247966625429687
10025,high,moderate,DT-OPT,,packet_loss,0.0014333393032795849,0.0018248240198257503,0.07756690975462362
10025,high,moderate,DT-OPT,,jitter_s,0.0006072967538613461,0.0007674813387968629,0.05916171190606217
10025,high,moderate,SemiGreedy,,load,0.0384214504553266,0.04757069446357968,0.0513610867431733
10025,high,moderate,Fog-only,,load,0.04201013808583847,0.052505178609466005,0.05452118176059155
10025,high,moderate,DRL-OO-2025,501,load,0.0384214504553266,0.04757069446357968,0.0513610867431733
10025,high,moderate,DRL-OO-2025,501,packet_loss,0.0011122320267436612,0.0014043541003201157,0.05983342103087613
10025,high,moderate,DRL-OO-2025,501,jitter_s,0.0005044298916370314,0.000637033985395993,0.04848943261936768
10026,high,moderate,DT-KF-CostAware,,load,0.02842339638188789,0.03787285229751133,0.03772949878789036
10026,high,moderate,DT-KF-CostAware,,packet_loss,0.0012405097540177897,0.001575863050616316,0.06906224660309085
10026,high,moderate,DT-KF-CostAware,,jitter_s,0.0005521889426770874,0.0007074196075600942,0.05405922839011212
10026,high,moderate,DT-OPT,,load,0.027622744179577607,0.03660653660290978,0.03661413063445518
10026,high,moderate,DT-OPT,,packet_loss,0.0013918597956066208,0.0018033670006495264,0.0776510134474822
10026,high,moderate,DT-OPT,,jitter_s,0.0006168949892638028,0.000799956038636856,0.06032644797862415
10026,high,moderate,SemiGreedy,,load,0.03828222869081448,0.049459670750911205,0.05083015059367979
10026,high,moderate,Fog-only,,load,0.029066615415314547,0.037410438716540255,0.038024589628333764
10026,high,moderate,DRL-OO-2025,502,load,0.03828222869081448,0.049459670750911205,0.05083015059367979
10026,high,moderate,DRL-OO-2025,502,packet_loss,0.001152855168623023,0.0014810083929392565,0.06411000299075788
10026,high,moderate,DRL-OO-2025,502,jitter_s,0.000532780498452943,0.0006874326212155962,0.05210179169445727
10027,high,moderate,DT-KF-CostAware,,load,0.028789133344508687,0.03659757651422543,0.038590867670607584
10027,high,moderate,DT-KF-CostAware,,packet_loss,0.0011547931624872334,0.001455463587934419,0.06425189481612063
10027,high,moderate,DT-KF-CostAware,,jitter_s,0.0004947601577454231,0.0006222497124278687,0.050222622062656576
10027,high,moderate,DT-OPT,,load,0.029019490909733638,0.03685905103236066,0.03877348289091741
10027,high,moderate,DT-OPT,,packet_loss,0.0013066766704142678,0.0016441417212696376,0.0727006397247935
10027,high,moderate,DT-OPT,,jitter_s,0.0005538955323278886,0.0006923971563856308,0.05641107816870683
10027,high,moderate,SemiGreedy,,load,0.03398551994462528,0.04276427548537241,0.0456726680113742
10027,high,moderate,Fog-only,,load,0.02845312385504908,0.036978149560331124,0.03786181833046315
10027,high,moderate,DRL-OO-2025,503,load,0.03398551994462528,0.04276427548537241,0.0456726680113742
10027,high,moderate,DRL-OO-2025,503,packet_loss,0.0010812070190087462,0.0013619985068359193,0.059960816672001864
10027,high,moderate,DRL-OO-2025,503,jitter_s,0.000474464463938897,0.0005976421510622888,0.04797102824031914
10028,high,moderate,DT-KF-CostAware,,load,0.03065470796379585,0.03626982450091812,0.04083962187207405
10028,high,moderate,DT-KF-CostAware,,packet_loss,0.0011101907633403313,0.0013861262011169823,0.06392836824887238
10028,high,moderate,DT-KF-CostAware,,jitter_s,0.0005088750230662122,0.0006368927399667125,0.049869554020530525
10028,high,moderate,DT-OPT,,load,0.03034030589644181,0.03580742105455831,0.04054903847568477
10028,high,moderate,DT-OPT,,packet_loss,0.0012265552531816474,0.0015729998343652085,0.07130194062951917
10028,high,moderate,DT-OPT,,jitter_s,0.0005578981290056485,0.0007101323098914047,0.0551455769919329
10028,high,moderate,SemiGreedy,,load,0.04036120434777697,0.04913116493187915,0.05374347495959397
10028,high,moderate,Fog-only,,load,0.02960915951449481,0.03529353845486129,0.040012443318384404
10028,high,moderate,DRL-OO-2025,504,load,0.04036120434777697,0.04913116493187915,0.05374347495959397
10028,high,moderate,DRL-OO-2025,504,packet_loss,0.0010999966116584247,0.0014140426665364713,0.0628279472646752
10028,high,moderate,DRL-OO-2025,504,jitter_s,0.0005189384874648603,0.0006716070618652693,0.05062849499664395
10029,high,moderate,DT-KF-CostAware,,load,0.028562839391408756,0.03644437616173845,0.03820939931333822
10029,high,moderate,DT-KF-CostAware,,packet_loss,0.001180796901257071,0.0015198419422054023,0.06529007704363031
10029,high,moderate,DT-KF-CostAware,,jitter_s,0.0005038650051811593,0.000640034342752906,0.051139978408300195
10029,high,moderate,DT-OPT,,load,0.028675371172082766,0.036375963803552215,0.038459611047541996
10029,high,moderate,DT-OPT,,packet_loss,0.001373877761163486,0.001789928111540734,0.07599984905664622
10029,high,moderate,DT-OPT,,jitter_s,0.0005781761563214716,0.0007441816563085376,0.05876428650183233
10029,high,moderate,SemiGreedy,,load,0.03433166561122381,0.0426589911758851,0.04584876955722946
10029,high,moderate,Fog-only,,load,0.027466313842432182,0.03546062276040018,0.03670619006879424
10029,high,moderate,DRL-OO-2025,505,load,0.03433166561122381,0.0426589911758851,0.04584876955722946
10029,high,moderate,DRL-OO-2025,505,packet_loss,0.0010488359769507604,0.001353488128881707,0.058079656274826544
10029,high,moderate,DRL-OO-2025,505,jitter_s,0.00045895173647016705,0.0005861811038578832,0.04651944838972985
10000,low,impaired,DT-KF-CostAware,,load,0.02224230735760949,0.028309824243549424,0.09309292817598447
10000,low,impaired,DT-KF-CostAware,,packet_loss,0.0025472949787108986,0.0032654879867258096,0.06658322609541462
10000,low,impaired,DT-KF-CostAware,,jitter_s,0.001102234971494866,0.0014153667936822913,0.052811817102158445
10000,low,impaired,DT-OPT,,load,0.022296820185500665,0.02793481343823089,0.09389354454815416
10000,low,impaired,DT-OPT,,packet_loss,0.0029695835106815253,0.0038192341800482184,0.07810672895346234
10000,low,impaired,DT-OPT,,jitter_s,0.0012738718564269818,0.0016499464166992305,0.06088542138574717
10000,low,impaired,SemiGreedy,,load,0.0282389457499554,0.03510730519252083,0.1180672774445348
10000,low,impaired,Fog-only,,load,0.025924091316233463,0.03285796914389767,0.11378000605878877
10000,low,impaired,DRL-OO-2025,501,load,0.0282389457499554,0.03510730519252083,0.1180672774445348
10000,low,impaired,DRL-OO-2025,501,packet_loss,0.0024685797519801034,0.003196609033638857,0.06432107749205736
10000,low,impaired,DRL-OO-2025,501,jitter_s,0.0011020204218225615,0.0014249476898058615,0.05288592086927611
10001,low,impaired,DT-KF-CostAware,,load,0.018798667573456645,0.023841342706479876,0.07710328213695264
10001,low,impaired,DT-KF-CostAware,,packet_loss,0.0024438809959354516,0.0030588954422067984,0.06293326472300004
10001,low,impaired,DT-KF-CostAware,,jitter_s,0.0009319752864953781,0.001166014331067977,0.04935009594542993
10001,low,impaired,DT-OPT,,load,0.01892474449016529,0.024155155641630562,0.0771567131747689
10001,low,impaired,DT-OPT,,packet_loss,0.002826240203307876,0.003541319130935083,0.07317712629914094
10001,low,impaired,DT-OPT,,jitter_s,0.0010702816187433768,0.0013427870038663931,0.05677802404510969
10001,low,impaired,SemiGreedy,,load,0.022678168714450726,0.02830438448970675,0.09331962435948056
10001,low,impaired,Fog-only,,load,0.023404899975485456,0.02908396120977951,0.09189672493765448
10001,low,impaired,DRL-OO-2025,502,load,0.022678168714450726,0.02830438448970675,0.09331962435948056
10001,low,impaired,DRL-OO-2025,502,packet_loss,0.00229483084651625,0.0029073250511101687,0.058980334269593676
10001,low,impaired,DRL-OO-2025,502,jitter_s,0.0009027797622434122,0.0011335758655579798,0.04779070515846518
10002,low,impaired,DT-KF-CostAware,,load,0.01824195729606978,0.023906033369335035,0.07467247024018166
10002,low,impaired,DT-KF-CostAware,,packet_loss,0.0023543489557077864,0.0030487673646990817,0.06207337335928741
10002,low,impaired,DT-KF-CostAware,,jitter_s,0.0009993405502423875,0.0012935053725279036,0.0486753725329789
10002,low,impaired,DT-OPT,,load,0.018303645006945733,0.023638022480074707,0.07482497471264472
10002,low,impaired,DT-OPT,,packet_loss,0.002718111956446712,0.0037438822344490275,0.07138179316417154
10002,low,impaired,DT-OPT,,jitter_s,0.0011396043167865705,0.0015622035703777954,0.054963722425588814
10002,low,impaired,SemiGreedy,,load,0.023904770228513023,0.029769785702789025,0.09817118491387884
10002,low,impaired,Fog-only,,load,0.023405291663149856,0.028959090649841875,0.09124992960917323
10002,low,impaired,DRL-OO-2025,503,load,0.023904770228513023,0.029769785702789025,0.09817118491387884
10002,low,impaired,DRL-OO-2025,503,packet_loss,0.0022821473416703374,0.0029314161643607165,0.06034772432883918
10002,low,impaired,DRL-OO-2025,503,jitter_s,0.0010012215382244904,0.00128710397470197,0.04893781723947175
10003,low,impaired,DT-KF-CostAware,,load,0.02005200538093279,0.024649030931785283,0.08162166901089314
10003,low,impaired,DT-KF-CostAware,,packet_loss,0.002454258730461697,0.003096660829838434,0.0650145215193056
10003,low,impaired,DT-KF-CostAware,,jitter_s,0.0010051378975680795,0.0012650874766226361,0.05128996714513799
10003,low,impaired,DT-OPT,,load,0.019759801879449007,0.024554527618693145,0.08041849423955531
10003,low,impaired,DT-OPT,,packet_loss,0.0027794537606871134,0.003508871373217275,0.07354860540978587
10003,low,impaired,DT-OPT,,jitter_s,0.0011275100006694883,0.0014109599007418206,0.05759935966926756
10003,low,impaired,SemiGreedy,,load,0.02397671786407459,0.030076663534015058,0.09741353140876133
10003,low,impaired,Fog-only,,load,0.020220260274679176,0.024718099824917343,0.083641964878261
10003,low,impaired,DRL-OO-2025,504,load,0.02397671786407459,0.030076663534015058,0.09741353140876133
10003,low,impaired,DRL-OO-2025,504,packet_loss,0.0022373167082431517,0.0028473925847619344,0.05918442442335093
10003,low,impaired,DRL-OO-2025,504,jitter_s,0.0009493380480889627,0.0012061040616363357,0.04832643016882614
10004,low,impaired,DT-KF-CostAware,,load,0.01988351561303135,0.02428472695953017,0.08071049874177261
10004,low,impaired,DT-KF-CostAware,,packet_loss,0.0024918192835604487,0.003208504517938317,0.06534126357488436
10004,low,impaired,DT-KF-CostAware,,jitter_s,0.0009403070307406596,0.0011952501765883274,0.05135243913275926
10004,low,impaired,DT-OPT,,load,0.019769115839608366,0.02385591150788255,0.07943397502814113
10004,low,impaired,DT-OPT,,packet_loss,0.0027246205893568676,0.0034762547611032722,0.07144269354758358
10004,low,impaired,DT-OPT,,jitter_s,0.0010201615016899447,0.0012867676633981475,0.05554261661754095
10004,low,impaired,SemiGreedy,,load,0.025008135644384016,0.029876779017995684,0.10044863066687355
10004,low,impaired,Fog-only,,load,0.019245813386099313,0.023365463646473184,0.07660219894589833
10004,low,impaired,DRL-OO-2025,505,load,0.025008135644384016,0.029876779017995684,0.10044863066687355
10004,low,impaired,DRL-OO-2025,505,packet_loss,0.0023529717191236124,0.0029651225701274125,0.06144646121712013
10004,low,impaired,DRL-OO-2025,505,jitter_s,0.0009194158683950147,0.0011479569898144655,0.05003567545858661
10005,low,impaired,DT-KF-CostAware,,load,0.020975030093355624,0.02641755490003959,0.08194714206396567
10005,low,impaired,DT-KF-CostAware,,packet_loss,0.0025733212104673956,0.003287394708312829,0.06538872960621349
10005,low,impaired,DT-KF-CostAware,,jitter_s,0.0010056391898412504,0.0012765802246867226,0.05159660130748144
10005,low,impaired,DT-OPT,,load,0.020806846874690747,0.027037212171518856,0.08138335060416495
10005,low,impaired,DT-OPT,,packet_loss,0.0028669440091198717,0.003678865747617236,0.07283234958601166
10005,low,impaired,DT-OPT,,jitter_s,0.0011075316705160937,0.0014172667583964356,0.056876485723567606
10005,low,impaired,SemiGreedy,,load,0.02580482923824085,0.033463606705194715,0.10212830663935711
10005,low,impaired,Fog-only,,load,0.0214050453157108,0.02887020961022756,0.0832089753888732
10005,low,impaired,DRL-OO-2025,501,load,0.02580482923824085,0.033463606705194715,0.10212830663935711
10005,low,impaired,DRL-OO-2025,501,packet_loss,0.0025710083353125096,0.003252424642022041,0.06508325041387554
10005,low,impaired,DRL-OO-2025,501,jitter_s,0.001034359395295404,0.0013053004320019899,0.05302566259294152
10006,low,impaired,DT-KF-CostAware,,load,0.02099773409173775,0.02565860475681267,0.08712609846460984
10006,low,impaired,DT-KF-CostAware,,packet_loss,0.002311307743873084,0.002928109697290585,0.06402346606952478
10006,low,impaired,DT-KF-CostAware,,jitter_s,0.0009339435817977507,0.0011745876953882324,0.050553046105802454
10006,low,impaired,DT-OPT,,load,0.019917258939253328,0.0250854743261811,0.0835793778380981
10006,low,impaired,DT-OPT,,packet_loss,0.0026493454507765892,0.0033796637484218984,0.07312295954823168
10006,low,impaired,DT-OPT,,jitter_s,0.0010576943510133524,0.0013415764755357,0.0570835871244263
10006,low,impaired,SemiGreedy,,load,0.02788798704326239,0.03422617829660207,0.11413046884953212
10006,low,impaired,Fog-only,,load,0.03684419622298452,0.04459017416608448,0.16305096430921998
10006,low,impaired,DRL-OO-2025,502,load,0.02788798704326239,0.03422617829660207,0.11413046884953212
10006,low,impaired,DRL-OO-2025,502,packet_loss,0.00224937672943986,0.002813113307002776,0.062412842557187126
10006,low,impaired,DRL-OO-2025,502,jitter_s,0.0009456232416854494,0.0011764156627742548,0.05112378526498474
10007,low,impaired,DT-KF-CostAware,,load,0.020248592330028254,0.024379509450740314,0.08129558280272085
10007,low,impaired,DT-KF-CostAware,,packet_loss,0.0021668719176028074,0.0028151539247765573,0.06215273481588029
10007,low,impaired,DT-KF-CostAware,,jitter_s,0.0009556725086255745,0.0012357267824407837,0.04914826832828524
10007,low,impaired,DT-OPT,,load,0.020187135294986325,0.023844953672639717,0.08125042488031088
10007,low,impaired,DT-OPT,,packet_loss,0.002466794516450142,0.0033259946248460144,0.07117772107031695
10007,low,impaired,DT-OPT,,jitter_s,0.001077136361263929,0.0014486347567807098,0.0553243341511024
10007,low,impaired,SemiGreedy,,load,0.024102311758301114,0.030683609777029684,0.0963616314488194
10007,low,impaired,Fog-only,,load,0.0193340733366936,0.023737898571025463,0.07555608216158924
10007,low,impaired,DRL-OO-2025,503,load,0.024102311758301114,0.030683609777029684,0.0963616314488194
10007,low,impaired,DRL-OO-2025,503,packet_loss,0.002157738541450536,0.0027934604934358436,0.06139264593284839
10007,low,impaired,DRL-OO-2025,503,jitter_s,0.0009714696136031832,0.0012603651312576263,0.04983187674217451
10008,low,impaired,DT-KF-CostAware,,load,0.018209999509881857,0.022844199802716278,0.07328453218024651
10008,low,impaired,DT-KF-CostAware,,packet_loss,0.0023322595327149565,0.0029552481396389572,0.06250896917416551
10008,low,impaired,DT-KF-CostAware,,jitter_s,0.0009437475577283642,0.0011932431214999551,0.04906647054076793
10008,low,impaired,DT-OPT,,load,0.01866225877876446,0.022812731195454173,0.07537712232439486
10008,low,impaired,DT-OPT,,packet_loss,0.0026991446892406248,0.003495034876070212,0.07220453373170505
10008,low,impaired,DT-OPT,,jitter_s,0.0010760643526113646,0.0013731687211522596,0.056160927562092906
10008,low,impaired,SemiGreedy,,load,0.021431638374654338,0.02660855140906982,0.08644434148099196
10008,low,impaired,Fog-only,,load,0.01910946054516231,0.022704198126559508,0.07555546706858077
10008,low,impaired,DRL-OO-2025,504,load,0.021431638374654338,0.02660855140906982,0.08644434148099196
10008,low,impaired,DRL-OO-2025,504,packet_loss,0.0022657911294704236,0.0028786040482561394,0.06059317282743118
10008,low,impaired,DRL-OO-2025,504,jitter_s,0.0009362386852270536,0.001184007009623252,0.048720625318212085
10009,low,impaired,DT-KF-CostAware,,load,0.021678749888679398,0.026914044100902146,0.08877555700707876
10009,low,impaired,DT-KF-CostAware,,packet_loss,0.0024340279533285915,0.0030946074564552955,0.0647882728575812
10009,low,impaired,DT-KF-CostAware,,jitter_s,0.0009874800480986436,0.0012284465678559077,0.051734646068833094
10009,low,impaired,DT-OPT,,load,0.02054332669806594,0.025997952139517878,0.08447517210629948
10009,low,impaired,DT-OPT,,packet_loss,0.002697950122811628,0.00344525480957071,0.07167785549130005
10009,low,impaired,DT-OPT,,jitter_s,0.0010794650990502753,0.0013484896448784152,0.05660481918709283
10009,low,impaired,SemiGreedy,,load,0.02474148650553978,0.0322284628341133,0.10095643540802454
10009,low,impaired,Fog-only,,load,0.021161401039871932,0.026580797502525767,0.08567799713268305
10009,low,impaired,DRL-OO-2025,505,load,0.02474148650553978,0.0322284628341133,0.10095643540802454
10009,low,impaired,DRL-OO-2025,505,packet_loss,0.0022691174206811724,0.0028864671249529752,0.060511571648346446
10009,low,impaired,DRL-OO-2025,505,jitter_s,0.0009362330907103288,0.0011740312631038634,0.04911870368484344
10010,low,impaired,DT-KF-CostAware,,load,0.021100489894599266,0.02592583341088308,0.08649506826476203
10010,low,impaired,DT-KF-CostAware,,packet_loss,0.002443367612885205,0.003124671754873798,0.06437647885043124
10010,low,impaired,DT-KF-CostAware,,jitter_s,0.0010419686649381908,0.0013282183022573135,0.050792985640858004
10010,low,impaired,DT-OPT,,load,0.0207608646290141,0.025223195126326488,0.08509919752026303
10010,low,impaired,DT-OPT,,packet_loss,0.002839544137935766,0.003687837135919269,0.07458944360337687
10010,low,impaired,DT-OPT,,jitter_s,0.0012001276872937155,0.0015698304619164208,0.05792973426398781
10010,low,impaired,SemiGreedy,,load,0.025491733035919124,0.031011010149942703,0.10401973763187236
10010,low,impaired,Fog-only,,load,0.025995500767369506,0.031941666934032685,0.10079174873363028
10010,low,impaired,DRL-OO-2025,501,load,0.025491733035919124,0.031011010149942703,0.10401973763187236
10010,low,impaired,DRL-OO-2025,501,packet_loss,0.0023077129836289695,0.0029781848226354698,0.06049246070921504
10010,low,impaired,DRL-OO-2025,501,jitter_s,0.0010071568018976385,0.0012963505229233274,0.04898816984454134
10011,low,impaired,DT-KF-CostAware,,load,0.018424926473459224,0.023293447923953457,0.07403115152410882
10011,low,impaired,DT-KF-CostAware,,packet_loss,0.0023222944147480375,0.002946383259430703,0.0633177124902065
10011,low,impaired,DT-KF-CostAware,,jitter_s,0.0009889089525919475,0.0012659159793734147,0.04962675750216755
10011,low,impaired,DT-OPT,,load,0.018543106185547085,0.024003787640757425,0.07381494825508339
10011,low,impaired,DT-OPT,,packet_loss,0.0027009027517779245,0.003467210279543339,0.07399552178465231
10011,low,impaired,DT-OPT,,jitter_s,0.0011541455514178295,0.0015141707383455327,0.0577191267657954
10011,low,impaired,SemiGreedy,,load,0.02323433274895026,0.029750142279203414,0.09339739141205491
10011,low,impaired,Fog-only,,load,0.02412211407130569,0.029314138916334297,0.09221189713607303
10011,low,impaired,DRL-OO-2025,502,load,0.02323433274895026,0.029750142279203414,0.09339739141205491
10011,low,impaired,DRL-OO-2025,502,packet_loss,0.002272241090939869,0.0028507136819424044,0.0619028567262726
10011,low,impaired,DRL-OO-2025,502,jitter_s,0.0009966765079346815,0.0012547806094861294,0.050163249831268415
10012,low,impaired,DT-KF-CostAware,,load,0.020156284754977542,0.02537101692062323,0.08273028800895672
10012,low,impaired,DT-KF-CostAware,,packet_loss,0.0024765598911474906,0.003139876683858665,0.0645415577850048
10012,low,impaired,DT-KF-CostAware,,jitter_s,0.0009973068517168432,0.0012684326165241194,0.05086566264527914
10012,low,impaired,DT-OPT,,load,0.020406818023593377,0.02556128693433218,0.083943073530648
10012,low,impaired,DT-OPT,,packet_loss,0.002774149138923641,0.0034818034945004427,0.07266741360904928
10012,low,impaired,DT-OPT,,jitter_s,0.001111779959388867,0.0014035704361366752,0.05675434642851048
10012,low,impaired,SemiGreedy,,load,0.02351408708437459,0.028889554151915117,0.09662684889093177
10012,low,impaired,Fog-only,,load,0.023391796122633954,0.029620083583683697,0.09162658978431472
10012,low,impaired,DRL-OO-2025,503,load,0.02351408708437459,0.028889554151915117,0.09662684889093177
10012,low,impaired,DRL-OO-2025,503,packet_loss,0.0022431979024584124,0.002877543505454626,0.05841268881210212
10012,low,impaired,DRL-OO-2025,503,jitter_s,0.0009293726480610021,0.0011959137269964902,0.047257073885760816
10013,low,impaired,DT-KF-CostAware,,load,0.019864523609167267,0.02589423110786557,0.0802598318273577
10013,low,impaired,DT-KF-CostAware,,packet_loss,0.0025079491245341267,0.0032572208189706685,0.06587344613350904
10013,low,impaired,DT-KF-CostAware,,jitter_s,0.001052471129221066,0.0013606033034115246,0.05200809088316792
10013,low,impaired,DT-OPT,,load,0.019774798458960945,0.025730437745284232,0.07997678528620196
10013,low,impaired,DT-OPT,,packet_loss,0.0030360851107574206,0.00405407962684414,0.07996540164439725
10013,low,impaired,DT-OPT,,jitter_s,0.0012546305146395734,0.0016704525432331497,0.06188504752298746
10013,low,impaired,SemiGreedy,,load,0.026389858580706044,0.03326206708548256,0.10676090988883323
10013,low,impaired,Fog-only,,load,0.02113698080404087,0.027057980946514675,0.08694554345150109
10013,low,impaired,DRL-OO-2025,504,load,0.026389858580706044,0.03326206708548256,0.10676090988883323
10013,low,impaired,DRL-OO-2025,504,packet_loss,0.002358154668771699,0.003088115450470589,0.06217730295426606
10013,low,impaired,DRL-OO-2025,504,jitter_s,0.0010313533330670605,0.001341334327139233,0.05110779740305314
10014,low,impaired,DT-KF-CostAware,,load,0.02277672433187249,0.028395786067465713,0.09253687837076664
10014,low,impaired,DT-KF-CostAware,,packet_loss,0.0025724484875580267,0.0032061375981282426,0.06814298799638586
10014,low,impaired,DT-KF-CostAware,,jitter_s,0.0011042698099615056,0.0013700332017385494,0.05404648820710965
10014,low,impaired,DT-OPT,,load,0.023671306154531873,0.029944769232387747,0.0970863611358224
10014,low,impaired,DT-OPT,,packet_loss,0.0029564353806375994,0.0037418633858116988,0.07838488998744786
10014,low,impaired,DT-OPT,,jitter_s,0.0012571210309931138,0.001572935335891603,0.061512583458130606
10014,low,impaired,SemiGreedy,,load,0.027130499383915808,0.03282531013714475,0.1092859206903827
10014,low,impaired,Fog-only,,load,0.02384627280177882,0.029598809443071403,0.09468898782990723
10014,low,impaired,DRL-OO-2025,505,load,0.027130499383915808,0.03282531013714475,0.1092859206903827
10014,low,impaired,DRL-OO-2025,505,packet_loss,0.002378929709234039,0.0030123415828713037,0.06282511989286918
10014,low,impaired,DRL-OO-2025,505,jitter_s,0.0010543128790322335,0.0013284238114523305,0.05135448082762281
10015,low,impaired,DT-KF-CostAware,,load,0.02129939738383042,0.027193434148056524,0.08746006526599578
10015,low,impaired,DT-KF-CostAware,,packet_loss,0.0027348492715676014,0.003457712486749632,0.06678048725267106
10015,low,impaired,DT-KF-CostAware,,jitter_s,0.0010615685140179401,0.0013399528109890675,0.052696071364666044
10015,low,impaired,DT-OPT,,load,0.02252414758734064,0.02872912157430076,0.09020093030037597
10015,low,impaired,DT-OPT,,packet_loss,0.0031695929964487618,0.003982107008383282,0.07743090383803271
10015,low,impaired,DT-OPT,,jitter_s,0.0012260935676894208,0.0015436536995057709,0.06058504120832486
10015,low,impaired,SemiGreedy,,load,0.02658749036799683,0.03342867584377246,0.10995778413509759
10015,low,impaired,Fog-only,,load,0.025360813947403922,0.03418230886732991,0.10015182293381884
10015,low,impaired,DRL-OO-2025,501,load,0.02658749036799683,0.03342867584377246,0.10995778413509759
10015,low,impaired,DRL-OO-2025,501,packet_loss,0.0026333362383300697,0.003350534585421259,0.06394013555192864
10015,low,impaired,DRL-OO-2025,501,jitter_s,0.001053294104015754,0.0013303917391049307,0.05225687446501494
10016,low,impaired,DT-KF-CostAware,,load,0.01966006650472305,0.02483007199293231,0.07977006360030128
10016,low,impaired,DT-KF-CostAware,,packet_loss,0.0023794951205767093,0.003016505932218205,0.06283883645831066
10016,low,impaired,DT-KF-CostAware,,jitter_s,0.0009307930113443616,0.0011713857232095645,0.049086043793095016
10016,low,impaired,DT-OPT,,load,0.019179627167137565,0.023945755417893885,0.07794033146421515
10016,low,impaired,DT-OPT,,packet_loss,0.0026251043975384454,0.003319830713202192,0.06945298029288141
10016,low,impaired,DT-OPT,,jitter_s,0.0010113987714368638,0.001265738840979992,0.05359939644572162
10016,low,impaired,SemiGreedy,,load,0.023659115748027284,0.03139184377457048,0.09586875030149832
10016,low,impaired,Fog-only,,load,0.020578153820526003,0.025201540420831857,0.08060719919988858
10016,low,impaired,DRL-OO-2025,502,load,0.023659115748027284,0.03139184377457048,0.09586875030149832
10016,low,impaired,DRL-OO-2025,502,packet_loss,0.0022978960194171894,0.0029352522225778977,0.06026104588831621
10016,low,impaired,DRL-OO-2025,502,jitter_s,0.000929813051378107,0.0011776077051259552,0.04887498466578909
10017,low,impaired,DT-KF-CostAware,,load,0.022658208313648096,0.027320205981107775,0.0922612814360095
10017,low,impaired,DT-KF-CostAware,,packet_loss,0.0023333103062603295,0.00295856640834775,0.06157550899138178
10017,low,impaired,DT-KF-CostAware,,jitter_s,0.0009788416129793884,0.0012338583351884287,0.04877318385912249
10017,low,impaired,DT-OPT,,load,0.022420136684327685,0.027752897386949547,0.09072243952672522
10017,low,impaired,DT-OPT,,packet_loss,0.002631272478179348,0.0033334270125121093,0.0694496424918192
10017,low,impaired,DT-OPT,,jitter_s,0.001089675353686628,0.0013651258636746203,0.0544519878428141
10017,low,impaired,SemiGreedy,,load,0.02599596532742452,0.031339365484254714,0.10660681623491808
10017,low,impaired,Fog-only,,load,0.027157182359252328,0.03424118306656893,0.10386807994204306
10017,low,impaired,DRL-OO-2025,503,load,0.02599596532742452,0.031339365484254714,0.10660681623491808
10017,low,impaired,DRL-OO-2025,503,packet_loss,0.002319590569564074,0.002928066582864774,0.06113003032926875
10017,low,impaired,DRL-OO-2025,503,jitter_s,0.0010022520518815597,0.0012573305493615084,0.049802823556978765
10018,low,impaired,DT-KF-CostAware,,load,0.022450545456488863,0.02715278748094557,0.09210442923263533
10018,low,impaired,DT-KF-CostAware,,packet_loss,0.002508171657369731,0.0031521615581526588,0.0648639334980863
10018,low,impaired,DT-KF-CostAware,,jitter_s,0.0010776275456377336,0.0013716181305938446,0.05144588251867988
10018,low,impaired,DT-OPT,,load,0.02164010664384834,0.026655826243630384,0.08907670846228566
10018,low,impaired,DT-OPT,,packet_loss,0.0028094742935252863,0.0035656491237788996,0.0728004425181529
10018,low,impaired,DT-OPT,,jitter_s,0.0011851515425481318,0.0015232839454371733,0.05678500395202567
10018,low,impaired,SemiGreedy,,load,0.02858754371768151,0.035167347880970104,0.11705171139756941
10018,low,impaired,Fog-only,,load,0.020637725194040446,0.026183383993311552,0.08448934998360694
10018,low,impaired,DRL-OO-2025,504,load,0.02858754371768151,0.035167347880970104,0.11705171139756941
10018,low,impaired,DRL-OO-2025,504,packet_loss,0.0024795797665437993,0.0031482586448589567,0.06400667211336988
10018,low,impaired,DRL-OO-2025,504,jitter_s,0.0011033609642937174,0.0014101440073447165,0.05276740327537278
10019,low,impaired,DT-KF-CostAware,,load,0.020235868150597972,0.02468514845964325,0.08236234581545511
10019,low,impaired,DT-KF-CostAware,,packet_loss,0.002509057159090956,0.0031462066571051072,0.06465984290143316
10019,low,impaired,DT-KF-CostAware,,jitter_s,0.0010421574073635523,0.0013086634772041933,0.050683989521250195
10019,low,impaired,DT-OPT,,load,0.020609820856254735,0.025087599645394722,0.08285328337132943
10019,low,impaired,DT-OPT,,packet_loss,0.0028297558936473807,0.0035353757529993446,0.07279591973874984
10019,low,impaired,DT-OPT,,jitter_s,0.0011628960148953157,0.0014562746887157565,0.05665638929583618
10019,low,impaired,SemiGreedy,,load,0.025373738529293723,0.031046936607380678,0.10398671950107127
10019,low,impaired,Fog-only,,load,0.03408479101944857,0.04315530625406259,0.12716807986780188
10019,low,impaired,DRL-OO-2025,505,load,0.025373738529293723,0.031046936607380678,0.10398671950107127
10019,low,impaired,DRL-OO-2025,505,packet_loss,0.0024524607609115756,0.003081149456953639,0.06336994646977226
10019,low,impaired,DRL-OO-2025,505,jitter_s,0.0010552664917797328,0.0013216313705657803,0.051396134744999135
10020,low,impaired,DT-KF-CostAware,,load,0.021887279920347773,0.026865121722877135,0.08800917069681637
10020,low,impaired,DT-KF-CostAware,,packet_loss,0.002545231192775318,0.003209846836679975,0.06707467508350165
10020,low,impaired,DT-KF-CostAware,,jitter_s,0.0010486109919267323,0.0013171530623837893,0.052681146166476664
10020,low,impaired,DT-OPT,,load,0.024589149428932786,0.02985691114594568,0.09909825277907973
10020,low,impaired,DT-OPT,,packet_loss,0.0029644620770618007,0.003697456029452848,0.07780969793688886
10020,low,impaired,DT-OPT,,jitter_s,0.00121435681911507,0.0015020289661520465,0.06104976266143028
10020,low,impaired,SemiGreedy,,load,0.026847126790322133,0.032038231572514425,0.10931196123472543
10020,low,impaired,Fog-only,,load,0.028822389865570546,0.036065817569130305,0.11199085438097248
10020,low,impaired,DRL-OO-2025,501,load,0.026847126790322133,0.032038231572514425,0.10931196123472543
10020,low,impaired,DRL-OO-2025,501,packet_loss,0.0024162328830826326,0.003057396949826759,0.06402623739061848
10020,low,impaired,DRL-OO-2025,501,jitter_s,0.0010300254737698863,0.0012982392492755723,0.051861160663433305
10021,low,impaired,DT-KF-CostAware,,load,0.02003509736435369,0.0252056426919429,0.08294873392850315
10021,low,impaired,DT-KF-CostAware,,packet_loss,0.0024657901352937027,0.003120297485831273,0.06601734938142469
10021,low,impaired,DT-KF-CostAware,,jitter_s,0.0010341997774655797,0.001316902871114628,0.05156366838674808
10021,low,impaired,DT-OPT,,load,0.020519426139285233,0.025032119209229417,0.08469258967903891
10021,low,impaired,DT-OPT,,packet_loss,0.002862912897248783,0.003642622349693528,0.07655354113960024
10021,low,impaired,DT-OPT,,jitter_s,0.0011901812819701712,0.0015164573691759738,0.05932849059819987
10021,low,impaired,SemiGreedy,,load,0.025729536088251515,0.03225049866215938,0.1054126997674586
10021,low,impaired,Fog-only,,load,0.02438014959721845,0.028794880175080008,0.09649953086691714
10021,low,impaired,DRL-OO-2025,502,load,0.025729536088251515,0.03225049866215938,0.1054126997674586
10021,low,impaired,DRL-OO-2025,502,packet_loss,0.0023980644387721645,0.0030353626992992784,0.06393266946728779
10021,low,impaired,DRL-OO-2025,502,jitter_s,0.001045428014207989,0.0013281957372324705,0.051877466408851325
10022,low,impaired,DT-KF-CostAware,,load,0.019003132841022976,0.02450840451249401,0.07945802821013934
10022,low,impaired,DT-KF-CostAware,,packet_loss,0.002484968556912177,0.0031997647315721582,0.06374023941249411
10022,low,impaired,DT-KF-CostAware,,jitter_s,0.0010317030996366157,0.001313797090119098,0.050117750043
10022,low,impaired,DT-OPT,,load,0.018041990301888588,0.023645022756312938,0.07570143969748135
10022,low,impaired,DT-OPT,,packet_loss,0.002818548086588184,0.0036642590736382656,0.07225592353490956
10022,low,impaired,DT-OPT,,jitter_s,0.0011539040100980854,0.0014778642487799673,0.056115469828457984
10022,low,impaired,SemiGreedy,,load,0.024531677632932965,0.030911586092251163,0.10273639037753944
10022,low,impaired,Fog-only,,load,0.018569440783819186,0.024235852862103932,0.07983360630237771
10022,low,impaired,DRL-OO-2025,503,load,0.024531677632932965,0.030911586092251163,0.10273639037753944
10022,low,impaired,DRL-OO-2025,503,packet_loss,0.002435892120033761,0.0031020424922517617,0.06184989638823962
10022,low,impaired,DRL-OO-2025,503,jitter_s,0.0010372839154379318,0.0013150253459521023,0.05006805190704485
10023,low,impaired,DT-KF-CostAware,,load,0.019969740235527906,0.02440970963294694,0.07932851276767607
10023,low,impaired,DT-KF-CostAware,,packet_loss,0.0026855619369518394,0.0035724959893549623,0.06605045713449055
10023,low,impaired,DT-KF-CostAware,,jitter_s,0.0010704793070712012,0.0013838302484575123,0.05186107720530001
10023,low,impaired,DT-OPT,,load,0.019923236704179607,0.024497547641809777,0.07988741664904939
10023,low,impaired,DT-OPT,,packet_loss,0.003375667723429602,0.004913929874018392,0.0826979607177137
10023,low,impaired,DT-OPT,,jitter_s,0.0013053846785613323,0.0018146276150772967,0.06351507175203827
10023,low,impaired,SemiGreedy,,load,0.024522233072338123,0.029850273826147414,0.0974756569922662
10023,low,impaired,Fog-only,,load,0.024605877344641116,0.028826928728307066,0.10249038032501163
10023,low,impaired,DRL-OO-2025,504,load,0.024522233072338123,0.029850273826147414,0.0974756569922662
10023,low,impaired,DRL-OO-2025,504,packet_loss,0.0025365182470461507,0.003410262943084965,0.06243976416623865
10023,low,impaired,DRL-OO-2025,504,jitter_s,0.001044133877111302,0.0013669896218478324,0.05037554508388922
10024,low,impaired,DT-KF-CostAware,,load,0.023221054322547063,0.02875956160978361,0.09255291291576664
10024,low,impaired,DT-KF-CostAware,,packet_loss,0.0025786275503335023,0.0033128561404731226,0.06639731802579145
10024,low,impaired,DT-KF-CostAware,,jitter_s,0.0011266213047000189,0.0014435060336646084,0.05280843165623545
10024,low,impaired,DT-OPT,,load,0.023226497127235266,0.028965821630959405,0.09210581246817859
10024,low,impaired,DT-OPT,,packet_loss,0.0029610883151744245,0.003843266163910921,0.07622341513891205
10024,low,impaired,DT-OPT,,jitter_s,0.0012844160898888657,0.0016571964592129508,0.060295033826136435
10024,low,impaired,SemiGreedy,,load,0.03114751074063597,0.03754468255258437,0.12347349515537884
10024,low,impaired,Fog-only,,load,0.022147666697971906,0.028827230444186315,0.08496758674780601
10024,low,impaired,DRL-OO-2025,505,load,0.03114751074063597,0.03754468255258437,0.12347349515537884
10024,low,impaired,DRL-OO-2025,505,packet_loss,0.0025459324094131005,0.003231961889182424,0.06522576536376665
10024,low,impaired,DRL-OO-2025,505,jitter_s,0.001155647660562366,0.0014564751333713938,0.054111804734446614
10025,low,impaired,DT-KF-CostAware,,load,0.02112669064080311,0.02589120638993499,0.08633973289106124
10025,low,impaired,DT-KF-CostAware,,packet_loss,0.0026442270033456383,0.003311581956939817,0.06771916179799177
10025,low,impaired,DT-KF-CostAware,,jitter_s,0.001083493077132806,0.001355383532252556,0.05316619719127866
10025,low,impaired,DT-OPT,,load,0.022541826790263963,0.027475608525982447,0.09100173196477004
10025,low,impaired,DT-OPT,,packet_loss,0.003042866287244598,0.0038670293661449313,0.07811909070876785
10025,low,impaired,DT-OPT,,jitter_s,0.0012173754389885071,0.0015381056850095616,0.05996251374229799
10025,low,impaired,SemiGreedy,,load,0.027363278754135474,0.033862982259657004,0.11117722198153127
10025,low,impaired,Fog-only,,load,0.028975614309256475,0.03624258651400149,0.11135402016281819
10025,low,impaired,DRL-OO-2025,501,load,0.027363278754135474,0.033862982259657004,0.11117722198153127
10025,low,impaired,DRL-OO-2025,501,packet_loss,0.0024123779609298416,0.0030361380385006986,0.061553758211890505
10025,low,impaired,DRL-OO-2025,501,jitter_s,0.0010404117278834508,0.0013110862230488133,0.050574632071426255
10026,low,impaired,DT-KF-CostAware,,load,0.02021107349598256,0.026921080219822226,0.08096630031963296
10026,low,impaired,DT-KF-CostAware,,packet_loss,0.0026589811123790405,0.0033796162979235697,0.07018829293387506
10026,low,impaired,DT-KF-CostAware,,jitter_s,0.001118850116979411,0.0014355722236790221,0.055383322203311734
10026,low,impaired,DT-OPT,,load,0.019632445424897765,0.02599436909660153,0.07843719801392515
10026,low,impaired,DT-OPT,,packet_loss,0.002973413947451216,0.003849126356773212,0.07865144475389733
10026,low,impaired,DT-OPT,,jitter_s,0.0012448912423529861,0.0016126211668066762,0.061555211559014854
10026,low,impaired,SemiGreedy,,load,0.02726391713059239,0.03522432304705298,0.10904419985896503
10026,low,impaired,Fog-only,,load,0.020619375250599016,0.026488797164992403,0.08006721337471158
10026,low,impaired,DRL-OO-2025,502,load,0.02726391713059239,0.03522432304705298,0.10904419985896503
10026,low,impaired,DRL-OO-2025,502,packet_loss,0.002503718215258881,0.0032160625894189104,0.06602419010362964
10026,low,impaired,DRL-OO-2025,502,jitter_s,0.0011018923335762594,0.001418822927704394,0.05449040199175379
10027,low,impaired,DT-KF-CostAware,,load,0.020399948185542808,0.02593839335589213,0.0834834185185203
10027,low,impaired,DT-KF-CostAware,,packet_loss,0.002470980033643794,0.003113750173829702,0.06521105120183764
10027,low,impaired,DT-KF-CostAware,,jitter_s,0.0010014381322964326,0.0012592180602022645,0.05144561362397613
10027,low,impaired,DT-OPT,,load,0.02050990400994393,0.02607549995424267,0.08344572783035632
10027,low,impaired,DT-OPT,,packet_loss,0.0027882440786403703,0.003507206354965664,0.07357991297718455
10027,low,impaired,DT-OPT,,jitter_s,0.0011155294462264474,0.001394666348359695,0.05750029696526957
10027,low,impaired,SemiGreedy,,load,0.024146682383709466,0.030411362848451917,0.09909699757052014
10027,low,impaired,Fog-only,,load,0.020065329826676834,0.026071216912011176,0.0811227278489698
10027,low,impaired,DRL-OO-2025,503,load,0.024146682383709466,0.030411362848451917,0.09909699757052014
10027,low,impaired,DRL-OO-2025,503,packet_loss,0.00233135495365271,0.0029393313802151926,0.061332800699063064
10027,low,impaired,DRL-OO-2025,503,jitter_s,0.0009721834557472874,0.0012245819382568765,0.04974429197601801
10028,low,impaired,DT-KF-CostAware,,load,0.02183429589042171,0.02583394951505511,0.08782688431546452
10028,low,impaired,DT-KF-CostAware,,packet_loss,0.0023765108842795026,0.0029698368555301016,0.06487050276236335
10028,low,impaired,DT-KF-CostAware,,jitter_s,0.0010307336542695565,0.0012907724313270376,0.05110571169413625
10028,low,impaired,DT-OPT,,load,0.02157690040705096,0.025455737825615696,0.08738189461084307
10028,low,impaired,DT-OPT,,packet_loss,0.0026210724250940094,0.003359180203885869,0.07223978741875597
10028,low,impaired,DT-OPT,,jitter_s,0.0011251389347188522,0.0014309693534385205,0.056268765924572806
10028,low,impaired,SemiGreedy,,load,0.028795092096414853,0.03504732452516593,0.1155601107607673
10028,low,impaired,Fog-only,,load,0.02080259220421852,0.024771516469569016,0.0860237262212564
10028,low,impaired,DRL-OO-2025,504,load,0.028795092096414853,0.03504732452516593,0.1155601107607673
10028,low,impaired,DRL-OO-2025,504,packet_loss,0.002382764377743664,0.0030679820402360323,0.06452103510551943
10028,low,impaired,DRL-OO-2025,504,jitter_s,0.0010684118807670992,0.0013853677406670062,0.05271586209598139
10029,low,impaired,DT-KF-CostAware,,load,0.020247101570414944,0.025815877284181055,0.08245562270029487
10029,low,impaired,DT-KF-CostAware,,packet_loss,0.0025286646471127184,0.00324751664120917,0.06628145178570764
10029,low,impaired,DT-KF-CostAware,,jitter_s,0.001020993265040739,0.001292469247109065,0.052408249776684665
10029,low,impaired,DT-OPT,,load,0.020250850288181337,0.025678435459045707,0.08298626485322393
10029,low,impaired,DT-OPT,,packet_loss,0.0029247005190564854,0.003807486427444988,0.07671301647623231
10029,low,impaired,DT-OPT,,jitter_s,0.0011622598544674648,0.0014925721895856902,0.05974542610194683
10029,low,impaired,SemiGreedy,,load,0.02442740628566493,0.030365431742357857,0.09883765167947042
10029,low,impaired,Fog-only,,load,0.019365026386737625,0.024993519982634407,0.07882833011599481
10029,low,impaired,DRL-OO-2025,505,load,0.02442740628566493,0.030365431742357857,0.09883765167947042
10029,low,impaired,DRL-OO-2025,505,packet_loss,0.002266720615203924,0.0029205239418848617,0.059504118510212374
10029,low,impaired,DRL-OO-2025,505,jitter_s,0.0009418428290209244,0.0012004651364746358,0.048281345876479205
10000,medium,impaired,DT-KF-CostAware,,load,0.0267677742902309,0.03406328669936639,0.05466571712440544
10000,medium,impaired,DT-KF-CostAware,,packet_loss,0.0032519484134007678,0.004170652053089709,0.06587188578129513
10000,medium,impaired,DT-KF-CostAware,,jitter_s,0.0013987812786795052,0.0017974570112041848,0.05192823249401127
10000,medium,impaired,DT-OPT,,load,0.02686440152225683,0.03365517636752957,0.05507580754030061
10000,medium,impaired,DT-OPT,,packet_loss,0.0038026645728522564,0.0048908626300954655,0.07750254967189878
10000,medium,impaired,DT-OPT,,jitter_s,0.0016237177393978524,0.0021042136593617234,0.060124106963906486
10000,medium,impaired,SemiGreedy,,load,0.03393582578785762,0.04219169153167142,0.06934749276929582
10000,medium,impaired,Fog-only,,load,0.0315998197612044,0.040012661324813924,0.066455103828769
10000,medium,impaired,DRL-OO-2025,501,load,0.03393582578785762,0.04219169153167142,0.06934749276929582
10000,medium,impaired,DRL-OO-2025,501,packet_loss,0.0031295037798422715,0.004048980079966831,0.06319004669338742
10000,medium,impaired,DRL-OO-2025,501,jitter_s,0.001385183725497852,0.0017906978942358075,0.05148854778669532
10001,medium,impaired,DT-KF-CostAware,,load,0.02268128705081979,0.02875353895358886,0.045821989467137385
10001,medium,impaired,DT-KF-CostAware,,packet_loss,0.0031276549377058913,0.003912512646218077,0.06241129813467209
10001,medium,impaired,DT-KF-CostAware,,jitter_s,0.0011874538810813667,0.0014836449280028728,0.04872724435655941
10001,medium,impaired,DT-OPT,,load,0.0228658903781519,0.02921491345681116,0.04600173480467389
10001,medium,impaired,DT-OPT,,packet_loss,0.0036240970014951818,0.004540177862063077,0.07271049960803455
10001,medium,impaired,DT-OPT,,jitter_s,0.001367344119026617,0.001714635967139645,0.05621091041805345
10001,medium,impaired,SemiGreedy,,load,0.02725825562535355,0.03403334993410503,0.05522576428049765
10001,medium,impaired,Fog-only,,load,0.028539553742896236,0.035472325986955225,0.056131529842029355
10001,medium,impaired,DRL-OO-2025,502,load,0.02725825562535355,0.03403334993410503,0.05522576428049765
10001,medium,impaired,DRL-OO-2025,502,packet_loss,0.002919892271945363,0.003700547527918007,0.05814508902332721
10001,medium,impaired,DRL-OO-2025,502,jitter_s,0.001138986306286972,0.001432236225495148,0.04671548852106638
10002,medium,impaired,DT-KF-CostAware,,load,0.02200655496561376,0.028822404524944643,0.04441341168362466
10002,medium,impaired,DT-KF-CostAware,,packet_loss,0.0030119213629069452,0.0039028009078006555,0.06153822424397867
10002,medium,impaired,DT-KF-CostAware,,jitter_s,0.0012729864263672811,0.001647663664493448,0.048042724765999426
10002,medium,impaired,DT-OPT,,load,0.022179546252247467,0.028567690770685734,0.044718297939504284
10002,medium,impaired,DT-OPT,,packet_loss,0.003487025931058774,0.004805714981497535,0.07095494129939435
10002,medium,impaired,DT-OPT,,jitter_s,0.001455913669623733,0.001998283954175321,0.05439974954587245
10002,medium,impaired,SemiGreedy,,load,0.028759333645244616,0.03580005570099143,0.05821415581406176
10002,medium,impaired,Fog-only,,load,0.028494233834455984,0.0352537708854576,0.05585136075247775
10002,medium,impaired,DRL-OO-2025,503,load,0.028759333645244616,0.03580005570099143,0.05821415581406176
10002,medium,impaired,DRL-OO-2025,503,packet_loss,0.0029018647189160873,0.0037303001180102216,0.059454228014079985
10002,medium,impaired,DRL-OO-2025,503,jitter_s,0.001264318613917303,0.0016261630775843573,0.04787951055911671
10003,medium,impaired,DT-KF-CostAware,,load,0.024156563781907465,0.0297258409717407,0.04863011643686025
10003,medium,impaired,DT-KF-CostAware,,packet_loss,0.0031367825153473146,0.003958396784464858,0.06439455867808812
10003,medium,impaired,DT-KF-CostAware,,jitter_s,0.0012784188588696786,0.0016079352531169799,0.05056521093138071
10003,medium,impaired,DT-OPT,,load,0.023863513103075662,0.029679725307147464,0.048019597936618266
10003,medium,impaired,DT-OPT,,packet_loss,0.003560219891998289,0.004494023945772711,0.07299525509909567
10003,medium,impaired,DT-OPT,,jitter_s,0.0014375614773178903,0.0017986600881322243,0.05692672176578364
10003,medium,impaired,SemiGreedy,,load,0.028824183100741717,0.03615736540710957,0.0579919206424776
10003,medium,impaired,Fog-only,,load,0.024480383143703408,0.02987560113182511,0.04972977259235033
10003,medium,impaired,DRL-OO-2025,504,load,0.028824183100741717,0.03615736540710957,0.0579919206424776
10003,medium,impaired,DRL-OO-2025,504,packet_loss,0.0028387629780750267,0.0036180093582170144,0.05819102150261473
10003,medium,impaired,DRL-OO-2025,504,jitter_s,0.0011953968219337858,0.001519674329410596,0.04716494046790711
10004,medium,impaired,DT-KF-CostAware,,load,0.023889566315309068,0.029177732940494597,0.048036343571993205
10004,medium,impaired,DT-KF-CostAware,,packet_loss,0.0031860388223668348,0.00410271306361326,0.06476418387424165
10004,medium,impaired,DT-KF-CostAware,,jitter_s,0.0011958673770026428,0.001521049169275759,0.05060811934636301
10004,medium,impaired,DT-OPT,,load,0.02376255946725051,0.02868396520697814,0.04748790873627197
10004,medium,impaired,DT-OPT,,packet_loss,0.0034904886687843724,0.004453948471406628,0.07095284116207491
10004,medium,impaired,DT-OPT,,jitter_s,0.0013011717452651643,0.0016419785277903447,0.05490269142155611
10004,medium,impaired,SemiGreedy,,load,0.030034700059690982,0.035864351181675795,0.06006988173835808
10004,medium,impaired,Fog-only,,load,0.02313351863630104,0.028110411918400843,0.04595011068208007
10004,medium,impaired,DRL-OO-2025,505,load,0.030034700059690982,0.035864351181675795,0.06006988173835808
10004,medium,impaired,DRL-OO-2025,505,packet_loss,0.002987358645263697,0.003766757477379294,0.06046855214953489
10004,medium,impaired,DRL-OO-2025,505,jitter_s,0.0011582238084955796,0.0014472005138611891,0.04885476675908355
10005,medium,impaired,DT-KF-CostAware,,load,0.0251967433063851,0.0317649597921554,0.04940756927282534
10005,medium,impaired,DT-KF-CostAware,,packet_loss,0.0032874041187778502,0.0041975909896611345,0.06476887698282303
10005,medium,impaired,DT-KF-CostAware,,jitter_s,0.0012778746560940198,0.0016210306133100285,0.05084142204833455
10005,medium,impaired,DT-OPT,,load,0.025022239697617656,0.03256737028858641,0.04906872791880905
10005,medium,impaired,DT-OPT,,packet_loss,0.003673210269376452,0.0047068934877440745,0.07234491029753648
10005,medium,impaired,DT-OPT,,jitter_s,0.0014122557272820602,0.0018049906577633904,0.05623730464199602
10005,medium,impaired,SemiGreedy,,load,0.030992714385235022,0.04017195947604184,0.06132113798729068
10005,medium,impaired,Fog-only,,load,0.025894669918479718,0.03495195400043728,0.0505208697263228
10005,medium,impaired,DRL-OO-2025,501,load,0.030992714385235022,0.04017195947604184,0.06132113798729068
10005,medium,impaired,DRL-OO-2025,501,packet_loss,0.0032628095138083324,0.004123849156489925,0.06404062201205657
10005,medium,impaired,DRL-OO-2025,501,jitter_s,0.001302594152029919,0.0016419916648861448,0.05176907482817037
10006,medium,impaired,DT-KF-CostAware,,load,0.025227518790474104,0.030843147023366817,0.051298200550276625
10006,medium,impaired,DT-KF-CostAware,,packet_loss,0.002956571153417547,0.003744698991829171,0.06344381075937966
10006,medium,impaired,DT-KF-CostAware,,jitter_s,0.0011868833198712433,0.0014937795335090741,0.04977372440641175
10006,medium,impaired,DT-OPT,,load,0.023970722484208815,0.03020650837451192,0.049063436463262625
10006,medium,impaired,DT-OPT,,packet_loss,0.0033981453832791146,0.0043352158348415075,0.07266535667734886
10006,medium,impaired,DT-OPT,,jitter_s,0.0013507081235113625,0.0017142372086763106,0.05647687351039058
10006,medium,impaired,SemiGreedy,,load,0.03351341761966618,0.04111587584647783,0.06765343860535307
10006,medium,impaired,Fog-only,,load,0.0452141579825449,0.054659607435396135,0.09568362128941628
10006,medium,impaired,DRL-OO-2025,502,load,0.03351341761966618,0.04111587584647783,0.06765343860535307
10006,medium,impaired,DRL-OO-2025,502,packet_loss,0.002855973010149012,0.003571075613659399,0.061390934772798854
10006,medium,impaired,DRL-OO-2025,502,jitter_s,0.0011893509494128652,0.0014801436061817053,0.04982132711671812
10007,medium,impaired,DT-KF-CostAware,,load,0.024397312121561574,0.029369860811399248,0.04875051917854018
10007,medium,impaired,DT-KF-CostAware,,packet_loss,0.0027699917630589366,0.0036011661702866926,0.06156222917242322
10007,medium,impaired,DT-KF-CostAware,,jitter_s,0.0012140274861358726,0.0015720317124084094,0.0483827083819705
10007,medium,impaired,DT-OPT,,load,0.02438156103812913,0.028757822794435416,0.048786571208431564
10007,medium,impaired,DT-OPT,,packet_loss,0.0031625006311155448,0.004265517823241171,0.07070439539733366
10007,medium,impaired,DT-OPT,,jitter_s,0.0013732125081124113,0.0018504129228724636,0.05465350653656845
10007,medium,impaired,SemiGreedy,,load,0.028988135564344087,0.03688908652314635,0.057804688808963244
10007,medium,impaired,Fog-only,,load,0.023377247022700092,0.02874478615144994,0.045909379767416776
10007,medium,impaired,DRL-OO-2025,503,load,0.028988135564344087,0.03688908652314635,0.057804688808963244
10007,medium,impaired,DRL-OO-2025,503,packet_loss,0.002743599573546475,0.003551302084432494,0.06048942666552582
10007,medium,impaired,DRL-OO-2025,503,jitter_s,0.0012254643422987153,0.001589690328111214,0.048723951533047816
10008,medium,impaired,DT-KF-CostAware,,load,0.021918979752775996,0.02750372987725635,0.043855550797535815
10008,medium,impaired,DT-KF-CostAware,,packet_loss,0.002982132307879501,0.0037785845349690415,0.061958790051083415
10008,medium,impaired,DT-KF-CostAware,,jitter_s,0.0012013892527066442,0.0015179530572296668,0.04842609763209005
10008,medium,impaired,DT-OPT,,load,0.022472472358907702,0.02747430022363864,0.04505831808319921
10008,medium,impaired,DT-OPT,,packet_loss,0.0034560778922974795,0.004476181205107424,0.07166606645042141
10008,medium,impaired,DT-OPT,,jitter_s,0.001372918170106405,0.001751449076735184,0.0555493393445089
10008,medium,impaired,SemiGreedy,,load,0.025767304195809797,0.03197469668217142,0.05165535596540448
10008,medium,impaired,Fog-only,,load,0.023047494094306835,0.027374855547020297,0.04562557391105106
10008,medium,impaired,DRL-OO-2025,504,load,0.025767304195809797,0.03197469668217142,0.05165535596540448
10008,medium,impaired,DRL-OO-2025,504,packet_loss,0.002885231333316464,0.003666081437206934,0.05981123928025925
10008,medium,impaired,DRL-OO-2025,504,jitter_s,0.0011839676229022694,0.0014979688404800498,0.0477568652088313
10009,medium,impaired,DT-KF-CostAware,,load,0.02609009746905409,0.032374705143267575,0.05265688230488208
10009,medium,impaired,DT-KF-CostAware,,packet_loss,0.003104112811899855,0.0039502429407081005,0.06399392617313997
10009,medium,impaired,DT-KF-CostAware,,jitter_s,0.0012514630940326853,0.0015575811120626085,0.05079963868779707
10009,medium,impaired,DT-OPT,,load,0.024745454357069326,0.03131219983496132,0.05004695508299329
10009,medium,impaired,DT-OPT,,packet_loss,0.003449060263819603,0.004406875072345721,0.07097201088423082
10009,medium,impaired,DT-OPT,,jitter_s,0.001373001365972177,0.001715275168286136,0.055784326913680085
10009,medium,impaired,SemiGreedy,,load,0.029720305850177455,0.03870090655526358,0.059898162241827056
10009,medium,impaired,Fog-only,,load,0.025575405620171267,0.032125997876202295,0.05120418408124169
10009,medium,impaired,DRL-OO-2025,505,load,0.029720305850177455,0.03870090655526358,0.059898162241827056
10009,medium,impaired,DRL-OO-2025,505,packet_loss,0.002885431951216153,0.0036681529786009954,0.05959273051425219
10009,medium,impaired,DRL-OO-2025,505,jitter_s,0.0011809114481262561,0.0014781499451458945,0.04801243936451496
10010,medium,impaired,DT-KF-CostAware,,load,0.025451544077433125,0.031244631958712382,0.05141661883857085
10010,medium,impaired,DT-KF-CostAware,,packet_loss,0.0031242575249081,0.003996737070818464,0.06381472516334093
10010,medium,impaired,DT-KF-CostAware,,jitter_s,0.001324905992142378,0.0016903894886447467,0.050053482721145126
10010,medium,impaired,DT-OPT,,load,0.02508056895020663,0.030468275847329068,0.050621906977952776
10010,medium,impaired,DT-OPT,,packet_loss,0.003641865787139491,0.004730757186184045,0.07416444099348186
10010,medium,impaired,DT-OPT,,jitter_s,0.0015339894376512956,0.0020076874820696942,0.057392743185825185
10010,medium,impaired,SemiGreedy,,load,0.030668447570255438,0.037302246871218615,0.06184015671145114
10010,medium,impaired,Fog-only,,load,0.03180957629698248,0.039125700120939126,0.06206978364906346
10010,medium,impaired,DRL-OO-2025,501,load,0.030668447570255438,0.037302246871218615,0.06184015671145114
10010,medium,impaired,DRL-OO-2025,501,packet_loss,0.0029346272185409826,0.003788166051857372,0.05961535390813183
10010,medium,impaired,DRL-OO-2025,501,jitter_s,0.0012713141317624592,0.0016366443641936343,0.04792070604508982
10011,medium,impaired,DT-KF-CostAware,,load,0.022183377900158428,0.028004203787053435,0.04433231334992108
10011,medium,impaired,DT-KF-CostAware,,packet_loss,0.00297207279598221,0.0037700930407015554,0.06280934011657874
10011,medium,impaired,DT-KF-CostAware,,jitter_s,0.0012592306036198107,0.0016120633025700612,0.048976359911643556
10011,medium,impaired,DT-OPT,,load,0.022328643922972964,0.028897904185727498,0.044371601564031214
10011,medium,impaired,DT-OPT,,packet_loss,0.0034646735576311124,0.004443880109921074,0.07357463494269044
10011,medium,impaired,DT-OPT,,jitter_s,0.001473864943581474,0.0019335410368325763,0.05712975394920037
10011,medium,impaired,SemiGreedy,,load,0.027883394768308565,0.03571485451593752,0.05576373764965185
10011,medium,impaired,Fog-only,,load,0.029148698523810874,0.03540867698061602,0.05656312157208117
10011,medium,impaired,DRL-OO-2025,502,load,0.027883394768308565,0.03571485451593752,0.05576373764965185
10011,medium,impaired,DRL-OO-2025,502,packet_loss,0.0028886036533447403,0.003624113545940911,0.06099308509655058
10011,medium,impaired,DRL-OO-2025,502,jitter_s,0.0012573597644732143,0.0015833130725274812,0.0490543640533931
10012,medium,impaired,DT-KF-CostAware,,load,0.02427916286997028,0.030536780023120092,0.049045889579101616
10012,medium,impaired,DT-KF-CostAware,,packet_loss,0.0031652493852033906,0.0040116961575151185,0.06393527278890682
10012,medium,impaired,DT-KF-CostAware,,jitter_s,0.0012683160462674695,0.0016107989825951392,0.050145388113811536
10012,medium,impaired,DT-OPT,,load,0.024574456360578745,0.03080289597047299,0.04968161115051255
10012,medium,impaired,DT-OPT,,packet_loss,0.0035506999590661356,0.004456898717624298,0.0720833292870199
10012,medium,impaired,DT-OPT,,jitter_s,0.0014171925817698305,0.0017877036763139758,0.056076258327453936
10012,medium,impaired,SemiGreedy,,load,0.028251704319851488,0.0346979502982701,0.05719538145982881
10012,medium,impaired,Fog-only,,load,0.028055034353731984,0.035610727975637683,0.05511360495780458
10012,medium,impaired,DRL-OO-2025,503,load,0.028251704319851488,0.0346979502982701,0.05719538145982881
10012,medium,impaired,DRL-OO-2025,503,packet_loss,0.0028536436081104464,0.003659918913506005,0.05759288875827371
10012,medium,impaired,DRL-OO-2025,503,jitter_s,0.0011728613431519525,0.0015094738047218142,0.04621837388556511
10013,medium,impaired,DT-KF-CostAware,,load,0.02389753149101747,0.031139362377110538,0.047824304670578695
10013,medium,impaired,DT-KF-CostAware,,packet_loss,0.0032028310403618182,0.0041630484088089025,0.06520249790143405
10013,medium,impaired,DT-KF-CostAware,,jitter_s,0.001337746955925025,0.0017300896884354603,0.05123460914264257
10013,medium,impaired,DT-OPT,,load,0.023841305133279887,0.030994353105583853,0.04772627523444153
10013,medium,impaired,DT-OPT,,packet_loss,0.0038898437542162763,0.0051985966383164455,0.07941479167252047
10013,medium,impaired,DT-OPT,,jitter_s,0.0016014074952245844,0.002134650360702903,0.061219817210050716
10013,medium,impaired,SemiGreedy,,load,0.03171028955500245,0.03994734246542516,0.06359580107502674
10013,medium,impaired,Fog-only,,load,0.02559057875991529,0.03270641014018163,0.05176487407419732
10013,medium,impaired,DRL-OO-2025,504,load,0.03171028955500245,0.03994734246542516,0.06359580107502674
10013,medium,impaired,DRL-OO-2025,504,packet_loss,0.0029879375396341308,0.0039181007743460386,0.06107041295174111
10013,medium,impaired,DRL-OO-2025,504,jitter_s,0.001296636872082489,0.0016886324700724495,0.0497991612103513
10014,medium,impaired,DT-KF-CostAware,,load,0.027533823014678303,0.03440887810011276,0.055277754384145665
10014,medium,impaired,DT-KF-CostAware,,packet_loss,0.00328639844720839,0.0040952688059064,0.06747582521302888
10014,medium,impaired,DT-KF-CostAware,,jitter_s,0.0014032891960684187,0.0017404284776356888,0.05324843992910438
10014,medium,impaired,DT-OPT,,load,0.028635845584297003,0.0363232227569358,0.057787786316909895
10014,medium,impaired,DT-OPT,,packet_loss,0.003785045914041105,0.004786197754194405,0.0777794747464371
10014,medium,impaired,DT-OPT,,jitter_s,0.0016020104994409884,0.0020035988583121953,0.060761909808628875
10014,medium,impaired,SemiGreedy,,load,0.03272173152862086,0.03962876883061088,0.06544813304471964
10014,medium,impaired,Fog-only,,load,0.028950477294273576,0.036010558134611036,0.057274433201862825
10014,medium,impaired,DRL-OO-2025,505,load,0.03272173152862086,0.03962876883061088,0.06544813304471964
10014,medium,impaired,DRL-OO-2025,505,packet_loss,0.003021851976605354,0.003826664243578668,0.0618626112237763
10014,medium,impaired,DRL-OO-2025,505,jitter_s,0.001329265051030154,0.0016750333905378864,0.050181882547254066
10015,medium,impaired,DT-KF-CostAware,,load,0.0256709029937431,0.03281663152236973,0.05181136712453259
10015,medium,impaired,DT-KF-CostAware,,packet_loss,0.0034980731107666966,0.004420793097023358,0.06618733829797226
10015,medium,impaired,DT-KF-CostAware,,jitter_s,0.001349999262582405,0.0017042642791481853,0.051915095730278846
10015,medium,impaired,DT-OPT,,load,0.027244133603596943,0.03477504851305149,0.05410233050702136
10015,medium,impaired,DT-OPT,,packet_loss,0.004061277573474342,0.005101373476545636,0.07688639595337766
10015,medium,impaired,DT-OPT,,jitter_s,0.0015644920398392736,0.0019691986315784234,0.05989890105882994
10015,medium,impaired,SemiGreedy,,load,0.031984974043022876,0.04019197321820261,0.0649256094835401
10015,medium,impaired,Fog-only,,load,0.03082022033732749,0.041730418718537,0.06049746389375873
10015,medium,impaired,DRL-OO-2025,501,load,0.031984974043022876,0.04019197321820261,0.0649256094835401
10015,medium,impaired,DRL-OO-2025,501,packet_loss,0.003344613379236974,0.004256916725127961,0.06292152279526424
10015,medium,impaired,DRL-OO-2025,501,jitter_s,0.00132724960554218,0.0016770036915202834,0.051003708871631546
10016,medium,impaired,DT-KF-CostAware,,load,0.023650188662814486,0.029855356827847845,0.04752558659886304
10016,medium,impaired,DT-KF-CostAware,,packet_loss,0.003045826351395051,0.0038600095921015143,0.06233356190765988
10016,medium,impaired,DT-KF-CostAware,,jitter_s,0.0011863053044080644,0.0014905418993355027,0.04848494652169151
10016,medium,impaired,DT-OPT,,load,0.02310942799494802,0.028822002507335312,0.046477651844053135
10016,medium,impaired,DT-OPT,,packet_loss,0.0033674259356158568,0.004257156585972543,0.06904692124587504
10016,medium,impaired,DT-OPT,,jitter_s,0.0012923323788338623,0.0016157316056641118,0.053075873569061405
10016,medium,impaired,SemiGreedy,,load,0.028418465542704822,0.03769617470676979,0.057093183051780134
10016,medium,impaired,Fog-only,,load,0.024859562262684525,0.03042859599390419,0.048914606776477874
10016,medium,impaired,DRL-OO-2025,502,load,0.028418465542704822,0.03769617470676979,0.057093183051780134
10016,medium,impaired,DRL-OO-2025,502,packet_loss,0.002920268551502933,0.003727621352992351,0.0593438193596776
10016,medium,impaired,DRL-OO-2025,502,jitter_s,0.0011728459424690083,0.001483039834210265,0.04778174307188427
10017,medium,impaired,DT-KF-CostAware,,load,0.027332597914796936,0.032973091137622514,0.05496152177265734
10017,medium,impaired,DT-KF-CostAware,,packet_loss,0.0029822499993015475,0.003781591442621523,0.060970082706984126
10017,medium,impaired,DT-KF-CostAware,,jitter_s,0.0012436438030107794,0.0015669838436412813,0.04801388950955884
10017,medium,impaired,DT-OPT,,load,0.027096185908020636,0.03358745042424649,0.054240227198846976
10017,medium,impaired,DT-OPT,,packet_loss,0.003369839156139118,0.004272903693334097,0.06890342162075593
10017,medium,impaired,DT-OPT,,jitter_s,0.0013884637789676828,0.0017406640227774902,0.053755716217166113
10017,medium,impaired,SemiGreedy,,load,0.0312459679474312,0.037673339728854054,0.06317744479511257
10017,medium,impaired,Fog-only,,load,0.03283448300446046,0.04150634244651497,0.06357848904042131
10017,medium,impaired,DRL-OO-2025,503,load,0.0312459679474312,0.037673339728854054,0.06317744479511257
10017,medium,impaired,DRL-OO-2025,503,packet_loss,0.002944500894031035,0.0037208903045999353,0.0601131274940988
10017,medium,impaired,DRL-OO-2025,503,jitter_s,0.0012632901057701088,0.0015853495791321908,0.048619588520143746
10018,medium,impaired,DT-KF-CostAware,,load,0.02700227402569585,0.03266479985340847,0.05455523886203682
10018,medium,impaired,DT-KF-CostAware,,packet_loss,0.003203756457612924,0.0040274393640449095,0.06420691552441286
10018,medium,impaired,DT-KF-CostAware,,jitter_s,0.0013677840192268204,0.001742488375553516,0.050601723410360115
10018,medium,impaired,DT-OPT,,load,0.02603109725557345,0.032088137673881884,0.05268114267680857
10018,medium,impaired,DT-OPT,,packet_loss,0.003599954735769031,0.004567929719122045,0.0722907148697926
10018,medium,impaired,DT-OPT,,jitter_s,0.0015112761737080213,0.001942250572336145,0.05612601449354502
10018,medium,impaired,SemiGreedy,,load,0.03432876331016245,0.042240030569568356,0.06935312298189734
10018,medium,impaired,Fog-only,,load,0.02488872360504618,0.03157499367837575,0.05016829872889098
10018,medium,impaired,DRL-OO-2025,504,load,0.03432876331016245,0.042240030569568356,0.06935312298189734
10018,medium,impaired,DRL-OO-2025,504,packet_loss,0.003140595104368802,0.003989231162465121,0.0628223842279572
10018,medium,impaired,DRL-OO-2025,504,jitter_s,0.0013861253495040546,0.0017716811447737193,0.051355850493510845
10019,medium,impaired,DT-KF-CostAware,,load,0.024386710017744135,0.029748655282913806,0.04901417461320597
10019,medium,impaired,DT-KF-CostAware,,packet_loss,0.003210342909355924,0.004027267196969943,0.0641342972182651
10019,medium,impaired,DT-KF-CostAware,,jitter_s,0.001327350788464441,0.0016670337460558326,0.05003245829588629
10019,medium,impaired,DT-OPT,,load,0.024905132544808695,0.030322078097821132,0.04964639801822081
10019,medium,impaired,DT-OPT,,packet_loss,0.003627444688971159,0.004533781166211353,0.07234587733999824
10019,medium,impaired,DT-OPT,,jitter_s,0.001485623278085927,0.0018605769450470342,0.05610058654997507
10019,medium,impaired,SemiGreedy,,load,0.030494777815585027,0.03729894354439838,0.06161010404613414
10019,medium,impaired,Fog-only,,load,0.04156905048486543,0.05268442688412657,0.07927010874697148
10019,medium,impaired,DRL-OO-2025,505,load,0.030494777815585027,0.03729894354439838,0.06161010404613414
10019,medium,impaired,DRL-OO-2025,505,packet_loss,0.0031177268039928757,0.0039177907443452824,0.06243246518759013
10019,medium,impaired,DRL-OO-2025,505,jitter_s,0.0013308949253517427,0.001667883298781836,0.05022756011214626
10020,medium,impaired,DT-KF-CostAware,,load,0.02637155888076745,0.032368477690564425,0.05260201753219481
10020,medium,impaired,DT-KF-CostAware,,packet_loss,0.0032582477560215016,0.004105210924903507,0.06655862764252315
10020,medium,impaired,DT-KF-CostAware,,jitter_s,0.001334940599958565,0.0016753176315392594,0.051990405105813015
10020,medium,impaired,DT-OPT,,load,0.029735345994604083,0.03609337350683146,0.05935784730061514
10020,medium,impaired,DT-OPT,,packet_loss,0.0037945663676657825,0.004733007706286525,0.077205903720511
10020,medium,impaired,DT-OPT,,jitter_s,0.0015479910673368716,0.0019132196507912961,0.06032676492848238
10020,medium,impaired,SemiGreedy,,load,0.032252988195138076,0.0384982876741763,0.06488711241008316
10020,medium,impaired,Fog-only,,load,0.0351253342539552,0.04392829935860076,0.06849976399014536
10020,medium,impaired,DRL-OO-2025,501,load,0.032252988195138076,0.0384982876741763,0.06488711241008316
10020,medium,impaired,DRL-OO-2025,501,packet_loss,0.0030708883674923854,0.0038832281300776286,0.06308110374829669
10020,medium,impaired,DRL-OO-2025,501,jitter_s,0.0012992594811045734,0.0016361805313612314,0.05071642102273212
10021,medium,impaired,DT-KF-CostAware,,load,0.024127639368155065,0.030357709425053694,0.04904002659222546
10021,medium,impaired,DT-KF-CostAware,,packet_loss,0.003158288075432921,0.003992850525745457,0.06552700206890114
10021,medium,impaired,DT-KF-CostAware,,jitter_s,0.0013183761304529527,0.0016765480004894435,0.050935859519514806
10021,medium,impaired,DT-OPT,,load,0.024744718328358055,0.030194125150799934,0.05018772709501944
10021,medium,impaired,DT-OPT,,packet_loss,0.003673824323010924,0.004673988278432987,0.07612426597106897
10021,medium,impaired,DT-OPT,,jitter_s,0.00152284889555559,0.0019384002077196788,0.058825606133229416
10021,medium,impaired,SemiGreedy,,load,0.03088867800272447,0.038721165106392695,0.062460713298037554
10021,medium,impaired,Fog-only,,load,0.029697077765171588,0.03509364493128352,0.05871553657255722
10021,medium,impaired,DRL-OO-2025,502,load,0.03088867800272447,0.038721165106392695,0.062460713298037554
10021,medium,impaired,DRL-OO-2025,502,packet_loss,0.0030473101671572383,0.0038568006163483236,0.06295086466899343
10021,medium,impaired,DRL-OO-2025,502,jitter_s,0.0013168604191530668,0.0016740311516349354,0.05065400929030004
10022,medium,impaired,DT-KF-CostAware,,load,0.02291024345452059,0.029504083621852105,0.0468157280770836
10022,medium,impaired,DT-KF-CostAware,,packet_loss,0.003180858760226421,0.004095421827226623,0.06320175880160007
10022,medium,impaired,DT-KF-CostAware,,jitter_s,0.001312890052140118,0.0016723316571719314,0.04940291638190495
10022,medium,impaired,DT-OPT,,load,0.02174271142662389,0.028477061842817765,0.04450938249980142
10022,medium,impaired,DT-OPT,,packet_loss,0.003611194869143013,0.004700185202098387,0.07171733058942914
10022,medium,impaired,DT-OPT,,jitter_s,0.0014730664972979605,0.0018877297601405843,0.05549653238511373
10022,medium,impaired,SemiGreedy,,load,0.02948673940965063,0.03718422127174641,0.060372720558986584
10022,medium,impaired,Fog-only,,load,0.022293967002348338,0.029087778279185118,0.04628287489777683
10022,medium,impaired,DRL-OO-2025,503,load,0.02948673940965063,0.03718422127174641,0.060372720558986584
10022,medium,impaired,DRL-OO-2025,503,packet_loss,0.0030989928696228105,0.003947965935996225,0.06094125070452125
10022,medium,impaired,DRL-OO-2025,503,jitter_s,0.0013101737075727404,0.001660735671494805,0.04898547205812278
10023,medium,impaired,DT-KF-CostAware,,load,0.023995899643205715,0.02933032238329375,0.04763728209561462
10023,medium,impaired,DT-KF-CostAware,,packet_loss,0.0034341321424628825,0.004572996115775118,0.0654532756918513
10023,medium,impaired,DT-KF-CostAware,,jitter_s,0.001361985354989704,0.0017624993600951293,0.05113418033447472
10023,medium,impaired,DT-OPT,,load,0.023969944258209117,0.029452391210145142,0.047855532371992006
10023,medium,impaired,DT-OPT,,packet_loss,0.0043273239000683255,0.006298413406361844,0.08214989621402946
10023,medium,impaired,DT-OPT,,jitter_s,0.001666919496034672,0.002318134110662866,0.06286222335126149
10023,medium,impaired,SemiGreedy,,load,0.029420461149891643,0.03582703751308263,0.05847763909801903
10023,medium,impaired,Fog-only,,load,0.029796986489457285,0.03489228325542596,0.06092804479254567
10023,medium,impaired,DRL-OO-2025,504,load,0.029420461149891643,0.03582703751308263,0.05847763909801903
10023,medium,impaired,DRL-OO-2025,504,packet_loss,0.003229427572265703,0.004344569318371122,0.06160460425907663
10023,medium,impaired,DRL-OO-2025,504,jitter_s,0.0013185273414036372,0.0017287127216634856,0.04929958404383865
10024,medium,impaired,DT-KF-CostAware,,load,0.02792898228572595,0.034608088704745556,0.055476226974804956
10024,medium,impaired,DT-KF-CostAware,,packet_loss,0.0032892644037876726,0.004226290433922723,0.06566340903501479
10024,medium,impaired,DT-KF-CostAware,,jitter_s,0.0014281032010530937,0.001829908760282152,0.05188837225290669
10024,medium,impaired,DT-OPT,,load,0.02797867168211662,0.034917097071702284,0.05540162961772244
10024,medium,impaired,DT-OPT,,packet_loss,0.0037868629221607204,0.004916228612613312,0.07556712678653069
10024,medium,impaired,DT-OPT,,jitter_s,0.0016341103298160122,0.0021090623117273398,0.05946478065990942
10024,medium,impaired,SemiGreedy,,load,0.03741912244013237,0.045106444980489484,0.07416258628591613
10024,medium,impaired,Fog-only,,load,0.02678329392450368,0.034881868062324364,0.051952075796953504
10024,medium,impaired,DRL-OO-2025,505,load,0.03741912244013237,0.045106444980489484,0.07416258628591613
10024,medium,impaired,DRL-OO-2025,505,packet_loss,0.0032184064180592583,0.004085254551711868,0.06392963122110591
10024,medium,impaired,DRL-OO-2025,505,jitter_s,0.001447744753530439,0.001824440297400054,0.05255446650406294
10025,medium,impaired,DT-KF-CostAware,,load,0.025446129798402443,0.03118944790364758,0.051279574964677055
10025,medium,impaired,DT-KF-CostAware,,packet_loss,0.0033824099417948915,0.0042424637085131224,0.06712383730018895
10025,medium,impaired,DT-KF-CostAware,,jitter_s,0.001378711351269189,0.0017259529748276134,0.052444333233227655
10025,medium,impaired,DT-OPT,,load,0.027219780963886313,0.033177270332423216,0.054449520159547994
10025,medium,impaired,DT-OPT,,packet_loss,0.003910010127449892,0.004974136366856393,0.07777626403166012
10025,medium,impaired,DT-OPT,,jitter_s,0.0015574038788140109,0.001967772674735743,0.05946784116387121
10025,medium,impaired,SemiGreedy,,load,0.032892364604731036,0.040716454706923796,0.06610036196006222
10025,medium,impaired,Fog-only,,load,0.03549287619754744,0.044370531854513055,0.06876823317940188
10025,medium,impaired,DRL-OO-2025,501,load,0.032892364604731036,0.040716454706923796,0.06610036196006222
10025,medium,impaired,DRL-OO-2025,501,packet_loss,0.003059118482685928,0.0038573836741045884,0.06048525141341867
10025,medium,impaired,DRL-OO-2025,501,jitter_s,0.001307920720995126,0.0016502369156788884,0.049281572843416936
10026,medium,impaired,DT-KF-CostAware,,load,0.0243167355699335,0.03239628905315499,0.04843908253084601
10026,medium,impaired,DT-KF-CostAware,,packet_loss,0.0033966682486276933,0.004315570737361379,0.06949297029419194
10026,medium,impaired,DT-KF-CostAware,,jitter_s,0.0014217558965122072,0.0018227286877158444,0.054557044064776794
10026,medium,impaired,DT-OPT,,load,0.023627594802237688,0.03129963298396918,0.0469829583957936
10026,medium,impaired,DT-OPT,,packet_loss,0.00380597061792646,0.004929597862371753,0.078030814547208
10026,medium,impaired,DT-OPT,,jitter_s,0.0015859417314525043,0.0020558870965586545,0.060788669580376535
10026,medium,impaired,SemiGreedy,,load,0.03277307291070343,0.04234158813200444,0.06528422935888692
10026,medium,impaired,Fog-only,,load,0.02484299533295677,0.0319485357433703,0.04857216046124681
10026,medium,impaired,DRL-OO-2025,502,load,0.03277307291070343,0.04234158813200444,0.06528422935888692
10026,medium,impaired,DRL-OO-2025,502,packet_loss,0.0031724636341824426,0.004075280717357931,0.06483570616634658
10026,medium,impaired,DRL-OO-2025,502,jitter_s,0.0013828463229722924,0.0017829399369002962,0.05300761383354369
10027,medium,impaired,DT-KF-CostAware,,load,0.02459369649828242,0.03126721571227809,0.049609445539093536
10027,medium,impaired,DT-KF-CostAware,,packet_loss,0.0031594972181565235,0.003981972102634978,0.0646102229426111
10027,medium,impaired,DT-KF-CostAware,,jitter_s,0.0012736395456462576,0.0016014644988309077,0.05069239174607032
10027,medium,impaired,DT-OPT,,load,0.024764240390459154,0.03146643246211867,0.049754398034206136
10027,medium,impaired,DT-OPT,,packet_loss,0.0035716562951757904,0.004493238133803,0.07303742298241343
10027,medium,impaired,DT-OPT,,jitter_s,0.0014228278168162275,0.001778824144880868,0.056819450197998174
10027,medium,impaired,SemiGreedy,,load,0.02906595175823946,0.03658729828305651,0.05879784698157734
10027,medium,impaired,Fog-only,,load,0.02425794870860429,0.03152329365935013,0.04850497818800711
10027,medium,impaired,DRL-OO-2025,503,load,0.02906595175823946,0.03658729828305651,0.05879784698157734
10027,medium,impaired,DRL-OO-2025,503,packet_loss,0.0029667390482826014,0.003738709347546179,0.06047230762313529
10027,medium,impaired,DRL-OO-2025,503,jitter_s,0.0012267329733873609,0.001545574224533426,0.04863247544327599
10028,medium,impaired,DT-KF-CostAware,,load,0.026244501927108775,0.031051516597987525,0.052491163883163425
10028,medium,impaired,DT-KF-CostAware,,packet_loss,0.003037514323791912,0.003794418884347812,0.06427237380477036
10028,medium,impaired,DT-KF-CostAware,,jitter_s,0.0013101221704209418,0.0016400747174204714,0.05033711466542156
10028,medium,impaired,DT-OPT,,load,0.025958603151746373,0.030630881285336736,0.05213072316754421
10028,medium,impaired,DT-OPT,,packet_loss,0.0033542110739948933,0.004300647198128009,0.07165535424949207
10028,medium,impaired,DT-OPT,,jitter_s,0.0014339265375189396,0.0018246541982238251,0.05556958773379764
10028,medium,impaired,SemiGreedy,,load,0.03457814822209589,0.04208904821773846,0.06910056856156642
10028,medium,impaired,Fog-only,,load,0.02520227235336244,0.03002664495376392,0.05129927823850877
10028,medium,impaired,DRL-OO-2025,504,load,0.03457814822209589,0.04208904821773846,0.06910056856156642
10028,medium,impaired,DRL-OO-2025,504,packet_loss,0.0030238207862597574,0.003889583790607816,0.0634661729175603
10028,medium,impaired,DRL-OO-2025,504,jitter_s,0.0013442464967023107,0.001741420736709681,0.0514088697864559
10029,medium,impaired,DT-KF-CostAware,,load,0.024404970480911847,0.0311291894446062,0.04909982174856842
10029,medium,impaired,DT-KF-CostAware,,packet_loss,0.0032314728507573352,0.004156167045528351,0.06565774029396518
10029,medium,impaired,DT-KF-CostAware,,jitter_s,0.001297340122162961,0.0016458894325128506,0.05161552907350331
10029,medium,impaired,DT-OPT,,load,0.024463110730132045,0.03102611537833846,0.04938676124454828
10029,medium,impaired,DT-OPT,,packet_loss,0.0037514342223053613,0.004886403389263084,0.07626187087707526
10029,medium,impaired,DT-OPT,,jitter_s,0.0014840058313529494,0.0019087227564619572,0.059126512316836057
10029,medium,impaired,SemiGreedy,,load,0.02937899810791448,0.036511574101284035,0.05895124674707153
10029,medium,impaired,Fog-only,,load,0.023415640859469018,0.030225811100347787,0.04706221272984833
10029,medium,impaired,DRL-OO-2025,505,load,0.02937899810791448,0.036511574101284035,0.05895124674707153
10029,medium,impaired,DRL-OO-2025,505,packet_loss,0.0028808281662759967,0.0037150673095391507,0.058619566134538614
10029,medium,impaired,DRL-OO-2025,505,jitter_s,0.0011876617382569402,0.001515579306931638,0.04718883364426687
10000,high,impaired,DT-KF-CostAware,,load,0.03129324122285233,0.03981776810638265,0.04234385962256345
10000,high,impaired,DT-KF-CostAware,,packet_loss,0.003958521185149318,0.005077462095723744,0.0654563527396946
10000,high,impaired,DT-KF-CostAware,,jitter_s,0.0016963046091716964,0.002180562595321081,0.051399209594195985
10000,high,impaired,DT-OPT,,load,0.03143507069969721,0.03937687186414827,0.04266731321802449
10000,high,impaired,DT-OPT,,packet_loss,0.00463690674374782,0.005963863142857869,0.0771403838450135
10000,high,impaired,DT-OPT,,jitter_s,0.001974200772166785,0.0025593520239630112,0.05966248418213061
10000,high,impaired,SemiGreedy,,load,0.03963270582575985,0.049276782215475934,0.05367006395712821
10000,high,impaired,Fog-only,,load,0.03727554820617524,0.047174029803703076,0.051624477334690444
10000,high,impaired,DRL-OO-2025,501,load,0.03963270582575985,0.049276782215475934,0.05367006395712821
10000,high,impaired,DRL-OO-2025,501,packet_loss,0.003792036837509424,0.00490361594859747,0.06250134990892087
10000,high,impaired,DRL-OO-2025,501,jitter_s,0.0016695371038482432,0.002157725506770548,0.050643056636610236
10001,high,impaired,DT-KF-CostAware,,load,0.02656390652818294,0.03366716433959967,0.03564976602493198
10001,high,impaired,DT-KF-CostAware,,packet_loss,0.00381210471618701,0.004767347994243915,0.062092006971580606
10001,high,impaired,DT-KF-CostAware,,jitter_s,0.0014434133479589674,0.001801953877080054,0.04835007186527632
10001,high,impaired,DT-OPT,,load,0.02680703626613849,0.034277215829298595,0.03585102444035543
10001,high,impaired,DT-OPT,,packet_loss,0.004422587116909269,0.005540077637079108,0.07242648879256812
10001,high,impaired,DT-OPT,,jitter_s,0.001665003404031446,0.002087079568248047,0.05587297906803122
10001,high,impaired,SemiGreedy,,load,0.0318383425362564,0.03976308260084452,0.042835483980445455
10001,high,impaired,Fog-only,,load,0.033682782272801325,0.04186573286728843,0.04425340720007677
10001,high,impaired,DRL-OO-2025,502,load,0.0318383425362564,0.03976308260084452,0.042835483980445455
10001,high,impaired,DRL-OO-2025,502,packet_loss,0.003547615511360001,0.004495580541318578,0.05766136791949939
10001,high,impaired,DRL-OO-2025,502,jitter_s,0.001375952502110244,0.0017318421235072623,0.0460613160677222
10002,high,impaired,DT-KF-CostAware,,load,0.025773669794215533,0.033741334134745386,0.0345674468712574
10002,high,impaired,DT-KF-CostAware,,packet_loss,0.0036698803911543692,0.004758008148628863,0.06120689898198364
10002,high,impaired,DT-KF-CostAware,,jitter_s,0.0015471911194108964,0.0020025758291479464,0.04766019907108171
10002,high,impaired,DT-OPT,,load,0.02606368203926824,0.03350096360053095,0.03492643823599669
10002,high,impaired,DT-OPT,,packet_loss,0.004256471914804806,0.005868462167693227,0.0706946166451771
10002,high,impaired,DT-OPT,,jitter_s,0.0017729791704929397,0.0024349751563205045,0.05406699719677997
10002,high,impaired,SemiGreedy,,load,0.033613897061976254,0.041831724632574674,0.04519879738739228
10002,high,impaired,Fog-only,,load,0.033583176005762064,0.0415533708417549,0.04402002435363339
10002,high,impaired,DRL-OO-2025,503,load,0.033613897061976254,0.041831724632574674,0.04519879738739228
10002,high,impaired,DRL-OO-2025,503,packet_loss,0.0035237530238862373,0.00453100353634214,0.058927241273133306
10002,high,impaired,DRL-OO-2025,503,jitter_s,0.0015280879830882556,0.001966301577913623,0.04723196850234004
10003,high,impaired,DT-KF-CostAware,,load,0.028261122182882133,0.0348047339677932,0.03783608125117963
10003,high,impaired,DT-KF-CostAware,,packet_loss,0.0038197371287079273,0.004821352603907782,0.064009369151829
10003,high,impaired,DT-KF-CostAware,,jitter_s,0.0015521308444782637,0.0019515025994840726,0.05011956216494561
10003,high,impaired,DT-OPT,,load,0.02796722432670232,0.03480811123762166,0.03742608458453328
10003,high,impaired,DT-OPT,,packet_loss,0.004341414179716473,0.005480212492560745,0.07265184735009873
10003,high,impaired,DT-OPT,,jitter_s,0.00174814624880528,0.002186992424894172,0.05651812140999448
10003,high,impaired,SemiGreedy,,load,0.03367164833740884,0.04223912363581276,0.04506490274225502
10003,high,impaired,Fog-only,,load,0.02874280136370322,0.03503887308388367,0.038741063255728916
10003,high,impaired,DRL-OO-2025,504,load,0.03367164833740884,0.04223912363581276,0.04506490274225502
10003,high,impaired,DRL-OO-2025,504,packet_loss,0.003442610243397508,0.004390619808664409,0.057601654626120886
10003,high,impaired,DRL-OO-2025,504,jitter_s,0.0014422982888002923,0.001834318919332398,0.04645593880868818
10004,high,impaired,DT-KF-CostAware,,load,0.027895617017586773,0.03407175317098526,0.037316114451096914
10004,high,impaired,DT-KF-CostAware,,packet_loss,0.0038817595851529134,0.004998198641693898,0.06442423295061062
10004,high,impaired,DT-KF-CostAware,,jitter_s,0.0014518328257407973,0.0018475815740118542,0.050151223179235545
10004,high,impaired,DT-OPT,,load,0.027763007289474572,0.03351313610140307,0.036960845265323464
10004,high,impaired,DT-OPT,,packet_loss,0.004257447742090105,0.005432802172471976,0.07066206688247388
10004,high,impaired,DT-OPT,,jitter_s,0.0015825587659696835,0.001997867941782671,0.054511674255598185
10004,high,impaired,SemiGreedy,,load,0.03506208673847411,0.04185267540980336,0.04671928142626686
10004,high,impaired,Fog-only,,load,0.027021223886502774,0.03285665905119957,0.035798931605897026
10004,high,impaired,DRL-OO-2025,505,load,0.03506208673847411,0.04185267540980336,0.04671928142626686
10004,high,impaired,DRL-OO-2025,505,packet_loss,0.0036229390123291285,0.00457030595647578,0.05986994021695684
10004,high,impaired,DRL-OO-2025,505,jitter_s,0.0013979335085335172,0.001747434910170502,0.04813827550120325
10005,high,impaired,DT-KF-CostAware,,load,0.02941845651941458,0.03711403532241431,0.038563110973811154
10005,high,impaired,DT-KF-CostAware,,packet_loss,0.004002537438891919,0.005109309235449628,0.06439184533897756
10005,high,impaired,DT-KF-CostAware,,jitter_s,0.001550681007851219,0.0019663380230652457,0.050381623076926674
10005,high,impaired,DT-OPT,,load,0.02923763252054456,0.03809981359670444,0.03832115684783061
10005,high,impaired,DT-OPT,,packet_loss,0.004480921556157078,0.00573632728331155,0.07206084141135721
10005,high,impaired,DT-OPT,,jitter_s,0.0017177273427162558,0.002193527559282897,0.05585689305573915
10005,high,impaired,SemiGreedy,,load,0.03618260373668249,0.04688125582479516,0.047782596252198876
10005,high,impaired,Fog-only,,load,0.030385158714227818,0.041039938801578746,0.03964424300938078
10005,high,impaired,DRL-OO-2025,501,load,0.03618260373668249,0.04688125582479516,0.047782596252198876
10005,high,impaired,DRL-OO-2025,501,packet_loss,0.003955402075010781,0.004997529420133599,0.06339471436108358
10005,high,impaired,DRL-OO-2025,501,jitter_s,0.0015716632060785824,0.0019798417172239772,0.05100064318431625
10006,high,impaired,DT-KF-CostAware,,load,0.029457303489210464,0.03602894688408404,0.039734011539895434
10006,high,impaired,DT-KF-CostAware,,packet_loss,0.0036033083382752307,0.004562681767874838,0.06310381923600207
10006,high,impaired,DT-KF-CostAware,,jitter_s,0.0014404488567124434,0.0018138188036999692,0.0493024305256785
10006,high,impaired,DT-OPT,,load,0.028027224310772376,0.03532999416513435,0.037998815465346954
10006,high,impaired,DT-OPT,,packet_loss,0.004147810669984982,0.005291925521794163,0.07239247106201825
10006,high,impaired,DT-OPT,,jitter_s,0.0016445996011755363,0.0020876314513563962,0.056121909307161946
10006,high,impaired,SemiGreedy,,load,0.039140764209502285,0.048006179211472114,0.0525091540083001
10006,high,impaired,Fog-only,,load,0.053584119742105356,0.06473504946313786,0.07459767515964814
10006,high,impaired,DRL-OO-2025,502,load,0.039140764209502285,0.048006179211472114,0.0525091540083001
10006,high,impaired,DRL-OO-2025,502,packet_loss,0.0034642567773381814,0.004331408948139813,0.060774786901618756
10006,high,impaired,DRL-OO-2025,502,jitter_s,0.001433996716222686,0.0017851651896694095,0.049029853713966044
10007,high,impaired,DT-KF-CostAware,,load,0.028546336817969,0.03436209807848007,0.03800375563030112
10007,high,impaired,DT-KF-CostAware,,packet_loss,0.0033748005869887244,0.004388323266303531,0.061219772275079354
10007,high,impaired,DT-KF-CostAware,,jitter_s,0.0014729511728404064,0.0019090545573871285,0.04791826186715891
10007,high,impaired,DT-OPT,,load,0.028575986781271934,0.03367312047961054,0.03808392483730538
10007,high,impaired,DT-OPT,,packet_loss,0.0038594994921464054,0.005205975537548562,0.07042830965709279
10007,high,impaired,DT-OPT,,jitter_s,0.0016697983462224434,0.002252798874989185,0.05424629884716612
10007,high,impaired,SemiGreedy,,load,0.03387395937038703,0.04309562516783304,0.04502910621336805
10007,high,impaired,Fog-only,,load,0.02742331851524584,0.033758403043858555,0.036000839846540296
10007,high,impaired,DRL-OO-2025,503,load,0.03387395937038703,0.04309562516783304,0.04502910621336805
10007,high,impaired,DRL-OO-2025,503,packet_loss,0.0033315364645765087,0.004310867062599022,0.05995530017467731
10007,high,impaired,DRL-OO-2025,503,jitter_s,0.0014804664196808243,0.0019199995306913868,0.04805498371605709
10008,high,impaired,DT-KF-CostAware,,load,0.025628545610260425,0.03216527611251327,0.03415332559789039
10008,high,impaired,DT-KF-CostAware,,packet_loss,0.0036322637685444773,0.004603002454434358,0.06161509718459009
10008,high,impaired,DT-KF-CostAware,,jitter_s,0.0014594340809625178,0.001843309973152129,0.04803491333215254
10008,high,impaired,DT-OPT,,load,0.026284985343693494,0.03213821960687582,0.035084947489384004
10008,high,impaired,DT-OPT,,packet_loss,0.004213473875621312,0.005458247397656456,0.07133284456558744
10008,high,impaired,DT-OPT,,jitter_s,0.0016701578027518487,0.002130305744697674,0.055175052634440704
10008,high,impaired,SemiGreedy,,load,0.03010392694817124,0.03734203040640909,0.040184211962422826
10008,high,impaired,Fog-only,,load,0.02698552764345134,0.03204784785347854,0.03566414831331877
10008,high,impaired,DRL-OO-2025,504,load,0.03010392694817124,0.03734203040640909,0.040184211962422826
10008,high,impaired,DRL-OO-2025,504,packet_loss,0.0035058198749279607,0.004455033446380039,0.059337008780739275
10008,high,impaired,DRL-OO-2025,504,jitter_s,0.0014319106507488782,0.0018127683271813788,0.04715488736740541
10009,high,impaired,DT-KF-CostAware,,load,0.030501445049428783,0.03783665999857243,0.04090743952540749
10009,high,impaired,DT-KF-CostAware,,packet_loss,0.00377519727818519,0.004807304159820993,0.06350987948133223
10009,high,impaired,DT-KF-CostAware,,jitter_s,0.001516267561460102,0.0018875682834161957,0.05023544294497521
10009,high,impaired,DT-OPT,,load,0.028950048648087725,0.036628488243787664,0.03888560323401215
10009,high,impaired,DT-OPT,,packet_loss,0.004201063758133239,0.005369678323703755,0.07054315932519692
10009,high,impaired,DT-OPT,,jitter_s,0.0016669965751444826,0.0020827900823314157,0.05528138400939399
10009,high,impaired,SemiGreedy,,load,0.034701575968159426,0.04517391900176023,0.04649674432907991
10009,high,impaired,Fog-only,,load,0.0299976955284885,0.037675859997962455,0.039961155990617905
10009,high,impaired,DRL-OO-2025,505,load,0.034701575968159426,0.04517391900176023,0.04649674432907991
10009,high,impaired,DRL-OO-2025,505,packet_loss,0.0035034460237046306,0.004452028713646643,0.059040109842736534
10009,high,impaired,DRL-OO-2025,505,jitter_s,0.0014263354085195484,0.0017835013807897758,0.047337542223014124
10010,high,impaired,DT-KF-CostAware,,load,0.029806835360851373,0.03656506826030138,0.04000661432987611
10010,high,impaired,DT-KF-CostAware,,packet_loss,0.003805986140129291,0.004870192742322483,0.06347359183682855
10010,high,impaired,DT-KF-CostAware,,jitter_s,0.0016084336510802735,0.0020534324873350417,0.04960240608004804
10010,high,impaired,DT-OPT,,load,0.02940027327139913,0.03571615782025371,0.039421002171044196
10010,high,impaired,DT-OPT,,packet_loss,0.004444686714140815,0.005774773735276069,0.0739035432712437
10010,high,impaired,DT-OPT,,jitter_s,0.0018682778837512924,0.0024462572392963426,0.05706702404212838
10010,high,impaired,SemiGreedy,,load,0.035845162104591745,0.04359428878371299,0.04805359068075992
10010,high,impaired,Fog-only,,load,0.037625261330018554,0.046317877901613416,0.04912077347467709
10010,high,impaired,DRL-OO-2025,501,load,0.035845162104591745,0.04359428878371299,0.04805359068075992
10010,high,impaired,DRL-OO-2025,501,packet_loss,0.0035638554780293573,0.004600159645425259,0.05910009636280505
10010,high,impaired,DRL-OO-2025,501,jitter_s,0.0015361838080147584,0.001978109205702941,0.04726756172303942
10011,high,impaired,DT-KF-CostAware,,load,0.025944892694043424,0.03271659330900845,0.03454276501575197
10011,high,impaired,DT-KF-CostAware,,packet_loss,0.003623000939094873,0.004594987887702,0.06250919066905537
10011,high,impaired,DT-KF-CostAware,,jitter_s,0.0015304068851470377,0.0019589474357571794,0.04859308653045003
10011,high,impaired,DT-OPT,,load,0.026123201516106594,0.03379420284991454,0.03462708030908509
10011,high,impaired,DT-OPT,,packet_loss,0.004229114601554989,0.005421588027569395,0.07331954331555693
10011,high,impaired,DT-OPT,,jitter_s,0.0017944433813784225,0.0023535509287370775,0.056784220635246324
10011,high,impaired,SemiGreedy,,load,0.03253245678766687,0.041680327060811866,0.0433429833459168
10011,high,impaired,Fog-only,,load,0.03417966681012948,0.04150590994436242,0.04447805266787065
10011,high,impaired,DRL-OO-2025,502,load,0.03253245678766687,0.041680327060811866,0.0433429833459168
10011,high,impaired,DRL-OO-2025,502,packet_loss,0.003507461024857393,0.004399367694969777,0.06046163444768109
10011,high,impaired,DRL-OO-2025,502,jitter_s,0.0015186297708483269,0.0019129061549175727,0.04837255630682564
10012,high,impaired,DT-KF-CostAware,,load,0.028402040984963014,0.03570481356292114,0.0381141675381716
10012,high,impaired,DT-KF-CostAware,,packet_loss,0.003854833689941859,0.004884889739052353,0.06356670659983252
10012,high,impaired,DT-KF-CostAware,,jitter_s,0.001539784905927782,0.001953951669634664,0.04970492585624484
10012,high,impaired,DT-OPT,,load,0.02874209469756413,0.036048237134766244,0.038587138473290185
10012,high,impaired,DT-OPT,,packet_loss,0.004327707860417511,0.005433265092330126,0.07172341616886005
10012,high,impaired,DT-OPT,,jitter_s,0.0017233032989713687,0.0021725835741394704,0.055670205956875864
10012,high,impaired,SemiGreedy,,load,0.032991615889621406,0.04050757166039784,0.04436562603247712
10012,high,impaired,Fog-only,,load,0.032730578387582684,0.0416087543459575,0.04298344868820643
10012,high,impaired,DRL-OO-2025,503,load,0.032991615889621406,0.04050757166039784,0.04436562603247712
10012,high,impaired,DRL-OO-2025,503,packet_loss,0.0034666803728606523,0.004444234634732002,0.05711871191557779
10012,high,impaired,DRL-OO-2025,503,jitter_s,0.001417117026518494,0.0018240869962837813,0.045586829869848945
10013,high,impaired,DT-KF-CostAware,,load,0.02793053937286768,0.036385840843757546,0.03720664782044233
10013,high,impaired,DT-KF-CostAware,,packet_loss,0.003898819797583757,0.005070239245667835,0.06479627054978165
10013,high,impaired,DT-KF-CostAware,,jitter_s,0.001623624904521714,0.002100412397747916,0.05076514042279434
10013,high,impaired,DT-OPT,,load,0.027907811807598805,0.036260129939246974,0.03718208310004472
10013,high,impaired,DT-OPT,,packet_loss,0.004743660810294458,0.00634420120216321,0.07906812337553619
10013,high,impaired,DT-OPT,,jitter_s,0.001948584824171412,0.0025995439293301247,0.06081301607575574
10013,high,impaired,SemiGreedy,,load,0.03703072052929886,0.04663353729606093,0.04943085509597072
10013,high,impaired,Fog-only,,load,0.030046042074067452,0.03835785810013261,0.04036303713762785
10013,high,impaired,DRL-OO-2025,504,load,0.03703072052929886,0.04663353729606093,0.04943085509597072
10013,high,impaired,DRL-OO-2025,504,packet_loss,0.003619894158717103,0.004750270470543554,0.06040351417676483
10013,high,impaired,DRL-OO-2025,504,jitter_s,0.0015627574804685756,0.002037141133147413,0.04899723724137156
10014,high,impaired,DT-KF-CostAware,,load,0.03229092169748411,0.04042624519410206,0.04312177141717092
10014,high,impaired,DT-KF-CostAware,,packet_loss,0.004001686105717708,0.004985713234544166,0.06707848265070278
10014,high,impaired,DT-KF-CostAware,,jitter_s,0.0017028550226924238,0.0021116491398012653,0.052761404535126295
10014,high,impaired,DT-OPT,,load,0.03360038501406218,0.04270659683309182,0.04504459686728327
10014,high,impaired,DT-OPT,,packet_loss,0.00461469080200017,0.005831770595812265,0.0774154488992039
10014,high,impaired,DT-OPT,,jitter_s,0.0019471361657795881,0.002435077875014907,0.060295232627019836
10014,high,impaired,SemiGreedy,,load,0.038312963673325914,0.04643655953896483,0.05103219118046619
10014,high,impaired,Fog-only,,load,0.03406075598054315,0.0424275560271101,0.044952743768517586
10014,high,impaired,DRL-OO-2025,505,load,0.038312963673325914,0.04643655953896483,0.05103219118046619
10014,high,impaired,DRL-OO-2025,505,packet_loss,0.00366512941686617,0.004642899937148624,0.0612599851989855
10014,high,impaired,DRL-OO-2025,505,jitter_s,0.0016051039477524571,0.002022760469570357,0.049467204742512996
10015,high,impaired,DT-KF-CostAware,,load,0.030042408603655795,0.03844218642535869,0.040267711505548656
10015,high,impaired,DT-KF-CostAware,,packet_loss,0.0042631471947499324,0.005385386038235137,0.065840555534748
10015,high,impaired,DT-KF-CostAware,,jitter_s,0.0016391649418947705,0.0020694520307085813,0.051444523587533444
10015,high,impaired,DT-OPT,,load,0.031968189545723315,0.04082424300464749,0.042290261442418986
10015,high,impaired,DT-OPT,,packet_loss,0.004954300028717939,0.006222032606353888,0.07656261740582272
10015,high,impaired,DT-OPT,,jitter_s,0.0019034265062762503,0.002395561386576018,0.05948120738096637
10015,high,impaired,SemiGreedy,,load,0.037382457718048934,0.046956429460035906,0.05035295905015298
10015,high,impaired,Fog-only,,load,0.03627990832634439,0.04928731032863236,0.0475012546990189
10015,high,impaired,DRL-OO-2025,501,load,0.037382457718048934,0.046956429460035906,0.05035295905015298
10015,high,impaired,DRL-OO-2025,501,packet_loss,0.004057958726966368,0.005165646724584408,0.06230887089249823
10015,high,impaired,DRL-OO-2025,501,jitter_s,0.001601911907215742,0.0020248783229047215,0.05023278726166313
10016,high,impaired,DT-KF-CostAware,,load,0.027643571698936758,0.03488206940243907,0.036957900117940375
10016,high,impaired,DT-KF-CostAware,,packet_loss,0.0037131998433810125,0.004704970997827434,0.06203111363151056
10016,high,impaired,DT-KF-CostAware,,jitter_s,0.0014423229434675274,0.0018105581616499294,0.048122491762959185
10016,high,impaired,DT-OPT,,load,0.027042018787050124,0.033700165428428,0.03617632939290294
10016,high,impaired,DT-OPT,,packet_loss,0.004110440824179124,0.005195719310635404,0.06880148696246878
10016,high,impaired,DT-OPT,,jitter_s,0.0015738988934638908,0.0019664808463310205,0.05276578302258252
10016,high,impaired,SemiGreedy,,load,0.033177815337382364,0.044001380410780846,0.04435466713050743
10016,high,impaired,Fog-only,,load,0.02914173536931988,0.03565836078315283,0.03832441416422154
10016,high,impaired,DRL-OO-2025,502,load,0.033177815337382364,0.044001380410780846,0.04435466713050743
10016,high,impaired,DRL-OO-2025,502,packet_loss,0.003544203517656303,0.004522159458431213,0.0587936122126526
10016,high,impaired,DRL-OO-2025,502,jitter_s,0.0014163096303871346,0.0017896376418018011,0.047105230114212936
10017,high,impaired,DT-KF-CostAware,,load,0.032006987515945794,0.038628356092181355,0.042794403260923264
10017,high,impaired,DT-KF-CostAware,,packet_loss,0.0036320680062183436,0.004606184045413985,0.06060277588891451
10017,high,impaired,DT-KF-CostAware,,jitter_s,0.0015092452495135361,0.0019010574681057122,0.04755822858326837
10017,high,impaired,DT-OPT,,load,0.03177223513171359,0.03942505254088802,0.04232027756682794
10017,high,impaired,DT-OPT,,packet_loss,0.0041088179849578955,0.005213771522665093,0.06856534076590945
10017,high,impaired,DT-OPT,,jitter_s,0.0016879050425695629,0.002117079753029493,0.053334841126132175
10017,high,impaired,SemiGreedy,,load,0.03649597056743787,0.04400835676392129,0.04902725446046784
10017,high,impaired,Fog-only,,load,0.03851228201906755,0.0487744036303804,0.049990595217406196
10017,high,impaired,DRL-OO-2025,503,load,0.03649597056743787,0.04400835676392129,0.04902725446046784
10017,high,impaired,DRL-OO-2025,503,packet_loss,0.0035707235202432634,0.004515764953394996,0.05949295894796211
10017,high,impaired,DRL-OO-2025,503,jitter_s,0.0015254725215439562,0.0019145350089570566,0.04790666517906125
10018,high,impaired,DT-KF-CostAware,,load,0.03155472313987107,0.038178243530165516,0.04235262674431622
10018,high,impaired,DT-KF-CostAware,,packet_loss,0.0039007412290155605,0.004904345114862938,0.06381500349453673
10018,high,impaired,DT-KF-CostAware,,jitter_s,0.0016589982376447846,0.0021143564056804744,0.05009864885403532
10018,high,impaired,DT-OPT,,load,0.030422163207235526,0.0375223244401933,0.04088139770707306
10018,high,impaired,DT-OPT,,packet_loss,0.004391695705586512,0.005571632339015671,0.07198828218542222
10018,high,impaired,DT-OPT,,jitter_s,0.001837956285662176,0.0023621217238873706,0.055727358657989515
10018,high,impaired,SemiGreedy,,load,0.040070708178282184,0.04931344957143773,0.0537957202960954
10018,high,impaired,Fog-only,,load,0.02914150495658144,0.036969663925378024,0.0390282167007402
10018,high,impaired,DRL-OO-2025,504,load,0.040070708178282184,0.04931344957143773,0.0537957202960954
10018,high,impaired,DRL-OO-2025,504,packet_loss,0.003803446120270393,0.004832650001357958,0.062103014738247364
10018,high,impaired,DRL-OO-2025,504,jitter_s,0.0016697702800587604,0.002134568204934698,0.050490462748888416
10019,high,impaired,DT-KF-CostAware,,load,0.02853758272600702,0.03481389036616742,0.038142272854556854
10019,high,impaired,DT-KF-CostAware,,packet_loss,0.00391250631791057,0.004909651635259478,0.06381630342626442
10019,high,impaired,DT-KF-CostAware,,jitter_s,0.0016132433595290785,0.002026242826969796,0.04964205572098546
10019,high,impaired,DT-OPT,,load,0.029200444233362634,0.03555917930162902,0.03876821035087145
10019,high,impaired,DT-OPT,,packet_loss,0.004425583979395491,0.005533342736746936,0.07206868277945944
10019,high,impaired,DT-OPT,,jitter_s,0.0018087145162303641,0.002265633368866632,0.05576083495351898
10019,high,impaired,SemiGreedy,,load,0.035615817101876314,0.04355187097068538,0.047809283970983336
10019,high,impaired,Fog-only,,load,0.049053309950282245,0.06221658785928497,0.06290744804505467
10019,high,impaired,DRL-OO-2025,505,load,0.035615817101876314,0.04355187097068538,0.047809283970983336
10019,high,impaired,DRL-OO-2025,505,packet_loss,0.003784679611026035,0.004756517707541385,0.06186673348759931
10019,high,impaired,DRL-OO-2025,505,jitter_s,0.0016074159209039463,0.002015345366912834,0.04951647260024592
10020,high,impaired,DT-KF-CostAware,,load,0.030867968530611863,0.03787351772826244,0.041006328160426916
10020,high,impaired,DT-KF-CostAware,,packet_loss,0.003972347823175599,0.005002070089105831,0.06625164266905488
10020,high,impaired,DT-KF-CostAware,,jitter_s,0.0016219415998942523,0.002034368470563498,0.05157560084305363
10020,high,impaired,DT-OPT,,load,0.03488339383537424,0.04233246261414112,0.04636053102046589
10020,high,impaired,DT-OPT,,packet_loss,0.004625681486410718,0.0057700297642268306,0.07684064021119695
10020,high,impaired,DT-OPT,,jitter_s,0.001882686277071204,0.002325299245232256,0.0599018809477441
10020,high,impaired,SemiGreedy,,load,0.03765884959995407,0.044959338577697176,0.050381088665254606
10020,high,impaired,Fog-only,,load,0.04143377980762468,0.0517951577261116,0.05404944042384163
10020,high,impaired,DRL-OO-2025,501,load,0.03765884959995407,0.044959338577697176,0.050381088665254606
10020,high,impaired,DRL-OO-2025,501,packet_loss,0.003727007251636762,0.004711167461647299,0.06250741245665552
10020,high,impaired,DRL-OO-2025,501,jitter_s,0.0015696344144081854,0.0019752592300047844,0.050028399750088395
10021,high,impaired,DT-KF-CostAware,,load,0.02822018137195644,0.03551165027761093,0.03805955113956764
10021,high,impaired,DT-KF-CostAware,,packet_loss,0.0038516841184719603,0.004866721098495726,0.06523189217834727
10021,high,impaired,DT-KF-CostAware,,jitter_s,0.0016033402450619735,0.0020370201487795734,0.05056333543586501
10021,high,impaired,DT-OPT,,load,0.028970010517430884,0.03535834964545817,0.039002124563420594
10021,high,impaired,DT-OPT,,packet_loss,0.0044856444786281905,0.005706471326013632,0.07586868334110317
10021,high,impaired,DT-OPT,,jitter_s,0.0018560295393621573,0.0023610699590469633,0.058524093060253926
10021,high,impaired,SemiGreedy,,load,0.036047819917197424,0.04519288374235627,0.04843726858455426
10021,high,impaired,Fog-only,,load,0.035020571338224483,0.04140032358557414,0.04620575202120233
10021,high,impaired,DRL-OO-2025,502,load,0.036047819917197424,0.04519288374235627,0.04843726858455426
10021,high,impaired,DRL-OO-2025,502,packet_loss,0.0036987702114229574,0.004680372365381623,0.062369588450597334
10021,high,impaired,DRL-OO-2025,502,jitter_s,0.001589604748396804,0.00202107526195822,0.049922669731382166
10022,high,impaired,DT-KF-CostAware,,load,0.02681850582941062,0.034501493318826834,0.03631434901103588
10022,high,impaired,DT-KF-CostAware,,packet_loss,0.003877806219633996,0.00499245509525558,0.06287816812356624
10022,high,impaired,DT-KF-CostAware,,jitter_s,0.0015946561919399774,0.0020317062585783947,0.048969025671175254
10022,high,impaired,DT-OPT,,load,0.025443432551359207,0.03331131526231196,0.03449756033022623
10022,high,impaired,DT-OPT,,packet_loss,0.0044051338552801534,0.0057372528995576705,0.07139892377609146
10022,high,impaired,DT-OPT,,jitter_s,0.0017927448024877396,0.0022983214414685647,0.055121142096005625
10022,high,impaired,SemiGreedy,,load,0.0344418011863683,0.043457849071677115,0.04671950811262807
10022,high,impaired,Fog-only,,load,0.026024197474167295,0.03394596353586496,0.035660703718688035
10022,high,impaired,DRL-OO-2025,503,load,0.0344418011863683,0.043457849071677115,0.04671950811262807
10022,high,impaired,DRL-OO-2025,503,packet_loss,0.0037643020121771583,0.004796001512844953,0.06040694859115722
10022,high,impaired,DRL-OO-2025,503,jitter_s,0.0015835004460909052,0.0020076398829895273,0.04831510230760286
10023,high,impaired,DT-KF-CostAware,,load,0.028023289895030643,0.034252011960581294,0.03711756436738961
10023,high,impaired,DT-KF-CostAware,,packet_loss,0.00418368844771205,0.005574791975446851,0.06509099623135806
10023,high,impaired,DT-KF-CostAware,,jitter_s,0.0016538471777815876,0.00214198097266419,0.05068590741192445
10023,high,impaired,DT-OPT,,load,0.028016651812238638,0.03440837853285585,0.037272780107184836
10023,high,impaired,DT-OPT,,packet_loss,0.005279576743025816,0.007683830360603379,0.08181407842510136
10023,high,impaired,DT-OPT,,jitter_s,0.0020289611195511365,0.0028222669992614964,0.062465339868270554
10023,high,impaired,SemiGreedy,,load,0.03431868922744517,0.04180464573952249,0.0455099835357541
10023,high,impaired,Fog-only,,load,0.03498904544719599,0.04096029152022006,0.04744030159128833
10023,high,impaired,DRL-OO-2025,504,load,0.03431868922744517,0.04180464573952249,0.0455099835357541
10023,high,impaired,DRL-OO-2025,504,packet_loss,0.003924607608357916,0.005280814836079499,0.06110922035339607
10023,high,impaired,DRL-OO-2025,504,jitter_s,0.0015938331807435924,0.002091555863705512,0.04864708177193463
10024,high,impaired,DT-KF-CostAware,,load,0.03263744180240085,0.04045797630909717,0.04323170305695042
10024,high,impaired,DT-KF-CostAware,,packet_loss,0.004000837896394131,0.005141373723972046,0.06521340555601306
10024,high,impaired,DT-KF-CostAware,,jitter_s,0.0017304418519012053,0.0022173270881165976,0.05133229639401085
10024,high,impaired,DT-OPT,,load,0.03273084623699798,0.04087019505073118,0.043249248147846066
10024,high,impaired,DT-OPT,,packet_loss,0.004613936594154126,0.005990606570644027,0.07517221489953153
10024,high,impaired,DT-OPT,,jitter_s,0.0019846975164219067,0.0025618284951598254,0.058965341832238366
10024,high,impaired,SemiGreedy,,load,0.04369073413962877,0.052668971357379746,0.057787892835356666
10024,high,impaired,Fog-only,,load,0.03144603037259273,0.040940820473124626,0.0408769399350214
10024,high,impaired,DRL-OO-2025,505,load,0.04369073413962877,0.052668971357379746,0.057787892835356666
10024,high,impaired,DRL-OO-2025,505,packet_loss,0.003892259947397145,0.00494110502616013,0.06313172227107659
10024,high,impaired,DRL-OO-2025,505,jitter_s,0.0017415668241234543,0.0021938295882715157,0.051619925898446155
10025,high,impaired,DT-KF-CostAware,,load,0.029765568956001787,0.03648912668941644,0.03987045235062075
10025,high,impaired,DT-KF-CostAware,,packet_loss,0.004121202146110985,0.005174815382594675,0.06675776481561221
10025,high,impaired,DT-KF-CostAware,,jitter_s,0.0016744120283523603,0.002097403815075201,0.05200294928625291
10025,high,impaired,DT-OPT,,load,0.031897735137508675,0.038881154856145385,0.04247966625429687
10025,high,impaired,DT-OPT,,packet_loss,0.004777797677598617,0.006082746732752504,0.0775699407747522
10025,high,impaired,DT-OPT,,jitter_s,0.001897802355816707,0.002398379183740197,0.059165722944089984
10025,high,impaired,SemiGreedy,,load,0.0384214504553266,0.04757069446357968,0.0513610867431733
10025,high,impaired,Fog-only,,load,0.04201013808583847,0.052505178609466005,0.05452118176059155
10025,high,impaired,DRL-OO-2025,501,load,0.0384214504553266,0.04757069446357968,0.0513610867431733
10025,high,impaired,DRL-OO-2025,501,packet_loss,0.003707440089145537,0.004681180334400386,0.059835734329147156
10025,high,impaired,DRL-OO-2025,501,jitter_s,0.0015763434113657236,0.0019907312043624783,0.04849266778377483
10026,high,impaired,DT-KF-CostAware,,load,0.02842339638188789,0.03787285229751133,0.03772949878789036
10026,high,impaired,DT-KF-CostAware,,packet_loss,0.004135032513392632,0.00525287683538772,0.06906501650948196
10026,high,impaired,DT-KF-CostAware,,jitter_s,0.0017255904458658984,0.002210686273625294,0.05406293273116015
10026,high,impaired,DT-OPT,,load,0.027622744179577607,0.03660653660290978,0.03661413063445518
10026,high,impaired,DT-OPT,,packet_loss,0.0046395326520220674,0.00601122333549842,0.07765413449102511
10026,high,impaired,DT-OPT,,jitter_s,0.0019277968414493838,0.002499862620740175,0.06033057852860575
10026,high,impaired,SemiGreedy,,load,0.03828222869081448,0.049459670750911205,0.05083015059367979
10026,high,impaired,Fog-only,,load,0.029066615415314547,0.037410438716540255,0.038024589628333764
10026,high,impaired,DRL-OO-2025,502,load,0.03828222869081448,0.049459670750911205,0.05083015059367979
10026,high,impaired,DRL-OO-2025,502,packet_loss,0.003842850562076744,0.004936694643130855,0.0641125642007935
10026,high,impaired,DRL-OO-2025,502,jitter_s,0.001664939057665447,0.0021482269412987378,0.05210535115483272
10027,high,impaired,DT-KF-CostAware,,load,0.028789133344508687,0.03659757651422543,0.038590867670607584
10027,high,impaired,DT-KF-CostAware,,packet_loss,0.003849310541624112,0.004851545293114731,0.06425445788258767
10027,high,impaired,DT-KF-CostAware,,jitter_s,0.0015461254929544472,0.0019445303513370897,0.05022617740322576
10027,high,impaired,DT-OPT,,load,0.029019490909733638,0.03685905103236066,0.03877348289091741
10027,high,impaired,DT-OPT,,packet_loss,0.004355588901380892,0.005480472404232125,0.0727035420482957
10027,high,impaired,DT-OPT,,jitter_s,0.0017309235385246516,0.0021637411137050964,0.05641508167080043
10027,high,impaired,SemiGreedy,,load,0.03398551994462528,0.04276427548537241,0.0456726680113742
10027,high,impaired,Fog-only,,load,0.02845312385504908,0.036978149560331124,0.03786181833046315
10027,high,impaired,DRL-OO-2025,503,load,0.03398551994462528,0.04276427548537241,0.0456726680113742
10027,high,impaired,DRL-OO-2025,503,packet_loss,0.003604023396695821,0.004539995022786398,0.05996319434066987
10027,high,impaired,DRL-OO-2025,503,jitter_s,0.0014827014498090532,0.0018676317220696526,0.04797440590139761
10028,high,impaired,DT-KF-CostAware,,load,0.03065470796379585,0.03626982450091812,0.04083962187207405
10028,high,impaired,DT-KF-CostAware,,packet_loss,0.003700635877801105,0.0046204206703899416,0.06393100492998675
10028,high,impaired,DT-KF-CostAware,,jitter_s,0.0015902344470819132,0.001990289812395977,0.04987296941221306
10028,high,impaired,DT-OPT,,load,0.03034030589644181,0.03580742105455831,0.04054903847568477
10028,high,impaired,DT-OPT,,packet_loss,0.004088517510605492,0.0052433327812173615,0.07130491067940661
10028,high,impaired,DT-OPT,,jitter_s,0.001743431653142652,0.00221916346841064,0.055149390844657094
10028,high,impaired,SemiGreedy,,load,0.04036120434777697,0.04913116493187915,0.05374347495959397
10028,high,impaired,Fog-only,,load,0.02960915951449481,0.03529353845486129,0.040012443318384404
10028,high,impaired,DRL-OO-2025,504,load,0.04036120434777697,0.04913116493187915,0.05374347495959397
10028,high,impaired,DRL-OO-2025,504,packet_loss,0.0036666553721947485,0.00471347555512157,0.06283051038565085
10028,high,impaired,DRL-OO-2025,504,jitter_s,0.0016216827733276887,0.0020987720683289667,0.050631941159974186
10029,high,impaired,DT-KF-CostAware,,load,0.028562839391408756,0.03644437616173845,0.03820939931333822
10029,high,impaired,DT-KF-CostAware,,packet_loss,0.003935989670856903,0.005066139807351341,0.0652926886117332
10029,high,impaired,DT-KF-CostAware,,jitter_s,0.001574578141191123,0.002000107321102831,0.051143577984465914
10029,high,impaired,DT-OPT,,load,0.028675371172082766,0.036375963803552215,0.038459611047541996
10029,high,impaired,DT-OPT,,packet_loss,0.00457959253721162,0.005966427038469115,0.07600289205418578
10029,high,impaired,DT-OPT,,jitter_s,0.0018068004885045987,0.0023255676759641806,0.05876842913075392
10029,high,impaired,SemiGreedy,,load,0.03433166561122381,0.0426589911758851,0.04584876955722946
10029,high,impaired,Fog-only,,load,0.027466313842432182,0.03546062276040018,0.03670619006879424
10029,high,impaired,DRL-OO-2025,505,load,0.03433166561122381,0.0426589911758851,0.04584876955722946
10029,high,impaired,DRL-OO-2025,505,packet_loss,0.0034961199231692028,0.004511627096272357,0.05808197888372348
10029,high,impaired,DRL-OO-2025,505,jitter_s,0.0014342241764692715,0.0018318159495558845,0.04652271374131821
