seed,load,algorithm,arrived_tasks,completed_tasks,mean_latency_ms,p95_latency_ms,dmr_pct,throughput_tasks_s,energy_j,monetary_cost,run_cost_index,fairness,rejection_rate_pct,local_pct,fog_pct,cloud_pct,decision_median_us,decision_p95_us,decision_p99_us,cpu_s,cpu_utilization_pct,wall_s,peak_memory_kib,simulator_throughput_tasks_s
2000,low,Full,465,464,215.81903872980047,493.69258865136715,0.0,5.155555555555556,108.64493986128483,3.9264758109029114,0.24537913234519165,0.47395731998514246,0.0,0.0,99.78494623655914,0.21505376344086022,181.2,339.2250000000001,427.391,0.21875,97.77620045008217,0.22372519999044016,nan,2520.949808175833
2000,low,No-Kalman,465,464,216.1275877653565,493.69258865136715,0.0,5.155555555555556,108.38096886483063,3.9202067874092252,0.24546321782980438,0.4782374935303671,0.0,0.0,99.78494623655914,0.21505376344086022,192.5,396.56000000000006,520.0940000000002,0.25,102.07406330761441,0.24492019999888726,nan,2302.7908682197813
2000,low,No-DT-state,465,464,416.1715698504367,1315.9673043086952,21.93548387096774,5.155555555555556,104.78548458152326,3.9688663892769585,0.3294564855497098,0.24664836479782035,0.0,0.0,99.78494623655914,0.21505376344086022,200.7,398.925,488.86300000000006,0.21875,94.01436840628982,0.23267719999421388,nan,2423.9590299953124
2000,low,No-LHS,465,464,215.81903872980047,493.69258865136715,0.0,5.155555555555556,108.64493986128483,3.9264758109029114,0.24537913234519165,0.47395731998514246,0.0,0.0,99.78494623655914,0.21505376344086022,198.05,418.12000000000006,677.414,0.25,99.68213361727601,0.25079719998757355,nan,2248.8289344057466
2000,low,No-cost,465,463,227.4464899683308,505.7267423340885,0.0,5.144444444444445,87.90936342701198,4.308354106384935,0.22417952688451448,0.45205862419518805,0.0,0.0,99.78494623655914,0.21505376344086022,183.7,368.4500000000003,548.26,0.203125,88.05988202210182,0.23066689999541268,nan,2445.0842318998366
2000,low,No-admission,465,463,265.49260071025236,655.5035438716599,0.43010752688172044,5.144444444444445,67.92832340927546,3.457956337605482,0.25464855692865385,0.3947747396025163,0.0,0.0,100.0,0.0,185.5,333.3350000000001,557.1080000000002,0.21875,99.5630603955983,0.2197100000048522,nan,2567.020162885369
2000,low,No-EDF,465,464,215.5781806477713,493.69258865136715,0.0,5.155555555555556,108.486770169557,3.922936551534129,0.2449740180447135,0.4781521564568798,0.0,0.0,99.78494623655914,0.21505376344086022,164.95,310.6800000000001,526.5170000000002,0.1875,92.95643094750672,0.2017074000032153,nan,2796.129442901002
2001,low,Full,443,441,218.14155956608917,532.3381153819582,0.9029345372460497,4.9,108.59971495113172,3.660346453467138,0.24958810647648974,0.356197526703688,0.0,0.0,100.0,0.0,163.5,221.2399999999999,371.794,0.1875,100.58575781835063,0.18640809998032637,nan,2891.505251418186
2001,low,No-Kalman,443,441,218.06144756740534,532.3381153819582,0.9029345372460497,4.9,108.66608857771465,3.6598146882690314,0.24973170633508432,0.3549493349296967,0.0,0.0,100.0,0.0,161.2,374.12999999999994,655.6000000000001,0.21875,83.41465070649514,0.2622440999839455,nan,2055.33699340804
2001,low,No-DT-state,443,435,651.8633172339732,1735.546845427398,42.21218961625282,4.833333333333333,104.0708583504862,3.435523079768904,0.3819218210887242,0.17861525391731167,0.0,0.0,100.0,0.0,180.2,292.6299999999999,494.3660000000001,0.203125,107.26321827065833,0.18937059998279437,nan,2846.270751895869
2001,low,No-LHS,443,441,218.14155956608917,532.3381153819582,0.9029345372460497,4.9,108.59971495113172,3.660346453467138,0.24958810647648974,0.356197526703688,0.0,0.0,100.0,0.0,172.1,316.21999999999997,459.724,0.1875,92.64300869386042,0.20238979998975992,nan,2663.1776899195074
2001,low,No-cost,443,441,226.8388542519729,544.7427783543062,1.3544018058690745,4.9,98.06846044532368,4.307141940743931,0.23955957200751676,0.42822887491412565,0.0,0.0,100.0,0.0,165.2,273.71999999999997,435.25800000000004,0.1875,95.97046873906918,0.19537259999196976,nan,2758.831074685775
2001,low,No-admission,443,440,234.18179058857564,563.7323045151549,0.9029345372460497,4.888888888888889,96.72324016279595,3.485337838532665,0.25276161311548173,0.36793772425956334,0.0,0.0,100.0,0.0,170.2,279.6599999999999,568.504,0.1875,97.46710290596306,0.19237259999499656,nan,2801.854318203418
2001,low,No-EDF,443,442,211.41284505879057,500.68356704441817,0.0,4.911111111111111,108.61945792161369,3.6594945727674304,0.24705827486292772,0.36222522175086774,0.0,0.0,100.0,0.0,157.4,267.47999999999996,446.744,0.171875,94.98034078820899,0.18095850001554936,nan,2978.5834871182337
2002,low,Full,462,462,214.96893925153336,471.79314070801263,0.4329004329004329,5.133333333333334,108.2850118380344,3.6665471118846464,0.2530979552350704,0.35261815394375134,0.0,0.0,100.0,0.0,156.9,239.28999999999957,382.46599999999756,0.1875,97.53686893900496,0.19223499999498017,nan,3027.5444118667137
2002,low,No-Kalman,462,462,214.46755933487114,471.79314070801263,0.4329004329004329,5.133333333333334,108.22573209604894,3.6672854990158608,0.25262199081920206,0.3530287392823118,0.0,0.0,100.0,0.0,159.75,309.7199999999999,455.75999999999976,0.203125,98.31676850902983,0.20660260002478026,nan,2817.00230263411
2002,low,No-DT-state,462,459,984.5009472840871,2805.2250331607584,52.5974025974026,5.1,121.88795877998984,3.2668553042518114,0.4132073752418619,0.1651508832880767,0.0,0.0,100.0,0.0,161.8,287.8149999999988,415.7339999999977,0.171875,93.56445318366544,0.18369689999963157,nan,3168.2625019865186
2002,low,No-LHS,462,462,214.96893925153336,471.79314070801263,0.4329004329004329,5.133333333333334,108.2850118380344,3.6665471118846464,0.2530979552350704,0.35261815394375134,0.0,0.0,100.0,0.0,161.3,273.1349999999995,466.12399999999707,0.1875,93.95194971695012,0.19957009999779984,nan,2916.268519214132
2002,low,No-cost,462,462,225.09865048993754,461.7242973670481,0.21645021645021645,5.133333333333334,88.41484305556781,4.351637785034691,0.2529450288939372,0.36083987016499863,0.0,0.0,100.0,0.0,157.3,235.04999999999967,403.3189999999988,0.1875,97.20445181094115,0.19289239999488927,nan,3017.2261842116136
2002,low,No-admission,462,462,223.7790313381854,473.0463836411823,0.21645021645021645,5.133333333333334,97.34156306631213,3.732335812211472,0.2504056318370528,0.34478948592695974,0.0,0.0,100.0,0.0,168.5,272.40499999999986,373.96899999999795,0.203125,100.84248465937802,0.20142800000030547,nan,2889.369898917317
2002,low,No-EDF,462,462,210.59221789040745,425.13396410438054,0.0,5.133333333333334,107.95700299322702,3.6684731746669748,0.2500428295351525,0.357034846376191,0.0,0.0,100.0,0.0,153.45,250.02999999999963,399.74999999999204,0.203125,107.47542151884852,0.18899670001701452,nan,3079.418846718515
2003,low,Full,475,474,206.0363737738986,442.8927993954108,0.21052631578947367,5.266666666666667,97.63416375574421,3.342277815523234,0.23403570813393632,0.3078158223547206,0.0,0.0,100.0,0.0,159.1,278.0799999999999,456.20800000000065,0.203125,103.93007916264101,0.1954439000110142,nan,2901.0882405030134
2003,low,No-Kalman,475,474,206.08861304198734,442.8927993954108,0.21052631578947367,5.266666666666667,97.7180288092762,3.3392691206201834,0.23403836122847715,0.30868193708645664,0.0,0.0,100.0,0.0,159.3,268.3799999999998,545.3520000000004,0.1875,96.00550533870071,0.19530130000202917,nan,2903.2064814423093
2003,low,No-DT-state,475,468,1648.6798551571248,3798.6512087468004,85.47368421052632,5.2,93.29158992683152,3.3466927468725665,0.4495421823579672,0.125,0.0,0.0,100.0,0.0,157.2,269.8699999999997,433.6800000000005,0.1875,106.69564995593137,0.1757334999856539,nan,3226.4764546673646
2003,low,No-LHS,475,474,206.0363737738986,442.8927993954108,0.21052631578947367,5.266666666666667,97.63416375574421,3.342277815523234,0.23403570813393632,0.3078158223547206,0.0,0.0,100.0,0.0,159.4,300.6899999999996,493.1320000000009,0.203125,103.27600381387337,0.19668170000659302,nan,2882.83048184449
2003,low,No-cost,475,474,207.9954425139679,442.8927993954108,0.0,5.266666666666667,89.06637229074889,3.713676649108465,0.23195887495026257,0.3157690577917697,0.0,0.0,100.0,0.0,159.4,275.9199999999997,534.236,0.1875,95.6030743886863,0.19612340000458062,nan,2891.036969513874
2003,low,No-admission,475,474,207.3816016884361,442.8927993954108,0.0,5.266666666666667,96.31130857348067,3.328424060819893,0.2345899055973614,0.30523976175984696,0.0,0.0,100.0,0.0,171.0,306.24999999999994,387.64000000000004,0.203125,99.1991303189889,0.2047649000014644,nan,2769.029262319592
2003,low,No-EDF,475,474,203.18550957144978,438.7925608630092,0.0,5.266666666666667,97.57430261340907,3.3469245011326008,0.2319456593715831,0.30911682479582625,0.0,0.0,100.0,0.0,158.3,230.98999999999995,418.05400000000026,0.171875,91.81219511327161,0.18720280000707135,nan,3028.8008511549097
2004,low,Full,411,411,221.08701260577976,452.7375892849932,0.24330900243309003,4.566666666666666,113.15735032472885,3.16309922502303,0.2377586398962973,0.32666230913225763,0.0,0.0,100.0,0.0,157.7,262.53999999999996,385.4880000000007,0.171875,101.16899857451412,0.169889000011608,nan,2996.073906875793
2004,low,No-Kalman,411,411,221.35040295389865,452.7375892849932,0.24330900243309003,4.566666666666666,112.73657510718085,3.166396418977146,0.23782512528817643,0.33195184643682496,0.0,0.0,100.0,0.0,155.7,262.6199999999999,465.72400000000073,0.171875,101.97137740162015,0.16855220001889393,nan,3019.835991122889
2004,low,No-DT-state,411,408,836.825303319908,2395.0458470631165,55.71776155717762,4.533333333333333,138.61599273060943,2.8258345747074856,0.4042025144860942,0.13393236441343442,0.0,0.0,100.0,0.0,156.0,268.8,485.50800000000146,0.15625,99.71677245477576,0.15669380000326782,nan,3248.3735794867753
2004,low,No-LHS,411,411,221.08701260577976,452.7375892849932,0.24330900243309003,4.566666666666666,113.15735032472885,3.16309922502303,0.2377586398962973,0.32666230913225763,0.0,0.0,100.0,0.0,155.3,265.29999999999995,443.5040000000005,0.171875,100.60665447068187,0.17083859999547713,nan,2979.420341851757
2004,low,No-cost,411,411,251.98154580409218,517.3209393887462,0.24330900243309003,4.566666666666666,70.24639062514021,4.047349978021739,0.2338843212396106,0.381033982519131,0.0,0.0,99.7566909975669,0.24330900243309003,158.9,277.05999999999995,429.4960000000003,0.171875,99.96394027670893,0.1719370000064373,nan,2960.3866531400636
2004,low,No-admission,411,411,245.076491048042,515.4270598950461,0.0,4.566666666666666,83.18359723065855,3.3927660398850774,0.24744986762951168,0.4171218466644278,0.0,0.0,100.0,0.0,165.7,271.7799999999996,472.7280000000002,0.171875,98.77254814292316,0.174010900023859,nan,2925.104116639877
2004,low,No-EDF,411,411,219.40150647640695,442.0908335689227,0.0,4.566666666666666,112.87737374460346,3.16772314976694,0.23592191795482806,0.332181625108157,0.0,0.0,100.0,0.0,159.2,298.5599999999999,480.6560000000013,0.1875,105.5812203810403,0.17758840002352372,nan,2866.178195943974
2005,low,Full,436,436,198.46409522303873,406.666380029387,0.0,4.844444444444444,93.19212305043199,2.8891054904373528,0.22851673722636745,0.3269850006880418,0.0,0.0,100.0,0.0,158.1,227.60000000000002,453.1149999999949,0.1875,101.89109880133412,0.1840199999860488,nan,2967.0687970948493
2005,low,No-Kalman,436,436,198.38568891298735,406.666380029387,0.0,4.844444444444444,93.25483482485036,2.8893226551051634,0.2284305128360496,0.3243073563532141,0.0,0.0,100.0,0.0,154.3,241.425,445.54999999999995,0.1875,104.14670520159558,0.18003450002288446,nan,3032.7520554704633
2005,low,No-DT-state,436,429,1028.0696221351945,2259.478860467695,61.46788990825688,4.766666666666667,101.54332886014515,3.05015325559686,0.3994302460504799,0.13096319046344948,0.0,0.0,100.0,0.0,156.2,274.175,459.3249999999995,0.171875,102.50833037442142,0.16766930001904257,nan,3256.4100878216204
2005,low,No-LHS,436,436,198.46409522303873,406.666380029387,0.0,4.844444444444444,93.19212305043199,2.8891054904373528,0.22851673722636745,0.3269850006880418,0.0,0.0,100.0,0.0,155.4,232.7,418.29999999999825,0.1875,103.86678017852242,0.18051970002125017,nan,3024.6006387985726
2005,low,No-cost,436,436,208.276576624739,427.36756009922595,0.22935779816513763,4.844444444444444,82.69429401844812,3.175583977307233,0.2261700871082331,0.39735785953177255,0.0,0.0,100.0,0.0,154.55,224.47500000000002,397.7099999999994,0.171875,96.50905345232235,0.1780921000172384,nan,3065.8294216708655
2005,low,No-admission,436,436,217.591260947522,445.5181502517629,0.22935779816513763,4.844444444444444,77.80612836628634,2.7304438189941505,0.23737011286125065,0.3570655767265733,0.0,0.0,100.0,0.0,168.9,283.675,480.344999999999,0.203125,107.46353778608501,0.18901760000153445,nan,2888.6198956899652
2005,low,No-EDF,436,436,195.71833011093028,395.8189545010118,0.0,4.844444444444444,93.40738199541119,2.8881125554411864,0.22655462764814382,0.33062473911228607,0.0,0.0,100.0,0.0,154.3,246.1,434.6699999999998,0.171875,97.50019429236295,0.17628169999807142,nan,3097.3152630475734
2006,low,Full,514,511,213.23406205619196,461.05931817437937,0.38910505836575876,5.677777777777778,114.9224743393109,3.478018893229012,0.24018534405632636,0.40850709002390456,0.0,0.0,100.0,0.0,157.6,306.195,426.40199999999993,0.21875,103.81882415663455,0.2107036000234075,nan,2885.570061130688
2006,low,No-Kalman,514,511,213.37116802399444,461.05931817437937,0.38910505836575876,5.677777777777778,114.73663547219533,3.4749849694821844,0.24014952363713613,0.4081495166998037,0.0,0.0,100.0,0.0,157.95,234.98499999999999,428.493,0.1875,90.83021724547801,0.20642910001333803,nan,2945.3211778800337
2006,low,No-DT-state,514,493,980.6328037721003,3251.56169751611,57.39299610894942,5.477777777777778,125.39976735542966,3.317767319080184,0.415435061138429,0.15207671130021275,0.0,0.0,100.0,0.0,156.35000000000002,270.35999999999973,430.4809999999994,0.1875,99.13097819209183,0.18914370000129566,nan,3214.4871861755646
2006,low,No-LHS,514,511,213.23406205619196,461.05931817437937,0.38910505836575876,5.677777777777778,114.9224743393109,3.478018893229012,0.24018534405632636,0.40850709002390456,0.0,0.0,100.0,0.0,157.6,304.78999999999996,531.7359999999987,0.203125,95.92100217889868,0.211762799997814,nan,2871.1369513733116
2006,low,No-cost,514,511,230.64721956642376,474.2338739772917,0.19455252918287938,5.677777777777778,94.3931846505465,3.567014571772001,0.22898996866523405,0.47711808042566256,0.0,0.0,100.0,0.0,158.2,294.4699999999998,497.099999999998,0.21875,103.47892601581798,0.2113956999965012,nan,2876.122835091078
2006,low,No-admission,514,511,231.26044218623286,496.29229627251294,0.7782101167315175,5.677777777777778,93.95748669154679,3.368487041434281,0.24006796961403495,0.3834466008011936,0.0,0.0,100.0,0.0,169.9,291.8399999999998,466.3079999999992,0.203125,93.22822314678555,0.21787930000573397,nan,2790.535860836707
2006,low,No-EDF,514,511,209.26822148749918,437.21756035242544,0.0,5.677777777777778,114.88296600132561,3.4811475746097846,0.23769822689328463,0.4126698906378406,0.0,0.0,100.0,0.0,157.2,261.4349999999997,462.20899999999943,0.21875,107.64609605418252,0.20321219999459572,nan,2991.946349757393
2007,low,Full,470,470,230.84779526268989,537.4733901636882,0.0,5.222222222222222,130.82736450171615,4.178669537413648,0.26030824154195625,0.45409321141955006,0.0,0.0,100.0,0.0,158.0,262.95999999999975,482.3880000000008,0.1875,97.09009340362503,0.19311959997867234,nan,2987.785807674221
2007,low,No-Kalman,470,470,230.06033104788713,537.4733901636882,0.0,5.222222222222222,131.79014241768672,4.193003784618847,0.2602803187892045,0.449100579012426,0.0,0.0,100.0,0.0,156.3,244.9799999999999,419.12400000000014,0.1875,97.39187163801786,0.19252120002056472,nan,2997.072529873936
2007,low,No-DT-state,470,467,536.9129827195815,2400.4050532999877,24.46808510638298,5.188888888888889,143.45695977725623,4.122747550361489,0.3557789514357339,0.23444984820729808,0.0,0.0,100.0,0.0,152.7,229.29999999999959,403.03600000000023,0.15625,92.39018282525248,0.16911969997454435,nan,3411.7846713709237
2007,low,No-LHS,470,470,230.84779526268989,537.4733901636882,0.0,5.222222222222222,130.82736450171615,4.178669537413648,0.26030824154195625,0.45409321141955006,0.0,0.0,100.0,0.0,157.2,263.11999999999955,458.4520000000001,0.1875,96.92482096723155,0.19344890001229942,nan,2982.6998238982724
2007,low,No-cost,470,470,276.97517412312584,643.5273328926489,0.2127659574468085,5.222222222222222,75.04902741393077,4.492411587437568,0.24378204005587525,0.5175338306406267,0.0,0.0,100.0,0.0,153.1,229.1599999999999,384.6240000000001,0.1875,100.5659583974283,0.1864447999978438,nan,3094.749759750194
2007,low,No-admission,470,470,294.6032964332088,652.4360558893719,0.425531914893617,5.222222222222222,61.960417578438324,3.741169759754573,0.2775611455691215,0.4360511022677026,0.0,0.0,100.0,0.0,169.9,260.21999999999997,460.9000000000006,0.1875,93.47532276187252,0.2005877000046894,nan,2876.5472657920236
2007,low,No-EDF,470,470,230.26812258408395,537.4733901636882,0.0,5.222222222222222,130.6802353227393,4.180322265220913,0.2596133006637199,0.45901489460735423,0.0,0.0,100.0,0.0,157.5,257.14,496.13200000000006,0.1875,97.00610698695388,0.19328680000035092,nan,2985.2012656785278
2008,low,Full,425,424,243.10062318568885,491.94313813992756,0.9411764705882353,4.711111111111111,64.66351407625905,3.1089585418651544,0.2551424609262415,0.35430265190931165,0.0,0.0,100.0,0.0,155.1,260.4,388.22499999999997,0.171875,98.300509296684,0.17484650001279078,nan,3008.353040875973
2008,low,No-Kalman,425,424,243.20564734859872,491.94313813992756,0.9411764705882353,4.711111111111111,64.52256791551831,3.1075504761228445,0.25518684191162744,0.354034722878659,0.0,0.0,100.0,0.0,153.75,282.4,507.975,0.171875,98.56495163919898,0.1743774000206031,nan,3016.4459381654497
2008,low,No-DT-state,425,399,3844.2288070769487,5798.280005004827,99.76470588235294,4.433333333333334,63.42819258911511,2.9560102783105884,0.48693328205329467,0.125,0.0,0.0,100.0,0.0,155.2,218.5,332.79999999999995,0.171875,109.4550713695962,0.15702789998613298,nan,3349.723202350988
2008,low,No-LHS,425,424,243.10062318568885,491.94313813992756,0.9411764705882353,4.711111111111111,64.66351407625905,3.1089585418651544,0.2551424609262415,0.35430265190931165,0.0,0.0,100.0,0.0,154.7,235.75,409.35,0.15625,91.23107356184389,0.17126840000855736,nan,3071.2028603859126
2008,low,No-cost,425,424,245.6139577776872,492.0336671832101,0.9411764705882353,4.711111111111111,62.29086278905906,3.094679673341345,0.24529079111549737,0.3660054073422587,0.0,0.0,100.0,0.0,156.8,281.225,388.45,0.15625,88.74366795801242,0.17606890000752173,nan,2987.4668381385304
2008,low,No-admission,425,423,251.67103944028102,534.4060273475511,0.7058823529411765,4.7,59.012456812340105,3.015794871087038,0.2531676206829291,0.3718947972265177,0.0,0.0,100.0,0.0,165.6,272.65,407.9,0.171875,93.64045769036693,0.18354779999936,nan,2865.7385160804656
2008,low,No-EDF,425,424,238.38899970884472,482.1382631010407,0.0,4.711111111111111,64.47665918930576,3.109146206650126,0.252068163660595,0.3591841953839269,0.0,0.0,100.0,0.0,155.1,238.375,445.925,0.171875,100.27034341773202,0.1714116000221111,nan,3068.63712801321
2009,low,Full,463,461,204.00311034336528,457.56095171910874,0.0,5.122222222222222,99.57046999039092,3.6183776886691628,0.2433103907743452,0.34579650625463726,0.0,0.0,100.0,0.0,158.9,267.5,441.9,0.1875,95.54670806587087,0.1962391000124626,nan,2935.194871783553
2009,low,No-Kalman,463,461,203.97576092227385,457.56095171910874,0.0,5.122222222222222,99.59260634106217,3.617757877429605,0.24324642889735723,0.3465362840631889,0.0,0.0,100.0,0.0,159.2,315.825,474.575,0.203125,98.42047553044422,0.20638489999691956,nan,2790.9018538109967
2009,low,No-DT-state,463,460,873.8553128082815,2201.359955096233,58.53131749460043,5.111111111111111,93.12939800882656,3.277520532597123,0.4186293478979433,0.14993821071845628,0.0,0.0,100.0,0.0,162.1,282.75,473.325,0.171875,92.06818214597642,0.1866823000018485,nan,3085.455878753886
2009,low,No-LHS,463,461,204.00311034336528,457.56095171910874,0.0,5.122222222222222,99.57046999039092,3.6183776886691628,0.2433103907743452,0.34579650625463726,0.0,0.0,100.0,0.0,159.3,302.0,447.7,0.203125,101.71980967860402,0.199690700013889,nan,2884.46081845543
2009,low,No-cost,463,461,208.03157841649985,463.05160602219604,0.0,5.122222222222222,95.76953523168929,3.6144029200744767,0.24487012646130182,0.39229624761876636,0.0,0.0,100.0,0.0,159.05,265.625,434.17499999999995,0.203125,102.53105965354514,0.19811070000287145,nan,2907.4653715909913
2009,low,No-admission,463,461,217.36733056475134,466.13416883954,0.2159827213822894,5.122222222222222,89.82280971362358,3.3910243420226087,0.24755277347785512,0.310648716599427,0.0,0.0,100.0,0.0,170.5,269.525,453.95,0.203125,101.15706249170482,0.20080160000361502,nan,2868.5030397647743
2009,low,No-EDF,463,461,201.43726199650683,457.56095171910874,0.0,5.122222222222222,99.63599593210853,3.6227051040232623,0.24137606360879435,0.35375357880018643,0.0,0.0,100.0,0.0,157.5,254.875,482.7,0.15625,80.3738606164539,0.19440400000894442,nan,2962.9019977649564
2010,low,Full,420,419,216.04803245675478,421.3955871486832,0.23809523809523808,4.655555555555556,88.63783473043449,3.0130469172642647,0.25009895236517105,0.3685964190335422,0.0,0.0,100.0,0.0,158.2,228.07,393.9019999999997,0.171875,99.0404528803836,0.17354019999038428,nan,3013.710944374727
2010,low,No-Kalman,420,419,216.04271734639,421.3955871486832,0.23809523809523808,4.655555555555556,88.66095267689836,3.0131552165201727,0.25026098406863057,0.36642997879410244,0.0,0.0,100.0,0.0,157.2,230.89999999999992,380.4479999999997,0.171875,98.18471809774316,0.17505269998218864,nan,2987.67171287969
2010,low,No-DT-state,420,417,897.9907465151317,2746.4246629837285,56.42857142857143,4.633333333333334,83.97215738791927,2.9474550721746677,0.4121999685595944,0.15402255479262772,0.0,0.0,100.0,0.0,154.1,242.99999999999997,394.4039999999998,0.15625,99.23873569646261,0.157448599988129,nan,3321.7189612319967
2010,low,No-LHS,420,419,216.04803245675478,421.3955871486832,0.23809523809523808,4.655555555555556,88.63783473043449,3.0130469172642647,0.25009895236517105,0.3685964190335422,0.0,0.0,100.0,0.0,158.0,252.9399999999999,438.3539999999991,0.1875,104.1298741044186,0.18006360001163557,nan,2904.529288352583
2010,low,No-cost,420,419,215.7755760898937,421.3955871486832,0.23809523809523808,4.655555555555556,86.36492959016225,3.107164969215701,0.25418575663178067,0.3678090266082856,0.0,0.0,99.76190476190476,0.23809523809523808,163.2,299.3199999999999,401.2239999999998,0.1875,100.11378264727853,0.18728690000716597,nan,2792.507110641422
2010,low,No-admission,420,419,219.17163897819643,421.3955871486832,0.23809523809523808,4.655555555555556,83.74776717357679,2.97949073926004,0.252616366907783,0.33941883845023585,0.0,0.0,100.0,0.0,177.2,300.37999999999994,498.5039999999997,0.1875,96.8956193925311,0.1935071999905631,nan,2702.7418102556676
2010,low,No-EDF,420,419,211.59865276366685,406.54006435380944,0.0,4.655555555555556,88.85423957850921,3.0130686204604378,0.24850170388400392,0.3753934381361296,0.0,0.0,100.0,0.0,159.8,213.21999999999997,331.3939999999998,0.171875,100.34709145908162,0.17128050001338124,nan,3053.470768471255
2011,low,Full,454,454,228.760246293682,520.380881063329,0.0,5.044444444444444,94.49258668945104,4.595118119267072,0.24945988723988785,0.3460616138040824,0.0,0.0,99.77973568281938,0.22026431718061673,159.0,249.8799999999998,451.46000000000026,0.171875,93.23692567677173,0.1843421999947168,nan,2945.608764653792
2011,low,No-Kalman,454,454,228.80139893644323,520.380881063329,0.0,5.044444444444444,94.492576118216,4.5941195934999115,0.2494383905122,0.3471481641877901,0.0,0.0,99.77973568281938,0.22026431718061673,159.4,289.40999999999997,420.4020000000001,0.1875,100.99889251617505,0.18564559999504127,nan,2924.9279272684294
2011,low,No-DT-state,454,425,2120.5589203353943,5722.694427752409,88.32599118942731,4.722222222222222,94.50307586226035,4.533641625288063,0.4638403895234038,0.125,0.0,0.0,99.77973568281938,0.22026431718061673,156.6,251.85999999999984,430.4980000000001,0.15625,95.30844557337228,0.16394140000920743,nan,3312.1591005658333
2011,low,No-LHS,454,454,228.760246293682,520.380881063329,0.0,5.044444444444444,94.49258668945104,4.595118119267072,0.24945988723988785,0.3460616138040824,0.0,0.0,99.77973568281938,0.22026431718061673,158.4,242.28,539.3100000000065,0.15625,84.84202822034969,0.18416579999029636,nan,2948.430164713592
2011,low,No-cost,454,454,234.7250632424133,528.2533009653096,0.22026431718061673,5.044444444444444,88.44390276276033,4.694019081038144,0.23588262164741614,0.35626067693504254,0.0,0.0,99.77973568281938,0.22026431718061673,155.5,231.61999999999998,320.3320000000011,0.171875,96.38906243450029,0.1783137999882456,nan,3045.193361567049
2011,low,No-admission,454,454,241.92640910276387,549.441938586502,0.44052863436123346,5.044444444444444,86.45456407185982,4.330278103734392,0.25057686267797324,0.35288034843587357,0.0,0.0,100.0,0.0,168.4,277.02,385.662000000001,0.1875,100.36205275942758,0.18682360000093468,nan,2906.4850479130228
2011,low,No-EDF,454,454,226.64183494908073,525.6204657990119,0.0,5.044444444444444,94.17524207132642,4.591771362151929,0.2479626856770168,0.35007608532474443,0.0,0.0,99.77973568281938,0.22026431718061673,157.7,249.96999999999997,388.81400000000014,0.171875,96.3624202461885,0.17836310001439415,nan,3044.3516621777662
2012,low,Full,419,417,212.85539162744433,579.2288445008576,0.477326968973747,4.633333333333334,109.7670705384022,3.2475786838523417,0.2400405030290094,0.3307635243095184,0.0,0.0,100.0,0.0,160.0,290.84999999999997,452.669,0.1875,101.59628075963477,0.18455400000675581,nan,2915.13594926312
2012,low,No-Kalman,419,417,212.90962529698447,579.2288445008576,0.477326968973747,4.633333333333334,109.67927362741536,3.2483648990779472,0.24008409553502127,0.3311162312438114,0.0,0.0,100.0,0.0,163.0,328.2699999999999,531.6,0.203125,98.65379160555162,0.20589680000557564,nan,2612.9595019710414
2012,low,No-DT-state,419,417,460.0309030020045,1586.5248002954102,23.627684964200476,4.633333333333334,109.62262969575666,3.1939620551633623,0.3232452878885303,0.21328955244384695,0.0,0.0,100.0,0.0,162.4,271.265,426.979,0.171875,101.02996187653079,0.1701228000165429,nan,3162.4214975751893
2012,low,No-LHS,419,417,212.85539162744433,579.2288445008576,0.477326968973747,4.633333333333334,109.7670705384022,3.2475786838523417,0.2400405030290094,0.3307635243095184,0.0,0.0,100.0,0.0,164.9,288.28499999999997,476.4479999999999,0.1875,96.40231694983551,0.19449739999254234,nan,2766.10381434728
2012,low,No-cost,419,417,226.95306064991325,503.85056744461843,0.477326968973747,4.633333333333334,92.4332039966787,3.6780620381054363,0.24075864692277937,0.3964348246365974,0.0,0.0,100.0,0.0,165.2,324.615,423.835,0.203125,99.90502567844351,0.20331809998606332,nan,2646.0998801232054
2012,low,No-admission,419,417,214.85939022836905,468.1105511229557,0.2386634844868735,4.633333333333334,105.05029289145465,3.2538281940412235,0.2408943977302208,0.3242213719962411,0.0,0.0,100.0,0.0,176.7,292.08,437.01599999999985,0.1875,95.49274254529288,0.19635000001289882,nan,2740.00509276627
2012,low,No-EDF,419,417,206.31141695645167,438.2082217360523,0.0,4.633333333333334,109.61580444011781,3.258134149902635,0.23589650446772684,0.34275999369234406,0.0,0.0,100.0,0.0,163.8,268.43,381.59999999999985,0.15625,83.5975014380978,0.1869074999995064,nan,2878.4291695165834
2013,low,Full,488,487,241.5932672989752,576.6700906607135,0.4098360655737705,5.411111111111111,104.29173041491906,3.915419913403569,0.26656703686223987,0.40073703348247475,0.0,0.0,100.0,0.0,158.0,220.91999999999982,317.0119999999995,0.203125,103.73025486799915,0.19582039999659173,nan,2987.4313401983754
2013,low,No-Kalman,488,487,241.34645285933698,558.8348421887382,0.4098360655737705,5.411111111111111,104.58577899943703,3.9148752799376316,0.266473290653147,0.4000772594162022,0.0,0.0,100.0,0.0,158.4,250.67999999999958,385.8559999999999,0.203125,103.34399547545759,0.19655229998170398,nan,2976.3070696931786
2013,low,No-DT-state,488,474,1363.283466539628,2989.131554257203,65.98360655737704,5.266666666666667,126.80462862715312,3.5802569919492426,0.43872094696063596,0.17713786535138068,0.0,0.0,100.0,0.0,156.4,218.71999999999989,304.31199999999933,0.15625,90.38322487906304,0.1728749999892898,nan,3383.94793947212
2013,low,No-LHS,488,487,241.5932672989752,576.6700906607135,0.4098360655737705,5.411111111111111,104.29173041491906,3.915419913403569,0.26656703686223987,0.40073703348247475,0.0,0.0,100.0,0.0,153.7,195.49999999999983,338.33599999999933,0.1875,100.88754132334265,0.18585050001274794,nan,3147.6912892882906
2013,low,No-cost,488,487,269.9425920914408,672.2110996771895,1.0245901639344261,5.411111111111111,78.1359123353271,4.318195793123645,0.25956194124060034,0.44924497279932113,0.0,0.0,100.0,0.0,156.1,231.07999999999996,474.5159999999984,0.203125,104.87232294915951,0.19368789999862202,nan,3020.3229009357938
2013,low,No-admission,488,487,258.9307109422485,634.3269516427808,0.6147540983606558,5.411111111111111,84.55190338188355,4.044653938848734,0.26979351861253026,0.4293739590122384,0.0,0.0,100.0,0.0,171.5,255.89999999999998,396.0719999999998,0.203125,99.46897645666017,0.20420939999166876,nan,2864.706521951813
2013,low,No-EDF,488,487,239.8526384595881,558.8348421887382,0.0,5.411111111111111,104.07046032645522,3.9149487909898206,0.26490579962180716,0.40367267602565327,0.0,0.0,100.0,0.0,152.8,223.07999999999998,369.70399999999944,0.1875,99.00958730066355,0.189375599991763,nan,3089.099123780703
2014,low,Full,443,442,242.29157626667592,660.024427058354,0.22573363431151242,4.911111111111111,94.55742904348087,3.3673004984925123,0.2450521437835483,0.3914043467111168,0.0,0.0,100.0,0.0,158.7,220.61999999999995,371.21199999999925,0.1875,105.52465168914482,0.1776835999917239,nan,3022.226024377108
2014,low,No-Kalman,443,442,242.3666516936192,665.5038701335435,0.22573363431151242,4.911111111111111,94.43239657028012,3.3633206379260017,0.24460101889788424,0.3904281511798938,0.0,0.0,100.0,0.0,158.3,230.64,435.748,0.15625,87.48492459706924,0.1786022000014782,nan,3006.6818885520756
2014,low,No-DT-state,443,435,1051.1799676860173,3336.666275901879,48.306997742663654,4.833333333333333,98.10788132675039,3.4429750422725967,0.3669886377062666,0.20529197080291972,0.0,0.0,100.0,0.0,152.4,229.27999999999994,407.55199999999996,0.171875,109.3771278863545,0.1571397999941837,nan,3417.3392101802106
2014,low,No-LHS,443,442,242.29157626667592,660.024427058354,0.22573363431151242,4.911111111111111,94.55742904348087,3.3673004984925123,0.2450521437835483,0.3914043467111168,0.0,0.0,100.0,0.0,158.0,267.2,355.496,0.171875,94.8221976979745,0.18126029998529702,nan,2962.5902640763525
2014,low,No-cost,443,442,246.5469916323514,665.5038701335435,0.22573363431151242,4.911111111111111,91.01553493990026,3.3104910433933,0.24035877615771545,0.40320476835188057,0.0,0.0,100.0,0.0,154.6,193.92,330.5879999999995,0.171875,100.59216963733614,0.17086320000817068,nan,3142.8651691781533
2014,low,No-admission,443,442,250.23984291057457,680.4120786573268,0.45146726862302483,4.911111111111111,89.14469919263549,3.277118302836208,0.24713730221224792,0.3871722104195072,0.0,0.0,100.0,0.0,170.4,262.75999999999993,475.35999999999996,0.1875,100.32644888191047,0.18688990001101047,nan,2873.349495977916
2014,low,No-EDF,443,442,241.06051397340866,660.024427058354,0.0,4.911111111111111,94.50226857168555,3.3672422644441276,0.2443187045713319,0.393194113479745,0.0,0.0,100.0,0.0,156.9,217.8799999999999,433.4279999999999,0.171875,97.17248560665371,0.176876200013794,nan,3036.021804844977
2015,low,Full,428,428,208.4682031498376,410.4125706774015,0.2336448598130841,4.7555555555555555,91.0607911779537,2.9346755520394594,0.24498245928225545,0.3758946746339221,0.0,0.0,100.0,0.0,158.6,222.675,447.39000000000027,0.171875,99.28744111814396,0.17310849999194033,nan,2980.7895049868966
2015,low,No-Kalman,428,428,208.4100039431959,410.4125706774015,0.2336448598130841,4.7555555555555555,91.11270782538617,2.9349239730618613,0.24494670875616456,0.37487312137782,0.0,0.0,100.0,0.0,158.9,292.2,446.70500000000004,0.1875,105.0011928055197,0.1785694000136573,nan,2889.632826007902
2015,low,No-DT-state,428,428,898.2899327556675,3204.2055591997314,42.52336448598131,4.7555555555555555,86.32130220481329,2.8115041853384826,0.38011020889655106,0.16700215881906763,0.0,0.0,100.0,0.0,156.8,301.425,410.81500000000045,0.15625,95.98603304201055,0.16278409998631105,nan,3169.842755179356
2015,low,No-LHS,428,428,208.4682031498376,410.4125706774015,0.2336448598130841,4.7555555555555555,91.0607911779537,2.9346755520394594,0.24498245928225545,0.3758946746339221,0.0,0.0,100.0,0.0,158.5,267.825,381.76000000000005,0.15625,88.91359817217868,0.1757324000063818,nan,2936.2826660380288
2015,low,No-cost,428,428,210.1476524238615,408.3727380456799,0.2336448598130841,4.7555555555555555,83.99336728150398,3.564804918633394,0.23818278773106266,0.47642628271815574,0.0,0.0,100.0,0.0,158.6,254.575,397.86000000000024,0.171875,98.9592509567056,0.1736825999978464,nan,2970.936639631133
2015,low,No-admission,428,428,223.6445553655876,436.6387726123399,0.2336448598130841,4.7555555555555555,77.47181101304055,2.8412062401892606,0.256948832025637,0.33446291373316583,0.0,0.0,100.0,0.0,170.95,289.925,478.46000000000004,0.171875,93.81336667286793,0.18320949998451397,nan,2816.4478372770823
2015,low,No-EDF,428,428,206.33802712838767,402.79103601446786,0.0,4.7555555555555555,91.05758843272373,2.93456868650348,0.24271986015972882,0.38191340316231903,0.0,0.0,100.0,0.0,153.6,216.9,344.9550000000003,0.171875,104.01663056540912,0.16523799998685718,nan,3122.7683707200645
2016,low,Full,453,452,227.3031739948366,556.8191688810406,0.22075055187637968,5.022222222222222,99.06171133296844,3.492077808742422,0.24866009754189253,0.34625918594245736,0.0,0.0,100.0,0.0,156.8,206.43999999999997,445.5719999999961,0.171875,94.34423143378199,0.18217859999276698,nan,3057.439238319509
2016,low,No-Kalman,453,452,227.31300977596493,556.8191688810406,0.22075055187637968,5.022222222222222,99.03606118210283,3.492576275640084,0.24864939433481892,0.3466163576644317,0.0,0.0,100.0,0.0,154.7,196.53999999999994,344.5079999999998,0.15625,88.42816322955565,0.17669709998881444,nan,3152.2871628072
2016,low,No-DT-state,453,411,7705.76646377593,11065.96065464577,100.0,4.566666666666666,87.84792317820799,3.0859068793136926,0.4846148335325816,0.125,0.0,0.0,100.0,0.0,155.8,239.69999999999973,401.09199999999856,0.171875,100.60683114199131,0.17083829999319278,nan,3260.3930150451874
2016,low,No-LHS,453,452,227.3031739948366,556.8191688810406,0.22075055187637968,5.022222222222222,99.06171133296844,3.492077808742422,0.24866009754189253,0.34625918594245736,0.0,0.0,100.0,0.0,154.8,205.17999999999995,336.1519999999973,0.171875,95.98255420812914,0.17906900000525638,nan,3110.53281128308
2016,low,No-cost,453,452,232.47142876147842,566.1644557014097,0.22075055187637968,5.022222222222222,92.55822569014623,3.6506740225424434,0.2514345366236258,0.37644457547169813,0.0,0.0,100.0,0.0,153.4,214.17999999999964,307.9359999999993,0.1875,106.83389352257744,0.17550610000034794,nan,3173.678863577367
2016,low,No-admission,453,451,241.70099313970556,576.7628334306605,0.22075055187637968,5.011111111111111,92.1448338557406,3.3119946120276698,0.25178781480129564,0.34472408650261,0.0,0.0,100.0,0.0,166.0,274.4199999999997,470.9919999999986,0.1875,98.17339883518272,0.19098859999212436,nan,2916.404434730495
2016,low,No-EDF,453,452,224.38036045305233,528.3698375923568,0.0,5.022222222222222,98.94113409699226,3.4905058192829848,0.2462982858081924,0.3515693832599119,0.0,0.0,100.0,0.0,157.6,243.81999999999982,375.9479999999991,0.1875,102.74940981820684,0.18248279998078942,nan,3052.342467666198
2017,low,Full,451,449,201.63750205366705,434.4302624010439,0.4434589800443459,4.988888888888889,97.1888880226163,2.788434276635395,0.22813790671793935,0.28927423520633644,0.0,0.0,100.0,0.0,159.4,260.54999999999995,413.95000000000005,0.1875,101.2206399344375,0.18523890001233667,nan,2974.5372055400035
2017,low,No-Kalman,451,449,201.84987009964658,437.26655816504234,0.4434589800443459,4.988888888888889,97.19642456066752,2.7880413099168457,0.22823191234286877,0.28788627406180384,0.0,0.0,100.0,0.0,159.7,230.8,378.1,0.1875,101.94633218142089,0.18392030001268722,nan,2995.8628817046883
2017,low,No-DT-state,451,443,882.136335786494,1922.5015682852556,64.7450110864745,4.9222222222222225,95.17332105440504,2.771915002502516,0.41696500540723547,0.125,0.0,0.0,100.0,0.0,155.2,223.14999999999998,349.65,0.140625,85.90661180195634,0.1636951999971643,nan,3366.011953982432
2017,low,No-LHS,451,449,201.63750205366705,434.4302624010439,0.4434589800443459,4.988888888888889,97.1888880226163,2.788434276635395,0.22813790671793935,0.28927423520633644,0.0,0.0,100.0,0.0,155.4,211.95,292.75,0.171875,97.36989398309454,0.17651760001899675,nan,3121.5017649271326
2017,low,No-cost,451,449,206.8891812444464,437.48870492684944,0.4434589800443459,4.988888888888889,91.84008074577486,3.0053781961929515,0.2265356014442964,0.3365895764602172,0.0,0.0,100.0,0.0,159.2,207.0,392.45,0.1875,103.04202026500244,0.1819645999930799,nan,3028.061502187538
2017,low,No-admission,451,449,202.07903061261902,434.4302624010439,0.4434589800443459,4.988888888888889,96.42086300088353,2.793550546465157,0.22868208740560278,0.29488660963993585,0.0,0.0,100.0,0.0,166.4,220.05,316.54999999999995,0.1875,102.54867644176434,0.18283999999403022,nan,3013.5637717019818
2017,low,No-EDF,451,449,195.90691817414685,407.59937184833814,0.0,4.988888888888889,96.87142825927427,2.7923820511587616,0.22497112876520445,0.2982439789336647,0.0,0.0,100.0,0.0,156.6,265.95000000000005,428.15,0.1875,103.55826188752383,0.18105749998358078,nan,3043.2321226680338
2018,low,Full,477,475,201.63824063860827,433.71781620266165,0.20964360587002095,5.277777777777778,115.96327488859204,4.669323997545597,0.24074847190619172,0.37845875659210154,0.0,0.0,100.0,0.0,158.3,232.1,491.90999999999934,0.1875,97.32746565451761,0.19264860000112094,nan,2963.9457540655762
2018,low,No-Kalman,477,475,201.40953975187398,433.71781620266165,0.20964360587002095,5.277777777777778,116.25865844998516,4.670148602907528,0.24075655377484564,0.3789163789281348,0.0,0.0,100.0,0.0,158.4,265.05,423.47999999999706,0.203125,105.31541481062743,0.19287299999268726,nan,2960.497322184284
2018,low,No-DT-state,477,472,1320.680432701466,3832.3562081589043,69.81132075471699,5.2444444444444445,114.15211568588907,4.8293629003768315,0.4266804003914881,0.14163504867306148,0.0,0.0,100.0,0.0,156.9,300.0,432.60999999999996,0.140625,77.35297434489128,0.1817964999936521,nan,3140.8745493996744
2018,low,No-LHS,477,475,201.63824063860827,433.71781620266165,0.20964360587002095,5.277777777777778,115.96327488859204,4.669323997545597,0.24074847190619172,0.37845875659210154,0.0,0.0,100.0,0.0,158.4,289.45,439.93999999999795,0.1875,95.22967875750848,0.19689239998115227,nan,2900.0611504286585
2018,low,No-cost,477,474,208.54927289630285,447.5549437085902,0.4192872117400419,5.266666666666667,108.2448697192178,4.703658506739254,0.23196737295659173,0.38323872165060996,0.0,0.0,100.0,0.0,158.5,286.9,466.9399999999991,0.203125,104.35021601319667,0.19465700001455843,nan,2933.3648415278917
2018,low,No-admission,477,473,271.01408256437344,586.5609543179615,0.8385744234800838,5.2555555555555555,72.73796141404408,3.5768538980853593,0.2642206253197849,0.4096820385860569,0.0,0.0,100.0,0.0,170.7,245.25,475.9299999999983,0.203125,102.57833323082538,0.19801940000616014,nan,2883.555853528679
2018,low,No-EDF,477,475,198.6758631531364,406.14026441377285,0.0,5.277777777777778,116.0516599449201,4.666817490097749,0.23841801941632054,0.37794145236723264,0.0,0.0,100.0,0.0,156.8,217.8,326.8799999999998,0.1875,101.31153865575531,0.18507269999827258,nan,3085.274057196602
2019,low,Full,448,447,212.93250205906998,509.7864201414422,0.22321428571428573,4.966666666666667,99.89755325785309,3.9252345132881303,0.23142616091034987,0.33413323255160604,0.0,0.0,100.0,0.0,156.4,268.28,431.5240000000004,0.171875,97.05018264117808,0.17709909999393858,nan,2987.0281668179323
2019,low,No-Kalman,448,447,212.91757677489903,509.7864201414422,0.22321428571428573,4.966666666666667,99.92079682812398,3.925077963867851,0.23141976050801974,0.3335174996995473,0.0,0.0,100.0,0.0,157.2,198.63999999999996,286.90000000000066,0.171875,100.4470221241036,0.1711100999964401,nan,3091.5767100305925
2019,low,No-DT-state,448,445,697.1704887884173,2103.73317767097,45.75892857142857,4.944444444444445,106.3782008616525,3.953544192805725,0.36852349946554624,0.15011264607603533,0.0,0.0,100.0,0.0,153.1,254.23999999999992,445.38000000000113,0.171875,104.22819287010768,0.164902600023197,nan,3207.954270736696
2019,low,No-LHS,448,447,212.93250205906998,509.7864201414422,0.22321428571428573,4.966666666666667,99.89755325785309,3.9252345132881303,0.23142616091034987,0.33413323255160604,0.0,0.0,100.0,0.0,156.5,228.73999999999998,386.17200000000037,0.171875,100.04732419102912,0.17179370002122596,nan,3079.2747343740743
2019,low,No-cost,448,447,217.83215457393322,522.6345023386289,0.22321428571428573,4.966666666666667,94.5999301632776,4.015622005174747,0.22240517021571085,0.37031840759137075,0.0,0.0,100.0,0.0,156.8,184.57999999999998,285.4760000000006,0.171875,102.15028201939845,0.1682569999829866,nan,3143.999952771594
2019,low,No-admission,448,447,214.14965270032448,517.6937186567424,0.22321428571428573,4.966666666666667,98.49367282157569,3.926971387295947,0.22796083721914698,0.3588781521661039,0.0,0.0,100.0,0.0,166.2,256.44,420.48400000000026,0.1875,103.88721006416604,0.18048420001287013,nan,2931.004486610338
2019,low,No-EDF,448,447,211.89187090280726,501.0999274481138,0.0,4.966666666666667,99.90252060534996,3.9244682351970033,0.23048785118315757,0.33500268258332777,0.0,0.0,100.0,0.0,158.8,315.5199999999998,442.53600000000023,0.1875,98.5481103880738,0.1902624000213109,nan,2780.3706877488553
2000,medium,Full,922,921,292.80950011811416,736.699402306797,2.4945770065075923,10.233333333333333,138.30103252271527,7.6800328116426,0.28322171925964434,0.6458386746267198,0.0,0.0,99.89154013015184,0.10845986984815618,156.25,258.51500000000004,456.23900000000253,0.375,99.42972413373045,0.3771507999917958,nan,2948.422752978887
2000,medium,No-Kalman,922,921,292.45186914294777,742.8032576221324,2.6030368763557483,10.233333333333333,140.223134564594,7.759768963223529,0.28336312780128214,0.6411206085081833,0.0,0.0,99.78308026030369,0.21691973969631237,155.9,236.98500000000007,414.85800000000023,0.375,100.4566625939622,0.37329529999988154,nan,2978.8749014529594
2000,medium,No-DT-state,922,742,15333.440884694663,40582.90041551058,90.67245119305856,8.244444444444444,139.04769207585872,7.493565714492846,0.4684743288238667,0.28785916798429745,0.0,0.0,99.89154013015184,0.10845986984815618,152.8,250.45000000000005,449.8800000000012,0.328125,93.5520438754345,0.35074059999897145,nan,3170.4342183461536
2000,medium,No-LHS,922,921,292.80950011811416,736.699402306797,2.4945770065075923,10.233333333333333,138.30103252271527,7.6800328116426,0.28322171925964434,0.6458386746267198,0.0,0.0,99.89154013015184,0.10845986984815618,153.7,261.0700000000001,431.23900000000253,0.375,100.33259586829153,0.3737568999931682,nan,2975.195909481072
2000,medium,No-cost,922,921,302.76755820260684,729.1452554685328,2.4945770065075923,10.233333333333333,115.74548612829285,8.428972820961848,0.2616066795525033,0.6583032980600747,0.0,0.0,99.78308026030369,0.21691973969631237,156.64999999999998,301.9750000000001,414.21500000000134,0.375,94.67975519526313,0.396072000003187,nan,2807.570340723536
2000,medium,No-admission,922,920,320.86945072141646,783.4823960956326,2.928416485900217,10.222222222222221,109.60411182802254,7.218685165183303,0.29259084294649323,0.6930433643390541,0.0,0.0,100.0,0.0,174.0,289.25500000000017,515.7940000000015,0.421875,102.83055499069727,0.41026229999260977,nan,2710.461087991831
2000,medium,No-EDF,922,921,275.85665268247214,645.702758325477,0.0,10.233333333333333,139.3465798161958,7.792742145339477,0.2776938059386876,0.6600071583527661,0.0,0.0,99.78308026030369,0.21691973969631237,155.6,266.52500000000003,414.21700000000055,0.359375,96.79725328796835,0.37126569999963976,nan,2995.1595313035355
2001,medium,Full,895,891,272.30237478426255,591.2722596320527,2.569832402234637,9.9,132.1909726433783,7.166467157640216,0.27989359202681213,0.610073250502579,0.0,0.0,100.0,0.0,157.6,253.75999999999968,484.06199999999995,0.375,102.65293508484031,0.36530859998310916,nan,2939.9800608298265
2001,medium,No-Kalman,895,891,272.3276755528133,591.2722596320527,2.569832402234637,9.9,132.21171294587833,7.164547130920414,0.27992150487341305,0.6105161403444012,0.0,0.0,100.0,0.0,156.4,219.77999999999975,403.8889999999998,0.359375,100.77210712529678,0.35662149998825043,nan,3011.5963284193044
2001,medium,No-DT-state,895,526,39226.32526897403,80222.01403683399,84.02234636871508,5.844444444444444,127.18529586844235,6.607232777762629,0.45491827954443337,0.2347640446387358,0.0,0.0,100.0,0.0,157.0,229.98499999999973,368.18299999999994,0.359375,98.76423442106538,0.36387159998412244,nan,2951.5906161592825
2001,medium,No-LHS,895,891,272.30237478426255,591.2722596320527,2.569832402234637,9.9,132.1909726433783,7.166467157640216,0.27989359202681213,0.610073250502579,0.0,0.0,100.0,0.0,155.6,212.08999999999986,317.343,0.34375,97.84443375194411,0.35132300000987016,nan,3057.01590835165
2001,medium,No-cost,895,892,277.58844207184484,594.8946155521085,3.016759776536313,9.911111111111111,118.76628512408388,7.798269350715024,0.2576092528804523,0.6406559995877458,0.0,0.0,100.0,0.0,156.4,267.3599999999997,377.6249999999995,0.359375,98.90693899356401,0.363346600002842,nan,2955.8553733311373
2001,medium,No-admission,895,891,280.9820728656916,607.7696235895634,2.346368715083799,9.9,123.30825117263258,6.974600090940129,0.2814231473602756,0.6616336633663367,0.0,0.0,100.0,0.0,166.1,231.8499999999999,367.1339999999994,0.359375,99.2515295433554,0.3620851000014227,nan,2966.1535368226423
2001,medium,No-EDF,895,892,258.01162487100964,539.036909795062,0.0,9.911111111111111,131.66468852538165,7.181231734635683,0.2719242332547757,0.628454801652997,0.0,0.0,100.0,0.0,156.85000000000002,246.25999999999968,352.7009999999999,0.34375,96.59504910506872,0.35586710000643507,nan,3017.9805887663656
2002,medium,Full,883,880,276.2208725622239,613.4464351792914,1.245753114382786,9.777777777777779,129.27055506912893,7.441060570276987,0.2855218920994159,0.5935794453547537,0.0,0.0,99.77349943374858,0.22650056625141562,156.3,280.28999999999996,436.3279999999995,0.375,98.83488170561179,0.379420699988259,nan,2938.690482713524
2002,medium,No-Kalman,883,880,276.20639169013214,613.4464351792914,1.245753114382786,9.777777777777779,129.47506838833516,7.44282540456437,0.2856985066305809,0.5973844417993354,0.0,0.0,99.77349943374858,0.22650056625141562,170.0,333.19999999999993,557.3319999999959,0.421875,95.69160390466686,0.44086940001579933,nan,2529.0936498655656
2002,medium,No-DT-state,883,353,68452.43414141968,115794.54171271298,90.82672706681767,3.922222222222222,148.9480313891149,6.107773722974137,0.47406309832526167,0.19359516012099698,0.0,0.0,99.88674971687429,0.11325028312570781,161.6,264.64999999999986,410.3879999999999,0.421875,100.54469904485876,0.419589500001166,nan,2657.359156978193
2002,medium,No-LHS,883,880,276.2208725622239,613.4464351792914,1.245753114382786,9.777777777777779,129.27055506912893,7.441060570276987,0.2855218920994159,0.5935794453547537,0.0,0.0,99.77349943374858,0.22650056625141562,155.5,249.51999999999992,462.20199999999994,0.359375,96.49378828770365,0.3724332999845501,nan,2993.8246661784924
2002,medium,No-cost,883,879,283.6021629077265,640.5958714772765,1.5855039637599093,9.766666666666667,115.8934020511951,8.145569331745754,0.27870174722453284,0.623786699107867,0.0,0.0,99.77349943374858,0.22650056625141562,155.7,258.6399999999999,365.08199999999965,0.359375,96.39900267896778,0.3727995000081137,nan,2990.8838396396263
2002,medium,No-admission,883,879,296.4454345542581,711.3987533383414,2.491506228765572,9.766666666666667,121.14501932475905,6.864415184627583,0.29105896806332066,0.5899211749543419,0.0,0.0,100.0,0.0,168.1,241.73999999999987,408.98599999999897,0.375,98.18450308051496,0.3819340000045486,nan,2919.352558260645
2002,medium,No-EDF,883,880,265.88490590216014,593.3949589772111,0.0,9.777777777777779,128.96647988100594,7.463440772842938,0.27963114161111946,0.6128555255927547,0.0,0.0,99.77349943374858,0.22650056625141562,152.3,256.06,394.22999999999996,0.359375,98.99196908725409,0.3630344999837689,nan,3071.3334408984574
2003,medium,Full,944,941,288.61602573868754,641.9380179860307,2.7542372881355934,10.455555555555556,136.25883083277003,7.615676612553754,0.2805283022286086,0.6002089083622995,0.0,0.0,100.0,0.0,153.8,229.52000000000004,341.1640000000003,0.359375,94.85631330224471,0.3788625000161119,nan,3053.878385828094
2003,medium,No-Kalman,944,941,288.54168317856016,641.9380179860307,2.6483050847457625,10.455555555555556,135.98774187201806,7.6096415561080395,0.2806375669045144,0.5981783373055118,0.0,0.0,100.0,0.0,155.1,206.02,413.612000000002,0.375,98.78767762001362,0.3796020000008866,nan,3047.929146836154
2003,medium,No-DT-state,944,264,94953.29899115946,156235.49933903958,100.0,2.933333333333333,122.91215884425444,6.879941635821226,0.46523889210400043,0.125,0.0,0.0,100.0,0.0,157.5,244.7,433.46400000000114,0.453125,100.52683270731141,0.4507502999913413,nan,2566.831347693447
2003,medium,No-LHS,944,941,288.61602573868754,641.9380179860307,2.7542372881355934,10.455555555555556,136.25883083277003,7.615676612553754,0.2805283022286086,0.6002089083622995,0.0,0.0,100.0,0.0,158.7,237.44000000000003,365.5120000000002,0.390625,99.7423869591335,0.3916338999988511,nan,2954.2897078199667
2003,medium,No-cost,944,941,291.2080490865318,642.7316332005147,2.860169491525424,10.455555555555556,126.88965133475477,8.023509387265788,0.265928417376718,0.6070360102447666,0.0,0.0,100.0,0.0,158.8,274.3600000000001,470.19200000000023,0.40625,99.82634516228407,0.40695669999695383,nan,2843.0543102218503
2003,medium,No-admission,944,941,308.43667417500643,694.6121994391252,3.6016949152542375,10.455555555555556,125.980031548171,7.326675069070614,0.2916410337335556,0.5904371796034418,0.0,0.0,100.0,0.0,170.9,299.6800000000002,429.2200000000004,0.40625,98.5766143531557,0.41211599999223836,nan,2807.4619767778745
2003,medium,No-EDF,944,941,270.8029392056762,581.5079579810201,0.0,10.455555555555556,135.74323070573968,7.644560516254686,0.2720544551929414,0.6196924356009921,0.0,0.0,100.0,0.0,152.7,211.20000000000005,401.8040000000001,0.359375,97.02304282128368,0.3704016999981832,nan,3123.6357716653974
2004,medium,Full,839,838,322.8950424094625,753.3423940131869,2.502979737783075,9.311111111111112,129.51368186384886,7.091368706896035,0.29276518607743984,0.5692522219615815,0.0,0.0,99.761620977354,0.23837902264600716,154.7,265.1,418.04999999999995,0.34375,97.40073908345018,0.3529234000016004,nan,2977.9833244132697
2004,medium,No-Kalman,839,838,322.8528310502718,753.3423940131869,2.502979737783075,9.311111111111112,129.4717516206246,7.093936916409675,0.2927638672909852,0.5685853379152348,0.0,0.0,99.761620977354,0.23837902264600716,154.1,220.1,376.35,0.328125,94.92393790276975,0.3456714999920223,nan,3040.4589329009073
2004,medium,No-DT-state,839,274,78895.64665350584,127319.23139570633,99.880810488677,3.0444444444444443,183.0236832126844,5.93730556970083,0.4727901554481126,0.125,0.0,0.0,99.880810488677,0.11918951132300358,155.3,261.65,375.35,0.390625,100.94973510408046,0.38695000001462176,nan,2716.1131928163472
2004,medium,No-LHS,839,838,322.8950424094625,753.3423940131869,2.502979737783075,9.311111111111112,129.51368186384886,7.091368706896035,0.29276518607743984,0.5692522219615815,0.0,0.0,99.761620977354,0.23837902264600716,157.4,236.55,400.9,0.359375,101.70677769595986,0.35334420000435784,nan,2974.4368238874104
2004,medium,No-cost,839,838,336.4336835476015,781.5765074383095,2.860548271752086,9.311111111111112,100.14451262564626,7.86357717265207,0.270209796753265,0.6924205944445763,0.0,0.0,99.880810488677,0.11918951132300358,155.1,253.05,405.20000000000005,0.359375,101.74611192325627,0.3532075999828521,nan,2975.587161915613
2004,medium,No-admission,839,838,325.0689805643552,770.2024673627074,2.1454112038140645,9.311111111111112,121.02036631088342,6.825310428407027,0.29342461284731464,0.6290434695369269,0.0,0.0,100.0,0.0,167.1,272.75,410.55,0.375,102.49096780889481,0.3658859000133816,nan,2872.4801911239583
2004,medium,No-EDF,839,838,306.6936921271095,684.2910201185844,0.0,9.311111111111112,127.95125492390784,7.117689636640465,0.28687921078182527,0.6109706127713868,0.0,0.0,99.64243146603098,0.3575685339690107,156.1,253.39999999999998,442.6,0.34375,98.89485182862563,0.3475914000009652,nan,3023.6651424548522
2005,medium,Full,847,846,289.0879806034726,676.9942125370092,1.8890200708382527,9.4,129.15659768089068,6.092458889264639,0.27600604469896617,0.6013510554436367,0.0,0.0,99.8819362455726,0.1180637544273908,159.1,329.97999999999996,523.1559999999995,0.390625,95.83831692627335,0.4075874999980442,nan,2622.749716331167
2005,medium,No-Kalman,847,846,288.95766859703735,676.9942125370092,1.8890200708382527,9.4,129.40690971734722,6.09420323300144,0.2761695145024681,0.5998395443395276,0.0,0.0,99.8819362455726,0.1180637544273908,168.2,276.55999999999966,414.06799999999873,0.375,97.56422457442244,0.38436220001312904,nan,2781.230828534869
2005,medium,No-DT-state,847,267,81333.24651379228,127341.77054815409,99.8819362455726,2.966666666666667,139.5077566711338,6.55805492938198,0.4648097234414465,0.125,0.0,0.0,99.8819362455726,0.1180637544273908,167.8,308.96,528.1799999999992,0.4375,97.64506877060035,0.448051299987128,nan,2385.8875089319263
2005,medium,No-LHS,847,846,289.0879806034726,676.9942125370092,1.8890200708382527,9.4,129.15659768089068,6.092458889264639,0.27600604469896617,0.6013510554436367,0.0,0.0,99.8819362455726,0.1180637544273908,161.9,254.9,396.99999999999955,0.375,101.20255624030005,0.37054400000488386,nan,2884.94753655682
2005,medium,No-cost,847,846,301.77653982854844,677.9782855546749,1.5348288075560803,9.4,107.37188769620779,6.699730633760621,0.2569803167432451,0.6613449098601777,0.0,0.0,99.8819362455726,0.1180637544273908,157.4,213.9199999999999,380.7679999999994,0.34375,97.51286176204864,0.35251760002574883,nan,3032.472704687418
2005,medium,No-admission,847,846,298.85223417683267,750.8742055526424,1.8890200708382527,9.4,117.70149187273601,5.967970904095343,0.2769413075446906,0.6111631052574051,0.0,0.0,100.0,0.0,170.3,258.2199999999998,522.0679999999993,0.375,100.15675199828353,0.3744130999839399,nan,2855.135143631069
2005,medium,No-EDF,847,846,277.0883894422766,589.9792938053305,0.0,9.4,129.0349103323308,6.10734420556774,0.27082321640767054,0.6245888704609549,0.0,0.0,99.8819362455726,0.1180637544273908,155.3,263.26,463.19199999999995,0.34375,98.03840481214996,0.35062790001393296,nan,3048.816138012751
2006,medium,Full,948,946,283.8337536051792,631.6609242748622,2.5316455696202533,10.511111111111111,143.15008855628602,6.94353847132325,0.28182067260825894,0.6786411948846126,0.0,0.0,100.0,0.0,154.2,218.24999999999994,410.25500000000375,0.375,98.19982696208199,0.38187439998728223,nan,3037.6479806937364
2006,medium,No-Kalman,948,946,282.6063981664785,631.6609242748622,2.2151898734177213,10.511111111111111,144.00736753202875,6.964729882175554,0.28145101211640755,0.674370026525199,0.0,0.0,100.0,0.0,154.4,241.2,434.99000000000075,0.375,97.20586283418191,0.38577920000534505,nan,3006.901357004027
2006,medium,No-DT-state,948,379,71076.23218910865,122748.6526280871,91.87763713080169,4.211111111111111,152.49904111788223,6.270231699791667,0.4700290684271958,0.19524716999597655,0.0,0.0,100.0,0.0,157.5,282.84499999999997,485.6640000000025,0.453125,100.73314836400792,0.44982709997566417,nan,2578.7685981186028
2006,medium,No-LHS,948,946,283.8337536051792,631.6609242748622,2.5316455696202533,10.511111111111111,143.15008855628602,6.94353847132325,0.28182067260825894,0.6786411948846126,0.0,0.0,100.0,0.0,156.6,271.72499999999997,488.6290000000006,0.390625,96.71545045701562,0.40389099999447353,nan,2872.0620167715356
2006,medium,No-cost,948,946,299.61271474001603,653.1438775367615,2.742616033755274,10.511111111111111,123.17400923719431,6.882113532524924,0.26264629486251445,0.7174296452117699,0.0,0.0,100.0,0.0,156.3,236.82999999999987,410.4320000000004,0.375,95.52726080716452,0.3925580999930389,nan,2954.9766009682894
2006,medium,No-admission,948,946,307.15727561626574,710.2253543266687,3.691983122362869,10.511111111111111,123.16368773209895,6.559921735770193,0.28979026036056243,0.626790196781568,0.0,0.0,100.0,0.0,169.6,226.71999999999997,387.9280000000009,0.40625,101.51222606539312,0.400198100018315,nan,2898.5644858056867
2006,medium,No-EDF,948,946,271.39449838990913,566.0070385250009,0.0,10.511111111111111,142.73883438699983,6.94562391042647,0.27405207429615924,0.6921023324877807,0.0,0.0,100.0,0.0,153.3,258.26499999999993,426.6730000000037,0.390625,102.25994143816413,0.3819921999820508,nan,3036.7112209477223
2007,medium,Full,930,923,318.01679783186074,788.0723725738861,2.2580645161290325,10.255555555555556,152.36932335642928,8.536777369567663,0.30031709732717843,0.6714930637272051,0.0,0.0,99.56989247311827,0.43010752688172044,154.5,208.38000000000002,420.91200000000384,0.359375,95.92483283079234,0.3746423000120558,nan,3034.894884970042
2007,medium,No-Kalman,930,923,317.3275759547313,776.1971675914039,2.2580645161290325,10.255555555555556,153.39170917896476,8.571453025536078,0.30053590020303306,0.6719772648983809,0.0,0.0,99.46236559139786,0.5376344086021505,154.1,224.52,355.61600000000095,0.375,99.48459023261698,0.37694280000869185,nan,3016.3727758529467
2007,medium,No-DT-state,930,588,36349.01864735381,83244.49979570198,80.75268817204301,6.533333333333333,197.18687090578092,8.94778969469569,0.46392900784686397,0.24670061192802994,0.0,0.0,100.0,0.0,154.6,268.52,461.1800000000014,0.359375,91.62547610362326,0.39222169999266043,nan,2898.8707152645466
2007,medium,No-LHS,930,923,318.01679783186074,788.0723725738861,2.2580645161290325,10.255555555555556,152.36932335642928,8.536777369567663,0.30031709732717843,0.6714930637272051,0.0,0.0,99.56989247311827,0.43010752688172044,159.8,250.60000000000005,361.14400000000046,0.40625,102.40921942974236,0.3966927999863401,nan,2866.1977228705737
2007,medium,No-cost,930,924,335.11071889793556,763.5602364279832,1.5053763440860215,10.266666666666667,125.86099525024203,8.840167806615478,0.2801413064014886,0.8232599986024085,0.0,0.0,99.6774193548387,0.3225806451612903,155.0,241.86,511.40000000000055,0.390625,101.7088916430213,0.384061799995834,nan,2960.4610508317496
2007,medium,No-admission,930,923,362.19849317287645,850.9302175097363,4.408602150537634,10.255555555555556,108.31622304394452,7.732878680653905,0.31924501249224974,0.7257823617976447,0.0,0.43010752688172044,99.56989247311827,0.0,171.0,313.8800000000001,518.1960000000001,0.421875,101.90185393146163,0.4140012999996543,nan,2746.3681877350373
2007,medium,No-EDF,930,925,306.89459692916034,702.7466679643305,0.0,10.277777777777779,151.9726054808474,8.528108558773587,0.2955478711373884,0.6905824913187645,0.0,0.0,99.46236559139786,0.5376344086021505,155.1,277.74000000000007,409.69200000000103,0.390625,101.2627743353762,0.38575380001566373,nan,2947.4758251346625
2008,medium,Full,881,876,321.2058436869351,739.02535907569,2.497162315550511,9.733333333333333,114.05233478458614,7.7852571803744155,0.29821124267449317,0.7177319186507639,0.0,0.0,100.0,0.0,155.75,280.9049999999997,381.3949999999985,0.375,101.58040143301385,0.3691656999872066,nan,2882.1745899927128
2008,medium,No-Kalman,881,876,319.8920177477145,739.02535907569,2.1566401816118046,9.733333333333333,114.17412424248923,7.796358103010618,0.2978446360824885,0.7223477317910717,0.0,0.0,100.0,0.0,166.4,336.255,534.9639999999981,0.40625,98.4737000724218,0.4125466999830678,nan,2579.1019538967826
2008,medium,No-DT-state,881,222,111762.30558829651,188161.17919850376,100.0,2.466666666666667,89.4314341611421,6.532013310201413,0.47947922191588555,0.125,0.0,0.0,100.0,0.0,210.1,475.7599999999999,842.270999999998,0.640625,92.41336909436232,0.6932167999912053,nan,1534.8733614267553
2008,medium,No-LHS,881,876,321.2058436869351,739.02535907569,2.497162315550511,9.733333333333333,114.05233478458614,7.7852571803744155,0.29821124267449317,0.7177319186507639,0.0,0.0,100.0,0.0,201.55,422.8999999999993,661.2179999999944,0.5,98.41659508684315,0.5080443999904674,nan,2094.305143448022
2008,medium,No-cost,881,877,326.9401268405999,791.9405963215382,2.6106696935300793,9.744444444444444,107.04498849269687,7.675336790386792,0.2715718333556956,0.7119613513333383,0.0,0.0,100.0,0.0,172.1,330.43999999999994,461.3739999999978,0.421875,99.40541717267325,0.42439840000588447,nan,2507.0782547371696
2008,medium,No-admission,881,875,355.204265612702,853.0888126720697,3.9727582292849033,9.722222222222221,90.94382296353655,6.966785678059393,0.31619848838712034,0.6949684847955515,0.0,0.11350737797956867,99.88649262202043,0.0,176.9,295.2249999999998,413.50099999999924,0.390625,99.87617271678506,0.3911093000206165,nan,2720.4671429288783
2008,medium,No-EDF,881,876,310.9254335434427,709.1006265896027,0.0,9.733333333333333,113.70728599061485,7.776851857366377,0.2928635652282468,0.7345279117849759,0.0,0.0,100.0,0.0,157.1,272.99499999999995,374.666999999999,0.359375,100.46790436514637,0.3577013000031002,nan,2974.5488763691337
2009,medium,Full,916,913,281.2479979392105,657.5081500770166,2.4017467248908297,10.144444444444444,146.44831254760362,8.362333990330512,0.2840368838897463,0.6035714285714285,0.0,0.0,99.67248908296943,0.32751091703056767,157.9,272.2,410.01999999999873,0.390625,101.31199192006777,0.38556639998569153,nan,2907.411019325337
2009,medium,No-Kalman,916,913,281.0912777338568,657.5081500770166,2.4017467248908297,10.144444444444444,146.4302942296824,8.363585021561798,0.283750981761996,0.6028122015420811,0.0,0.0,99.67248908296943,0.32751091703056767,157.8,286.7,468.7999999999993,0.390625,100.15886959594009,0.39000539999688044,nan,2874.3191761164503
2009,medium,No-DT-state,916,360,74688.53452536522,133840.33152770673,90.06550218340611,4.0,132.78111127286468,7.172262585222894,0.4693239028789144,0.20245682369835682,0.0,0.0,99.67248908296943,0.32751091703056767,158.1,283.1,524.3599999999984,0.421875,99.63412577521841,0.4234242000093218,nan,2647.4632294878775
2009,medium,No-LHS,916,913,281.2479979392105,657.5081500770166,2.4017467248908297,10.144444444444444,146.44831254760362,8.362333990330512,0.2840368838897463,0.6035714285714285,0.0,0.0,99.67248908296943,0.32751091703056767,154.5,242.1,376.79999999999984,0.375,100.46680898021329,0.37325760000385344,nan,3003.2878097818425
2009,medium,No-cost,916,913,282.5529245659236,639.1775812185773,2.183406113537118,10.144444444444444,143.0836678126544,8.37439166509299,0.2664124880215161,0.638209652757226,0.0,0.0,99.67248908296943,0.32751091703056767,154.5,237.3,359.29999999999984,0.375,101.54684274234643,0.36928770001395606,nan,3035.5736190445427
2009,medium,No-admission,916,913,305.25117422825525,690.3756836188197,3.2751091703056767,10.144444444444444,129.07496103302356,7.673004501111938,0.2908330946077631,0.6209283581733778,0.0,0.0,100.0,0.0,167.8,294.5,492.6599999999999,0.390625,98.29934891446857,0.3973831000039354,nan,2820.9553954078533
2009,medium,No-EDF,916,913,270.05567887267864,601.3332609117149,0.0,10.144444444444444,146.42905939019357,8.367462713941375,0.2773832593559614,0.6150036836351538,0.0,0.0,99.67248908296943,0.32751091703056767,152.9,248.9,372.7399999999992,0.359375,99.42545573597162,0.36145170000963844,nan,3101.3825636180645
2010,medium,Full,904,903,281.0386618422695,663.2054276817503,1.2168141592920354,10.033333333333333,144.1186922034422,7.216595653368177,0.2787805483318904,0.709010736196319,0.0,0.0,99.88938053097345,0.11061946902654868,154.2,261.5,393.58999999999736,0.375,102.88777166264688,0.36447480000788346,nan,2993.348236905273
2010,medium,No-Kalman,904,903,282.5690351114536,698.3819521705316,1.3274336283185841,10.033333333333333,143.3555647054909,7.212245483264109,0.2790727312832065,0.7031673488577908,0.0,0.0,99.88938053097345,0.11061946902654868,153.4,231.25,396.41999999999973,0.34375,95.3691779023938,0.36044140000012703,nan,3026.844308116702
2010,medium,No-DT-state,904,357,73896.8078880231,139563.229529745,88.60619469026548,3.966666666666667,120.7399107227766,6.656572712777582,0.4612828115644978,0.2220273019943417,0.0,0.0,100.0,0.0,156.1,269.65,495.109999999999,0.40625,99.83733579552177,0.4069119000050705,nan,2681.1700517640434
2010,medium,No-LHS,904,903,281.0386618422695,663.2054276817503,1.2168141592920354,10.033333333333333,144.1186922034422,7.216595653368177,0.2787805483318904,0.709010736196319,0.0,0.0,99.88938053097345,0.11061946902654868,158.1,291.6,478.9999999999999,0.390625,100.62141208315133,0.3882125999953132,nan,2810.3157909175834
2010,medium,No-cost,904,903,291.26171544589,728.3298501248386,1.7699115044247788,10.033333333333333,133.8643883110672,7.355130795166867,0.2678367184931893,0.6890473792380667,0.0,0.0,99.66814159292035,0.33185840707964603,161.6,331.95000000000005,518.2799999999999,0.40625,100.13650608431794,0.405696200003149,nan,2689.2043849351603
2010,medium,No-admission,904,903,301.2081707809521,742.6785073367989,2.5442477876106193,10.033333333333333,126.25224784058209,6.945185110427356,0.2888206576410707,0.6426575179223334,0.0,0.0,100.0,0.0,173.3,289.35,541.489999999997,0.375,94.67963567108998,0.39607250000699423,nan,2754.546200457578
2010,medium,No-EDF,904,903,275.42413993923674,642.9290646456769,0.0,10.033333333333333,143.86334050396036,7.215002312726568,0.2762638505908399,0.712967247132722,0.0,0.0,99.88938053097345,0.11061946902654868,156.5,264.79999999999995,445.419999999999,0.34375,93.59201667832745,0.3672855999902822,nan,2970.440442067062
2011,medium,Full,913,909,306.96827435134213,722.0381181590766,2.9572836801752462,10.1,137.83021149326981,9.650880761337344,0.29406349987338787,0.6659538959006989,0.0,0.0,99.45235487404162,0.547645125958379,154.8,249.6,369.0399999999996,0.359375,98.85336967443075,0.3635435000178404,nan,3017.5205991749713
2011,medium,No-Kalman,913,909,308.49500009100177,746.9162171468134,3.0668127053669223,10.1,135.80458866383856,9.564889662638842,0.2943081381841962,0.6675629723332529,0.0,0.0,99.5618838992333,0.43811610076670315,154.2,271.12000000000006,418.96799999999894,0.359375,97.87010148925096,0.3671959000057541,nan,2987.506124068405
2011,medium,No-DT-state,913,244,98428.70727036487,160421.41499649815,99.45235487404162,2.7111111111111112,130.2240927152481,9.462292078470464,0.4694234119833586,0.125,0.0,0.0,99.45235487404162,0.547645125958379,159.0,306.86,536.4519999999999,0.46875,100.3693592439821,0.4670249999908265,nan,2348.9106579338318
2011,medium,No-LHS,913,909,306.96827435134213,722.0381181590766,2.9572836801752462,10.1,137.83021149326981,9.650880761337344,0.29406349987338787,0.6659538959006989,0.0,0.0,99.45235487404162,0.547645125958379,184.9,369.40000000000003,586.6080000000001,0.453125,98.78674076457351,0.4586901000002399,nan,2391.5929295169576
2011,medium,No-cost,913,908,315.51707230160474,766.0423459992173,2.5191675794085433,10.088888888888889,126.17022151201246,9.756654265967024,0.2670549434371663,0.6871611349540556,0.0,0.0,99.5618838992333,0.43811610076670315,195.4,387.36,605.235999999996,0.484375,91.61754547710535,0.5286923999956343,nan,2074.9305267279397
2011,medium,No-admission,913,908,332.0391081495557,786.9496684585249,4.052573932092004,10.088888888888889,116.00700873660021,8.919038661822594,0.30044928333686216,0.6851976067183602,0.0,0.43811610076670315,99.5618838992333,0.0,210.2,441.2,678.963999999998,0.546875,101.30233823166006,0.5398443999874871,nan,2032.0670178766827
2011,medium,No-EDF,913,909,291.99916462338405,695.0467742764622,0.0,10.1,137.7144886908865,9.63872962567894,0.28655022058787866,0.6819954067190087,0.0,0.0,99.45235487404162,0.547645125958379,184.8,365.24000000000007,547.3559999999995,0.453125,97.4009084774111,0.4652164000144694,nan,2358.0424077179578
2012,medium,Full,874,869,263.74776730681043,613.8225860999128,1.6018306636155606,9.655555555555555,137.37647518972702,6.772756759681415,0.2678802359454506,0.5574131211432283,0.0,0.0,100.0,0.0,179.2,328.9199999999999,505.4839999999992,0.421875,98.27719351184705,0.4292705000261776,nan,2534.5324217099756
2012,medium,No-Kalman,874,869,262.96949613317923,597.9686862158715,1.4874141876430207,9.655555555555555,137.46533067134126,6.7734136837756385,0.26777948322537143,0.5576699829263826,0.0,0.0,100.0,0.0,162.6,251.1,434.42699999999905,0.375,98.1503757988989,0.38206679999711923,nan,2847.669569845387
2012,medium,No-DT-state,874,530,35732.086125604976,73204.34236170453,80.09153318077803,5.888888888888889,136.18472675937636,6.295286034121486,0.4295815117899126,0.24743143445048904,0.0,0.0,100.0,0.0,157.2,245.38499999999962,449.4139999999991,0.375,100.40835407445442,0.37347490002866834,nan,2913.1810462135045
2012,medium,No-LHS,874,869,263.74776730681043,613.8225860999128,1.6018306636155606,9.655555555555555,137.37647518972702,6.772756759681415,0.2678802359454506,0.5574131211432283,0.0,0.0,100.0,0.0,162.5,280.01999999999964,386.2119999999974,0.375,97.5136363097016,0.384561599988956,nan,2829.195634798809
2012,medium,No-cost,874,869,268.52891274457426,588.8091059994383,1.6018306636155606,9.655555555555555,125.94320401334367,7.05378003539129,0.2563901780565546,0.6160797616483595,0.0,0.0,100.0,0.0,159.5,270.42499999999995,464.96599999999904,0.375,99.49250861629928,0.37691279998398386,nan,2886.6093166542296
2012,medium,No-admission,874,869,271.21200569893324,623.9027486689251,1.7162471395881007,9.655555555555555,128.843716488079,6.781732187247285,0.27442229238495175,0.5539587502420761,0.0,0.0,100.0,0.0,170.8,283.8699999999998,487.6279999999993,0.390625,100.74782287683672,0.3877255000115838,nan,2806.108961023958
2012,medium,No-EDF,874,869,252.70063091392925,557.1854127035174,0.0,9.655555555555555,137.6128799624182,6.79126943843812,0.26205061153241416,0.5729493544882339,0.0,0.0,100.0,0.0,152.6,234.38499999999962,434.2819999999987,0.359375,102.97992009558017,0.3489758000068832,nan,3117.6946939545383
2013,medium,Full,936,932,327.5959240186113,751.5084694824666,4.05982905982906,10.355555555555556,117.6922898935268,7.83378266807064,0.3130332821425449,0.6674882905068029,0.0,0.0,99.67948717948718,0.32051282051282054,155.3,279.3400000000001,488.2080000000017,0.390625,98.78639101305167,0.3954238999867812,nan,2875.3952404950974
2013,medium,No-Kalman,936,931,327.34131897080704,757.4381489450594,4.273504273504273,10.344444444444445,117.65179727461684,7.834061529914977,0.3132743716829112,0.6656772533887405,0.0,0.0,99.67948717948718,0.32051282051282054,155.6,268.72000000000014,417.07200000000023,0.390625,99.50077040828275,0.39258489999338053,nan,2896.1888244279676
2013,medium,No-DT-state,936,394,66363.89062889226,125085.6875114085,87.17948717948718,4.377777777777778,150.20951434591865,6.62216625755199,0.46792044481328493,0.22877808955646206,0.0,0.0,100.0,0.0,156.4,269.7200000000002,485.48800000000114,0.40625,95.60247443888075,0.42493670000112616,nan,2675.692638449413
2013,medium,No-LHS,936,932,327.5959240186113,751.5084694824666,4.05982905982906,10.355555555555556,117.6922898935268,7.83378266807064,0.3130332821425449,0.6674882905068029,0.0,0.0,99.67948717948718,0.32051282051282054,156.0,254.02000000000004,398.51200000000136,0.390625,100.02722020597525,0.3905187000054866,nan,2911.512303979363
2013,medium,No-cost,936,932,331.2635760667503,773.9175299232137,3.2051282051282053,10.355555555555556,105.39413704533814,8.007077868429917,0.2899004403180866,0.7669839323166613,0.0,0.0,99.67948717948718,0.32051282051282054,154.0,228.56000000000006,399.82000000000306,0.375,99.50589353364107,0.37686210000538267,nan,3017.018691939997
2013,medium,No-admission,936,931,337.3893503126908,826.6241899060933,4.380341880341881,10.344444444444445,105.59296883662554,7.440009926137713,0.3186309604917543,0.6969694039376475,0.0,0.10683760683760683,99.8931623931624,0.0,166.8,269.58000000000027,459.6200000000006,0.40625,102.27067327612059,0.3972302000038326,nan,2862.3201357525936
2013,medium,No-EDF,936,932,306.9916050548697,689.4602283279489,0.0,10.355555555555556,118.27920177059485,7.87457260780744,0.30527583112661194,0.695265775366531,0.0,0.0,99.57264957264957,0.42735042735042733,150.4,251.54000000000002,403.15600000000154,0.375,102.30458119213054,0.3665525000251364,nan,3101.874901745398
2014,medium,Full,897,896,310.494521200552,798.7755451371945,2.6755852842809364,9.955555555555556,118.35301910736823,6.765895296900745,0.2927084203822758,0.6177735857205436,0.0,0.0,99.88851727982163,0.11148272017837235,154.0,237.06999999999996,395.3339999999998,0.34375,96.91594434379911,0.3546887999982573,nan,3030.825895842445
2014,medium,No-Kalman,897,896,310.93418030558325,809.2802794125472,2.787068004459309,9.955555555555556,118.32367964841282,6.75706600593433,0.29258899919630876,0.6146713874411438,0.0,0.0,99.88851727982163,0.11148272017837235,153.7,241.08999999999995,439.15599999999984,0.359375,100.57916808813836,0.3573055999877397,nan,3008.6290280277913
2014,medium,No-DT-state,897,292,84024.82707378155,148322.73418178209,91.97324414715719,3.2444444444444445,123.39722157292715,6.792651285995558,0.4467632502649253,0.19807123743941918,0.0,0.0,99.88851727982163,0.11148272017837235,155.1,239.07999999999998,360.3839999999996,0.390625,98.14400115185423,0.3980120999913197,nan,2700.922911699028
2014,medium,No-LHS,897,896,310.494521200552,798.7755451371945,2.6755852842809364,9.955555555555556,118.35301910736823,6.765895296900745,0.2927084203822758,0.6177735857205436,0.0,0.0,99.88851727982163,0.11148272017837235,157.6,279.2699999999999,432.74399999999997,0.375,99.17919299893393,0.37810349999926984,nan,2843.1368659694394
2014,medium,No-cost,897,896,311.6565542462232,820.4505615529904,2.3411371237458196,9.955555555555556,116.22310578099894,6.75286419967777,0.2750005179867693,0.6514983180318695,0.0,0.0,99.88851727982163,0.11148272017837235,157.5,242.13,394.6619999999999,0.359375,98.3787187193648,0.3652974999858998,nan,2942.8068903879557
2014,medium,No-admission,897,896,328.7072423082429,831.9545201253948,4.013377926421405,9.955555555555556,106.00394641403521,6.315587560014446,0.3024067802203614,0.6250669590024043,0.0,0.0,100.0,0.0,171.6,305.52,478.46599999999995,0.375,94.9538245880457,0.39492880000034347,nan,2722.0096381906437
2014,medium,No-EDF,897,896,298.1352238046087,717.5441427570016,0.0,9.955555555555556,117.74454699466612,6.746515288979582,0.2869176765886914,0.6351816197973826,0.0,0.0,99.88851727982163,0.11148272017837235,156.7,263.6299999999998,436.14399999999983,0.34375,95.43057581512473,0.3602095000096597,nan,2984.374370945719
2015,medium,Full,848,845,283.66289779893214,702.9563591851525,1.5330188679245282,9.38888888888889,121.56111628398227,6.306883936786841,0.28182660230890366,0.6208092495600581,0.0,0.0,100.0,0.0,156.8,262.7199999999999,398.1959999999999,0.34375,99.43155522100065,0.3457152000046335,nan,2964.868192044383
2015,medium,No-Kalman,848,845,283.58193695650954,702.9563591851525,1.5330188679245282,9.38888888888889,121.67122203046985,6.304582093384031,0.28177191809552704,0.6188893319002877,0.0,0.0,100.0,0.0,154.2,231.94,316.4919999999999,0.34375,102.63427473640472,0.33492710001883097,nan,3060.367464867341
2015,medium,No-DT-state,848,432,50120.54239910281,98389.52136694016,85.73113207547169,4.8,113.73157614063734,5.7842941230267835,0.4599884528868597,0.23061410099252638,0.0,0.0,100.0,0.0,154.9,244.39999999999984,426.4159999999998,0.359375,102.37968125741527,0.35102180001558736,nan,2920.0465610810616
2015,medium,No-LHS,848,845,283.66289779893214,702.9563591851525,1.5330188679245282,9.38888888888889,121.56111628398227,6.306883936786841,0.28182660230890366,0.6208092495600581,0.0,0.0,100.0,0.0,155.5,264.8599999999999,484.83199999999965,0.34375,97.81859552440683,0.3514157999888994,nan,2916.772666545949
2015,medium,No-cost,848,845,282.94317742500203,626.099524069714,1.0613207547169812,9.38888888888889,111.8402449226311,7.041643998666531,0.2614182230373144,0.6431220772295919,0.0,0.0,100.0,0.0,155.7,217.77999999999994,316.408,0.328125,98.14630971873429,0.33432229998288676,nan,3065.903770261414
2015,medium,No-admission,848,845,297.67829104043386,710.547395561701,1.650943396226415,9.38888888888889,110.00702866918006,6.072998088363282,0.2880118041896287,0.632180397073302,0.0,0.0,100.0,0.0,168.9,270.28000000000003,386.12399999999997,0.359375,100.51601250357254,0.35753009998006746,nan,2866.8914870584167
2015,medium,No-EDF,848,845,273.58964911004057,611.3411799449842,0.0,9.38888888888889,122.21967842487028,6.340415603379685,0.27717987571941244,0.6275706030648953,0.0,0.0,99.64622641509433,0.35377358490566035,153.3,256.48,360.6959999999999,0.328125,98.79976911434913,0.33211109999683686,nan,3086.316597095859
2016,medium,Full,866,865,291.2543869758208,716.6308456695134,2.0785219399538106,9.61111111111111,116.53996764092588,6.74076600885123,0.2857809356561928,0.5996122925228072,0.0,0.0,100.0,0.0,156.75,284.60499999999996,459.45600000000064,0.375,101.48495491989956,0.36951290001161397,nan,2917.354170764046
2016,medium,No-Kalman,866,865,291.23040786838146,716.6308456695134,2.0785219399538106,9.61111111111111,116.60268504921204,6.740932996928237,0.2857544048455509,0.5984153161050079,0.0,0.0,100.0,0.0,157.0,274.12999999999994,441.3310000000002,0.375,100.96484699862171,0.3714164000120945,nan,2902.4028017203786
2016,medium,No-DT-state,866,215,103692.28805926199,160745.83508186726,100.0,2.388888888888889,102.48709098685649,5.692471455399019,0.4722625909372339,0.125,0.0,0.0,100.0,0.0,157.4,282.5549999999999,439.338,0.4375,101.21312314280416,0.43225620000157505,nan,2493.8913542386945
2016,medium,No-LHS,866,865,291.2543869758208,716.6308456695134,2.0785219399538106,9.61111111111111,116.53996764092588,6.74076600885123,0.2857809356561928,0.5996122925228072,0.0,0.0,100.0,0.0,157.0,265.715,450.09000000000003,0.328125,89.60683592494132,0.3661830000055488,nan,2943.8832495874053
2016,medium,No-cost,866,865,291.3238341763875,690.8702488594649,2.1939953810623556,9.61111111111111,113.05365564645656,6.955378575222251,0.27268180305059825,0.6209583452286896,0.0,0.0,100.0,0.0,152.45,249.85999999999996,366.65400000000056,0.359375,101.59105370777998,0.35374670001328923,nan,3047.37825104659
2016,medium,No-admission,866,863,307.55492632156194,787.9840648524388,2.655889145496536,9.588888888888889,110.09021190483612,6.500775582679416,0.29185134773905136,0.6272436178168858,0.0,0.0,100.0,0.0,169.6,246.96999999999994,404.83600000000007,0.375,99.89323411244968,0.37540079999598674,nan,2871.5975032858864
2016,medium,No-EDF,866,865,279.1511928855615,602.7346871931592,0.0,9.61111111111111,116.0625112621166,6.755613374245418,0.279001853174007,0.6126443539036964,0.0,0.0,100.0,0.0,153.3,239.84999999999997,403.65200000000004,0.328125,92.98629031936167,0.3528745999792591,nan,3054.9095912920952
2017,medium,Full,923,915,293.82092324484444,636.8328384900607,3.358613217768147,10.166666666666666,121.24968576472803,6.1172836230300085,0.2866833575210564,0.5467227652427398,0.0,0.0,100.0,0.0,156.4,249.07999999999993,376.17300000000085,0.375,99.14678244657217,0.37822710000909865,nan,2998.1987011843426
2017,medium,No-Kalman,923,915,293.24370781121183,633.3454229540533,3.1419284940411703,10.166666666666666,121.26298735963246,6.121100491898862,0.2862450900718076,0.5454348233969698,0.0,0.0,100.0,0.0,156.4,243.94499999999974,429.73400000000004,0.359375,94.23725578177834,0.3813512999913655,nan,2973.6361198340633
2017,medium,No-DT-state,923,265,88658.33718523156,139754.39643669862,100.0,2.9444444444444446,125.87253294033347,5.760930559923303,0.468683459433296,0.125,0.0,0.0,100.0,0.0,157.0,272.85999999999984,479.8130000000039,0.453125,102.48545752629204,0.44213589999708347,nan,2564.8222639407486
2017,medium,No-LHS,923,915,293.82092324484444,636.8328384900607,3.358613217768147,10.166666666666666,121.24968576472803,6.1172836230300085,0.2866833575210564,0.5467227652427398,0.0,0.0,100.0,0.0,157.8,279.48999999999984,497.6760000000002,0.390625,98.92055359380862,0.3948876000067685,nan,2871.7032390497016
2017,medium,No-cost,923,914,288.3008915171905,620.9637844497464,3.0335861321776814,10.155555555555555,116.16042206324897,6.583509217135249,0.2626115009038222,0.6157903737513121,0.0,0.0,100.0,0.0,158.5,276.92999999999984,470.759000000002,0.390625,99.3892253806999,0.3930255000013858,nan,2885.30896849187
2017,medium,No-admission,923,913,293.2813766246908,633.5992033203523,3.2502708559046587,10.144444444444444,121.31199063240612,6.051374419302244,0.28558487986829206,0.5407869469313611,0.0,0.0,100.0,0.0,176.45,347.7,614.4150000000033,0.4375,99.4591016250239,0.4398792999854777,nan,2577.9799141206195
2017,medium,No-EDF,923,916,274.5045462999164,567.648053418431,0.0,10.177777777777777,120.61825308896883,6.142782620410865,0.2764383031504971,0.5809928983724976,0.0,0.0,100.0,0.0,157.6,239.0149999999999,417.634,0.359375,94.0512502435279,0.3821055000007618,nan,2967.766755510557
2018,medium,Full,879,875,287.51129134511484,710.6782400650843,2.616609783845279,9.722222222222221,147.28127814155863,8.969920582844626,0.2878490319426232,0.5855936084286619,0.0,0.0,99.77246871444824,0.22753128555176336,156.8,245.11000000000007,429.2050000000005,0.375,102.47550767129643,0.3659410999971442,nan,2956.7599813424727
2018,medium,No-Kalman,879,875,287.5934913342582,710.6782400650843,2.616609783845279,9.722222222222221,147.2786359990903,8.968616078030808,0.2879020735348953,0.5846448538481838,0.0,0.0,99.77246871444824,0.22753128555176336,157.1,283.19,414.6320000000002,0.375,101.2170882496044,0.37049080000724643,nan,2920.4503862952524
2018,medium,No-DT-state,879,333,75846.22577070167,131712.1814835812,93.7428896473265,3.7,146.93005998722947,9.612113403095977,0.45811005978143804,0.17003072816438017,0.0,0.0,99.77246871444824,0.22753128555176336,156.7,257.395,495.7310000000003,0.390625,97.12343085883658,0.4021943999978248,nan,2690.241336045086
2018,medium,No-LHS,879,875,287.51129134511484,710.6782400650843,2.616609783845279,9.722222222222221,147.28127814155863,8.969920582844626,0.2878490319426232,0.5855936084286619,0.0,0.0,99.77246871444824,0.22753128555176336,155.7,243.9800000000001,396.154000000002,0.359375,99.21311405023481,0.36222529999213293,nan,2987.091183369852
2018,medium,No-cost,879,875,289.9442668673218,706.6302583864767,1.9340159271899886,9.722222222222221,139.984295127754,9.148841188497727,0.2672227479546478,0.6079096234469821,0.0,0.0,99.77246871444824,0.22753128555176336,155.5,251.5900000000001,411.09100000000046,0.375,102.50242589271095,0.36584499999298714,nan,2957.5366617576865
2018,medium,No-admission,879,875,343.42438453618416,804.8403225087317,4.891922639362912,9.722222222222221,115.99431257744811,7.794308734215372,0.30786438257487003,0.7317410492292392,0.0,0.7963594994311718,99.20364050056882,0.0,166.0,259.2850000000001,527.5040000000006,0.359375,96.21241022634919,0.37352250001276843,nan,2896.7465145018386
2018,medium,No-EDF,879,875,274.07668005227015,623.7003798223358,0.0,9.722222222222221,147.08084941878195,8.961860747463792,0.2806791590503272,0.5946439606259402,0.0,0.0,99.77246871444824,0.22753128555176336,156.45,285.33500000000004,439.97000000000014,0.375,102.51640877880632,0.3657950999913737,nan,2957.9401146311584
2019,medium,Full,886,884,294.58191175004,680.8060058871863,2.595936794582393,9.822222222222223,118.7962651935921,7.383455296969769,0.27946738437491164,0.5760027360749118,0.0,0.0,100.0,0.0,158.7,290.8399999999999,467.38800000000015,0.375,98.30462532397773,0.38146730000153184,nan,2823.3088393046405
2019,medium,No-Kalman,886,884,294.54993815487876,680.8060058871863,2.595936794582393,9.822222222222223,118.75452841901684,7.384550834476162,0.27952492244554,0.5773918594616321,0.0,0.0,100.0,0.0,162.9,301.67999999999995,444.8960000000001,0.390625,99.3671789296029,0.39311269999598153,nan,2739.672363703867
2019,medium,No-DT-state,886,361,66668.11106966126,110861.62273515083,92.88939051918736,4.011111111111111,130.47992944323912,7.59192532569994,0.45287255153284256,0.1782659962136549,0.0,0.0,100.0,0.0,160.6,310.45999999999987,491.76800000000026,0.421875,98.37855812534181,0.4288282000052277,nan,2511.4952794309484
2019,medium,No-LHS,886,884,294.58191175004,680.8060058871863,2.595936794582393,9.822222222222223,118.7962651935921,7.383455296969769,0.27946738437491164,0.5760027360749118,0.0,0.0,100.0,0.0,164.6,315.71999999999997,431.4200000000001,0.390625,97.88083757701932,0.39908220001962036,nan,2698.692149003515
2019,medium,No-cost,886,884,293.1826459787597,671.5768126977632,1.8058690744920993,9.822222222222223,113.86747886460668,7.595120660896146,0.25505521788614083,0.5926658496038054,0.0,0.0,100.0,0.0,158.5,236.15999999999997,447.5080000000001,0.359375,98.71683903815483,0.36404630000470206,nan,2958.414904879103
2019,medium,No-admission,886,884,293.3204755981155,702.6912042339575,2.144469525959368,9.822222222222223,117.99546584446169,7.345663767413895,0.27776786112592505,0.5805282175628774,0.0,0.0,100.0,0.0,169.4,304.5799999999997,517.492,0.359375,93.61520224439576,0.38388530001975596,nan,2805.525504479005
2019,medium,No-EDF,886,884,279.1080199234341,607.7308406346367,0.0,9.822222222222223,118.85737220729133,7.390416594435967,0.27181172285036925,0.5799491783034103,0.0,0.0,100.0,0.0,155.6,252.21999999999974,406.29200000000003,0.34375,96.74462430364683,0.3553169000078924,nan,3031.0970290917135
2000,high,Full,1619,1475,437.06739941780285,1046.9393082164825,18.344657195799876,16.38888888888889,245.21907561713581,20.0705003064198,0.43267207050421913,0.9206531944382349,8.400247066090179,0.0,71.34033353922175,20.25941939468808,140.4,216.8,365.7000000000001,0.625,99.26327590896508,0.6296386999893002,nan,3146.2487932105573
2000,high,No-Kalman,1619,1458,431.86702999724446,1029.6546541158032,19.950586781964176,16.2,254.97447462414772,20.480598173843383,0.43942022313642326,0.9109088877596625,9.450277949351452,0.0,67.81964175416924,22.730080296479308,140.9,261.3,442.18000000000006,0.640625,99.48954197013748,0.6439118999987841,nan,3076.5078266199785
2000,high,No-DT-state,1619,631,133338.83100021092,325639.0229711147,87.02903026559605,7.011111111111111,171.2869525756764,13.81676738006583,0.46999937166099326,0.32734830475836335,0.0,0.0,99.81470043236565,0.1852995676343422,158.1,293.5,497.36000000000007,0.8125,95.61753925747261,0.8497395000013057,nan,2331.3027110037324
2000,high,No-LHS,1619,1602,445.844992365744,1053.5699750618503,14.206300185299568,17.8,193.067676113092,17.5457857139014,0.38012418829737377,0.9152186227379895,0.6176652254478073,0.0,90.98208770846202,8.400247066090179,147.7,242.2,432.7000000000001,0.671875,99.3542987213839,0.6762415000121109,nan,2929.426839323706
2000,high,No-cost,1619,1477,444.6521745897872,1093.098789788581,17.912291537986412,16.41111111111111,236.87520772530732,19.938894993060018,0.39111187343236076,0.9416411673041507,8.276714021000618,0.0,71.58739962940086,20.13588634959852,140.5,203.3,406.32000000000005,0.59375,94.09823776762867,0.6309895000013057,nan,3139.5134150344825
2000,high,No-admission,1619,1596,755.6374933242104,2206.8581878714085,39.71587399629401,17.733333333333334,119.24780159605824,13.2477081125647,0.40906687392202856,0.9795923216209096,0.0,4.817788758492897,95.1822112415071,0.0,172.3,285.8,437.12000000000006,0.71875,97.06351633920158,0.7404945000016596,nan,2675.2393164237683
2000,high,No-EDF,1619,1405,389.8973326546751,831.7268132101425,13.403335392217418,15.61111111111111,232.13878499243276,19.153881833249546,0.44482171927184494,0.9359660613726022,12.72390364422483,0.0,69.30203829524397,17.974058060531192,139.2,226.3,379.6400000000009,0.59375,98.47826818682991,0.6029249000130221,nan,3285.6496720523796
2001,high,Full,1570,1558,397.74430366897724,875.0150632730466,9.872611464968152,17.31111111111111,160.20061904155523,14.773105044360582,0.3596523973865464,0.8948976333925565,0.6369426751592356,0.0,93.75796178343948,5.6050955414012735,177.3,403.0399999999995,610.9519999999992,0.859375,95.88921873256774,0.8962164999975357,nan,2138.992085065686
2001,high,No-Kalman,1570,1510,387.69256071848025,830.0988506793622,11.337579617834395,16.77777777777778,200.40191154856169,16.729927456599913,0.3807597174721301,0.8725704117024818,3.694267515923567,0.0,82.03821656050955,14.26751592356688,171.4,333.55999999999966,491.084,0.765625,99.78963530543723,0.767238999978872,nan,2498.5695461945884
2001,high,No-DT-state,1570,347,122439.28880453372,240295.99675865547,99.80891719745223,3.8555555555555556,129.414218807231,12.124517208761809,0.47452593847988767,0.24033025344468315,0.0,0.0,99.87261146496816,0.12738853503184713,160.6,267.23999999999944,429.63199999999944,0.8125,98.3674156752346,0.8259849000023678,nan,2320.86567199292
2001,high,No-LHS,1570,1561,406.11430840954006,905.1802172107291,11.528662420382165,17.344444444444445,146.67043094363828,14.101758031123108,0.35727876974950107,0.9183207932155838,0.3821656050955414,0.0,96.87898089171975,2.738853503184713,154.3,263.52,454.5159999999996,0.65625,98.11775386482937,0.6688391999923624,nan,2866.1597586114726
2001,high,No-cost,1570,1554,393.1304754748268,843.6105510639328,9.10828025477707,17.266666666666666,160.60165536984292,15.185908903056536,0.31967214217654477,0.9148420457648975,0.7643312101910829,0.0,92.86624203821655,6.369426751592357,148.1,228.61999999999998,445.2079999999966,0.640625,100.24856166560934,0.6390365999832284,nan,2999.8281789342145
2001,high,No-admission,1570,1559,459.9146637249156,1126.355978650427,19.10828025477707,17.322222222222223,122.14284452978352,12.546232227792983,0.36633296702685586,0.9374271359139852,0.0,0.89171974522293,99.10828025477707,0.0,171.9,305.7999999999999,426.8319999999998,0.71875,101.23808366015555,0.7099601000081748,nan,2700.151740890688
2001,high,No-EDF,1570,1538,358.934667453721,734.9186794366781,2.484076433121019,17.08888888888889,162.19928051056604,14.830931873457791,0.35542562450292126,0.914318026720323,1.910828025477707,0.0,91.91082802547771,6.178343949044586,148.4,246.33999999999997,451.85599999999994,0.609375,96.71294233491567,0.6300863000215031,nan,3042.440376714393
2002,high,Full,1600,1574,417.7929097526396,978.0877161528705,11.0,17.488888888888887,184.09927714219717,16.88266149341432,0.3761602570065418,0.9324458105741206,0.9375,0.0,92.375,6.6875,144.5,230.19999999999976,374.3400000000003,0.640625,96.86489628358868,0.6613592999929097,nan,3037.6831474533406
2002,high,No-Kalman,1600,1534,410.21829312287986,980.7707060131186,13.125,17.044444444444444,218.59952331886294,18.572102867146143,0.3926456459290326,0.9296493093587116,3.4375,0.0,83.1875,13.375,142.2,218.72,383.3320000000018,0.609375,94.05070179733254,0.6479218000022229,nan,3100.68282930611
2002,high,No-DT-state,1600,167,240602.41765723334,430312.86622782174,93.625,1.8555555555555556,155.20639163706517,11.387290760682449,0.47309108131213196,0.125,0.0,0.0,99.8125,0.1875,154.0,249.5,436.4040000000003,0.921875,97.19621536874195,0.9484680000168737,nan,2118.152641907011
2002,high,No-LHS,1600,1578,424.54447831918475,1006.7682238552004,12.75,17.533333333333335,171.29415064368314,16.225126857105643,0.3762263312043257,0.9429844454523625,0.6875,0.0,94.625,4.6875,146.4,255.43999999999997,432.83200000000033,0.671875,98.71237194585063,0.6806390999990981,nan,2951.637659374347
2002,high,No-cost,1600,1578,422.7370342078592,975.4244343993461,11.25,17.533333333333335,179.60583645742213,17.05310185644608,0.3423585830620428,0.9463679769908119,0.6875,0.0,92.0625,7.25,146.0,260.84,386.7760000000002,0.6875,100.40773573080828,0.6847082000167575,nan,2934.0965975737286
2002,high,No-admission,1600,1588,565.5184587382032,1555.6480124107695,31.0,17.644444444444446,126.3444896099949,13.304242945279844,0.40012117259573526,0.9687295155235087,0.0,3.625,96.375,0.0,170.7,282.87999999999977,430.73600000000005,0.71875,97.20961408874706,0.7393815999967046,nan,2717.135508929292
2002,high,No-EDF,1600,1557,380.2987610865419,797.9163016443324,3.0,17.3,181.45286199398637,16.70399649568966,0.3741585992622807,0.9567931938144483,2.125,0.0,90.25,7.625,143.1,222.77999999999997,370.8600000000013,0.625,99.30922094663313,0.6293474000121932,nan,3192.1955981085753
2003,high,Full,1653,1573,446.61799628677426,1095.6580077309206,16.575922565033274,17.477777777777778,221.43409112583643,18.78421769258228,0.40282460045869334,0.9332634093633402,4.4162129461585,0.0,80.52026618269812,15.063520871143377,140.7,227.83999999999986,406.04399999999964,0.65625,100.68352800435805,0.6517948000109755,nan,3094.532205482517
2003,high,No-Kalman,1653,1532,434.3023267148299,1014.9449933504167,18.330308529945555,17.022222222222222,253.36484839088868,20.36700579700367,0.4190609741392035,0.9171203701276573,6.896551724137931,0.0,71.9903206291591,21.113127646702964,141.1,232.71999999999989,372.1839999999998,0.65625,99.69620950751931,0.6582497000053991,nan,3064.186736406346
2003,high,No-DT-state,1653,55,291067.9421639095,490203.86096768116,97.0961887477314,0.6111111111111112,125.88467286230423,12.239259820940157,0.4544603911308173,0.1452730657840298,0.0,0.0,99.87900786448881,0.12099213551119177,153.6,296.19999999999965,479.85599999999994,1.015625,96.3726954286916,1.053851400007261,nan,1913.9320780767603
2003,high,No-LHS,1653,1642,452.2942702718418,1105.4751343419193,16.515426497277677,18.244444444444444,178.64764720987446,16.671534766940393,0.373430962594678,0.924596735274956,0.12099213551119177,0.0,95.28130671506352,4.597701149425287,147.7,246.51999999999998,356.3879999999999,0.671875,98.70285896732202,0.6807046999747399,nan,2963.1057345055033
2003,high,No-cost,1653,1576,439.9957580954032,990.0075943423018,16.091954022988507,17.511111111111113,217.86048769995222,18.828660463945216,0.36121306579623186,0.9387474725440679,4.234724742891712,0.0,81.00423472474289,14.761040532365396,140.5,229.7399999999996,359.0919999999999,0.65625,100.14828814057174,0.6552782999933697,nan,3078.081480830982
2003,high,No-admission,1653,1642,854.0650516654781,2255.2524085648693,34.361766485178464,18.244444444444444,133.26654563765658,13.782716095661117,0.40581821266331985,0.9743378546748359,0.0,5.081669691470054,94.91833030852995,0.0,169.3,276.2799999999999,512.6239999999988,0.75,100.22862818123428,0.7482892000116408,nan,2695.4819072206606
2003,high,No-EDF,1653,1525,382.37514288227925,753.489894846402,8.287961282516637,16.944444444444443,220.32492091695724,18.635064881398037,0.4069151664125826,0.9489944317435886,7.441016333938294,0.0,78.40290381125227,14.156079854809438,142.3,255.33999999999997,383.55599999999953,0.65625,100.8994620105011,0.6503998999833129,nan,3101.1689885741825
2004,high,Full,1573,1492,443.8135611504369,982.6680170302266,15.766052129688493,16.57777777777778,234.4508412824102,19.70294730203032,0.4109940712240551,0.9383826735332217,4.322949777495232,0.0,76.41449459631278,19.26255562619199,141.4,238.84999999999974,418.93499999999995,0.609375,96.43884863377788,0.6318770999787375,nan,3029.070051857245
2004,high,No-Kalman,1573,1484,447.47576060991736,986.449833532795,17.60966306420852,16.488888888888887,249.70255072558163,20.488273312811003,0.41845555557274056,0.9235642807425918,5.276541640178004,0.0,72.34583598219962,22.377622377622377,149.6,288.87499999999994,489.1409999999984,0.671875,91.25236339373029,0.7362823000003118,nan,2599.546396808927
2004,high,No-DT-state,1573,326,138505.271161745,283414.32966125506,99.68213604577241,3.6222222222222222,169.3703849470394,12.019639818765178,0.45699471761654165,0.22329926665626462,0.0,0.0,99.68213604577241,0.3178639542275906,159.1,266.7,465.6919999999987,0.796875,95.73181756072194,0.8324035000114236,nan,2299.365632140822
2004,high,No-LHS,1573,1552,461.0039118077183,1065.379569286803,16.147488874761603,17.244444444444444,213.11474333197063,18.65106895556185,0.3881077575199075,0.8995148760881239,0.6357279084551812,0.0,86.77685950413223,12.587412587412587,142.4,226.9499999999999,401.42999999999574,0.609375,97.51216952060561,0.6249219999881461,nan,3062.7822352810526
2004,high,No-cost,1573,1492,431.4057413892799,904.6653926995049,14.113159567705022,16.57777777777778,231.50155869907758,19.8614590014815,0.36307528476266143,0.953096479791395,4.450095359186268,0.0,76.54164017800382,19.00826446280992,138.9,217.0,393.64799999999997,0.609375,100.07883132838855,0.608894999983022,nan,3143.3991083082774
2004,high,No-admission,1573,1556,790.099070968074,2525.155468266102,43.67450731087095,17.288888888888888,106.20444512106859,12.906452463760289,0.4144882114371936,0.9840163934426229,0.0,5.5308328035600764,94.46916719643993,0.0,171.2,262.275,488.9609999999989,0.671875,95.98398026518757,0.6999865999969188,nan,2734.338057340562
2004,high,No-EDF,1573,1436,394.1088851778413,742.5475327412414,9.853782581055308,15.955555555555556,226.27626571214546,19.051949608981364,0.4227293615020083,0.9512789528093655,8.073744437380801,0.0,74.63445645263828,17.29179910998093,141.0,238.64499999999992,377.9809999999993,0.59375,99.32198422758367,0.5978031999839004,nan,3201.7225736689707
2005,high,Full,1573,1439,416.4565134381846,965.6049738563463,17.29179910998093,15.988888888888889,236.11291637199116,17.985293000345134,0.42034545488272884,0.9580197983635301,8.137317228226319,0.0,71.71010807374444,20.152574698029245,142.5,239.29499999999962,373.3669999999999,0.625,98.81490103358698,0.6324957000033464,nan,3070.3766049156147
2005,high,No-Kalman,1573,1453,416.0426909961822,961.1619310771792,16.656071201525748,16.144444444444446,244.85709686905295,18.379064222306916,0.41439806257697626,0.9186693204187935,7.247298156389065,0.0,71.90082644628099,20.85187539732994,141.1,231.4,356.1079999999991,0.609375,98.68119015948449,0.6175189000205137,nan,3144.8430160364123
2005,high,No-DT-state,1573,456,106139.05494315723,218222.4938372379,90.97266369993643,5.066666666666666,160.23977227843838,13.494165850990573,0.4526783378217207,0.40237490603054693,0.0,0.0,97.58423394787032,2.4157660521296886,143.6,236.98999999999995,381.65099999999927,0.734375,98.39886044075187,0.7463247000123374,nan,2602.0845886085467
2005,high,No-LHS,1573,1560,428.3765073238098,972.6036312651463,11.951684678957406,17.333333333333332,177.60852887292998,14.675842578874386,0.3693430482306322,0.9323413812464907,0.44500953591862685,0.0,94.21487603305785,5.340114431023522,146.5,222.56999999999988,381.40399999999954,0.65625,102.28147300200646,0.6416118000051938,nan,3026.7523134460425
2005,high,No-cost,1573,1437,416.3158439913785,988.9286969940018,17.037507946598854,15.966666666666667,233.71506553008848,18.275525857535776,0.38085222773800215,0.9759940858185479,8.200890019071837,0.0,71.2015257469803,20.59758423394787,140.0,217.27999999999994,346.33699999999965,0.609375,99.25210939574396,0.6139668000105303,nan,3163.0374801482626
2005,high,No-admission,1573,1566,548.8126029220757,1474.733722926617,27.46344564526383,17.4,125.54332198162618,11.630149569499158,0.38602919682401504,0.9616518532619577,0.0,2.225047679593134,97.77495232040687,0.0,171.4,298.8499999999998,494.4619999999982,0.703125,97.05736561206473,0.7244427000114229,nan,2680.6813015982893
2005,high,No-EDF,1573,1366,374.7252155424705,772.3838955414589,13.54100445009536,15.177777777777777,224.99710071115877,17.226427338866863,0.4375459197339694,0.9733323036925493,12.778130959949141,0.0,70.31150667514304,16.91036236490782,140.05,234.8699999999999,372.7419999999997,0.609375,101.53143138083698,0.6001836000068579,nan,3235.676549605504
2006,high,Full,1647,1586,414.6267620632615,949.6155848038142,13.539769277474196,17.622222222222224,205.96284937956207,16.427082272912475,0.3872764166270275,0.9227485967293791,3.217972070431087,0.0,85.30661809350335,11.475409836065573,140.7,228.96999999999997,406.8399999999996,0.671875,100.28504461628678,0.6699652999814134,nan,3055.3821221140693
2006,high,No-Kalman,1647,1526,412.7483779688577,939.660190757734,16.57559198542805,16.955555555555556,230.74585432464565,17.754139583237027,0.4132468484149186,0.9337768449637605,6.860959319975714,0.0,75.89556769884639,17.2434729811779,140.9,235.75999999999985,344.18399999999986,0.65625,99.8736683693125,0.6570801000052597,nan,3115.297510887355
2006,high,No-DT-state,1647,295,206417.55763951427,388562.43726909714,96.72131147540983,3.2777777777777777,153.09074566771494,11.429020518407123,0.4744874956229605,0.16366655482178535,0.0,0.0,99.87856709168184,0.12143290831815422,153.4,271.93999999999994,431.448,0.921875,96.29599762643174,0.9573347000114154,nan,2138.228145261622
2006,high,No-LHS,1647,1628,433.83653804740135,1015.4439479659254,13.782635094110503,18.08888888888889,179.21296980641148,15.069313476579508,0.36914603112590755,0.9444966039463207,0.18214936247723132,0.0,93.92835458409229,5.88949605343048,148.7,285.3399999999999,441.05599999999976,0.6875,95.29150468364445,0.7214703999925405,nan,2837.2612376352026
2006,high,No-cost,1647,1585,408.9826117187368,915.3705466905393,12.2040072859745,17.61111111111111,199.5586090277404,16.239956287924244,0.34789537700398643,0.9613941521331194,3.278688524590164,0.0,85.42805100182149,11.293260473588342,154.1,293.15999999999985,497.24399999999986,0.734375,97.28755345596886,0.7548499000258744,nan,2711.7974049275676
2006,high,No-admission,1647,1614,598.0933810085952,1639.0925241540417,31.876138433515482,17.933333333333334,130.89630995337953,12.155549012161156,0.3904486794290202,0.9735032773557583,0.0,3.764420157862781,96.23557984213721,0.0,172.5,301.21,446.6499999999999,0.765625,99.97947196947898,0.7657822000037413,nan,2673.083808934184
2006,high,No-EDF,1647,1542,373.09881041430316,764.4934031849075,7.225258044930176,17.133333333333333,199.92321009808362,16.011960665291237,0.39286755195715123,0.938320138329171,6.132361870066788,0.0,83.48512446873103,10.382513661202186,143.1,273.28999999999985,438.65599999999995,0.640625,96.34051177159577,0.6649590999877546,nan,3078.384821017858
2007,high,Full,1629,1437,436.56703723436937,989.4212403827112,20.933087783916513,15.966666666666667,261.49700820810193,20.738645321175625,0.4622847913916913,0.9376209995059882,11.540822590546348,0.0,65.31614487415592,23.143032535297728,144.4,241.34999999999997,385.8430000000006,0.671875,100.2428057963585,0.6702475999773014,nan,2998.891752940362
2007,high,No-Kalman,1629,1496,430.21879558697304,950.7584156196033,17.679558011049725,16.622222222222224,255.57169812285997,20.689583491959905,0.4374676030651945,0.9253569246781456,7.796193984039288,0.0,70.59545733578882,21.608348680171886,140.95,241.09499999999997,431.5870000000005,0.625,95.0871439461057,0.6572917999874335,nan,3058.002549306759
2007,high,No-DT-state,1629,1625,576.8767367562688,1593.098196323774,35.850214855739715,18.055555555555557,366.8090594972933,26.619874006625448,0.4164770089481022,0.8604700763554153,0.0,0.0,60.58931860036832,39.41068139963168,131.35000000000002,237.70499999999993,426.0430000000014,0.5625,97.36796643995157,0.5777054000063799,nan,3479.282000787603
2007,high,No-LHS,1629,1613,436.4287634404244,976.8667403486882,11.663597298956415,17.92222222222222,216.7240744433619,19.038037267456104,0.3903839388970579,0.935047403400711,0.7366482504604052,0.0,87.35420503376305,11.90914671577655,144.6,237.60999999999999,446.38700000000046,0.65625,96.29143355905488,0.68152480002027,nan,2949.2690507230523
2007,high,No-cost,1629,1431,434.0420609192393,952.0146285559078,20.87170042971148,15.9,257.0570186151886,20.698489615509597,0.42390833010790674,0.9476626842219332,11.847759361571516,0.0,65.25475751995089,22.897483118477595,135.7,199.41,351.5410000000004,0.59375,95.97336959422901,0.6186611999874003,nan,3248.9511222635842
2007,high,No-admission,1629,1576,4630.424478635768,42132.40464515597,45.73357888275015,17.511111111111113,116.82522563688522,13.256249426709509,0.4218874670705235,0.987143596072524,0.0,9.085328422344997,90.914671577655,0.0,173.8,295.80999999999995,506.81700000000075,0.953125,100.27542140378041,0.9505071000021417,nan,2114.660690062674
2007,high,No-EDF,1629,1357,386.5758847931867,774.1561979220535,17.372621240024554,15.077777777777778,252.66740414328993,20.037718780438144,0.4770268293030571,0.9495665425478385,16.451810926949047,0.0,63.35174953959484,20.196439533456108,133.8,190.02999999999997,336.2080000000007,0.5625,96.72942758544278,0.581518999999389,nan,3456.464879053155
2008,high,Full,1601,1573,454.1589832863727,1030.1323287715193,13.11680199875078,17.477777777777778,200.7011684373442,18.50056264787771,0.38811606477111765,0.963454540175374,0.9993753903810119,0.0,88.81948782011243,10.181136789506558,141.5,225.1399999999998,390.88599999999997,0.609375,95.19934410357565,0.6401042000215966,nan,3041.6922743739374
2008,high,No-Kalman,1601,1541,435.9215753198044,969.135289317745,12.742036227357902,17.122222222222224,232.854778337979,20.039199088826134,0.4013301929957996,0.9439353994211022,3.2479700187382887,0.0,80.01249219237977,16.73953778888195,142.3,250.67999999999995,421.90199999999976,0.640625,97.66975403085422,0.6559093000250868,nan,2968.398222018703
2008,high,No-DT-state,1601,70,318464.6303994215,536918.3871257907,96.43972517176765,0.7777777777777778,119.0176984000779,13.34939462767752,0.4751912688377874,0.3206831119544592,0.0,0.0,98.87570268582137,1.1242973141786383,149.1,228.14999999999992,389.9039999999997,0.90625,96.31962833082814,0.9408777999924496,nan,2069.3441805254884
2008,high,No-LHS,1601,1583,458.2559486875271,1085.957846476213,12.866958151155528,17.58888888888889,189.61256535486635,17.984340065234736,0.3842321497987353,0.9548201501405756,0.3747657713928795,0.0,91.25546533416615,8.369768894440975,142.6,205.5699999999998,354.6419999999999,0.625,98.78976999432504,0.6326566000061575,nan,3077.4989148632135
2008,high,No-cost,1601,1570,450.3155469891458,1030.7081917902876,12.117426608369769,17.444444444444443,199.49059233470345,18.473428682539303,0.34455311607307076,0.956907495739063,1.061836352279825,0.0,88.1948782011243,10.743285446595877,141.0,201.70999999999995,343.7159999999998,0.625,99.40737300582526,0.6287259999953676,nan,3096.7384838774688
2008,high,No-admission,1601,1562,1104.5220746808873,4405.378462121035,46.40849469081824,17.355555555555554,116.3490384805648,13.193679452215285,0.4240823902061722,0.9822188232818231,0.0,8.744534665833854,91.25546533416615,0.0,170.6,253.33999999999943,401.19799999999987,0.71875,100.63813327798313,0.7141924999887124,nan,2726.1557633702005
2008,high,No-EDF,1601,1543,401.9345577102055,818.0752426621588,4.184884447220488,17.144444444444446,202.38741558780958,18.49021592851845,0.3895505880321401,0.9710719008161692,2.935665209244222,0.0,85.94628357276702,11.118051217988757,142.0,253.94999999999936,389.04799999999994,0.625,99.76052685270031,0.626500299986219,nan,3107.73993251532
2009,high,Full,1585,1504,417.88794974449587,975.74681019243,14.069400630914826,16.711111111111112,243.04033489830172,20.03627477484231,0.4022007177099589,0.9539214701229911,4.794952681388013,0.0,77.09779179810725,18.107255520504733,139.3,242.20999999999998,363.71400000000193,0.640625,101.6358352113627,0.6303141000098549,nan,3107.9742623072707
2009,high,No-Kalman,1585,1475,427.27236501505956,992.0304346473482,15.583596214511042,16.38888888888889,235.9036921080045,19.570121682638185,0.41620148028957893,0.951057509441323,6.4984227129337535,0.0,75.20504731861199,18.29652996845426,139.7,204.13999999999996,408.3600000000009,0.609375,98.74030460897495,0.617149200028507,nan,3174.2729309371393
2009,high,No-DT-state,1585,998,36932.59557192043,85597.16656631992,75.26813880126183,11.088888888888889,181.39909979289405,16.41499952247668,0.4506519022527653,0.7058147070911448,0.0,0.0,96.65615141955836,3.3438485804416405,136.7,197.07999999999976,345.742,0.640625,101.86310298864535,0.6289077999826986,nan,3114.924000074244
2009,high,No-LHS,1585,1577,439.3960235216265,1079.1975557456244,12.681388012618296,17.522222222222222,181.22003749129698,16.886833755137534,0.3723606792304456,0.9365322500083247,0.1892744479495268,0.0,94.95268138801262,4.858044164037855,145.2,222.08999999999992,410.0480000000014,0.65625,101.5614698800066,0.6461603999778163,nan,3031.754963732311
2009,high,No-cost,1585,1500,415.72077484706364,962.8335204863602,12.996845425867507,16.666666666666668,240.20906488227607,19.950810680275623,0.3643100510279986,0.9604937198769397,4.921135646687697,0.0,77.22397476340694,17.854889589905362,136.6,212.82999999999987,360.76000000000056,0.609375,99.71436079548712,0.6111206000205129,nan,3205.5865895115367
2009,high,No-admission,1585,1578,604.5333095476454,1661.0580942909373,25.047318611987382,17.533333333333335,136.09976978103177,14.163535523055158,0.38890970557101484,0.984851019527787,0.0,3.470031545741325,96.52996845425868,0.0,172.2,313.48999999999984,491.01800000000094,0.71875,96.7725691825628,0.742720799986273,nan,2637.599485615868
2009,high,No-EDF,1585,1444,377.95438752806956,743.2638330195998,9.400630914826499,16.044444444444444,231.52711352533402,19.223063345111285,0.41367057878048763,0.9622135645480371,8.64353312302839,0.0,75.64668769716089,15.709779179810726,140.4,240.03999999999988,428.6500000000002,0.609375,99.41599272893727,0.6129547000164166,nan,3195.994744713651
2010,high,Full,1573,1547,412.30551591012596,1020.6546319355305,10.48951048951049,17.18888888888889,193.78425326894308,15.581595647562397,0.3629590704909683,0.9508365170826418,1.1443102352193262,0.0,89.00190718372536,9.853782581055308,145.7,243.075,389.8500000000002,0.609375,94.89747102260517,0.6421403999847826,nan,3005.573236080049
2010,high,No-Kalman,1573,1512,408.6630657849385,1002.6431346493243,12.333121424030516,16.8,208.86090161553105,16.370329850314086,0.37916819909290045,0.9460619292047197,3.4965034965034967,0.0,83.08963763509217,13.413858868404322,142.3,207.36499999999998,371.6910000000001,0.625,101.06365862404988,0.6184221000003163,nan,3120.84577831066
2010,high,No-DT-state,1573,1072,26193.51933972621,63386.503617314185,89.89192625556262,11.911111111111111,170.52775017101877,13.668992380014593,0.4610469781090562,0.5854278687841273,0.0,0.0,99.23712650985378,0.7628734901462174,140.5,202.10999999999999,375.6710000000004,0.609375,99.46680081963358,0.612641599989729,nan,3150.2921121131126
2010,high,No-LHS,1573,1561,413.81821185636267,1005.6726417147813,10.870947234583598,17.344444444444445,166.2073105932741,13.983267253953251,0.35456989630525504,0.9563869106718168,0.06357279084551812,0.0,97.52066115702479,2.4157660521296886,147.9,229.29499999999996,373.98700000000036,0.65625,101.21140606682434,0.6483952999988105,nan,2976.579256517653
2010,high,No-cost,1573,1547,404.731951597584,964.2376121069507,9.281627463445645,17.18888888888889,194.33046998032,15.747063203646448,0.3250346510265414,0.9651415906828273,1.2078830260648443,0.0,89.1290527654164,9.663064208518755,145.5,260.34999999999997,455.2000000000004,0.640625,98.07836072568136,0.6531766999978572,nan,2954.790028496625
2010,high,No-admission,1573,1563,474.47890703783867,1239.8800664067182,19.389701207883025,17.366666666666667,137.70570969366955,12.360072813123011,0.36756768125127054,0.9773710794404509,0.0,1.3350286077558804,98.66497139224413,0.0,171.7,295.71999999999997,508.00700000000006,0.703125,98.16886874266655,0.7162403000111226,nan,2694.6263704653716
2010,high,No-EDF,1573,1513,372.8348214610578,818.274522824619,4.005085823267642,16.81111111111111,193.93796189461173,15.506700716426034,0.3671818682682091,0.9536015653662713,3.4329307056579785,0.0,87.22186904005086,9.345200254291163,142.2,223.73499999999993,371.9570000000002,0.609375,101.26841651809939,0.6017424000019673,nan,3207.3525149527272
2011,high,Full,1638,1617,418.71451108843604,951.3802657372819,10.378510378510379,17.966666666666665,204.39591103161044,19.922658166797664,0.3764550993112601,0.9262813652149202,0.6105006105006106,0.0,87.17948717948718,12.21001221001221,141.4,209.3,356.37800000000016,0.640625,100.24496936324228,0.6390595000120811,nan,3102.997451665318
2011,high,No-Kalman,1638,1553,420.52350858759934,970.280796299839,13.98046398046398,17.255555555555556,222.92014947257215,20.495953783376706,0.40406257629545866,0.9177199738413069,4.5787545787545785,0.0,79.24297924297925,16.178266178266178,140.6,203.57999999999996,348.55200000000104,0.640625,101.2719039767893,0.6325791999988724,nan,3134.785335976167
2011,high,No-DT-state,1638,314,188087.01280211098,382164.4774997549,98.2905982905983,3.488888888888889,130.29334917097952,16.609523723655084,0.46493373884588746,0.22601881972578683,0.0,0.0,99.2063492063492,0.7936507936507936,149.0,242.48999999999998,384.76600000000025,0.859375,99.42374431923523,0.8643558999756351,nan,2294.193861644142
2011,high,No-LHS,1638,1622,437.52039066452517,1072.2095574197892,13.858363858363859,18.022222222222222,181.5791755666559,18.8002357735432,0.37700516705572035,0.9383957094958806,0.3052503052503053,0.0,92.73504273504274,6.95970695970696,147.0,258.3,460.71600000000007,0.65625,96.01888510477949,0.6834592999948654,nan,2901.416368194708
2011,high,No-cost,1638,1618,419.457815011319,956.8950553563815,9.951159951159951,17.977777777777778,201.997434542838,19.93042786958656,0.33228273017715426,0.9453551507239497,0.6105006105006106,0.0,87.72893772893772,11.66056166056166,142.6,208.27999999999983,328.4440000000001,0.640625,99.53093642947935,0.6436440999968909,nan,3080.895171740996
2011,high,No-admission,1638,1626,732.0337486650247,1883.308981134539,30.70818070818071,18.066666666666666,120.6391787730725,15.314765117795504,0.39913434447859514,0.9914234653127372,0.0,4.822954822954823,95.17704517704517,0.0,170.7,265.77,450.6220000000005,0.703125,97.28494579021539,0.7227480000001378,nan,2743.694897806181
2011,high,No-EDF,1638,1583,382.02451276842004,774.4825946680431,3.724053724053724,17.58888888888889,201.39667924625525,19.652504358391308,0.380021436594261,0.9492149772451574,2.7472527472527473,0.0,86.14163614163614,11.11111111111111,140.1,198.4299999999996,377.87200000000036,0.59375,97.41191911620685,0.6095250000071246,nan,3253.3530207568533
2012,high,Full,1596,1530,425.67809999707106,1043.2230480629264,15.789473684210526,17.0,189.17915791757554,16.522435346416422,0.3889131529033241,0.8967940398625223,3.8220551378446115,0.0,86.46616541353383,9.711779448621554,140.7,170.95999999999995,266.668,0.609375,101.08507519176801,0.6028337999887299,nan,3249.651894164899
2012,high,No-Kalman,1596,1493,408.7802162980287,999.7031295066137,15.977443609022556,16.58888888888889,223.55579582994062,18.196481126365068,0.40121140073863326,0.8856803891468521,5.9523809523809526,0.0,76.94235588972431,17.105263157894736,140.1,174.51999999999998,271.1420000000004,0.578125,97.27277836248571,0.5943337999924552,nan,3296.127529722975
2012,high,No-DT-state,1596,400,170257.92092437707,354937.8836644384,98.7468671679198,4.444444444444445,140.86252349521615,11.688327595443656,0.45740699474915947,0.164774506088418,0.0,0.0,100.0,0.0,155.4,231.37999999999994,336.40400000000045,0.8125,98.91543637238428,0.8214086999942083,nan,2384.9272597353947
2012,high,No-LHS,1596,1585,436.1074096316249,1107.5986862940129,14.285714285714286,17.61111111111111,163.6123632660238,15.188710785531777,0.3648030418845866,0.9033306379437579,0.12531328320802004,0.0,95.5513784461153,4.323308270676692,160.3,340.2799999999999,668.8340000000005,0.75,94.09981606448605,0.7970260000147391,nan,2457.8871956043754
2012,high,No-cost,1596,1530,416.49294263109965,984.8709461606304,13.659147869674186,17.0,183.6456112167998,16.442459906885492,0.34936125964651055,0.9404110086120698,3.8220551378446115,0.0,85.6516290726817,10.526315789473685,178.5,338.65999999999997,581.4660000000006,0.8125,99.05382566757241,0.8202610999869648,nan,2388.2639320956846
2012,high,No-admission,1596,1581,498.42913576820405,1360.124063598498,22.05513784461153,17.566666666666666,130.9563058962226,13.44112489980338,0.37479660791573854,0.9434549476482987,0.0,1.8170426065162908,98.1829573934837,0.0,182.3,312.53999999999985,526.2400000000001,0.765625,99.46076513953744,0.7697759000002407,nan,2544.8965081907445
2012,high,No-EDF,1596,1489,370.52879521324985,751.6631871731354,7.706766917293233,16.544444444444444,185.41690763716034,16.2080077989769,0.39340558565232364,0.9210329009424455,6.516290726817043,0.0,84.77443609022556,8.709273182957393,158.8,293.15,463.72600000000074,0.671875,96.73384776811653,0.6945604000065941,nan,2820.489045994274
2013,high,Full,1659,1600,434.05650104975723,939.6382960697624,12.236286919831224,17.77777777777778,257.03383260720796,21.57265847538486,0.4080490073291807,0.9127694790606402,2.8330319469559977,0.0,76.55213984327908,20.61482820976492,153.5,278.01,423.46799999999985,0.765625,102.07279941944175,0.7500774000072852,nan,2725.052107929325
2013,high,No-Kalman,1659,1569,440.24315035011057,952.1808912814755,15.430982519590115,17.433333333333334,280.0860214489775,22.6291730952364,0.4236786136183293,0.922705530475305,5.063291139240507,0.0,69.19831223628692,25.738396624472575,157.35000000000002,297.7949999999999,441.42499999999984,0.765625,99.29006549386263,0.7710993000073358,nan,2650.761062784721
2013,high,No-DT-state,1659,285,175532.6358643539,364916.07226697187,98.85473176612417,3.1666666666666665,164.48276828908465,13.29480811811489,0.4767628917459869,0.20718703105816016,0.0,0.0,99.09584086799276,0.9041591320072333,163.2,275.85499999999996,427.0039999999989,0.90625,94.15744849949081,0.9624836000148207,nan,2123.672548777481
2013,high,No-LHS,1659,1618,455.2531642647857,1038.3418303531935,14.406268836648584,17.977777777777778,228.90289960045692,20.181707039045264,0.4063739697161129,0.9430668679725058,1.6274864376130198,0.0,83.66485834840265,14.707655213984328,158.9,360.87999999999994,537.1609999999995,0.828125,90.12648016662037,0.9188476000272203,nan,2224.525590467285
2013,high,No-cost,1659,1606,428.59279365377876,936.5496001010935,11.995177817962627,17.844444444444445,255.23057231152853,21.655364463168056,0.3628867894169674,0.9250561818971541,2.5316455696202533,0.0,75.9493670886076,21.518987341772153,173.3,384.385,565.442,0.90625,98.19783008162612,0.9228818999836221,nan,2214.8012655100006
2013,high,No-admission,1659,1583,2822.099266922021,21958.255725996598,53.40566606389391,17.58888888888889,107.2711614053419,13.107670646495167,0.4403558375389006,0.9921330561718152,0.0,11.271850512356842,88.72814948764317,0.0,182.4,321.985,532.9269999999993,0.875,98.232742442032,0.8907417000154965,nan,2294.7168634458676
2013,high,No-EDF,1659,1548,396.4151227364332,792.5811815915722,8.016877637130802,17.2,246.62300422502665,20.855983801835617,0.4194140478554437,0.9216875128353071,6.208559373116335,0.0,74.44243520192887,19.349005424954793,141.0,247.47499999999985,420.9789999999997,0.640625,98.64796278114115,0.6494052000052761,nan,3147.495585165307
2014,high,Full,1606,1594,419.80024617185904,964.0017251166702,10.024906600249066,17.711111111111112,199.64894782852386,16.72120024363214,0.3782400262518697,0.9474725745201261,0.43586550435865506,0.0,87.79576587795766,11.768368617683686,144.4,263.03999999999996,414.292,0.65625,99.0330301776592,0.6626576999842655,nan,2935.150380122623
2014,high,No-Kalman,1606,1573,406.4218744940617,911.1849423718011,10.523038605230386,17.477777777777778,223.69797811429206,17.966471157099438,0.3856374433532703,0.941187617821408,1.7434620174346203,0.0,81.81818181818181,16.438356164383563,145.0,261.44,408.93199999999933,0.65625,99.14811935754763,0.6618885000061709,nan,2938.5614041970307
2014,high,No-DT-state,1606,1477,6045.201649869869,10631.23505178506,77.14819427148194,16.41111111111111,494.76983921114004,32.79041008856538,0.48384057820650844,0.9214025784986484,0.0,0.0,26.40099626400996,73.59900373599004,126.9,224.35999999999993,415.54799999999926,0.5625,96.42024622977503,0.5833836999954656,nan,3333.9978474117765
2014,high,No-LHS,1606,1598,426.86860744965827,946.0843493456379,12.577833125778332,17.755555555555556,193.82642838559588,16.355312138083278,0.38072411770912684,0.9179902278774339,0.18679950186799502,0.0,90.9090909090909,8.904109589041095,149.8,256.7999999999998,433.5679999999997,0.65625,97.58596487335288,0.6724839999806136,nan,2892.2621208178493
2014,high,No-cost,1606,1587,418.67148936820126,915.856217235978,10.398505603985056,17.633333333333333,196.95288911370267,16.64326806037928,0.342059279448714,0.9537989145958298,0.8094645080946451,0.0,87.92029887920299,11.270236612702366,145.9,258.24,415.24399999999986,0.65625,99.14229264683937,0.6619273999822326,nan,2938.3887115901343
2014,high,No-admission,1606,1598,691.8946999095152,2071.217101691355,39.60149439601494,17.755555555555556,109.79746345644332,11.280785470461456,0.41369749122135696,0.9868578418977194,0.0,4.85678704856787,95.14321295143213,0.0,173.7,329.5,513.9479999999994,0.75,99.13587880634321,0.7565374000114389,nan,2570.923790377834
2014,high,No-EDF,1606,1564,380.67321961493127,757.0520342603401,3.61145703611457,17.377777777777776,201.64848517259207,16.752782918389684,0.3817422124697506,0.9577077753437352,2.303860523038605,0.0,85.80323785803238,11.892901618929017,141.5,248.64,392.2679999999996,0.609375,99.29800890635754,0.6136830000032205,nan,3169.388756067535
2015,high,Full,1545,1526,430.59703172002685,988.4789964950098,10.744336569579287,16.955555555555556,185.60725956647727,16.110267060361704,0.3763338578858233,0.9371707504730202,0.7766990291262136,0.0,89.90291262135922,9.320388349514563,145.4,268.16499999999985,446.6220000000002,0.609375,95.75490139345354,0.6363904000027105,nan,2957.3041956509464
2015,high,No-Kalman,1545,1489,423.7757916285143,985.2683370741015,12.362459546925566,16.544444444444444,218.00949985555954,17.731490016751945,0.39262536677479415,0.9309796374100144,3.1715210355987056,0.0,79.48220064724919,17.346278317152105,144.5,243.16499999999985,416.3840000000002,0.625,99.87822846216791,0.6257620000105817,nan,3007.5332154528005
2015,high,No-DT-state,1545,305,208945.73115810237,404792.8074126706,94.11003236245955,3.388888888888889,126.6864779056605,11.243465836879684,0.4723578316839858,0.23879393406225127,0.0,0.0,99.80582524271844,0.1941747572815534,158.9,290.95999999999987,482.1420000000001,0.859375,98.5915363722417,0.8716518999717664,nan,2159.118795084322
2015,high,No-LHS,1545,1536,443.2840470752805,1025.1113231296054,12.03883495145631,17.066666666666666,175.09971893692082,15.43254325650525,0.3742511462947601,0.9330292758991778,0.12944983818770225,0.0,92.88025889967638,6.990291262135922,147.8,228.33999999999978,388.01300000000015,0.59375,93.50755950595266,0.6349753999966197,nan,2963.8943493086804
2015,high,No-cost,1545,1526,428.44202495960883,999.3127784046661,9.967637540453074,16.955555555555556,187.53919133580442,16.389597722358562,0.3378066861187809,0.9444119311864475,0.7766990291262136,0.0,88.93203883495146,10.29126213592233,146.45,259.1699999999999,426.48900000000015,0.625,97.29752618391672,0.6423595999949612,nan,2929.8231084501
2015,high,No-admission,1545,1528,592.02320303053,1671.4267626204064,31.779935275080906,16.977777777777778,121.12809500247319,12.052526047049643,0.40102834365210727,0.9804571020760023,0.0,2.8478964401294498,97.15210355987055,0.0,184.0,353.90499999999963,540.5160000000003,0.75,95.96737416199105,0.7815156000142451,nan,2408.141308971562
2015,high,No-EDF,1545,1511,392.11215461805426,800.3593300680365,3.1067961165048543,16.788888888888888,187.39530027824355,16.099516792520266,0.37414288460280276,0.9518976095483958,1.8122977346278317,0.0,87.63754045307444,10.550161812297734,148.3,271.45999999999987,443.257,0.59375,94.05754341727847,0.6312624999845866,nan,2981.3271025064096
2016,high,Full,1605,1527,420.36193906863645,923.6121000063824,13.333333333333334,16.966666666666665,220.56514511415236,18.573620575066347,0.4053176922426382,0.8779528264687959,4.11214953271028,0.0,78.69158878504673,17.19626168224299,144.3,250.37999999999997,425.7479999999998,0.640625,97.15941879418601,0.6593545000068843,nan,2992.3205195071846
2016,high,No-Kalman,1605,1505,421.4951985542461,909.3591593341251,14.70404984423676,16.72222222222222,233.9046775295275,19.217324655435153,0.41449160610368624,0.87923113565617,5.482866043613707,0.0,73.95638629283489,20.560747663551403,146.3,262.58,414.83999999999986,0.671875,100.03521239856009,0.671638499974506,nan,2937.5921720909255
2016,high,No-DT-state,1605,5,321906.40588530694,529749.1342680145,99.81308411214954,0.05555555555555555,109.76023535224546,10.740641319288539,0.4670804071560027,0.125,0.0,0.0,99.8753894080997,0.12461059190031153,159.0,304.2,492.23199999999986,1.046875,98.8914241818871,1.0586105000111274,nan,1863.7638678052608
2016,high,No-LHS,1605,1584,434.37792557125977,947.9576545068778,13.208722741433021,17.6,179.07199436292422,16.48563349204765,0.38400917334853407,0.9138574254637373,0.5607476635514018,0.0,91.52647975077882,7.912772585669782,147.7,258.4999999999998,416.00399999999996,0.65625,96.64474481242132,0.6790333000244573,nan,2905.6012421319206
2016,high,No-cost,1605,1524,423.30508502747676,934.6697457168785,13.644859813084112,16.933333333333334,214.9638368190652,18.33999207780676,0.36796895046511047,0.9055906542228028,4.2367601246105915,0.0,78.8785046728972,16.884735202492212,143.3,228.21999999999989,394.3199999999997,0.65625,100.3684228443203,0.6538411000219639,nan,3017.5527355709555
2016,high,No-admission,1605,1592,624.8689964934205,1728.4070329657138,31.65109034267913,17.68888888888889,110.5208940391008,12.698576595982798,0.40640651057533234,0.9838264505753628,0.0,2.803738317757009,97.19626168224299,0.0,173.8,316.6199999999996,575.8559999999998,0.75,98.14521251459678,0.7641738000093028,nan,2581.873390550659
2016,high,No-EDF,1605,1468,379.7718413248918,722.6155968683919,8.411214953271028,16.31111111111111,216.53546598052282,18.161516553037593,0.41663212509014264,0.8831551083206712,7.850467289719626,0.0,76.38629283489097,15.763239875389408,143.2,251.81999999999977,423.924,0.625,99.35051784680138,0.6290857999993023,nan,3136.297147387826
2017,high,Full,1624,1611,442.6037981685101,1078.1850173222888,13.608374384236454,17.9,190.97142418225602,16.280387339034476,0.37999845763762363,0.9181541784618483,0.43103448275862066,0.0,88.36206896551724,11.206896551724139,146.6,253.60000000000002,420.4499999999999,0.703125,101.97994470389646,0.6894738000119105,nan,2887.7094386554004
2017,high,No-Kalman,1624,1584,440.7338310172659,1051.4799727609843,14.655172413793103,17.6,209.4182002450951,17.19481255534807,0.3899714279736394,0.9057014009484707,1.9704433497536946,0.0,83.06650246305419,14.963054187192117,147.5,274.8,487.2799999999982,0.65625,95.06247324727491,0.6903354999958538,nan,2884.104902633514
2017,high,No-DT-state,1624,487,99691.46257868418,189009.34017747958,93.22660098522168,5.411111111111111,144.99382555874985,11.041915396848545,0.4585184588873945,0.35845782586606983,0.0,0.0,98.15270935960591,1.8472906403940887,151.3,261.7,432.95999999999924,0.828125,101.06327412357422,0.8194123999855947,nan,2429.7899324381738
2017,high,No-LHS,1624,1610,455.7356607826405,1114.1048492605048,14.901477832512315,17.88888888888889,184.25657451002598,15.901135243928074,0.3820360707039685,0.9076596163907026,0.3694581280788177,0.0,90.51724137931035,9.113300492610838,148.1,270.15,431.3499999999995,0.6875,99.68886922921125,0.6896456999820657,nan,2886.9896528779577
2017,high,No-cost,1624,1612,437.72882785808946,1075.5917137785134,11.761083743842365,17.91111111111111,178.76438387496611,16.123972775674574,0.33384723434845337,0.951212847277518,0.24630541871921183,0.0,89.77832512315271,9.975369458128078,146.1,247.3,438.43999999999977,0.671875,99.38041350567723,0.6760637999977916,nan,2944.9883280342824
2017,high,No-admission,1624,1615,626.8971001809224,1658.8988435280903,38.23891625615764,17.944444444444443,109.68821511863223,11.887247523996395,0.4078716619803507,0.9714982416350246,0.0,3.2635467980295565,96.73645320197045,0.0,172.5,325.70000000000005,558.0399999999992,0.75,98.12565605116112,0.7643261000048369,nan,2604.909082638157
2017,high,No-EDF,1624,1586,386.89612045749016,791.2662813746343,2.955665024630542,17.622222222222224,187.28235046799333,16.060411908518407,0.37650452213823016,0.940184766398323,1.9088669950738917,0.0,87.5615763546798,10.529556650246306,146.8,272.9,440.9599999999997,0.65625,99.92701711167153,0.6567293000116479,nan,3031.690530580389
2018,high,Full,1592,1580,433.664085777099,1014.9185528685013,13.00251256281407,17.555555555555557,210.46082045509195,19.26948924545777,0.38288788866446066,0.89859696396322,0.5025125628140703,0.0,89.13316582914572,10.364321608040202,145.4,256.35999999999996,413.37600000000003,0.640625,96.14674608983495,0.6662991999764927,nan,2931.115631039183
2018,high,No-Kalman,1592,1553,432.5809370022243,1005.5918833698469,13.128140703517587,17.255555555555556,233.97803563135022,20.377155063316206,0.3938842200581792,0.893721355101696,2.198492462311558,0.0,81.97236180904522,15.829145728643216,146.8,260.2,438.82800000000003,0.65625,98.71042445224141,0.6648234000022057,nan,2937.622231698704
2018,high,No-DT-state,1592,111,264719.85194227344,457946.11229641136,94.6608040201005,1.2333333333333334,152.3985480251682,17.395399641671737,0.4534952976463231,0.17958652277575604,0.0,0.0,99.74874371859296,0.25125628140703515,160.5,325.2399999999996,581.4960000000001,1.015625,97.22764436761234,1.0445845999929588,nan,1869.642726891785
2018,high,No-LHS,1592,1579,452.18728955339645,1056.7549517862776,15.201005025125628,17.544444444444444,194.94274648895797,18.504040805862676,0.38679207689282896,0.8961737598538259,0.5025125628140703,0.0,92.08542713567839,7.4120603015075375,149.9,272.3199999999998,421.06000000000006,0.671875,97.65382284710083,0.6880171000084374,nan,2838.5922384429828
2018,high,No-cost,1592,1574,446.2900017879967,1064.868131180255,13.50502512562814,17.488888888888887,196.97760638576074,18.750754256091547,0.344697471309501,0.92932809276254,0.8793969849246231,0.0,89.321608040201,9.798994974874372,147.6,278.85999999999996,489.7080000000002,0.671875,98.7999310029974,0.6800359000044409,nan,2871.9072037038723
2018,high,No-admission,1592,1588,874.1335578802272,2385.0143822275622,32.41206030150754,17.644444444444446,128.51836694242695,14.606121240431378,0.40255459794024884,0.9795968737145208,0.0,4.773869346733668,95.22613065326634,0.0,176.3,329.13999999999965,523.244,0.75,98.40697476958952,0.7621411000145599,nan,2562.517623000111
2018,high,No-EDF,1592,1550,388.51067289746663,802.6498278123915,4.271356783919598,17.22222222222222,208.28432272254088,19.066864855644745,0.3826135222587795,0.9237845261986172,2.386934673366834,0.0,85.74120603015075,11.871859296482413,145.6,240.21999999999989,357.62800000000004,0.625,99.12231551044624,0.6305340999970213,nan,3097.374115070424
2019,high,Full,1611,1597,446.23325911829846,1090.0927357205492,13.221601489757914,17.744444444444444,187.08052298434052,17.327607227429457,0.3755906656717503,0.9336362688538263,0.4345127250155183,0.0,91.37181874612043,8.193668528864059,148.1,259.2399999999998,425.08200000000045,0.671875,99.64890954471207,0.6742422000097577,nan,2904.0009657830137
2019,high,No-Kalman,1611,1578,433.4089209948295,1015.3964418675911,13.283674736188702,17.533333333333335,217.20321297864558,18.770563766550783,0.38201300902154445,0.9231266369434392,1.6139044072004967,0.0,84.35754189944134,14.028553693358162,148.2,261.515,492.744,0.6875,101.3670022159195,0.6782286000088789,nan,2886.932223109387
2019,high,No-DT-state,1611,340,135339.8539829716,280221.84784552245,99.81378026070763,3.7777777777777777,134.08362059900006,14.1805053437619,0.4643111824305853,0.22276385985711167,0.0,0.0,99.87585350713843,0.12414649286157665,158.3,274.5049999999999,458.04800000000023,0.828125,93.94891289281013,0.8814630999986548,nan,2221.306824985627
2019,high,No-LHS,1611,1598,449.6435667928624,1061.7908590376508,14.525139664804469,17.755555555555556,177.93995861300624,16.82552848519781,0.3751215588374389,0.9278985094242207,0.12414649286157665,0.0,93.0477963997517,6.828057107386717,154.0,301.16999999999973,526.4080000000004,0.71875,99.7282396779293,0.7207086000125855,nan,2716.770689243625
2019,high,No-cost,1611,1598,435.5759824341154,950.6824523865698,12.29050279329609,17.755555555555556,188.6821072307496,17.613903820714683,0.3305864504061163,0.9420339672334327,0.37243947858473,0.0,91.18559900682806,8.441961514587213,151.8,243.88999999999993,444.97100000000063,0.671875,97.51322587827319,0.6890090999950189,nan,2841.7621770367837
2019,high,No-admission,1611,1600,562.582545767916,1487.989400182361,32.71260086902545,17.77777777777778,117.42934201494779,13.56514596802662,0.39711182326634786,0.9733688992114768,0.0,2.60707635009311,97.39292364990689,0.0,177.7,337.4749999999999,558.8340000000009,0.71875,92.88282975064352,0.7738243999774568,nan,2530.289817763618
2019,high,No-EDF,1611,1573,394.0935437067494,827.5278718852599,2.60707635009311,17.477777777777778,184.24619079573782,17.123652189143876,0.3736336426413867,0.9481393518675036,1.9242706393544382,0.0,88.64059590316573,9.435133457479827,145.5,266.8849999999986,410.63900000000046,0.640625,99.89488524440914,0.641299099981552,nan,3053.177526767658
