seed,load,algorithm,arrived_tasks,completed_tasks,mean_latency_ms,p95_latency_ms,dmr_pct,throughput_tasks_s,energy_j,monetary_cost,run_cost_index,fairness,rejection_rate_pct,local_pct,fog_pct,cloud_pct,decision_median_us,decision_p95_us,decision_p99_us,cpu_s,cpu_utilization_pct,wall_s,peak_memory_kib,simulator_throughput_tasks_s
1000,low,DT-KF-CostAware,459,456,219.10914941693306,446.41453564820284,0.0,5.066666666666666,90.86393336815375,3.3913048878380083,0.24691404605703426,0.3728482901078724,0.0,0.0,100.0,0.0,142.45,205.84,372.825000000001,0.15625,94.48680812482493,0.16536700000870042,nan,3350.124268873793
1000,low,DT-OPT,459,456,219.10914941693306,446.41453564820284,0.0,5.066666666666666,90.86393336815375,3.3913048878380083,0.24691404605703426,0.3728482901078724,0.0,0.0,100.0,0.0,147.4,251.94000000000003,393.6190000000002,0.171875,98.67189777996052,0.17418840000755154,nan,3180.464370623891
1000,low,SemiGreedy,459,456,166.00913821895736,262.3044584701769,0.0,5.066666666666666,244.95458070637122,8.845107453286435,0.26926703000138963,0.27029056235453114,0.0,0.0,52.72331154684096,47.27668845315904,152.8,263.95500000000004,420.8980000000001,0.15625,91.73363956529909,0.1703300999943167,nan,3252.5079244272442
1000,low,Fog-only,459,456,212.92537259182808,428.5338943454306,0.0,5.066666666666666,107.23155633334007,3.864109182025028,0.2450347642661313,0.35401797875238356,0.0,0.0,100.0,0.0,8.3,10.9,19.840000000000053,0.078125,105.2506075776899,0.0742276000091806,nan,7463.531084549147
1001,low,DT-KF-CostAware,463,462,218.10400250339302,444.3830465685773,0.4319654427645788,5.133333333333334,115.93668720634265,3.984291878611496,0.2513707449998515,0.3867860249347637,0.0,0.0,100.0,0.0,136.6,214.42999999999998,395.882,0.15625,97.01329438169896,0.1610604000161402,nan,3476.9564706400906
1001,low,DT-OPT,463,462,218.1672747274166,444.3830465685773,0.4319654427645788,5.133333333333334,115.84984314589187,3.9852477966245083,0.2514070868653023,0.38705535890442755,0.0,0.0,100.0,0.0,139.64999999999998,207.51999999999998,325.89199999999994,0.171875,105.85873841823941,0.16236259997822344,nan,3449.0701680997277
1001,low,SemiGreedy,463,463,165.2345873305413,252.08350371845327,0.0,5.144444444444445,240.52658010191075,8.865948611396268,0.26398522480489867,0.2105035025250762,0.0,0.0,58.09935205183585,41.90064794816415,158.0,260.5999999999999,373.53799999999995,0.1875,106.9573625169119,0.1753035000001546,nan,3194.459893838435
1001,low,Fog-only,463,462,208.9183642394547,431.4869668145425,0.0,5.133333333333334,117.93841911877077,4.3891753247529115,0.24272183988604837,0.3315665854749714,0.0,0.0,100.0,0.0,8.4,13.704999999999995,21.94599999999998,0.078125,101.9396256418209,0.07663850000244565,nan,7307.032366005722
1002,low,DT-KF-CostAware,455,455,202.8158283295219,424.4433820195691,0.21978021978021978,5.055555555555555,101.76120736442252,3.582085061912855,0.23657935668219682,0.40985959549565243,0.0,0.0,100.0,0.0,144.85000000000002,247.24000000000004,373.4970000000006,0.171875,103.47501458734384,0.1661028999951668,nan,3275.0782798845116
1002,low,DT-OPT,455,455,202.73290701817817,424.4433820195691,0.21978021978021978,5.055555555555555,101.78811415911157,3.582707832858067,0.23662670651095605,0.40966494641358897,0.0,0.0,100.0,0.0,137.75,183.22500000000002,340.8680000000001,0.15625,100.92241471608851,0.1548219000105746,nan,3513.7147907553376
1002,low,SemiGreedy,455,455,160.55073371339617,250.946733170511,0.0,5.055555555555555,224.67754505969543,7.9487674604266125,0.2650879602160801,0.23052784804085333,0.0,0.0,61.0989010989011,38.9010989010989,150.55,211.64000000000001,330.3230000000007,0.15625,96.16390638216534,0.1624829999927897,nan,3348.0425646014683
1002,low,Fog-only,455,455,196.0736703376642,413.4408960431898,0.0,5.055555555555555,104.59172697181428,3.558464649359687,0.23924024689624465,0.3596131932574589,0.0,0.0,100.0,0.0,8.5,11.670000000000003,20.569000000000088,0.078125,105.66442465404215,0.0739369000075385,nan,7357.625217510263
1003,low,DT-KF-CostAware,458,455,217.57899367579316,455.9996765482554,0.2183406113537118,5.055555555555555,89.03221821225625,3.8432999376125223,0.24029851094832763,0.39314715221123314,0.0,0.0,100.0,0.0,142.6,189.55999999999997,285.9040000000002,0.171875,105.5633011268973,0.16281700000399724,nan,3396.451230439227
1003,low,DT-OPT,458,455,217.40749241616166,455.9996765482554,0.0,5.055555555555555,88.71952182773238,3.8363173081246527,0.239722781564259,0.3938052592333328,0.0,0.0,100.0,0.0,148.1,244.89999999999984,339.7600000000002,0.171875,100.40929017934268,0.17117439999128692,nan,3230.623270933905
1003,low,SemiGreedy,458,455,161.87394416719025,253.159667708584,0.0,5.055555555555555,227.86354613116578,8.384217265616321,0.25903674910807656,0.22182141621781884,0.0,0.0,58.73362445414847,41.26637554585153,155.1,237.5999999999998,330.896,0.171875,101.54280070060732,0.16926359999342822,nan,3267.0934567235404
1003,low,Fog-only,458,455,205.82397876519389,449.5847697619118,0.0,5.055555555555555,103.1189092229799,4.07016819834071,0.24050033149001337,0.3311213261167198,0.0,0.0,100.0,0.0,9.2,16.519999999999992,26.032000000000107,0.078125,94.59068413480642,0.08259270002599806,nan,6695.506985798138
1004,low,DT-KF-CostAware,449,446,215.87703351971783,488.5954046126639,1.1135857461024499,4.955555555555556,84.02372802300165,4.217919887772055,0.24242822324228477,0.3644431741564799,0.0,0.0,100.0,0.0,144.7,201.3049999999998,355.29,0.15625,93.79669199939326,0.16658369998913258,nan,3313.6495349545653
1004,low,DT-OPT,449,446,215.96928285620464,488.5954046126639,1.1135857461024499,4.955555555555556,84.04682392962786,4.212927188272185,0.24257280975800546,0.36790512547348486,0.0,0.0,100.0,0.0,141.4,205.245,347.4050000000009,0.171875,106.0490697913161,0.16207120000035502,nan,3405.910488716014
1004,low,SemiGreedy,449,447,163.178725308703,255.15873061753777,0.0,4.966666666666667,219.6932396230326,8.315631621226814,0.2616370225783635,0.2549578828679446,0.0,0.0,55.67928730512249,44.32071269487751,158.2,257.9299999999998,427.0620000000002,0.1875,105.897323083069,0.17705830000340939,nan,3117.6171915655514
1004,low,Fog-only,449,446,209.71705571131042,437.4859846619356,0.0,4.955555555555556,84.83080537695437,4.225779713485529,0.2399914354773146,0.3373928028658272,0.0,0.0,100.0,0.0,9.1,13.844999999999994,21.5,0.0625,76.20975361366195,0.08201050001662225,nan,6730.845439158623
1005,low,DT-KF-CostAware,459,457,205.85913310313006,421.63808753573915,0.0,5.0777777777777775,132.6656950488656,3.2212335416023654,0.2500993893320052,0.4212363856393707,0.0,0.0,100.0,0.0,150.3,260.3199999999996,452.96800000000115,0.171875,97.63261846239078,0.17604260001098737,nan,3152.646007076473
1005,low,DT-OPT,459,457,205.83547735535592,421.63808753573915,0.0,5.0777777777777775,132.63478429688405,3.2236376500659776,0.2499170581741465,0.4232853668423186,0.0,0.0,100.0,0.0,144.9,203.38999999999967,376.02000000000044,0.171875,102.223855826138,0.16813589999219403,nan,3300.90123540402
1005,low,SemiGreedy,459,457,161.03196998737164,259.0217550756446,0.0,5.0777777777777775,241.85363350618286,7.968292141236048,0.2673047718868971,0.2279211407458723,0.0,0.0,61.43790849673203,38.56209150326797,156.0,293.03999999999985,464.46800000000076,0.1875,103.83163659070414,0.1805807999917306,nan,3073.4164430848423
1005,low,Fog-only,459,457,198.76550617044094,415.0137935118503,0.0,5.0777777777777775,140.52204103708556,3.4063518030069933,0.2506755287255727,0.3254437962027999,0.0,0.0,100.0,0.0,9.1,15.829999999999997,24.396000000000093,0.078125,93.7772704195463,0.08330910000950098,nan,6661.937290604568
1006,low,DT-KF-CostAware,422,422,223.72148675387143,499.454208815006,0.23696682464454977,4.688888888888889,102.19808447582373,3.4361048814956403,0.2485029867527313,0.38967370374260407,0.0,0.0,100.0,0.0,152.64999999999998,284.35,431.05,0.171875,100.5099325767303,0.17100299999583513,nan,3075.9694275118627
1006,low,DT-OPT,422,422,223.69430291774074,499.454208815006,0.23696682464454977,4.688888888888889,102.24367982063652,3.436540632162557,0.24842827285654795,0.3872873099272765,0.0,0.0,100.0,0.0,146.0,247.8,378.075,0.15625,95.9381771183818,0.1628653000225313,nan,3229.662794513205
1006,low,SemiGreedy,422,422,165.14049432560117,281.8815992837564,0.0,4.688888888888889,229.38083958373554,8.014399353596785,0.26435346934667964,0.2111760883690708,0.0,0.0,61.611374407582936,38.388625592417064,156.1,231.25,349.04999999999995,0.15625,96.29511850299168,0.16226159999496303,nan,3241.678869284712
1006,low,Fog-only,422,422,214.2462071620875,450.4236574032556,0.0,4.688888888888889,110.98966290062765,3.8047696517463683,0.24433567330985806,0.33247453475520505,0.0,0.0,100.0,0.0,9.2,10.775,19.95,0.0625,82.99945418486281,0.07530170000973158,nan,6985.2340641980545
1007,low,DT-KF-CostAware,454,453,230.96517945243409,546.5477134998146,0.6607929515418502,5.033333333333333,99.68427972491253,3.8872235290076285,0.2595055082850616,0.39935739751833227,0.0,0.0,100.0,0.0,145.1,223.8649999999998,385.7179999999985,0.171875,99.84269148847099,0.17214579999563284,nan,3311.1467140903833
1007,low,DT-OPT,454,453,230.984684947488,546.5477134998146,0.6607929515418502,5.033333333333333,99.68174262553576,3.8864456944223793,0.25951968314886154,0.40160831989478796,0.0,0.0,100.0,0.0,145.6,191.38999999999982,302.87899999999996,0.140625,83.44766281398232,0.1685187999974005,nan,3382.41193272675
1007,low,SemiGreedy,454,453,169.2559866611723,288.26412183121874,0.0,5.033333333333333,253.40522961306155,9.222717569256783,0.2778598272751109,0.21357705998293766,0.0,0.0,53.08370044052864,46.91629955947136,156.9,257.4299999999999,432.4019999999998,0.1875,102.85204608602369,0.18230070002027787,nan,3126.7022010151204
1007,low,Fog-only,454,453,220.1092289853864,490.3550517088264,0.0,5.033333333333333,115.2135199136842,4.303484314646125,0.26219785300712023,0.3524716592236345,0.0,0.0,100.0,0.0,9.0,15.264999999999986,20.133999999999922,0.078125,94.03066270265718,0.08308460001717322,nan,6860.477150785869
1008,low,DT-KF-CostAware,458,456,210.90617908993585,451.1992776048612,0.0,5.066666666666666,119.00089369822301,3.3367767617295487,0.2394856165719079,0.4085507701980509,0.0,0.0,100.0,0.0,141.1,193.87,322.218,0.171875,104.19729434535745,0.16495150001719594,nan,3419.186851536384
1008,low,DT-OPT,458,456,210.90617908993585,451.1992776048612,0.0,5.066666666666666,119.00089369822301,3.3367767617295487,0.2394856165719079,0.4085507701980509,0.0,0.0,100.0,0.0,137.95,176.54500000000004,340.6170000000002,0.140625,87.68500367779043,0.16037519997917116,nan,3516.753214170582
1008,low,SemiGreedy,458,456,159.9772030326715,263.41294643194055,0.0,5.066666666666666,240.0253747191136,8.168489349624721,0.25695346556976223,0.2641151237609414,0.0,0.0,59.1703056768559,40.8296943231441,155.9,226.625,322.716,0.171875,99.5629944778401,0.1726294000109192,nan,3267.1144078837424
1008,low,Fog-only,458,456,200.8358041634559,414.0509872718897,0.0,5.066666666666666,127.5362776628632,3.693780226327687,0.2340754926356937,0.3625306851149297,0.0,0.0,100.0,0.0,8.2,13.480000000000018,21.985000000000003,0.078125,100.84978449684782,0.07746669999323785,nan,7280.547642396438
1009,low,DT-KF-CostAware,426,426,220.23863281650986,513.4331073446727,0.9389671361502347,4.733333333333333,85.7120430043029,3.186840910144209,0.2258212410915737,0.3301100148432725,0.0,0.0,100.0,0.0,145.6,234.3,380.03999999999934,0.15625,97.56313819646671,0.16015269997296855,nan,3253.145280022986
1009,low,DT-OPT,426,426,220.2752871228227,513.4331073446727,0.9389671361502347,4.733333333333333,85.65844163278645,3.1861446270708695,0.22584065270648362,0.3297357404500262,0.0,0.0,100.0,0.0,142.8,186.6,400.4999999999992,0.15625,102.22741266285517,0.15284549997886643,nan,3408.670847830243
1009,low,SemiGreedy,426,426,163.27331300105425,278.36503892354256,0.0,4.733333333333333,223.7906525263389,8.105763587874222,0.25417071547162823,0.2049418207642512,0.0,0.0,57.51173708920188,42.48826291079812,156.8,255.3,414.8799999999982,0.171875,104.80464110948593,0.1639955999853555,nan,3176.914502867908
1009,low,Fog-only,426,426,210.58083391388587,466.3461050537077,0.0,4.733333333333333,90.60355113204665,3.459390753421632,0.22240702655847958,0.33282226591155845,0.0,0.0,100.0,0.0,8.7,11.4,21.059999999999945,0.0625,85.02233024480944,0.07351010001730174,nan,7087.461449207314
1010,low,DT-KF-CostAware,453,452,220.82527556685827,490.6487726898578,0.6622516556291391,5.022222222222222,133.5553736843883,3.8597893398552454,0.2528858834126951,0.4051078680203046,0.0,0.0,100.0,0.0,144.8,193.89499999999998,295.7610000000005,0.15625,93.54371740268475,0.16703419998520985,nan,3400.501215022396
1010,low,DT-OPT,453,452,220.7895006471526,490.6487726898578,0.6622516556291391,5.022222222222222,133.53160419496572,3.862739078561353,0.2528388755115793,0.40524929385255004,0.0,0.0,100.0,0.0,141.85000000000002,212.28999999999994,343.7130000000015,0.15625,93.14583746632188,0.1677477000048384,nan,3386.037483575733
1010,low,SemiGreedy,453,452,165.2008910131342,266.3175374545288,0.0,5.022222222222222,256.9847893568822,8.690556965432036,0.2670748096971175,0.19401957368982561,0.0,0.0,59.16114790286976,40.83885209713024,152.7,223.13,380.4650000000012,0.15625,89.65452740705356,0.17428009997820482,nan,3259.1213803012115
1010,low,Fog-only,453,452,214.13418050225712,443.9045144043803,0.0,5.022222222222222,140.52009223456966,3.84718398396248,0.25036427541672485,0.3189220240771267,0.0,0.0,100.0,0.0,8.8,13.564999999999998,25.704000000000363,0.09375,115.23597869991893,0.08135480000055395,nan,6981.763829499088
1011,low,DT-KF-CostAware,451,451,223.37387303235678,512.5293864286249,0.22172949002217296,5.011111111111111,106.83595485597941,3.420568383984488,0.23873729509023728,0.38168413072523383,0.0,0.0,100.0,0.0,148.0,263.71999999999997,403.5039999999963,0.171875,98.23247275294396,0.17496760000358336,nan,3183.4465351790423
1011,low,DT-OPT,451,451,223.2786295253525,512.5293864286249,0.22172949002217296,5.011111111111111,106.94087099240313,3.420948436899864,0.23872593998921432,0.38067833026396564,0.0,0.0,100.0,0.0,149.5,259.6999999999999,442.4039999999962,0.171875,96.96865409318642,0.17724799999268726,nan,3142.489619194463
1011,low,SemiGreedy,451,451,161.72813136997772,281.8625618852195,0.0,5.011111111111111,250.6120248957164,8.341122826523515,0.2622178963401451,0.2049912625600699,0.0,0.0,60.753880266075384,39.246119733924616,157.9,291.1,471.8639999999985,0.1875,103.68854725575311,0.18082999999751337,nan,3080.2411104775724
1011,low,Fog-only,451,451,203.97074870835766,475.83875980690846,0.0,5.011111111111111,143.6346749429041,3.8862957428921874,0.2437846625589732,0.3321157990986872,0.0,0.0,100.0,0.0,9.2,20.5,30.603999999999903,0.09375,99.86535486869671,0.09387640000204556,nan,5933.333617265501
1012,low,DT-KF-CostAware,429,427,208.8810205775951,478.2017577635505,0.2331002331002331,4.7444444444444445,105.54036891845037,2.861660890017575,0.240773364690118,0.35730046874755045,0.0,0.0,100.0,0.0,146.3,321.7999999999999,542.2720000000011,0.1875,88.6350905138407,0.21154150000074878,nan,2500.691353697159
1012,low,DT-OPT,429,427,208.92714390793978,478.2017577635505,0.2331002331002331,4.7444444444444445,105.48924612865976,2.860860373369105,0.24080437887001285,0.35730046874755045,0.0,0.0,100.0,0.0,150.8,261.08,395.88800000000026,0.15625,93.46929303077695,0.1671671999793034,nan,3164.496384849984
1012,low,SemiGreedy,429,428,159.69053219043104,266.29445237113595,0.0,4.7555555555555555,220.90170420292125,7.577838808113321,0.26322366371819833,0.3578888623136411,0.0,0.0,62.47086247086247,37.52913752913753,158.8,213.55999999999977,392.2440000000008,0.171875,104.31371739016069,0.16476740001235157,nan,3210.5865599648
1012,low,Fog-only,429,427,199.41983860855277,473.39507706773793,0.0,4.7444444444444445,120.17091320334163,3.462362257654005,0.24622315658574306,0.39128410046869366,0.0,0.0,100.0,0.0,9.3,10.659999999999997,16.744000000000007,0.078125,100.23491857040099,0.07794190000277013,nan,6787.106806238991
1013,low,DT-KF-CostAware,444,444,219.2368799931469,465.8203773239889,0.0,4.933333333333334,87.63540116373845,3.0405485852222487,0.2500079015848115,0.34251640164572444,0.0,0.0,100.0,0.0,142.5,188.61999999999992,299.58399999999887,0.15625,98.22991269638172,0.15906559998984449,nan,3426.2593548497944
1013,low,DT-OPT,444,444,219.2594078022515,465.8203773239889,0.0,4.933333333333334,87.61500592551673,3.0401796211202368,0.2500254239861953,0.3424592806715215,0.0,0.0,100.0,0.0,139.3,198.28,329.3679999999989,0.171875,107.61396594099068,0.1597143999824766,nan,3412.341029110686
1013,low,SemiGreedy,444,444,162.46631544989646,258.0813598206628,0.0,4.933333333333334,221.2187265109233,8.132611997837966,0.2673534541186031,0.20608497108313925,0.0,0.0,56.531531531531535,43.468468468468465,154.8,264.4199999999997,395.4559999999985,0.171875,100.22514576772612,0.17148889999953099,nan,3178.0482585257155
1013,low,Fog-only,444,444,206.26039167197314,439.6556539579054,0.0,4.933333333333334,101.421132155259,3.805696178004559,0.24854322080184496,0.3174860853432282,0.0,0.0,100.0,0.0,9.0,12.459999999999967,22.01199999999999,0.078125,98.9326042778698,0.07896789998630993,nan,6901.538474424197
1014,low,DT-KF-CostAware,490,488,203.8221367099561,420.91168058525193,0.20408163265306123,5.4222222222222225,100.68246803814058,3.672921705910031,0.2461553353402538,0.4626095605147013,0.0,0.0,100.0,0.0,143.4,182.51999999999998,277.4600000000001,0.171875,101.78942101610984,0.16885349998483434,nan,3417.163399348095
1014,low,DT-OPT,490,488,203.78951447646867,420.91168058525193,0.20408163265306123,5.4222222222222225,100.6375923583817,3.673054459661536,0.246167168191773,0.4602919346857991,0.0,0.0,100.0,0.0,140.0,191.9599999999999,314.9480000000001,0.140625,84.33981343682275,0.1667361999861896,nan,3460.5562562166565
1014,low,SemiGreedy,490,488,157.26385036825175,249.4284187856838,0.0,5.4222222222222225,234.87044881374212,8.075794523943186,0.2597440133544674,0.27145340254297823,0.0,0.0,61.83673469387755,38.16326530612245,157.6,263.15999999999974,372.60400000000004,0.171875,94.49875660539557,0.18188069999450818,nan,3172.4091672036798
1014,low,Fog-only,490,488,189.22742764545674,368.64187083642094,0.0,5.4222222222222225,126.73548300757425,3.878865027532976,0.24217888090267978,0.3629978294271151,0.0,0.0,100.0,0.0,9.0,13.519999999999992,22.824,0.09375,111.50347119586372,0.08407809998607263,nan,6862.666973868093
1015,low,DT-KF-CostAware,440,440,232.6195805659783,530.0376546709581,1.1363636363636365,4.888888888888889,113.12577595390712,3.5078559875227917,0.24733151449705335,0.3357555506000084,0.0,0.0,99.77272727272727,0.22727272727272727,140.8,229.1,409.30499999999915,0.140625,87.85987404773682,0.16005599999334663,nan,3348.8279103706263
1015,low,DT-OPT,440,440,232.5701459997227,530.0376546709581,1.1363636363636365,4.888888888888889,113.1074515917643,3.508435506064873,0.24729689463304255,0.3357555506000084,0.0,0.0,99.77272727272727,0.22727272727272727,148.3,195.025,330.51499999999936,0.140625,86.75500202223398,0.16209440000238828,nan,3306.715099300794
1015,low,SemiGreedy,440,440,166.9446376872036,281.3925400221897,0.0,4.888888888888889,251.5512716736429,8.619329130496247,0.2772889745677462,0.1967587202533414,0.0,0.0,59.09090909090909,40.90909090909091,159.85,251.5,407.1949999999997,0.171875,101.20343022474988,0.16983120000804774,nan,3156.074973118018
1015,low,Fog-only,440,440,214.9752164943477,453.8970726261129,0.0,4.888888888888889,140.3526682322036,3.9634258854026188,0.2619637422677101,0.3207847295864263,0.0,0.0,100.0,0.0,8.6,13.575,20.75999999999999,0.078125,103.73609273063695,0.07531129999551922,nan,7117.1258500635395
1016,low,DT-KF-CostAware,469,466,219.7765263599924,520.4149684236752,0.42643923240938164,5.177777777777778,94.57218616017596,3.5063554931426366,0.23582630395375315,0.3529017915182402,0.0,0.0,100.0,0.0,143.4,193.3,294.47999999999985,0.171875,102.77791897500596,0.16722949998802505,nan,3354.671275344195
1016,low,DT-OPT,469,466,219.74677881416795,516.5829731491867,0.42643923240938164,5.177777777777778,94.48878888534723,3.510126268739888,0.23599021237273943,0.352525974025974,0.0,0.0,100.0,0.0,145.0,178.7,260.87999999999965,0.15625,94.93632430115484,0.16458400001283735,nan,3408.5937877086635
1016,low,SemiGreedy,469,466,165.85594855113374,284.47523854117793,0.0,5.177777777777778,238.38996363059786,8.626690147910624,0.26072791144457896,0.2404457586163042,0.0,0.0,59.06183368869936,40.93816631130064,162.4,258.1,430.19999999999953,0.1875,102.30773511217471,0.18327060001320206,nan,3061.0474345562675
1016,low,Fog-only,469,466,211.46490823972485,501.89820370422314,0.0,5.177777777777778,100.68274448261843,3.5855804315496735,0.23362290768826618,0.3468679717849111,0.0,0.0,100.0,0.0,8.9,14.8,21.7,0.078125,94.95686377025034,0.08227419998729602,nan,6818.662473614137
1017,low,DT-KF-CostAware,448,448,212.5924009678265,459.7305863408834,0.44642857142857145,4.977777777777778,111.18869860049672,3.277485560673325,0.23985521426085174,0.35606017598637524,0.0,0.0,100.0,0.0,143.7,237.90999999999997,322.8459999999999,0.15625,98.0827259688637,0.15930429997388273,nan,3358.352537173893
1017,low,DT-OPT,448,448,212.5924009678265,459.7305863408834,0.44642857142857145,4.977777777777778,111.18869860049672,3.277485560673325,0.23985521426085174,0.35606017598637524,0.0,0.0,100.0,0.0,143.5,239.21999999999997,330.17599999999976,0.15625,96.41871579318642,0.16205359998275526,nan,3301.376828758703
1017,low,SemiGreedy,448,448,161.60313339052814,259.9792629744071,0.0,4.977777777777778,237.69862121304524,8.31444454139399,0.2598164260985906,0.22960639770712393,0.0,0.0,61.38392857142857,38.61607142857143,159.0,295.01999999999936,485.80599999999987,0.171875,99.1459174195188,0.17335559998173267,nan,3086.142011313021
1017,low,Fog-only,448,448,197.51115096942183,413.4238500245124,0.0,4.977777777777778,135.09864487424656,4.1503764704266315,0.2384832518703119,0.35872797986730726,0.0,0.0,100.0,0.0,8.8,13.129999999999995,25.029999999999983,0.0625,81.94367781050674,0.07627190000494011,nan,7014.378820579377
1018,low,DT-KF-CostAware,480,478,218.99126546006536,443.15933043935206,0.4166666666666667,5.311111111111111,105.44157402990595,3.7766237377848455,0.23239229035805214,0.3702424163857921,0.0,0.0,100.0,0.0,148.25,254.40999999999997,406.9969999999999,0.171875,94.21530369019703,0.1824278999993112,nan,3223.1911895177227
1018,low,DT-OPT,480,478,218.99126546006536,443.15933043935206,0.4166666666666667,5.311111111111111,105.44157402990595,3.7766237377848455,0.23239229035805214,0.3702424163857921,0.0,0.0,100.0,0.0,146.8,202.58499999999998,361.3559999999998,0.171875,95.48038229457056,0.18001079998794012,nan,3266.4706786447996
1018,low,SemiGreedy,480,479,162.7688091802216,277.49043181250994,0.0,5.322222222222222,268.1362466625652,9.42291516435903,0.26224632382051216,0.22431156183961135,0.0,0.0,60.0,40.0,151.35000000000002,209.45999999999998,298.743,0.171875,98.57213070589951,0.17436470001121052,nan,3372.2422024767366
1018,low,Fog-only,480,478,203.33468056093722,420.7832459961489,0.0,5.311111111111111,153.47135466350878,4.743193392154149,0.24058198820857596,0.3405735750059623,0.0,0.0,100.0,0.0,8.8,15.3,23.012999999999998,0.078125,92.88972964921885,0.08410509998793714,nan,6991.252612318807
1019,low,DT-KF-CostAware,431,431,220.65199050859587,448.7422412862436,0.23201856148491878,4.788888888888889,103.08640946684783,3.779034182971838,0.25231888131137575,0.37360177162808744,0.0,0.0,99.76798143851508,0.23201856148491878,144.1,200.19999999999987,350.01199999999835,0.15625,98.90567596404019,0.15797879997990094,nan,3373.8704184853386
1019,low,DT-OPT,431,431,220.65199050859587,448.7422412862436,0.23201856148491878,4.788888888888889,103.08640946684783,3.779034182971838,0.25231888131137575,0.37360177162808744,0.0,0.0,99.76798143851508,0.23201856148491878,144.6,200.66,378.7839999999948,0.171875,108.42993454889532,0.15851249999832362,nan,3362.5108430290156
1019,low,SemiGreedy,431,431,165.44047501815393,270.0202128402296,0.0,4.788888888888889,242.37614190339738,8.500070423356428,0.2722572895024838,0.19796718759355728,0.0,0.0,53.364269141531324,46.635730858468676,161.0,245.77999999999997,431.6519999999972,0.171875,99.8064553353012,0.17220829997677356,nan,3095.088913088904
1019,low,Fog-only,431,431,213.888321616916,455.68263154974886,0.0,4.788888888888889,115.22652722315566,3.8336615846320354,0.2501238410251256,0.31456337970928105,0.0,0.0,100.0,0.0,8.8,16.939999999999998,18.967999999999993,0.09375,116.24965588351188,0.08064540001214482,nan,6609.180435830595
1020,low,DT-KF-CostAware,441,439,205.24950258455243,403.18291892090485,0.45351473922902497,4.877777777777778,96.77828109724602,3.391706296839502,0.24951409422986007,0.320070750016608,0.0,0.0,100.0,0.0,142.85000000000002,211.315,375.0559999999999,0.15625,98.39247167117365,0.15880279999691993,nan,3387.849584581851
1020,low,DT-OPT,441,439,205.24950258455243,403.18291892090485,0.45351473922902497,4.877777777777778,96.77828109724602,3.391706296839502,0.24951409422986007,0.320070750016608,0.0,0.0,100.0,0.0,141.55,198.96,308.49999999999994,0.15625,99.58350196183052,0.1569034999993164,nan,3428.8591395497483
1020,low,SemiGreedy,441,440,159.6638175386585,250.58729912615973,0.0,4.888888888888889,226.28929332465782,7.889486156048248,0.26360232050423005,0.26178814840163117,0.0,0.0,61.678004535147394,38.321995464852606,156.1,246.40999999999988,425.3649999999999,0.171875,102.38980027032434,0.16786340001272038,nan,3204.9869117343706
1020,low,Fog-only,441,440,194.67064635677687,391.4603788821509,0.0,4.888888888888889,120.10790723379432,3.771124338091052,0.24354704541528144,0.3249630723781389,0.0,0.0,100.0,0.0,9.2,10.9,16.962999999999997,0.078125,98.26846251565922,0.07950160000473261,nan,6767.159402678357
1021,low,DT-KF-CostAware,441,441,205.42622811479546,484.7353961776335,0.22675736961451248,4.9,98.0403801955386,3.137476848682008,0.22797903029301397,0.3127503941688852,0.0,0.0,99.77324263038548,0.22675736961451248,151.85000000000002,206.925,407.25499999999874,0.171875,102.47587681401635,0.1677223999868147,nan,3195.756798389106
1021,low,DT-OPT,441,441,205.42622811479546,484.7353961776335,0.22675736961451248,4.9,98.0403801955386,3.137476848682008,0.22797903029301397,0.3127503941688852,0.0,0.0,99.77324263038548,0.22675736961451248,142.5,195.3,297.09499999999986,0.140625,89.54582357709003,0.1570425000099931,nan,3413.0888133205513
1021,low,SemiGreedy,441,441,158.06903474806418,269.6638253071768,0.0,4.9,217.5741652728524,7.634072443886684,0.24773044588245827,0.2246684580046806,0.0,0.0,65.3061224489796,34.69387755102041,153.4,197.5,315.0399999999999,0.15625,98.13317724722363,0.15922239999054,nan,3366.3605122887593
1021,low,Fog-only,441,441,196.81151702266146,461.195866246797,0.0,4.9,109.15084752427316,3.548961135423659,0.22356494219758147,0.31955471574104505,0.0,0.0,100.0,0.0,8.7,12.175,22.25999999999999,0.078125,104.53980405930646,0.07473230001050979,nan,7172.266876900898
1022,low,DT-KF-CostAware,455,455,207.5133724294732,484.4254366203989,0.21978021978021978,5.055555555555555,115.8767613263327,3.4129164911707788,0.24914256816627509,0.4229073719991502,0.0,0.0,100.0,0.0,143.35,190.92000000000007,321.41600000000005,0.171875,106.48012485819152,0.16141509998124093,nan,3432.1448245200345
1022,low,DT-OPT,455,455,207.45223896410394,484.4254366203989,0.21978021978021978,5.055555555555555,115.9344543862069,3.4138926867652617,0.2491433923692055,0.42296266936894233,0.0,0.0,100.0,0.0,137.25,188.58,293.39800000000065,0.171875,108.97006722256938,0.15772680001100525,nan,3512.4024576758366
1022,low,SemiGreedy,455,455,162.16398580414332,264.39169734525404,0.0,5.055555555555555,236.23781596056216,8.089663153554643,0.27060962547430223,0.24463503470000492,0.0,0.0,61.97802197802198,38.02197802197802,156.95,226.73500000000004,363.3370000000002,0.15625,91.60499575031399,0.1705692999821622,nan,3247.946729323133
1022,low,Fog-only,455,455,199.70863194772758,462.4016274542564,0.0,5.055555555555555,119.71749060282336,3.389833328423309,0.24812615918840478,0.3509897733591938,0.0,0.0,100.0,0.0,9.1,15.435000000000002,21.76400000000003,0.078125,96.03942626147435,0.08134679999784566,nan,6810.347795053669
1023,low,DT-KF-CostAware,419,417,194.0637423129069,438.5419015941278,0.2386634844868735,4.633333333333334,98.49869037669657,3.0009581060515376,0.23848930479652022,0.31958779939129284,0.0,0.0,100.0,0.0,146.8,232.65999999999988,426.08400000000006,0.15625,98.28546123481235,0.15897570000379346,nan,3233.1985327803873
1023,low,DT-OPT,419,417,194.10081844253162,438.5419015941278,0.2386634844868735,4.633333333333334,98.45418422702922,3.000473422675503,0.23854950712498058,0.3202847565018787,0.0,0.0,100.0,0.0,146.55,254.74499999999998,516.1280000000007,0.140625,87.81093657331922,0.16014520000317134,nan,3209.5872994621213
1023,low,SemiGreedy,419,417,154.56280418176465,253.65531573514335,0.0,4.633333333333334,205.20995285312253,7.1035937125980135,0.25722965497859285,0.26740564169738323,0.0,0.0,63.48448687350835,36.51551312649165,160.25,265.46999999999997,439.25000000000017,0.171875,104.3373372626841,0.16473009999026544,nan,3120.25549690296
1023,low,Fog-only,419,417,188.94764376689142,388.87987430289047,0.0,4.633333333333334,106.4671344881432,3.2165408491023535,0.23674626804117485,0.32529856777263955,0.0,0.0,100.0,0.0,9.2,14.61499999999997,20.796000000000003,0.078125,101.81050021617177,0.07673569998587482,nan,6698.316430222373
1024,low,DT-KF-CostAware,445,444,224.44713112835538,481.41276457682807,0.6741573033707865,4.933333333333334,97.24281597514123,4.121264229865066,0.2614272541479278,0.3417753120665742,0.0,0.0,100.0,0.0,152.6,212.27999999999983,386.5719999999995,0.171875,101.16828399075172,0.16989019999164157,nan,3207.954314179473
1024,low,DT-OPT,445,444,224.44713112835538,481.41276457682807,0.6741573033707865,4.933333333333334,97.24281597514123,4.121264229865066,0.2614272541479278,0.3417753120665742,0.0,0.0,100.0,0.0,142.4,233.3599999999999,426.64799999999735,0.171875,103.5767812199597,0.16593969997484237,nan,3284.325571774722
1024,low,SemiGreedy,445,444,166.09541152461003,286.8857317334087,0.0,4.933333333333334,237.35786359749085,8.637304109708321,0.2751587150418744,0.20083272990586531,0.0,0.0,57.97752808988764,42.02247191011236,153.9,231.25999999999988,349.78,0.15625,93.62140163895481,0.1668956000066828,nan,3265.5144891667437
1024,low,Fog-only,445,444,215.09739856730158,451.02028789658766,0.0,4.933333333333334,107.33381626186527,4.248987390479928,0.26095176578746987,0.31471264367816093,0.0,0.0,100.0,0.0,9.4,11.8,20.3,0.09375,114.59143113832361,0.08181239999248646,nan,6661.5818635078795
1025,low,DT-KF-CostAware,458,458,222.93407922249816,492.84323051282666,0.4366812227074236,5.088888888888889,84.18474264117341,3.2685151295764934,0.2433817314906344,0.3690221521659583,0.0,0.0,100.0,0.0,135.75,182.65,318.28000000000026,0.15625,99.26767457740017,0.1574026999878697,nan,3532.3409321622075
1025,low,DT-OPT,458,458,222.85827526432942,492.84323051282666,0.4366812227074236,5.088888888888889,84.25188324192091,3.2720000070603494,0.24327980656471865,0.3690221521659583,0.0,0.0,100.0,0.0,142.85000000000002,202.75,463.7750000000029,0.171875,102.60097577554974,0.16751790000125766,nan,3319.0482927246926
1025,low,SemiGreedy,458,458,163.50282830984153,261.84573667670634,0.0,5.088888888888889,228.4006867518253,8.517453333169394,0.2725270031578343,0.2094615261855999,0.0,0.0,54.80349344978166,45.19650655021834,157.1,276.375,470.7700000000014,0.171875,94.93412192433493,0.18104660001699813,nan,3071.032540505031
1025,low,Fog-only,458,458,209.3210094772256,460.6485787561683,0.0,5.088888888888889,90.97914588472318,4.132224554875111,0.25365490586002243,0.33906403558682047,0.0,0.0,100.0,0.0,9.1,17.5,31.950000000000045,0.09375,115.34330472757848,0.08127910000621341,nan,6840.626925710255
1026,low,DT-KF-CostAware,439,437,211.17222231079,472.3099120195146,0.45558086560364464,4.855555555555555,98.64138756814832,4.048772949305954,0.2485260583127414,0.34213534276418567,0.0,0.0,100.0,0.0,144.14999999999998,228.3349999999999,390.52599999999904,0.171875,103.83891330513373,0.16552079998655245,nan,3310.7621522160457
1026,low,DT-OPT,439,437,211.17222231079,472.3099120195146,0.45558086560364464,4.855555555555555,98.64138756814832,4.048772949305954,0.2485260583127414,0.34213534276418567,0.0,0.0,100.0,0.0,143.7,201.88499999999996,342.19299999999976,0.15625,96.21886050683058,0.16239019998465665,nan,3374.587875695562
1026,low,SemiGreedy,439,437,161.56668771621608,266.7036054052761,0.0,4.855555555555555,220.61577143034248,8.064315023119265,0.2635251594202988,0.20486184041634578,0.0,0.0,60.59225512528474,39.40774487471526,154.95,210.7049999999998,320.79899999999975,0.171875,103.509288594884,0.1660478999838233,nan,3300.252517817974
1026,low,Fog-only,439,437,202.40502488125597,469.5346982789178,0.0,4.855555555555555,102.92750761581274,4.148305491079476,0.24315847093998869,0.3053705977920201,0.0,0.0,100.0,0.0,9.1,15.12499999999999,22.053999999999952,0.078125,94.52270422114411,0.08265209998353384,nan,6630.200564887933
1027,low,DT-KF-CostAware,438,435,224.8750998715807,497.25969485672215,0.684931506849315,4.833333333333333,120.10140347088415,3.6946568218256086,0.2519272953626116,0.3942121797970034,0.0,0.0,100.0,0.0,147.9,243.45999999999975,343.9399999999996,0.171875,102.89272995556652,0.16704289999324828,nan,3274.6079002586116
1027,low,DT-OPT,438,435,225.2154190657301,497.25969485672215,0.684931506849315,4.833333333333333,119.13531522569518,3.6955032309400995,0.2519767686977927,0.39516054930918687,0.0,0.0,100.0,0.0,144.6,202.07999999999996,370.68799999999936,0.171875,104.59518998278588,0.16432400001212955,nan,3328.7894644703347
1027,low,SemiGreedy,438,435,166.2486293787141,270.9205016432804,0.0,4.833333333333333,257.2446536306756,8.634170637853794,0.2794459677528698,0.2111394829237153,0.0,0.0,58.21917808219178,41.78082191780822,160.6,262.39999999999986,399.9979999999988,0.1875,107.2271070014879,0.17486250001820736,nan,3128.172134923407
1027,low,Fog-only,438,435,212.35059214454307,486.33449522182667,0.0,4.833333333333333,144.856667362229,3.7825469673275256,0.26018777796472903,0.3272747083973268,0.0,0.0,100.0,0.0,8.9,12.5,33.09599999999991,0.078125,97.97221037636288,0.0797420000017155,nan,6859.622281711424
1028,low,DT-KF-CostAware,452,451,218.50010250456006,504.53308157497594,0.6637168141592921,5.011111111111111,101.45014039340086,3.7062480135737474,0.2526641291079698,0.39134240945681786,0.0,0.0,100.0,0.0,145.5,217.63,350.13799999999907,0.140625,87.03076106942797,0.1615808000206016,nan,3311.036954463571
1028,low,DT-OPT,452,451,218.38149394056626,504.53308157497594,0.6637168141592921,5.011111111111111,101.59890114576795,3.7068043670753887,0.2525877103671556,0.3911858604508039,0.0,0.0,100.0,0.0,153.2,224.40999999999988,366.1879999999979,0.171875,100.65868113118624,0.17075029999250546,nan,3133.2302199380156
1028,low,SemiGreedy,452,452,164.9751782761571,298.9189816548567,0.0,5.022222222222222,242.75411242303184,8.253931422795269,0.2721275205614642,0.2191026775835362,0.0,0.0,59.07079646017699,40.92920353982301,162.6,244.7299999999999,397.89399999999915,0.171875,100.25420090653769,0.17143919999944046,nan,3120.6398536725915
1028,low,Fog-only,452,451,207.1431982872752,448.55924566667335,0.0,5.011111111111111,127.34180144249783,3.6812651229459603,0.2560792748825648,0.34551109570984007,0.0,0.0,100.0,0.0,9.2,15.949999999999978,35.31799999999993,0.078125,97.73162550133078,0.07993830001214519,nan,6692.661714331132
1029,low,DT-KF-CostAware,467,467,240.45788783362636,556.0131338279263,0.6423982869379015,5.188888888888889,93.44015398134076,3.6983280654286426,0.2553015772971487,0.3381396681449001,0.0,0.0,99.78586723768737,0.21413276231263384,148.8,243.075,374.87500000000045,0.1875,104.85386726035013,0.17882030000328086,nan,3165.188739699103
1029,low,DT-OPT,467,467,240.48843511247824,556.0131338279263,0.6423982869379015,5.188888888888889,93.39006319280527,3.695494536759848,0.25549943617557885,0.33857830664072247,0.0,0.0,99.78586723768737,0.21413276231263384,146.45,262.125,440.29500000000047,0.171875,95.90131050912274,0.1792206999962218,nan,3158.1173380749656
1029,low,SemiGreedy,467,467,173.07173789128439,287.9853223824113,0.0,5.188888888888889,241.78200844399333,8.818376526380856,0.26889836187320937,0.2144343500989697,0.0,0.0,55.6745182012848,44.3254817987152,153.1,245.725,372.6750000000001,0.171875,99.55428642067002,0.1726444999803789,nan,3278.41315572941
1029,low,Fog-only,467,467,228.90406035371694,510.0871772646241,0.21413276231263384,5.188888888888889,97.99095274767126,3.8731113991669637,0.2514536862975911,0.3475632689488111,0.0,0.0,100.0,0.0,8.9,15.275,23.40500000000001,0.078125,94.92155984130808,0.0823048000165727,nan,6876.877167383088
1000,medium,DT-KF-CostAware,928,926,309.00960696259585,708.9063451172697,3.663793103448276,10.28888888888889,126.54693081319573,7.531261768171035,0.29387016656384435,0.6245328548988923,0.0,0.0,99.89224137931035,0.10775862068965517,147.3,243.62999999999997,414.61399999999793,0.34375,97.49560383289618,0.3525800000061281,nan,3173.747801862133
1000,medium,DT-OPT,928,926,309.04584849987015,708.9063451172697,3.663793103448276,10.28888888888889,126.50321473928113,7.530657249202622,0.29391504118012635,0.6251534342979723,0.0,0.0,99.89224137931035,0.10775862068965517,144.4,216.0299999999998,327.70199999999994,0.328125,95.88503088740448,0.3422067000064999,nan,3269.9535104915994
1000,medium,SemiGreedy,928,926,221.0092878552225,375.7281830233438,0.0,10.28888888888889,341.404887222113,16.783061583871028,0.28873438001195156,0.39830055480802906,0.0,0.0,63.4698275862069,36.5301724137931,155.1,232.51999999999998,385.8019999999993,0.328125,94.37622670655475,0.3476776000170503,nan,3218.4989770555358
1000,medium,Fog-only,928,926,292.05502598274376,632.1726731203414,0.0,10.28888888888889,131.11713099923315,7.728443277963491,0.2846183559532505,0.6109537272426726,0.0,0.0,100.0,0.0,9.1,13.70999999999999,22.76399999999999,0.15625,95.90355263315023,0.16292410000460222,nan,6868.228825375686
1001,medium,DT-KF-CostAware,867,864,281.62407340095393,612.0837729971671,2.1914648212226067,9.6,126.11847449258849,7.471441636181132,0.28729233169214285,0.5546685553589409,0.0,0.0,99.88465974625144,0.11534025374855825,148.4,198.55999999999997,405.27600000000007,0.328125,98.40311794940219,0.33344980000401847,nan,3229.8714828649495
1001,medium,DT-OPT,867,864,281.8247451570138,612.0837729971671,2.1914648212226067,9.6,125.99465372997088,7.459769463495117,0.2873800754003962,0.556505436764363,0.0,0.0,99.88465974625144,0.11534025374855825,145.5,200.42,320.356,0.34375,103.59257544824834,0.33182880000094883,nan,3245.6495638622096
1001,medium,SemiGreedy,867,865,213.7445193892547,340.88435103196946,0.0,9.61111111111111,293.78915018497565,14.853045727074775,0.28473508691236965,0.32142114300381475,0.0,0.0,62.39907727797001,37.60092272202999,160.6,277.85999999999984,519.1960000000003,0.34375,98.0566106888113,0.3505627999838907,nan,3072.2027552538116
1001,medium,Fog-only,867,863,270.6426126590397,543.6255542942614,0.0,9.588888888888889,126.15337303397713,7.773091312036397,0.28237736334424635,0.5583277358298199,0.0,0.0,100.0,0.0,9.5,17.179999999999975,22.372000000000003,0.15625,92.80311129086984,0.16836720000719652,nan,6396.732855057076
1002,medium,DT-KF-CostAware,945,938,268.9444673197237,632.7602706802489,1.7989417989417988,10.422222222222222,134.08708501646808,7.87120061068972,0.27608337526091054,0.6111845146271782,0.0,0.0,99.8941798941799,0.10582010582010581,152.3,229.06999999999985,376.4370000000002,0.375,102.58099248517024,0.3655647999839857,nan,3091.1072402197965
1002,medium,DT-OPT,945,938,268.93933690310706,632.7602706802489,1.7989417989417988,10.422222222222222,134.09675729074974,7.870903145533772,0.27605554686886297,0.6108239317856725,0.0,0.0,99.8941798941799,0.10582010582010581,158.0,285.2949999999999,457.7960000000003,0.390625,99.43332234089053,0.392851199983852,nan,2876.407148677281
1002,medium,SemiGreedy,945,940,206.1958224080576,350.730283452728,0.0,10.444444444444445,321.6222562035328,15.58415350019198,0.2810621998198794,0.38433238571580597,0.0,0.0,67.61904761904762,32.38095238095238,174.25,284.5749999999997,557.7910000000027,0.390625,96.84193041900384,0.4033634999941569,nan,2801.443363160943
1002,medium,Fog-only,945,939,253.82697407875244,582.3043276872027,0.10582010582010581,10.433333333333334,138.09910593288038,7.8068298060306685,0.27063050023903246,0.5926022259859666,0.0,0.0,100.0,0.0,10.0,16.809999999999988,23.11300000000001,0.1875,102.40451256864301,0.18309740000404418,nan,6171.578624136886
1003,medium,DT-KF-CostAware,885,884,296.49535141314925,617.325306850267,1.5819209039548023,9.822222222222223,113.51254108606103,7.455558671629267,0.28902563071534054,0.6740935876774956,0.0,0.0,99.88700564971751,0.11299435028248588,158.9,266.8,409.5200000000001,0.375,100.1463471982819,0.3744519999891054,nan,2886.8853685691397
1003,medium,DT-OPT,885,884,296.29711626820625,617.325306850267,1.5819209039548023,9.822222222222223,113.41396581501067,7.452379896117062,0.28913040090596265,0.6742708052275102,0.0,0.0,99.88700564971751,0.11299435028248588,159.1,228.4,424.800000000001,0.359375,98.94364665600216,0.3632117999950424,nan,2976.224891412545
1003,medium,SemiGreedy,885,885,214.90828363630513,348.8810126121421,0.0,9.833333333333334,306.7394315186025,15.393411045379086,0.28419200344345275,0.34100624828629117,0.0,0.0,64.7457627118644,35.25423728813559,172.2,298.5,417.12000000000006,0.390625,101.62667724555843,0.38437250000424683,nan,2812.3760154226857
1003,medium,Fog-only,885,884,283.62468118461044,621.8810315263698,0.11299435028248588,9.822222222222223,122.50812353916287,7.624634789298666,0.2872458771798374,0.5819392812887236,0.0,0.0,100.0,0.0,9.9,12.9,20.620000000000026,0.171875,98.65609590644632,0.17421629998716526,nan,6204.930308355984
1004,medium,DT-KF-CostAware,907,902,289.1504777365726,644.4321408792613,1.8743109151047408,10.022222222222222,106.39442021614171,8.606632294070105,0.2919390111541572,0.5959344663757715,0.0,0.0,99.88974641675854,0.11025358324145534,157.1,227.6449999999997,442.1439999999995,0.359375,96.4126835731559,0.3727466000127606,nan,2999.3566674028048
1004,medium,DT-OPT,907,902,289.20752611600847,644.4321408792613,1.8743109151047408,10.022222222222222,106.37138365628023,8.606996709579375,0.29199608112174646,0.5959344663757715,0.0,0.0,99.88974641675854,0.11025358324145534,158.3,228.55999999999995,418.94299999999913,0.375,98.58648019400937,0.38037669999175705,nan,2939.191596184066
1004,medium,SemiGreedy,907,903,216.31430623191287,345.4121072557328,0.0,10.033333333333333,305.5764380465495,16.009350262331544,0.2893173683956715,0.3659105394946506,0.0,0.0,62.84454244762955,37.15545755237045,168.0,256.34999999999906,413.8089999999969,0.375,98.25326653392756,0.3816666999773588,nan,2929.2573862648273
1004,medium,Fog-only,907,902,282.94554085812416,600.7549944385061,0.11025358324145534,10.022222222222222,105.33292321271169,8.544904911701504,0.28952406840976636,0.5876128130163976,0.0,0.0,100.0,0.0,10.0,16.914999999999985,23.897999999999957,0.1875,104.52967499549526,0.17937490000622347,nan,6232.756087731397
1005,medium,DT-KF-CostAware,895,891,261.146395652329,556.6951343102592,2.2346368715083798,9.9,153.11831465351412,6.441632526139767,0.27996924271641144,0.5653399033904692,0.0,0.0,99.88826815642459,0.11173184357541899,159.9,288.13999999999993,463.30800000000005,0.359375,95.74690578886185,0.3753385000163689,nan,2869.4098792237696
1005,medium,DT-OPT,895,891,261.1582552762794,556.6951343102592,2.2346368715083798,9.9,153.06993123617247,6.4432012178822635,0.2799526036014585,0.565456134138959,0.0,0.0,99.88826815642459,0.11173184357541899,160.9,250.92,422.716,0.375,100.88683564351506,0.3717035999870859,nan,2897.4699196817523
1005,medium,SemiGreedy,895,891,204.15950514326735,328.05599311053993,0.0,9.9,301.65738781038806,13.63290795132164,0.28169839666646634,0.37528468360638023,0.0,0.0,67.48603351955308,32.513966480446925,172.3,277.34,389.80400000000003,0.375,99.61828928082447,0.37643689999822527,nan,2861.037268145279
1005,medium,Fog-only,895,891,250.30808001203877,474.0409878498588,0.0,9.9,154.75484208206436,6.52010477281949,0.27428275672844504,0.5493013002540726,0.0,0.0,100.0,0.0,10.0,16.7,22.772000000000002,0.15625,88.50264289095036,0.1765484000206925,nan,6100.310169187426
1006,medium,DT-KF-CostAware,907,906,304.73418564464197,757.3922580265486,2.7563395810363835,10.066666666666666,138.29395516432248,7.973530316441556,0.2910980616665807,0.6320177237530606,0.0,0.0,99.55898566703418,0.4410143329658214,169.5,318.3,498.3149999999985,0.40625,97.03457559739084,0.41866520000621676,nan,2617.8435656551474
1006,medium,DT-OPT,907,906,304.77180763612546,757.3922580265486,2.7563395810363835,10.066666666666666,138.30204412837173,7.976926723270765,0.29108498807982,0.6327884866660859,0.0,0.0,99.55898566703418,0.4410143329658214,160.2,225.425,419.90999999999934,0.375,99.48005093533202,0.376959999994142,nan,2907.47028866997
1006,medium,SemiGreedy,907,907,218.72851546863566,377.94535377158655,0.0,10.077777777777778,334.96937219965537,16.378622877824004,0.28572968863086073,0.3598675687347056,0.0,0.0,66.1521499448732,33.84785005512679,171.6,270.57500000000005,509.78999999999826,0.390625,102.29587961805026,0.3818580000079237,nan,2870.1768719714073
1006,medium,Fog-only,907,906,289.6164489141381,699.1939371045283,0.2205071664829107,10.066666666666666,139.62213812074754,8.217900157618509,0.2836845011536787,0.626034192414702,0.0,0.0,100.0,0.0,10.1,14.350000000000001,22.014999999999986,0.171875,97.38754889466884,0.1764856000081636,nan,6210.138390606956
1007,medium,DT-KF-CostAware,904,901,295.92327672253805,688.466049200203,1.991150442477876,10.011111111111111,125.61163478220959,7.689577280266495,0.29575526320458023,0.6499050015405156,0.0,0.0,99.88938053097345,0.11061946902654868,157.3,262.62999999999994,456.96200000000005,0.375,96.32431549443623,0.389309799997136,nan,2915.415948964937
1007,medium,DT-OPT,904,901,296.48772557302846,688.466049200203,2.101769911504425,10.011111111111111,125.5540711680153,7.688808875456885,0.2960156393731087,0.6532679527711466,0.0,0.0,99.88938053097345,0.11061946902654868,158.0,252.1,389.63000000000005,0.390625,101.85602869808054,0.38350700002047233,nan,2959.528769851428
1007,medium,SemiGreedy,904,902,218.99456538866505,383.63897098698806,0.0,10.022222222222222,327.7370374963164,16.23126091313598,0.2965923788705059,0.37042148330952074,0.0,0.0,64.71238938053098,35.28761061946903,171.1,287.21,467.9660000000004,0.375,93.96930085884304,0.3990664999873843,nan,2844.137505994316
1007,medium,Fog-only,904,901,280.11185392746404,634.811851713065,0.0,10.011111111111111,135.45539644812615,7.971926899019186,0.2922441382772375,0.6181740510377514,0.0,0.0,100.0,0.0,10.3,18.329999999999995,26.196000000000048,0.1875,97.79821022301888,0.1917212999833282,nan,5920.05165883341
1008,medium,DT-KF-CostAware,916,912,288.27697902558816,670.0179665750188,2.510917030567686,10.133333333333333,144.44105320026486,7.089253739125977,0.2838605166235627,0.6201491201908739,0.0,0.0,100.0,0.0,161.55,238.0,382.7,0.390625,100.72641635234234,0.3878078999987338,nan,2903.4993872060795
1008,medium,DT-OPT,916,912,288.99071169230365,678.6200940907961,2.6200873362445414,10.133333333333333,144.41617542759505,7.082450650526761,0.283881308081587,0.6197055492638731,0.0,0.0,100.0,0.0,162.2,263.025,438.75,0.375,94.27954463237297,0.3977532999997493,nan,2830.900460161386
1008,medium,SemiGreedy,916,913,212.30601636974004,367.9882569914401,0.0,10.144444444444444,331.28742308749037,15.495364946618903,0.2781311698018018,0.3669541791903818,0.0,0.0,66.37554585152839,33.624454148471614,172.4,243.75,332.975,0.390625,100.85361206329942,0.38731879999977536,nan,2907.165879891844
1008,medium,Fog-only,916,912,272.15367993119986,617.7823219980052,0.0,10.133333333333333,149.64558792988225,7.563257725877333,0.274812516232822,0.5887602781615965,0.0,0.0,100.0,0.0,10.0,16.6,22.025000000000002,0.1875,102.85385153620054,0.1822974999959115,nan,6176.7166309206295
1009,medium,DT-KF-CostAware,894,892,296.5708227994646,676.7872573095257,2.9082774049217,9.911111111111111,112.81510754603079,6.984986710771501,0.27487306015290186,0.5916597263533611,0.0,0.0,100.0,0.0,156.5,249.4299999999997,423.0799999999996,0.375,101.03807869235271,0.37114719999954104,nan,2958.3949441120876
1009,medium,DT-OPT,894,892,295.77625456966484,670.8962273278712,2.796420581655481,9.911111111111111,112.78760130552718,6.986119402623799,0.27444535902106365,0.5944605159346833,0.0,0.0,100.0,0.0,157.1,283.8399999999995,444.32299999999987,0.34375,90.52448900762181,0.3797315000265371,nan,2891.5167688834545
1009,medium,SemiGreedy,894,893,213.96391434459292,365.7539254051313,0.0,9.922222222222222,311.7012182605196,15.332097581472782,0.2730982387272616,0.3436003554443878,0.0,0.0,64.76510067114094,35.23489932885906,170.8,254.24999999999986,444.4899999999999,0.375,99.4330460260459,0.3771382000122685,nan,2911.3995876426243
1009,medium,Fog-only,894,892,278.01464819716404,599.9115816670634,0.0,9.911111111111111,117.48657751472464,7.2338108403292605,0.2670835352801446,0.5973740480023064,0.0,0.0,100.0,0.0,10.0,14.159999999999945,27.932999999999968,0.171875,97.47006002995084,0.17633620000560768,nan,6226.741871295188
1010,medium,DT-KF-CostAware,898,897,274.8573041362057,596.5907709681868,1.3363028953229399,9.966666666666667,144.898334904903,7.036970097128016,0.2832331396905622,0.5907242788927458,0.0,0.0,100.0,0.0,159.1,275.4599999999999,391.8039999999981,0.390625,102.67551697961002,0.38044609999633394,nan,2925.5129701966325
1010,medium,DT-OPT,898,897,274.87514666643864,596.5907709681868,1.3363028953229399,9.966666666666667,144.82210912022381,7.044612219904473,0.28342459541055415,0.595036976778583,0.0,0.0,100.0,0.0,159.7,288.45999999999975,446.4559999999978,0.375,94.02431594535908,0.39883299998473376,nan,2790.6416972582574
1010,medium,SemiGreedy,898,897,208.50017073076611,340.78534596084745,0.0,9.966666666666667,322.61925660453596,15.006136665582535,0.28369121084889987,0.32459036886034076,0.0,0.0,64.81069042316258,35.18930957683742,174.4,307.9799999999996,433.9919999999999,0.390625,97.51526730157656,0.40057830000296235,nan,2778.483008170361
1010,medium,Fog-only,898,896,268.19196755300953,561.3731398870647,0.0,9.955555555555556,147.65264731371855,7.087745256154221,0.280623670617343,0.5825477174569266,0.0,0.0,100.0,0.0,10.0,15.139999999999919,24.95599999999986,0.1875,104.45676631985557,0.17950009999913163,nan,6200.553648746627
1011,medium,DT-KF-CostAware,916,914,278.9433600063757,652.3676635334788,1.3100436681222707,10.155555555555555,146.22246112654207,7.265709290393822,0.27579688682055575,0.6174694957539986,0.0,0.0,99.89082969432314,0.1091703056768559,154.9,233.78000000000003,406.4109999999996,0.375,99.30397184359938,0.377628399990499,nan,2971.1748375604934
1011,medium,DT-OPT,916,914,278.60752503111473,652.3676635334788,1.2008733624454149,10.155555555555555,146.37004002959108,7.271250689636515,0.27551322216736673,0.6173451099353601,0.0,0.0,99.89082969432314,0.1091703056768559,156.95,261.2850000000001,492.84899999999953,0.375,98.32037339667922,0.3814062000019476,nan,2941.745572028642
1011,medium,SemiGreedy,916,914,207.01205829717938,370.1918477717552,0.0,10.155555555555555,331.1907445157286,15.289892149206391,0.27861921935100603,0.3675938702495857,0.0,0.0,70.41484716157206,29.58515283842795,169.4,276.05000000000007,436.09199999999987,0.375,96.20078720684461,0.38980969999101944,nan,2878.3275532287907
1011,medium,Fog-only,916,914,264.03761513936405,627.854995138561,0.1091703056768559,10.155555555555555,162.13897296315665,7.7273980370106266,0.27332677471688827,0.5760652500110331,0.0,0.0,100.0,0.0,9.9,16.585000000000015,25.47399999999998,0.171875,96.99617997954395,0.17719769998802803,nan,6331.910629064629
1012,medium,DT-KF-CostAware,866,858,277.89708362630586,631.5951927963467,1.9630484988452657,9.533333333333333,135.1957419669688,6.190303292677567,0.28082407393863623,0.5833977886541729,0.0,0.0,100.0,0.0,180.9,350.9649999999999,625.3510000000019,0.4375,98.6929890088143,0.44329389999620616,nan,2436.30692867473
1012,medium,DT-OPT,866,858,277.85569182916765,631.5951927963467,1.9630484988452657,9.533333333333333,135.2213116479679,6.1912580402887505,0.28078925787601694,0.5824082278481013,0.0,0.0,100.0,0.0,174.0,290.15999999999997,438.1080000000002,0.40625,99.84985040462514,0.4068608999950811,nan,2654.4698692183424
1012,medium,SemiGreedy,866,859,207.42500207577174,358.6598724687224,0.0,9.544444444444444,305.7395385196385,14.335750339496352,0.28322235399265094,0.4240538169490181,0.0,0.0,68.24480369515011,31.755196304849886,174.9,279.69499999999994,534.1740000000004,0.390625,101.8700804096394,0.38345409999601543,nan,2816.50398316571
1012,medium,Fog-only,866,858,261.55349749978603,560.6675770014463,0.0,9.533333333333333,145.6927202368574,6.79515964292091,0.27735759907837937,0.5601101710390164,0.0,0.0,100.0,0.0,10.0,16.9,21.8,0.1875,105.93741047264865,0.17699130001710728,nan,6101.994843224562
1013,medium,DT-KF-CostAware,895,892,306.9124704589984,708.5115174598717,3.2402234636871508,9.911111111111111,118.93131573926094,6.868413859134851,0.2969169432374996,0.6209294775746679,0.0,0.0,100.0,0.0,161.5,258.7,417.6,0.375,98.3569149501675,0.3812644999998156,nan,2887.759022936918
1013,medium,DT-OPT,895,892,306.89932209380436,708.5115174598717,3.2402234636871508,9.911111111111111,118.95160948753607,6.869355764761492,0.2968744950277416,0.6203021117888461,0.0,0.0,100.0,0.0,158.1,230.5,442.2,0.359375,96.50254632739963,0.3723994999891147,nan,2956.502358440821
1013,medium,SemiGreedy,895,893,216.28243640937592,367.18677811375215,0.0,9.922222222222222,322.16812550422924,15.95669978235844,0.29134736956396884,0.34931670652545266,0.0,0.0,64.02234636871508,35.977653631284916,170.3,257.2,392.3,0.375,99.53687483267572,0.3767447999853175,nan,2922.4026450873594
1013,medium,Fog-only,895,892,289.5979228609039,636.1496617277174,0.0,9.911111111111111,125.06749281782974,7.395128228095561,0.2894190603075807,0.6004540021009672,0.0,0.0,100.0,0.0,10.0,15.4,21.3,0.171875,97.64820511905022,0.17601450000074692,nan,6255.166477735232
1014,medium,DT-KF-CostAware,919,917,269.56940405920113,592.5552816808289,0.8705114254624592,10.188888888888888,131.60937968069308,7.420429835633821,0.2885588738648153,0.6504229404906606,0.0,0.0,99.89118607181719,0.1088139281828074,155.0,219.6049999999999,367.6959999999999,0.359375,97.1364118234349,0.36996939999517053,nan,3021.871538604528
1014,medium,DT-OPT,919,917,271.08517764924517,596.1091377160134,0.9793253536452666,10.188888888888888,131.62702775587059,7.4186197550921555,0.28886451869648977,0.6498587290572023,0.0,0.0,99.89118607181719,0.1088139281828074,153.6,224.84999999999985,334.48099999999994,0.34375,94.49000275578507,0.3637950999836903,nan,3073.1584896281515
1014,medium,SemiGreedy,919,917,205.58971128988085,336.9532335258611,0.0,10.188888888888888,309.01185155214665,14.757715072311141,0.28414315153772435,0.40614178271829415,0.0,0.0,68.33514689880305,31.664853101196954,168.8,282.4349999999999,463.72399999999976,0.375,96.94140809209563,0.3868316000152845,nan,2890.1465132523444
1014,medium,Fog-only,919,917,258.8377617451508,515.9830806511586,0.0,10.188888888888888,141.6137973565563,7.5055735974109385,0.2852663779968334,0.567386170413754,0.0,0.0,100.0,0.0,9.7,16.9,21.8,0.1875,106.94528336748303,0.17532330000540242,nan,6376.790762925121
1015,medium,DT-KF-CostAware,955,954,307.08478865058305,821.0211232389765,2.931937172774869,10.6,159.60523188002645,8.32075280321097,0.29414491786138103,0.6288188277087033,0.0,0.0,99.79057591623037,0.2094240837696335,155.5,259.46999999999997,419.02799999999877,0.390625,101.24631786671304,0.3858165000274312,nan,2962.548257834317
1015,medium,DT-OPT,955,954,307.28573287529883,829.7071931560046,2.931937172774869,10.6,159.46606377484443,8.309702352679043,0.2943197182646083,0.6308005835384256,0.0,0.0,99.79057591623037,0.2094240837696335,154.8,212.29999999999987,370.3959999999988,0.375,99.85498393157864,0.37554460001410916,nan,3043.5799102345172
1015,medium,SemiGreedy,955,954,217.31276926682182,400.38132840189667,0.0,10.6,363.5160821898834,17.010012559324895,0.2937513165958446,0.3565681905178542,0.0,0.0,67.74869109947645,32.25130890052356,171.8,309.1599999999999,437.71199999999953,0.390625,94.72151692673437,0.41239309997763485,nan,2771.627362489789
1015,medium,Fog-only,955,954,290.20692081015363,664.5088700299478,0.418848167539267,10.6,168.2397778374637,8.356993832739192,0.29491541526973625,0.6068022530162895,0.0,0.0,100.0,0.0,10.1,17.4,31.463999999999942,0.1875,100.41031672547442,0.18673379998654127,nan,6121.012907584921
1016,medium,DT-KF-CostAware,913,909,293.7717772210713,687.1926000847777,2.4096385542168677,10.1,115.90711530634135,6.892731410555225,0.2789522349127602,0.6154848311493287,0.0,0.0,100.0,0.0,156.75,253.17999999999984,465.75900000000286,0.375,100.48465759437791,0.3731913000228815,nan,2974.345864793586
1016,medium,DT-OPT,913,909,293.83792214016165,687.1926000847777,2.4096385542168677,10.1,115.92202088006758,6.895445775239173,0.2791406583933469,0.6140796397039151,0.0,0.0,100.0,0.0,155.8,250.33999999999995,440.3630000000024,0.375,100.67938448698526,0.3724694999982603,nan,2980.1097808147633
1016,medium,SemiGreedy,913,910,212.34839134075105,347.03528053586,0.0,10.11111111111111,314.1084844402339,15.430277788442663,0.2778249239976293,0.3604297693920335,0.0,0.0,65.71741511500548,34.28258488499452,167.5,273.94999999999993,445.54600000000005,0.375,98.53474887066375,0.3805763999989722,nan,2916.628566571647
1016,medium,Fog-only,913,909,275.9910070013931,601.2848233135253,0.0,10.1,122.64946699615116,7.162500627350877,0.27128737140478904,0.5875049060596236,0.0,0.0,100.0,0.0,10.0,14.509999999999991,22.682000000000016,0.1875,106.42560934750158,0.17617940000491217,nan,6300.396073372093
1017,medium,DT-KF-CostAware,891,888,279.2447327165949,653.140005878754,1.9079685746352413,9.866666666666667,155.0766730115156,7.362777768013872,0.2757647890592578,0.6183774105722496,0.0,0.0,99.88776655443323,0.1122334455667789,157.7,254.15,431.3549999999997,0.359375,99.20903312518622,0.36224019998917356,nan,2942.7987286663933
1017,medium,DT-OPT,891,888,279.2378820438543,653.140005878754,1.9079685746352413,9.866666666666667,155.0568579798469,7.363734050953728,0.2758130379902946,0.6193431932540258,0.0,0.0,99.88776655443323,0.1122334455667789,157.0,260.425,409.62499999999784,0.359375,99.07449602354876,0.36273210000945255,nan,2938.8080072654743
1017,medium,SemiGreedy,891,888,210.77864765725383,356.23345874866885,0.0,9.866666666666667,333.0855830109351,15.883800152246803,0.28068919431895534,0.37410488670129144,0.0,0.0,67.78900112233445,32.210998877665546,168.9,318.925,478.89499999999583,0.375,98.12222837729163,0.3821763999876566,nan,2789.28787867181
1017,medium,Fog-only,891,888,261.232211119355,588.8922652276633,0.1122334455667789,9.866666666666667,167.01918140143349,7.979266035462761,0.2710356906215859,0.5966585956416465,0.0,0.0,100.0,0.0,10.0,12.575,20.13499999999999,0.171875,101.61448041621775,0.16914420001558028,nan,6302.314829014582
1018,medium,DT-KF-CostAware,937,935,291.88356323282915,745.4062170794357,2.8815368196371396,10.38888888888889,147.7739176978486,7.869818029102701,0.27515308974529407,0.6670743878840414,0.0,0.0,100.0,0.0,156.95,261.3299999999999,462.7619999999996,0.390625,100.2629616751583,0.3896004999987781,nan,2946.608128078892
1018,medium,DT-OPT,937,935,292.3146385972817,748.6786036253136,2.774813233724653,10.38888888888889,147.65696011763765,7.866517269473381,0.2753706835951064,0.6663178417467973,0.0,0.0,100.0,0.0,158.6,285.7799999999995,444.0669999999999,0.40625,101.65543848373748,0.39963430000352673,nan,2872.6262985681383
1018,medium,SemiGreedy,937,936,213.24067977536058,379.2323602476168,0.0,10.4,355.2269147314742,16.922492023857394,0.2808222544997412,0.3830691331955329,0.0,0.0,68.62326574172893,31.376734258271078,171.9,291.0549999999993,547.4019999999994,0.40625,99.61844602509977,0.4078060000028927,nan,2815.0640255215885
1018,medium,Fog-only,937,936,264.9216957995078,592.7298166660249,0.0,10.4,177.83391022675474,8.703276403508548,0.270141727410307,0.6065936987636815,0.0,0.0,100.0,0.0,9.9,13.4,24.94199999999996,0.1875,102.97812744078452,0.18207750000874512,nan,6305.007482774434
1019,medium,DT-KF-CostAware,896,894,299.9730470166586,678.8643517101782,2.34375,9.933333333333334,128.89842323484004,7.789825962716046,0.30181249750176203,0.6088103352450055,0.0,0.0,99.88839285714286,0.11160714285714286,155.0,233.07999999999984,339.5840000000004,0.34375,95.90152454414417,0.35844060001545586,nan,3027.0008474297138
1019,medium,DT-OPT,896,894,300.00760621648993,678.8643517101782,2.34375,9.933333333333334,128.86033418758504,7.792982556220399,0.30173087307848523,0.6083644591732733,0.0,0.0,99.88839285714286,0.11160714285714286,153.9,221.07999999999987,352.34000000000054,0.34375,97.43287405945941,0.3528070000174921,nan,3075.335806676755
1019,medium,SemiGreedy,896,895,217.1246454531165,348.8803026318106,0.0,9.944444444444445,325.0553538174289,15.79217377150813,0.29029325113488,0.32812632741483305,0.0,0.0,65.06696428571429,34.933035714285715,170.3,244.05999999999995,476.3960000000007,0.375,100.93492657818504,0.37152650000643916,nan,2920.383875662154
1019,medium,Fog-only,896,894,288.6210786763551,631.8606258559889,0.11160714285714286,9.933333333333334,135.80036133951404,8.10784090919227,0.2948193907138902,0.5741307970806275,0.0,0.0,100.0,0.0,10.0,18.9,23.844000000000072,0.171875,95.36065887095467,0.18023679999168962,nan,6019.858319999175
1020,medium,DT-KF-CostAware,902,900,269.001009399403,565.6269465773165,1.5521064301552105,10.0,130.85372942689116,7.454662065459548,0.28051268843918525,0.5981850622112465,0.0,0.0,100.0,0.0,156.6,251.6,404.2,0.359375,97.51990762771356,0.36851450000540353,nan,2987.670770034438
1020,medium,DT-OPT,902,900,269.0024208639958,565.6269465773165,1.5521064301552105,10.0,130.8289797425262,7.453880076736764,0.28047768120661165,0.5981850622112465,0.0,0.0,100.0,0.0,155.2,252.0,384.8,0.359375,98.98019073563161,0.3630777000216767,nan,3032.408765215455
1020,medium,SemiGreedy,902,900,205.68512793015557,325.53258804842204,0.0,10.0,308.70483733778025,14.910212335998636,0.28140281464498096,0.359662937194434,0.0,0.0,67.29490022172949,32.70509977827051,169.0,271.1,459.3,0.359375,94.98876918628626,0.37833420000970364,nan,2910.125492148902
1020,medium,Fog-only,902,900,254.86503292503812,524.2097301943379,0.0,10.0,141.5804121520734,7.685612356782985,0.2771724272094156,0.5713108834017966,0.0,0.0,100.0,0.0,9.9,17.6,25.8,0.171875,96.80262683156171,0.17755200000829063,nan,6201.000270053786
1021,medium,DT-KF-CostAware,869,864,294.51375547081824,685.6754388593962,2.6467203682393556,9.6,128.07385431746417,7.098467030934201,0.2757241887532582,0.6220300337420238,0.0,0.0,99.8849252013809,0.11507479861910241,158.4,291.0,455.2099999999999,0.375,99.80719911024202,0.3757243999862112,nan,2850.493606588512
1021,medium,DT-OPT,869,864,295.40640792212645,703.3584600545213,2.761795166858458,9.6,127.73594622756734,7.098842528326884,0.27593683898763705,0.6237972474052037,0.0,0.0,99.8849252013809,0.11507479861910241,157.9,240.95,370.92999999999967,0.359375,99.66039896260594,0.360599599982379,nan,2970.053211518635
1021,medium,SemiGreedy,869,864,212.54751885966655,373.69013782874686,0.0,9.6,314.9023825909595,15.406222031408037,0.2734363804776991,0.35863614411683886,0.0,0.0,67.89413118527042,32.105868814729575,169.1,264.0,418.54999999999995,0.375,101.72029359959447,0.3686580000212416,nan,2905.131585204418
1021,medium,Fog-only,869,864,271.1744176638451,611.2486149514777,0.0,9.6,135.9434873549773,7.7578451971675735,0.2658783002669221,0.566722542088769,0.0,0.0,100.0,0.0,9.7,14.95,21.689999999999987,0.171875,102.98668887871887,0.1668904999969527,nan,6417.381456820824
1022,medium,DT-KF-CostAware,906,904,270.61699437931196,601.8932563011035,1.6556291390728477,10.044444444444444,146.44542602407122,7.1797856300952025,0.2784649665756915,0.5926523261019985,0.0,0.0,99.8896247240618,0.11037527593818984,155.3,208.66500000000002,351.7870000000001,0.359375,100.18669922252823,0.3587052999937441,nan,3072.1597925071615
1022,medium,DT-OPT,906,904,270.61699437931196,601.8932563011035,1.6556291390728477,10.044444444444444,146.44542602407122,7.1797856300952025,0.2784649665756915,0.5926523261019985,0.0,0.0,99.8896247240618,0.11037527593818984,156.9,233.88500000000002,376.498,0.359375,97.78139956808138,0.36752899998100474,nan,2998.4028472772366
1022,medium,SemiGreedy,906,905,206.88235198723902,350.85008082065804,0.0,10.055555555555555,320.747226053058,15.01466055347684,0.28362967972571634,0.3682248100908585,0.0,0.0,67.66004415011038,32.33995584988963,166.7,288.4200000000001,405.366,0.390625,103.5869114478046,0.37709879997419193,nan,2922.3110762363053
1022,medium,Fog-only,906,904,255.62976546588231,564.2545331963511,0.0,10.044444444444444,149.71143906069545,7.278129309990311,0.2711545511771747,0.5626473374606182,0.0,0.0,100.0,0.0,9.8,17.370000000000026,22.799000000000003,0.15625,88.36809993543115,0.17681720000109635,nan,6232.425352246089
1023,medium,DT-KF-CostAware,863,861,274.1924325642197,659.4134906484705,1.5063731170336037,9.566666666666666,136.33812288055734,6.826074265418323,0.279548519616671,0.5587386265654489,0.0,0.0,100.0,0.0,155.9,277.295,385.079999999999,0.359375,101.88228856281306,0.3527355000260286,nan,2954.054808555164
1023,medium,DT-OPT,863,861,272.7029597035673,659.4134906484705,1.5063731170336037,9.566666666666666,137.6157654014493,6.9218024507015645,0.27929643729885073,0.5585495233146848,0.0,0.0,99.88412514484357,0.11587485515643106,157.6,210.45499999999979,343.7989999999995,0.34375,99.95414467092621,0.34390770000754856,nan,3029.8827271885125
1023,medium,SemiGreedy,863,861,205.77929325706853,358.99321129032273,0.0,9.566666666666666,311.00106664167987,14.664790544641882,0.28068300419964487,0.3385764996398806,0.0,0.0,67.9026651216686,32.0973348783314,170.5,316.69,411.20599999999973,0.359375,95.9379184558388,0.37459120000130497,nan,2781.6990895578165
1023,medium,Fog-only,863,861,260.5339276546462,617.8108692163014,0.0,9.566666666666666,142.56914881321936,6.95843564068284,0.2727158037384989,0.5344471840124578,0.0,0.0,100.0,0.0,10.0,17.174999999999965,26.417999999999985,0.15625,92.04815842560821,0.16974809998646379,nan,6138.507589086959
1024,medium,DT-KF-CostAware,908,905,309.5863955857114,712.4933808024743,3.193832599118943,10.055555555555555,120.30495588755615,8.417932928556212,0.30866954312418643,0.6124227157200282,0.0,0.0,99.77973568281938,0.22026431718061673,159.3,267.87999999999994,374.2140000000001,0.375,99.33685365506122,0.37750339999911375,nan,2921.8279888408674
1024,medium,DT-OPT,908,905,312.8377722178466,738.4304361182997,3.4140969162995596,10.055555555555555,118.13070463294228,8.326163416078812,0.30965149426854516,0.6188629864779722,0.0,0.0,99.8898678414097,0.11013215859030837,157.8,248.4899999999997,397.8840000000001,0.375,100.37706980520564,0.37359130001277663,nan,2952.4242132037816
1024,medium,SemiGreedy,908,907,215.32204422516244,360.0359717367311,0.0,10.077777777777778,322.23349074836943,16.180972186380572,0.2945709450979916,0.3307878174030692,0.0,0.0,65.52863436123349,34.47136563876652,168.6,261.0399999999994,406.9900000000001,0.375,98.80852725439017,0.37952190000214614,nan,2906.2881483091296
1024,medium,Fog-only,908,906,297.0888832642216,651.5835108940895,0.0,10.066666666666666,123.44593775684238,8.426146810044989,0.30585396474050447,0.5748730964467005,0.0,0.0,100.0,0.0,10.0,14.379999999999972,22.59200000000001,0.1875,105.51342833090007,0.1777025000192225,nan,6207.003277279081
1025,medium,DT-KF-CostAware,879,876,304.8140542083592,739.381821848835,2.161547212741752,9.733333333333333,107.43889438177719,7.513480306983054,0.29305456733511004,0.6574055310935106,0.0,0.0,99.88623435722411,0.11376564277588168,154.8,243.42999999999998,399.432000000001,0.328125,90.69334910322536,0.3617960999836214,nan,2982.342816986824
1025,medium,DT-OPT,879,876,304.38193225540687,742.6819867811581,2.04778156996587,9.733333333333333,107.33892707795282,7.510837972988639,0.29268612606999733,0.653839387583606,0.0,0.0,99.88623435722411,0.11376564277588168,152.7,250.21999999999989,365.4480000000024,0.328125,91.11040150943045,0.36014000000432134,nan,2996.0570888739185
1025,medium,SemiGreedy,879,877,218.01640808846895,354.90387544744874,0.0,9.744444444444444,322.98102602006827,16.299566483025746,0.2970062625325433,0.3473875991074396,0.0,0.0,61.66097838452787,38.33902161547213,168.6,281.11999999999955,477.5400000000005,0.34375,92.67139760123915,0.3709343000082299,nan,2908.870923977805
1025,medium,Fog-only,879,876,291.27712908894785,680.3396093433034,0.11376564277588168,9.733333333333333,110.37404173928428,8.225698113006159,0.2939495768044133,0.6188675836795788,0.0,0.0,100.0,0.0,10.0,18.1,23.198000000000025,0.171875,97.20628432898322,0.17681469998206012,nan,6102.433791474787
1026,medium,DT-KF-CostAware,880,877,289.91931381054695,677.7783226911305,1.4772727272727273,9.744444444444444,131.92913744006975,8.53215675928732,0.2899070860705151,0.59155029923055,0.0,0.0,99.6590909090909,0.3409090909090909,156.4,244.74000000000015,448.53599999999994,0.375,102.2770136036007,0.36665130002074875,nan,2978.3066361368524
1026,medium,DT-OPT,880,877,289.93545095892074,677.7783226911305,1.4772727272727273,9.744444444444444,131.90334124874,8.531846853282929,0.2899060002617631,0.59155029923055,0.0,0.0,99.6590909090909,0.3409090909090909,156.1,262.945,458.5159999999998,0.34375,93.3003938835836,0.36843360000057146,nan,2963.8990580617683
1026,medium,SemiGreedy,880,878,215.37778723364443,390.7134256402034,0.0,9.755555555555556,327.35870568990987,16.44987994211189,0.28579877509349816,0.3239858903186228,0.0,0.0,66.5909090909091,33.40909090909091,171.9,320.39000000000004,512.3959999999996,0.40625,99.8197225100611,0.40698369999881834,nan,2683.154141070442
1026,medium,Fog-only,880,877,286.32868314555986,633.244856378242,0.11363636363636363,9.744444444444444,129.48934419949302,8.637735211661962,0.28663346237140774,0.5878213750726056,0.0,0.0,100.0,0.0,10.1,18.545000000000005,21.808999999999994,0.1875,103.00760224117597,0.1820253999903798,nan,5999.162754526089
1027,medium,DT-KF-CostAware,852,849,279.71844805095066,635.5811049914221,2.112676056338028,9.433333333333334,145.20551459246172,7.017502261601819,0.2848527803158058,0.5997251170921125,0.0,0.0,99.88262910798122,0.11737089201877934,190.14999999999998,373.35499999999996,552.9509999999987,0.46875,101.67453347273735,0.46102990000508726,nan,2307.8763437865077
1027,medium,DT-OPT,852,849,279.8498554558445,635.5811049914221,2.112676056338028,9.433333333333334,145.10572198599428,7.014789691129313,0.2848669726432981,0.6014989293361884,0.0,0.0,99.88262910798122,0.11737089201877934,180.4,318.10999999999996,492.9939999999982,0.40625,96.88004521512322,0.4193329999980051,nan,2537.362907295781
1027,medium,SemiGreedy,852,851,210.21774583426946,357.1942417650596,0.0,9.455555555555556,310.5424293607087,14.331223631128399,0.2889213269139602,0.35306805420071974,0.0,0.0,68.89671361502347,31.103286384976524,178.45,298.23999999999995,570.518999999999,0.390625,99.391096745105,0.3930181000032462,nan,2707.2544495818684
1027,medium,Fog-only,852,850,265.98317392247753,595.3915106906757,0.0,9.444444444444445,153.54091679673505,7.086398983605023,0.28531806442932933,0.5517356189824544,0.0,0.0,100.0,0.0,10.7,22.2,29.7329999999999,0.1875,97.99853028496155,0.1913293999969028,nan,5561.089931903951
1028,medium,DT-KF-CostAware,948,943,305.4758860263608,721.8259692163681,2.6371308016877637,10.477777777777778,143.53323319212018,8.012219058021387,0.296700482701681,0.6860007097232079,0.0,0.0,100.0,0.0,160.1,269.1,419.34999999999997,0.390625,98.24426650016727,0.3976058999833185,nan,2831.949928427222
1028,medium,DT-OPT,948,943,305.2513395923411,716.3265891163107,2.6371308016877637,10.477777777777778,143.75956691202802,8.010450341567408,0.29655242552768113,0.6839240556953614,0.0,0.0,100.0,0.0,157.85000000000002,243.1,438.6,0.390625,101.51955113666916,0.3847781000076793,nan,2926.3619732451707
1028,medium,SemiGreedy,948,944,217.79900705785388,388.7868342571327,0.0,10.488888888888889,356.5993733160041,16.824331658411662,0.2924714711409304,0.36352967127440555,0.0,0.0,65.71729957805907,34.28270042194093,168.3,251.8,500.425,0.375,97.78418430599139,0.38349760000710376,nan,2936.1331074279015
1028,medium,Fog-only,948,943,286.79694343793585,648.3968697105367,0.0,10.477777777777778,153.60721960194883,8.019414058168078,0.2927581152805779,0.6342247080102474,0.0,0.0,100.0,0.0,10.0,18.6,24.125,0.1875,101.02468665504742,0.18559820001246408,nan,6066.869182591114
1029,medium,DT-KF-CostAware,937,933,304.26491547040183,660.1258247143871,2.6680896478121663,10.366666666666667,109.47737434668943,7.495945802212108,0.3043883619090792,0.626264607149861,0.0,0.0,99.89327641408751,0.10672358591248667,157.55,265.04499999999996,468.89099999999934,0.390625,98.97930638918098,0.3946531999972649,nan,2883.5443371747315
1029,medium,DT-OPT,937,933,304.35179384941966,662.3938615523275,2.6680896478121663,10.366666666666667,109.51328644096684,7.495192945421625,0.3043617571296537,0.6246576918651479,0.0,0.0,99.89327641408751,0.10672358591248667,158.05,282.98999999999967,436.5639999999997,0.40625,102.39267420952794,0.396756899979664,nan,2868.255095395515
1029,medium,SemiGreedy,937,933,215.43444199318586,344.02362706947525,0.0,10.366666666666667,321.88173494532174,16.08137107880419,0.2898728259322573,0.35028859237150506,0.0,0.0,60.51227321237994,39.48772678762006,173.1,302.22999999999996,444.0779999999976,0.40625,99.79262784971718,0.40709419999620877,nan,2795.4217967502314
1029,medium,Fog-only,937,933,285.38233050240797,597.0315386618543,0.0,10.366666666666667,112.08223113562161,7.724568001161318,0.296967058866749,0.6194522563860251,0.0,0.0,100.0,0.0,10.1,16.3,23.166999999999895,0.1875,101.96717797935136,0.18388270001742058,nan,6188.727922160098
1000,high,DT-KF-CostAware,1681,1637,433.3176794036372,954.4861925073019,14.396192742415229,18.18888888888889,233.35303764761298,19.857558035387054,0.3932400001607004,0.922471842616148,2.082093991671624,0.0,83.16478286734088,14.753123140987508,146.7,248.77999999999992,432.76100000000037,0.671875,96.88488856769608,0.6934775999980047,nan,2930.159532198079
1000,high,DT-OPT,1681,1658,443.02044422792915,951.6517034290397,14.098750743604997,18.42222222222222,215.03349926815667,18.93561729929988,0.3858026593517197,0.9359713826923826,0.7733491969066032,0.0,86.97204045211184,12.254610350981558,146.2,242.42999999999938,397.3020000000009,0.6875,100.62974459945676,0.6831976000103168,nan,2974.249324015944
1000,high,SemiGreedy,1681,1675,311.0596455758886,524.3388453768957,1.2492563950029745,18.61111111111111,386.4100774887133,27.883526037906,0.3453618593870759,0.6649242190211401,0.0,0.0,70.49375371802499,29.506246281975017,170.2,251.0949999999998,401.31900000000024,0.671875,96.07423687625366,0.6993289999954868,nan,2905.6424086704737
1000,high,Fog-only,1681,1670,716.6324286296789,1447.5060346782557,62.581796549672816,18.555555555555557,116.52013070220413,13.905355372932746,0.4370675925411382,0.9963089876080297,0.0,0.0,100.0,0.0,10.2,18.9,26.32100000000005,0.34375,99.16468000263498,0.34664560001692735,nan,5861.894684083034
1001,high,DT-KF-CostAware,1593,1329,443.8901545928907,1044.2647553339289,26.42812303829253,14.766666666666667,233.9553447843754,19.46838183774514,0.4843640698919537,0.9195078521805126,16.13308223477715,0.0,63.02573760200879,20.841180163214062,144.2,234.45999999999998,392.15600000000046,0.625,100.26386239827895,0.6233552000194322,nan,3136.253615818165
1001,high,DT-OPT,1593,1347,449.57445556357146,1027.5680208678252,26.17702448210923,14.966666666666667,221.1191041431165,18.8449525073145,0.4789163113858964,0.9262144341972314,15.00313873195229,0.0,67.35718769617074,17.639673571876962,144.3,206.75999999999993,344.1000000000002,0.578125,94.48390500660828,0.611876700015273,nan,3195.0881606558996
1001,high,SemiGreedy,1593,1585,320.1744120810861,556.6151328495914,2.699309478970496,17.61111111111111,363.34194176913576,27.288937435387965,0.35123670989579886,0.6816069144948627,0.0,0.0,70.1820464532329,29.817953546767107,171.5,257.45,388.1880000000005,0.671875,99.04150670080126,0.6783772000053432,nan,2881.8775159079664
1001,high,Fog-only,1593,1528,1017.2926883391278,3841.729358467326,40.615191462649086,16.977777777777778,121.62071396515051,14.469648970969184,0.41380137962681734,0.9843368455135383,0.0,0.0,100.0,0.0,10.2,17.8,24.438000000000013,0.328125,101.4345041471146,0.32348459999775514,nan,6043.564361374752
1002,high,DT-KF-CostAware,1638,1620,413.79767388252714,971.0390519366754,9.89010989010989,18.0,180.90878289013563,16.831208798717245,0.3675060248237279,0.9111754665299349,0.3052503052503053,0.0,90.41514041514041,9.27960927960928,143.6,207.86999999999995,375.02599999999984,0.65625,101.1595310084476,0.6487277999985963,nan,3075.249742656807
1002,high,DT-OPT,1638,1623,420.9212087844423,1006.1540517123522,10.43956043956044,18.033333333333335,173.46293745684517,16.45277353762736,0.36929960883365126,0.900248814320286,0.1221001221001221,0.0,91.63614163614163,8.241758241758241,146.9,258.48999999999995,410.4719999999999,0.671875,98.76860267335462,0.6802516000170726,nan,2932.738416124167
1002,high,SemiGreedy,1638,1629,287.28203312740885,512.606010386507,0.4884004884004884,18.1,367.5610676258324,26.436748759777178,0.332489835883947,0.6589110495674573,0.0,0.0,73.01587301587301,26.984126984126984,171.4,282.39999999999986,471.07399999999984,0.671875,96.1905190016614,0.6984836000192445,nan,2856.187317705146
1002,high,Fog-only,1638,1625,450.44831115934755,957.3346425458614,20.268620268620268,18.055555555555557,127.45561448994123,14.062335921117173,0.38987414952595745,0.9579171249553803,0.0,0.0,100.0,0.0,10.1,15.7,22.317999999999984,0.3125,97.50466071922385,0.3204975000116974,nan,6224.697540315251
1003,high,DT-KF-CostAware,1568,1412,450.613359026009,1027.925432999737,19.706632653061224,15.688888888888888,236.61533801290875,19.558689217012894,0.44413929668654345,0.9534514049690218,9.566326530612244,0.0,70.79081632653062,19.642857142857142,143.1,229.53499999999994,329.80300000000045,0.609375,98.85951606365076,0.6164050000079442,nan,3134.302933907253
1003,high,DT-OPT,1568,1479,453.43370606333167,1049.7275517557455,16.836734693877553,16.433333333333334,222.2254215147963,19.02705416104108,0.41557623141694033,0.9579014081615896,5.293367346938775,0.0,78.31632653061224,16.39030612244898,143.1,217.55999999999986,348.92100000000005,0.59375,95.27935908278576,0.6231674999871757,nan,3100.290050491656
1003,high,SemiGreedy,1568,1563,321.163462310858,571.572629329156,1.9770408163265305,17.366666666666667,379.0048819013036,27.51624025968094,0.3509970050680769,0.6377160281662833,0.0,0.0,68.81377551020408,31.18622448979592,168.5,273.84499999999997,406.1800000000001,0.640625,96.41384879766618,0.6644533000071533,nan,2907.653555154592
1003,high,Fog-only,1568,1563,676.4417031344142,1544.3875849655524,52.10459183673469,17.366666666666667,112.26394359826921,13.369905114389088,0.4278121472531632,0.9900792235540526,0.0,0.0,100.0,0.0,10.1,16.534999999999943,22.907000000000018,0.328125,104.50496416210271,0.31398030000855215,nan,6153.2522898646075
1004,high,DT-KF-CostAware,1604,1559,418.77101069584165,985.3297796437237,11.471321695760599,17.322222222222223,226.75577303599871,20.930690899415136,0.3997757310517355,0.9360053865986793,2.306733167082294,0.0,78.36658354114714,19.326683291770575,143.64999999999998,227.425,381.46999999999963,0.65625,100.38973398385735,0.6537022999837063,nan,3007.4852116154448
1004,high,DT-OPT,1604,1574,421.35830311138153,930.1099530293681,11.471321695760599,17.488888888888887,211.0786531032581,20.24338892949082,0.3956758540122705,0.9268065732848146,1.371571072319202,0.0,83.66583541147132,14.962593516209477,143.4,218.95,363.97499999999815,0.640625,99.57087962591848,0.6433858999807853,nan,3055.708867817455
1004,high,SemiGreedy,1604,1598,316.6474400543811,557.482313231578,2.369077306733167,17.755555555555556,366.06758153058627,27.801847726869568,0.35382453274913617,0.6658049593325409,0.0,0.18703241895261846,66.89526184538653,32.917705735660846,168.2,240.875,409.6199999999994,0.671875,100.49468438404115,0.6685676999913994,nan,2940.6146902180453
1004,high,Fog-only,1604,1596,679.4722303354309,1793.8911841088818,46.44638403990025,17.733333333333334,105.01373195239275,14.938584117471972,0.4350166450254273,0.9934725767097043,0.0,0.0,100.0,0.0,10.1,15.325,21.539999999999964,0.3125,98.78552287739484,0.31634190000477247,nan,6214.794815262664
1005,high,DT-KF-CostAware,1563,1551,418.33568380964863,973.875022941333,12.987843889955215,17.233333333333334,185.81268119668132,14.945431973780824,0.37214943250762894,0.869215291750503,0.5758157389635317,0.0,92.19449776071657,7.229686500319898,147.9,250.075,423.925,0.625,95.55324257370654,0.6540855999919586,nan,2944.5687231513407
1005,high,DT-OPT,1563,1556,420.1175633452188,968.5361998344885,13.115802943058222,17.288888888888888,176.95298224388605,14.458433418661276,0.3698957037277326,0.8824890467425401,0.19193857965451055,0.0,94.62571976967371,5.182341650671785,147.7,225.14999999999998,358.9,0.65625,102.04114952428858,0.6431228999863379,nan,2994.761965467121
1005,high,SemiGreedy,1563,1559,290.151254792615,491.97834630994697,0.3838771593090211,17.322222222222223,353.05920980279967,24.000548267162934,0.33306912372045855,0.6276568273215343,0.0,0.0,71.14523352527192,28.854766474728088,171.5,312.8,443.15,0.703125,101.35563203083616,0.6937206999864429,nan,2776.3334725886643
1005,high,Fog-only,1563,1557,448.1498001933298,923.5906379935734,21.049264235444657,17.3,137.5763252512509,12.400396438869754,0.38622621359262926,0.9525117165767165,0.0,0.0,100.0,0.0,10.4,15.375,25.475,0.3125,98.91281365964501,0.31593479998991825,nan,6096.194531471241
1006,high,DT-KF-CostAware,1612,1495,410.36736927838314,897.8266503067111,14.392059553349876,16.61111111111111,262.33055524303177,21.209728446380982,0.41939462734303656,0.8983813160987074,7.009925558312655,0.0,68.85856079404466,24.13151364764268,140.4,190.92999999999998,352.64999999999753,0.609375,99.45191488393269,0.6127333000185899,nan,3164.5089306247464
1006,high,DT-OPT,1612,1532,401.81519450214233,896.4363292728917,11.290322580645162,17.022222222222222,260.4851003389145,21.23164922318623,0.3993261322565931,0.8973269774945125,4.652605459057072,0.0,72.58064516129032,22.766749379652605,139.9,205.20999999999998,342.78399999999965,0.609375,99.18944219102788,0.6143546999956015,nan,3156.1571841378964
1006,high,SemiGreedy,1612,1609,310.782497249285,561.3255479068055,1.1166253101736974,17.877777777777776,374.12170346207085,27.25398775371899,0.344183944977515,0.6944964350333719,0.0,0.0,70.6575682382134,29.3424317617866,170.9,283.5899999999998,472.9959999999999,0.671875,99.32063576705669,0.6764706999820191,nan,2866.347352592713
1006,high,Fog-only,1612,1607,938.6763987077778,2351.6697406833696,54.65260545905707,17.855555555555554,125.67774633522319,14.289968627164988,0.4257909877218235,0.9888651394892186,0.0,0.0,100.0,0.0,9.9,13.929999999999973,22.109999999999946,0.3125,100.38477080533588,0.3113022000179626,nan,6228.67425892948
1007,high,DT-KF-CostAware,1643,1616,410.1627448288912,932.3442183523447,10.225197808886184,17.955555555555556,200.40162071623558,18.232282968461046,0.3775657707387112,0.9688474799641181,0.9738283627510651,0.0,88.86183810103469,10.164333536214242,145.8,249.83999999999978,397.28199999999987,0.671875,98.44173780010024,0.682510300015565,nan,2965.5230110869265
1007,high,DT-OPT,1643,1627,414.715767587354,914.6984368086602,9.555690809494827,18.07777777777778,190.85979569252981,17.766640198530304,0.37412478252612436,0.9726905591109435,0.30432136335970783,0.0,90.68776628119294,9.007912355447353,144.9,235.08499999999998,388.43999999999994,0.65625,97.48386892388653,0.6731883000175003,nan,3006.5882011725157
1007,high,SemiGreedy,1643,1634,303.33566160874005,529.2688477332707,0.30432136335970783,18.155555555555555,379.311448771867,27.462899961428207,0.3500465667518542,0.7208288168934923,0.0,0.0,69.56786366402922,30.432136335970785,169.9,250.855,463.90099999999995,0.671875,95.36143527307158,0.7045563000137918,nan,2872.7299719843254
1007,high,Fog-only,1643,1633,464.47747326084976,944.1495625498102,23.61533779671333,18.144444444444446,124.69080643650572,14.404594414790399,0.4003598782729917,0.9958566486318537,0.0,0.0,100.0,0.0,10.0,12.4,20.653999999999996,0.3125,98.0490898081536,0.3187178999942262,nan,6350.443448694492
1008,high,DT-KF-CostAware,1669,1659,441.15367203537863,1089.865286583549,13.36129418813661,18.433333333333334,190.96918815652066,16.451247577250342,0.37746605214251083,0.9423849987808778,0.11983223487118035,0.0,92.86998202516477,7.01018573996405,144.4,229.2,403.325,0.671875,99.99943442182857,0.6718787999998312,nan,3015.4248057841814
1008,high,DT-OPT,1669,1659,436.84226351002053,1069.6043729131793,13.181545835829839,18.433333333333334,193.61804999619372,16.57864316508152,0.3771303429657683,0.9319906041189646,0.11983223487118035,0.0,93.04973037747153,6.8304373876572795,141.7,207.075,387.975,0.640625,96.69739801389815,0.6625048999849241,nan,3058.0905892863634
1008,high,SemiGreedy,1669,1665,297.19057369703955,510.31605086263943,0.2396644697423607,18.5,389.29489251628496,27.03702236790324,0.3348933292065415,0.663785201381839,0.0,0.0,71.77950868783702,28.22049131216297,172.1,316.67499999999995,493.65,0.734375,99.68943728565048,0.7366627999872435,nan,2750.2406800439544
1008,high,Fog-only,1669,1658,488.65135636839887,1042.5558797488577,28.520071899340923,18.42222222222222,134.80718058211394,13.794900543605793,0.4048175819203753,0.9847157505000659,0.0,0.0,100.0,0.0,10.2,16.05,27.65,0.328125,97.54569820885324,0.3363807999994606,nan,6022.935910739403
1009,high,DT-KF-CostAware,1605,1597,429.5479671311115,1011.1403252688547,12.274143302180685,17.744444444444444,176.01991796312086,16.639726511283865,0.36545500221259974,0.9404982503030971,0.24922118380062305,0.0,92.33644859813084,7.414330218068536,143.4,235.27999999999997,369.86799999999835,0.640625,100.20996970140699,0.6392827000236139,nan,3073.757509670474
1009,high,DT-OPT,1605,1598,428.49198082895276,969.1614679037477,11.090342679127726,17.755555555555556,174.04080137350462,16.560996200205206,0.3654555124105419,0.9480675073927105,0.18691588785046728,0.0,92.46105919003115,7.35202492211838,140.1,223.85999999999996,355.5959999999999,0.625,100.21910301407874,0.6236335999856237,nan,3150.888598762636
1009,high,SemiGreedy,1605,1601,301.62640579402336,506.95550472468796,0.6853582554517134,17.788888888888888,370.60596165148854,26.53163134079047,0.33133711074929334,0.6636531774883402,0.0,0.0,68.59813084112149,31.401869158878505,170.9,246.98,416.5399999999981,0.671875,98.79637161402488,0.680060400016373,nan,2889.4492312045973
1009,high,Fog-only,1605,1598,477.4696148595877,978.9335680213582,26.230529595015575,17.755555555555556,112.66313754298146,13.513481151569405,0.39107124614423755,0.9930885253654075,0.0,0.0,100.0,0.0,10.0,16.9,22.223999999999908,0.3125,99.85052775033864,0.3129678000113927,nan,6278.601184941294
1010,high,DT-KF-CostAware,1573,1554,405.7689770683401,900.0700569081166,10.044500953591863,17.266666666666666,198.5182273197365,16.393971798076983,0.3730632634966755,0.9232574860429708,0.9535918626827717,0.0,88.36617927527018,10.680228862047043,145.8,258.09999999999997,400.1100000000004,0.65625,98.65587477773643,0.6651910000073258,nan,2940.508816232418
1010,high,DT-OPT,1573,1563,409.31871563078806,898.9102072586359,9.408773045136682,17.366666666666667,185.63427795632924,15.728580795876999,0.369464814953337,0.9281533828527007,0.3814367450731087,0.0,91.98982835346472,7.628734901462174,144.1,224.79999999999998,334.0350000000001,0.640625,99.67036627363686,0.642743700009305,nan,3043.2036906338917
1010,high,SemiGreedy,1573,1571,292.8012595184822,475.52731541368917,0.06357279084551812,17.455555555555556,367.2280117160343,25.378064403205105,0.33567047784695125,0.6197734757010278,0.0,0.0,69.54863318499682,30.45136681500318,170.3,260.4,362.9550000000001,0.65625,97.88594694844365,0.6704231000039726,nan,2917.560567331898
1010,high,Fog-only,1573,1569,444.37832112143064,903.9836425832206,17.418944691671964,17.433333333333334,128.46628266532832,12.670486618582407,0.3875054971603177,0.9798911745506074,0.0,0.0,100.0,0.0,10.2,18.9,25.615000000000034,0.328125,98.1636920145206,0.33426309999777004,nan,5851.677914831308
1011,high,DT-KF-CostAware,1619,1603,425.24451701939677,1011.53068189857,12.415071031500926,17.81111111111111,189.90940850539766,16.555376695729645,0.3701800771403062,0.928277809970089,0.49413218035824585,0.0,92.46448424953675,7.041383570105003,146.4,253.6,415.6600000000006,0.640625,95.92897280367956,0.6678117999981623,nan,2973.891746155826
1011,high,DT-OPT,1619,1605,436.78948428094526,1049.11063639467,12.60037059913527,17.833333333333332,181.8697238579287,16.148542293532543,0.3707488196582354,0.937190096377534,0.30883261272390367,0.0,93.32921556516368,6.361951822112415,142.5,226.125,407.41499999999996,0.640625,99.596808795431,0.6432184000150301,nan,3087.598240276698
1011,high,SemiGreedy,1619,1615,292.1619104569203,523.6574985803741,0.24706609017912293,17.944444444444443,381.96772376219485,26.47202289871578,0.3326917209884895,0.6389644795559196,0.0,0.0,72.32859789993823,27.671402100061766,181.4,315.675,509.2400000000001,0.703125,92.45834459720946,0.7604776000080165,nan,2611.51676259638
1011,high,Fog-only,1619,1608,471.9714611975049,1017.2943461288222,26.25077208153181,17.866666666666667,135.77249723743373,13.881647915226395,0.3920484544245653,0.9829030197974638,0.0,0.0,100.0,0.0,10.3,15.875,23.925000000000136,0.328125,99.94791285257858,0.3282960000215098,nan,6049.418816768642
1012,high,DT-KF-CostAware,1631,1609,419.0359660669452,921.9683991947937,11.404046597179644,17.877777777777776,205.41805370154609,16.569629704985243,0.3752599594793042,0.9113582779097823,0.7970570202329859,0.0,86.87921520539547,12.323727774371552,143.8,243.76,412.8080000000009,0.640625,96.44219565226406,0.6642580000043381,nan,2988.296716015519
1012,high,DT-OPT,1631,1612,421.35566000179176,945.7373231254676,11.404046597179644,17.91111111111111,198.2442313996201,16.182228343291065,0.3753109410866146,0.9186466314933637,0.49049662783568365,0.0,89.1477621091355,10.361741263028817,162.4,277.4,478.9840000000014,0.71875,96.16739321132998,0.7473947000107728,nan,2655.8925290363827
1012,high,SemiGreedy,1631,1624,295.67959813199354,511.7011405331038,0.3678724708767627,18.044444444444444,368.9858646963036,25.703446576497836,0.33688967373113293,0.6612097315370398,0.0,0.0,71.48988350705089,28.510116492949113,174.8,283.8199999999998,474.7520000000012,0.703125,98.86658294757768,0.7111856999981683,nan,2791.1134883689488
1012,high,Fog-only,1631,1618,506.57985744801675,1134.0140381431283,31.575720416922135,17.977777777777778,132.6339445357757,12.905533148215664,0.4033986743974383,0.9863534156398447,0.0,0.0,100.0,0.0,10.0,17.6,22.51600000000001,0.328125,100.90462824797942,0.3251833000103943,nan,6104.249510773003
1013,high,DT-KF-CostAware,1611,1563,432.1443350893921,957.3123739670073,13.780260707635009,17.366666666666667,199.74637943123838,17.404567400296845,0.3997068059114896,0.938009536044271,2.7312228429546863,0.0,83.86095592799504,13.40782122905028,145.4,250.43999999999997,380.80799999999994,0.640625,96.3074755486549,0.6651872000074945,nan,2954.0556402436196
1013,high,DT-OPT,1611,1596,427.08275205170446,935.5483075692368,11.483550589695842,17.733333333333334,196.73993990291905,17.297920901182422,0.3850166060694791,0.9457959619861838,0.6828057107386716,0.0,87.58535071384233,11.731843575418994,144.3,208.01999999999995,382.5,0.640625,98.90283276088068,0.6477317000098992,nan,3033.663475123989
1013,high,SemiGreedy,1611,1608,305.247076496074,542.277624470735,0.74487895716946,17.866666666666667,368.04120587988535,26.33745902910874,0.34869292400994195,0.6536391539277042,0.0,0.0,68.71508379888269,31.28491620111732,168.5,234.83999999999992,426.47999999999945,0.65625,97.70459341560696,0.6716675000207033,nan,2925.55468284446
1013,high,Fog-only,1611,1599,565.8415524883038,1194.3332508361023,44.320297951582866,17.766666666666666,108.55647910989863,12.823474079671845,0.4229122199642972,0.9928337221619908,0.0,0.0,100.0,0.0,10.1,15.15999999999999,23.70799999999997,0.328125,102.01007650267539,0.32165939998230897,nan,6108.946295703075
1014,high,DT-KF-CostAware,1648,1627,405.42683698358906,874.0042378206028,10.49757281553398,18.07777777777778,196.54677521509734,17.55187672965563,0.38273336681933556,0.9175209101917824,0.970873786407767,0.0,87.9247572815534,11.104368932038835,143.4,224.34999999999985,372.36799999999994,0.671875,100.19432666326107,0.6705719000019599,nan,2981.037529300225
1014,high,DT-OPT,1648,1638,409.5212879109913,914.8860320972353,10.618932038834952,18.2,192.29674691405845,17.36157186027432,0.37960771813884203,0.9256487875878728,0.30339805825242716,0.0,89.32038834951456,10.37621359223301,142.7,214.31,379.46199999999976,0.640625,97.62166574176788,0.6562323999824002,nan,3046.1769337411747
1014,high,SemiGreedy,1648,1645,297.1027552437788,498.37974265331576,1.0922330097087378,18.27777777777778,361.2210504795369,25.884841102234482,0.3446064192509329,0.626294288346556,0.0,0.0,70.44902912621359,29.550970873786408,177.4,335.5499999999998,534.9899999999999,0.734375,97.35828445102936,0.754301500011934,nan,2650.1339318142327
1014,high,Fog-only,1648,1643,548.904753218956,1221.5495100893716,37.86407766990291,18.255555555555556,119.79309253719036,13.701135590856381,0.41734687617130706,0.985692491725796,0.0,0.0,100.0,0.0,10.4,21.6,24.90799999999999,0.359375,99.563210132835,0.3609516000142321,nan,5538.1386311106
1015,high,DT-KF-CostAware,1657,1643,436.234287532256,998.193392757425,13.39770669885335,18.255555555555556,237.08168467311768,19.76108902438439,0.3874388046294366,0.8732193866205976,0.7845503922751962,0.0,86.30054315027158,12.91490645745323,166.25,355.1649999999997,549.6220000000003,0.8125,97.8236554323501,0.8305762000090908,nan,2417.598770561957
1015,high,DT-OPT,1657,1642,438.01472530625296,1065.6194057365822,13.699456849728424,18.244444444444444,230.81227496131604,19.474982719490757,0.3873396085305914,0.8922688802642842,0.8449004224502112,0.0,87.02474351237176,12.130356065178033,146.7,253.84499999999983,403.1410000000002,0.671875,96.7917365986685,0.6941449999867473,nan,2892.767361341416
1015,high,SemiGreedy,1657,1656,309.66670341754565,556.7701726240933,1.6898008449004225,18.4,394.42067880059363,27.802999972334128,0.3504954579233054,0.6476383160770509,0.0,0.0,70.97163548581774,29.028364514182257,171.3,288.765,509.67400000000015,0.71875,100.95232985312977,0.7119697000016458,nan,2820.344742192481
1015,high,Fog-only,1657,1656,712.0855062564808,1543.4648611684136,60.350030175015085,18.4,130.5034549239398,14.75020856138032,0.44360397196957385,0.9891160074329706,0.0,0.0,100.0,0.0,10.0,16.19499999999996,25.9,0.328125,99.79522400068527,0.3287983000045642,nan,6107.0875365600305
1016,high,DT-KF-CostAware,1655,1552,433.73446095632795,968.589756287795,15.287009063444108,17.244444444444444,241.59422990474656,19.76379388938932,0.4127331799595909,0.9491531045462587,5.498489425981873,0.0,71.54078549848943,22.9607250755287,141.1,217.5,390.025,0.65625,100.27079608533107,0.6544777000090107,nan,3092.5423432641537
1016,high,DT-OPT,1655,1581,423.62608337098715,913.1217048227569,13.836858006042297,17.566666666666666,223.9542813636479,18.857830196289736,0.39949984405013955,0.9546669652812855,3.806646525679758,0.0,77.16012084592145,19.033232628398792,141.1,210.53999999999996,399.631,0.640625,97.68507901138271,0.6558063999982551,nan,3086.2766816630415
1016,high,SemiGreedy,1655,1646,305.2535862899482,542.8589030650159,0.9667673716012085,18.288888888888888,365.7821629673704,26.617261102001507,0.3405740857779456,0.6812405417138313,0.0,0.0,70.39274924471299,29.60725075528701,171.9,311.72499999999997,526.4939999999998,0.734375,99.22436441039423,0.7401155999978073,nan,2734.707929418048
1016,high,Fog-only,1655,1644,651.8929873640902,1595.4306471767707,49.12386706948641,18.266666666666666,111.9602367888551,13.057200015744941,0.41646738153919827,0.9888830347734457,0.0,0.0,100.0,0.0,10.2,19.6,25.353999999999996,0.34375,98.5263609236462,0.34889140000450425,nan,5801.232131184288
1017,high,DT-KF-CostAware,1640,1630,419.06182998370446,1041.5572660269577,10.670731707317072,18.11111111111111,213.35682762703544,17.075514657913253,0.36220282633033885,0.9809995209963276,0.3048780487804878,0.0,93.96341463414635,5.7317073170731705,144.9,237.075,401.3399999999994,0.59375,90.8408272879955,0.6536157999944407,nan,3007.8832243907223
1017,high,DT-OPT,1640,1631,420.62400039300934,1034.0320350542747,10.365853658536585,18.122222222222224,208.43634748121724,16.795339260521548,0.3599464938958285,0.9788239923042441,0.24390243902439024,0.0,94.63414634146342,5.121951219512195,145.4,243.775,406.98999999999967,0.640625,97.3552649186426,0.6580281000060495,nan,2987.714354420314
1017,high,SemiGreedy,1640,1635,300.97147115516987,555.0305094334062,0.18292682926829268,18.166666666666668,396.0708114654,27.754084082544953,0.33232844575798803,0.7519514310494363,0.0,0.0,74.8170731707317,25.182926829268293,169.2,278.79999999999995,458.6199999999999,0.671875,98.27593117029566,0.6836617999942973,nan,2875.690875249135
1017,high,Fog-only,1640,1635,470.0113135992505,1016.1182061596943,23.048780487804876,18.166666666666668,168.62995660565568,14.430846151839367,0.38518560082499453,0.9915611266569139,0.0,0.0,100.0,0.0,10.0,16.725,23.269999999999982,0.3125,98.58579077618029,0.31698279999545775,nan,6202.229269311054
1018,high,DT-KF-CostAware,1650,1612,393.64512378986177,883.2841549735014,10.606060606060606,17.91111111111111,195.06341996151264,16.534593432213274,0.3662353562550281,0.9641577984930979,2.0,0.0,91.0909090909091,6.909090909090909,147.2,252.6,440.93999999999943,0.65625,95.57526918446477,0.6866315999941435,nan,2943.354194617955
1018,high,DT-OPT,1650,1633,397.907860320355,878.0602216897727,10.363636363636363,18.144444444444446,183.08232701389912,15.915468448805356,0.35838638424795866,0.9594342033800837,0.7272727272727273,0.0,94.24242424242425,5.03030303030303,148.1,237.7,407.59999999999917,0.671875,98.01873410576985,0.6854557000042405,nan,2948.4035219015573
1018,high,SemiGreedy,1650,1648,288.57342652114414,501.5497922874025,0.30303030303030304,18.31111111111111,369.28681439382683,26.102794347214417,0.3259727980668761,0.6884783732028329,0.0,0.0,72.96969696969697,27.03030303030303,170.7,281.7,496.8399999999997,0.703125,98.32938291238773,0.7150710999849252,nan,2826.2923785377507
1018,high,Fog-only,1650,1645,437.7988289776361,954.0074721300625,18.606060606060606,18.27777777777778,151.02129870478805,13.978170226782321,0.37385752286911006,0.9762473916469206,0.0,0.0,100.0,0.0,10.2,16.8,24.45999999999999,0.34375,102.74913339788029,0.3345526999910362,nan,6040.901777370648
1019,high,DT-KF-CostAware,1648,1610,423.8247121394903,931.5115122432549,10.983009708737864,17.88888888888889,226.17105264676633,19.864117309600747,0.3950228146483639,0.9331829004117796,1.516990291262136,0.0,84.64805825242719,13.83495145631068,140.7,220.5,378.4200000000001,0.640625,98.75211242816063,0.6487202999996953,nan,3053.704346851687
1019,high,DT-OPT,1648,1614,431.4231988384835,926.9566521127555,11.529126213592233,17.933333333333334,221.98975526576373,19.621089400604234,0.39573848682661206,0.933333844185102,1.2742718446601942,0.0,85.4368932038835,13.28883495145631,141.4,236.2,394.74000000000007,0.65625,99.39395812005216,0.6602513999969233,nan,3000.3722824506413
1019,high,SemiGreedy,1648,1637,311.193752996916,535.03904847509,1.516990291262136,18.18888888888889,388.4312998074588,28.15053616786072,0.3532510414042019,0.6513315553094877,0.0,0.06067961165048544,68.56796116504854,31.37135922330097,173.1,305.8,499.70000000000005,0.734375,101.32786239860539,0.7247513000038452,nan,2733.351426881869
1019,high,Fog-only,1648,1633,672.361525316254,1427.1164634509112,52.12378640776699,18.144444444444446,118.3237486273752,14.569381641022915,0.4411334046739933,0.9942170606218775,0.0,0.0,100.0,0.0,10.3,18.3,27.00000000000002,0.3125,94.4742966421636,0.3307778000016697,nan,5988.9146127400345
1020,high,DT-KF-CostAware,1640,1620,399.26722257963206,912.1007687489578,11.097560975609756,18.0,196.7209160966942,17.719564493317442,0.3691000712540927,0.9304405802109257,1.0975609756097562,0.0,86.89024390243902,12.012195121951219,144.7,240.0,391.9,0.640625,96.3947715942056,0.6645847999898251,nan,3010.9024462049624
1020,high,DT-OPT,1640,1627,403.86986366180463,887.5336825678495,10.548780487804878,18.07777777777778,179.48503744804972,16.860888681745212,0.367930780006034,0.9400227017823601,0.6707317073170732,0.0,91.09756097560975,8.231707317073171,145.3,236.3,413.6,0.640625,96.25915692391204,0.6655210999888368,nan,3006.6665054399687
1020,high,SemiGreedy,1640,1638,287.5358533339747,477.7523950952721,0.4268292682926829,18.2,348.0283608730713,25.383957717497946,0.3326894497549494,0.6675336194778739,0.0,0.0,72.8048780487805,27.195121951219512,171.7,283.7,505.1,0.65625,93.03031746336998,0.7054152000055183,nan,2836.62727991167
1020,high,Fog-only,1640,1636,435.7758464582276,892.6474188124628,20.73170731707317,18.177777777777777,130.220207051461,14.34748997230624,0.3868029446743979,0.9726770554715665,0.0,0.0,100.0,0.0,10.2,16.4,24.4,0.328125,100.00734530410827,0.3281008999911137,nan,6098.733651916819
1021,high,DT-KF-CostAware,1618,1564,434.56125633285967,1048.4729091153577,14.029666254635352,17.377777777777776,201.10665168856158,18.04320380372407,0.3910890909851973,0.9085772493903722,2.904820766378245,0.0,84.85784919653894,12.237330037082819,144.9,251.0199999999999,374.72799999999984,0.640625,95.79367631017882,0.6687549999915063,nan,2944.2770521715843
1021,high,DT-OPT,1618,1599,433.9133533794577,1060.7672363898964,12.299134734239802,17.766666666666666,193.68353891110817,17.76632711679504,0.37419653823952886,0.8960056948236397,0.7416563658838071,0.0,89.49320148331273,9.765142150803461,146.3,240.15999999999985,426.2519999999996,0.640625,95.08470163647688,0.6737414000090212,nan,2922.4862832737244
1021,high,SemiGreedy,1618,1612,300.0729747535205,531.230820766969,1.1124845488257107,17.91111111111111,370.0295180328328,27.12939695228454,0.33222022518376154,0.6383628348759761,0.0,0.0,72.00247218788628,27.99752781211372,172.4,272.98,522.3919999999995,0.703125,100.18358976817106,0.7018364999967162,nan,2805.4967218279653
1021,high,Fog-only,1618,1611,524.8765894144285,1136.7985986716922,32.63288009888752,17.9,123.97408845020875,14.218251855067917,0.40301263285650324,0.98066607519097,0.0,0.0,100.0,0.0,10.1,18.7,23.19599999999998,0.328125,100.34069201183826,0.3270108999859076,nan,6021.206021220863
1022,high,DT-KF-CostAware,1615,1596,414.23847207479946,948.1411157589606,9.597523219814242,17.733333333333334,200.76182722564286,17.08189686669513,0.3654589868424447,0.9073937624382821,0.43343653250773995,0.0,90.3405572755418,9.226006191950464,145.0,255.5,500.22,0.65625,97.70492799044573,0.67166520000319,nan,2949.386092938255
1022,high,DT-OPT,1615,1596,411.3556872253368,940.134798976204,9.907120743034056,17.733333333333334,202.25014580080605,17.22432160092635,0.3645558029965214,0.9073754377708894,0.43343653250773995,0.0,90.77399380804954,8.792569659442725,143.5,248.2,409.3400000000012,0.640625,96.094667705471,0.6666602999903262,nan,2971.5283781391304
1022,high,SemiGreedy,1615,1605,293.0880737073362,523.4775163316854,0.4953560371517028,17.833333333333332,381.0130599419721,26.592025109163686,0.33259244827425816,0.6352292208202714,0.0,0.0,72.87925696594428,27.120743034055728,173.8,342.7,596.9000000000003,0.6875,93.51419545387851,0.7351825000077952,nan,2694.5690355510305
1022,high,Fog-only,1615,1595,473.60104064132423,1032.873378854346,23.343653250773993,17.72222222222222,140.6044667661424,13.923028364011559,0.3860839427234325,0.9739311363949589,0.0,0.0,100.0,0.0,10.3,18.1,24.820000000000004,0.328125,100.16698313173828,0.3275779999967199,nan,6047.414661606812
1023,high,DT-KF-CostAware,1561,1530,414.81590212522406,1004.0598762537822,12.171684817424728,17.0,185.33861374012122,15.813760402496877,0.3780370846593504,0.8943736029545767,1.6015374759769379,0.0,89.23766816143498,9.160794362588085,153.1,278.8,450.69599999999923,0.6875,100.47901085021157,0.6842224999854807,nan,2795.8741491847964
1023,high,DT-OPT,1561,1544,419.0585189464691,979.2597706301055,12.556053811659194,17.155555555555555,172.6821631085001,15.122640077530768,0.37116219481382867,0.8953096812470034,0.7046764894298526,0.0,92.69698910954516,6.598334401024984,146.5,257.6599999999994,418.2759999999997,0.609375,94.33635122025763,0.6459598999936134,nan,2961.484141691944
1023,high,SemiGreedy,1561,1556,284.4674873074802,493.1700225127429,0.19218449711723254,17.288888888888888,362.9648224946761,25.159740639096718,0.33067460607026633,0.6076308099681151,0.0,0.0,71.4926329276105,28.507367072389496,170.8,291.59999999999985,488.8039999999981,0.65625,97.84589923207426,0.6706974999979138,nan,2852.2545559003133
1023,high,Fog-only,1561,1555,480.7931877984008,1086.54693014563,23.510570147341447,17.27777777777778,127.68890838583755,12.718759196433789,0.38958374050117317,0.9542535273076279,0.0,0.0,100.0,0.0,10.0,16.6,23.7,0.3125,99.59965718007247,0.31375610001850873,nan,6097.092613935317
1024,high,DT-KF-CostAware,1620,1591,440.1884448923309,965.6515936397949,12.901234567901234,17.677777777777777,234.36533181556933,20.94654090323862,0.4004295914805383,0.8995070684523809,1.2345679012345678,0.0,82.90123456790124,15.864197530864198,144.2,271.42999999999995,481.2050000000002,0.6875,101.52822499628803,0.6771515999862459,nan,2891.523847894283
1024,high,DT-OPT,1620,1597,456.9695527123397,1012.9605652069158,14.567901234567902,17.744444444444444,226.4978166317488,20.561453146992125,0.40364037513778417,0.9089140522746202,1.1111111111111112,0.0,83.88888888888889,15.0,144.35000000000002,247.26999999999975,397.3170000000001,0.640625,97.26131863864983,0.6586636999854818,nan,2972.685453962558
1024,high,SemiGreedy,1620,1617,323.87756918239506,572.6273389119398,4.320987654320987,17.966666666666665,386.5954947403227,28.428406915829292,0.3631450187872102,0.6020786599563753,0.0,0.0,68.88888888888889,31.11111111111111,171.2,277.0049999999999,422.0850000000006,0.671875,98.05372388512708,0.6852110999752767,nan,2857.5135459286153
1024,high,Fog-only,1620,1606,845.607573638512,1631.9900473723517,73.39506172839506,17.844444444444445,104.9057071508915,14.908881519152276,0.4581657227955299,0.9911843011387392,0.0,0.0,100.0,0.0,10.2,17.029999999999973,26.443000000000005,0.3125,94.80076216752074,0.32963870000094175,nan,5939.83655436818
1025,high,DT-KF-CostAware,1631,1614,431.88668776601054,995.5374365101876,10.852237890864501,17.933333333333334,210.01679382395378,19.566820347071555,0.388048049383962,0.9500607121810969,0.7357449417535254,0.0,87.55364806866953,11.710606989576947,142.8,213.42,336.2679999999996,0.640625,97.22924169766446,0.6588810000102967,nan,3018.7545246697305
1025,high,DT-OPT,1631,1616,432.355268620221,969.3822211471712,10.545677498467198,17.955555555555556,212.2080381007938,19.657272961853433,0.38757334811333477,0.9553217693871223,0.6131207847946045,0.0,86.94052728387493,12.446351931330472,140.9,235.07999999999993,397.7,0.640625,97.91427500964834,0.6542713000089861,nan,3040.023305275169
1025,high,SemiGreedy,1631,1629,310.88006210054726,534.067763851823,0.9809932556713673,18.1,385.8603183453259,28.59264566570748,0.35410697446853107,0.6729319833634416,0.0,0.0,69.52789699570816,30.472103004291846,172.9,331.53999999999996,520.8039999999991,0.71875,97.15776203619632,0.7397762000036892,nan,2688.650973078184
1025,high,Fog-only,1631,1623,644.8184518178861,1561.510536890296,48.191293684855914,18.033333333333335,109.20670544412033,14.891465385640393,0.43647495135552755,0.9888198258801342,0.0,0.0,100.0,0.0,10.3,17.95999999999999,25.0079999999999,0.328125,98.29210631060668,0.3338264000194613,nan,5958.186649959518
1026,high,DT-KF-CostAware,1611,1604,418.8685873763776,907.4774755866442,11.359404096834265,17.822222222222223,190.48274382546853,18.378633227409086,0.3779127671275559,0.9432178902109511,0.186219739292365,0.0,91.74425822470515,8.069522036002484,148.14999999999998,289.54999999999984,440.1690000000004,0.671875,96.72781760079441,0.6946037000161596,nan,2847.6669501673873
1026,high,DT-OPT,1611,1603,423.40570447491024,919.3077008294648,10.986964618249534,17.81111111111111,185.76910121655362,18.09354525045295,0.3784550264833808,0.9459008824132977,0.186219739292365,0.0,91.80633147113593,8.007448789571695,148.4,293.17999999999984,458.2940000000003,0.71875,98.51558431084533,0.7295799999847077,nan,2711.1488802344634
1026,high,SemiGreedy,1611,1609,301.2269766623449,501.16064933607515,0.4345127250155183,17.877777777777776,374.1462726931521,27.854359898520972,0.34262092702630154,0.6421514813291023,0.0,0.0,69.77032898820609,30.22967101179392,195.4,344.4599999999999,560.3440000000003,0.796875,100.07631859299238,0.7962673000001814,nan,2484.0904555537436
1026,high,Fog-only,1611,1603,539.4024397467908,1198.332415963705,36.6852886405959,17.81111111111111,117.21584493391225,14.682843738854416,0.4152056396264443,0.9952595970018374,0.0,0.0,100.0,0.0,10.3,19.6,27.3,0.34375,102.7742315538385,0.33447099998011254,nan,5913.816145847057
1027,high,DT-KF-CostAware,1555,1498,399.627414278977,853.2798378045286,12.92604501607717,16.644444444444446,197.93085093383993,16.18200521933023,0.3863904341494801,0.9283037300925575,3.472668810289389,0.0,85.53054662379421,10.996784565916398,162.4,312.48999999999995,488.0119999999991,0.734375,100.46951671025086,0.73094310000306,nan,2619.9029719166692
1027,high,DT-OPT,1555,1541,401.89573784526453,905.5165180211429,10.932475884244372,17.122222222222224,190.95932522278136,15.91431933031655,0.365594345132458,0.9255531353892009,0.6430868167202572,0.0,89.7749196141479,9.581993569131832,146.7,252.85999999999999,375.76799999999963,0.640625,99.52323612236287,0.6436938999977428,nan,2975.016541257755
1027,high,SemiGreedy,1555,1552,290.11740731509656,487.2685295584189,0.06430868167202572,17.244444444444444,357.2360039568272,24.891318415371696,0.3359857171517188,0.6265780214165936,0.0,0.0,70.9967845659164,29.0032154340836,171.4,283.97999999999996,489.58199999999914,0.671875,99.56789570988018,0.6747907999961171,nan,2837.9165809774217
1027,high,Fog-only,1555,1551,452.788475800022,964.4460918981074,21.093247588424436,17.233333333333334,135.0097589830528,12.818784784943926,0.3830827110486447,0.9690907083995346,0.0,0.0,100.0,0.0,10.0,16.929999999999996,24.91599999999994,0.3125,97.87702385843315,0.31927820001146756,nan,5997.904022044783
1028,high,DT-KF-CostAware,1642,1627,434.8533489903332,1036.469818966324,10.840438489646772,18.07777777777778,205.95850692641636,18.275099355463595,0.3805389157776231,0.9558179617881111,0.5481120584652862,0.0,88.30694275274055,11.144945188794154,141.7,225.575,368.77500000000003,0.65625,101.30479025900217,0.6477976000169292,nan,3050.3354750748695
1028,high,DT-OPT,1642,1620,436.495804203827,1056.9163697798203,12.302070645554203,18.0,202.02826351445674,18.061506614599875,0.38439395616095656,0.9583921631482836,0.97442143727162,0.0,89.2204628501827,9.805115712545676,148.3,265.725,424.0,0.671875,97.33749798874749,0.6902530000079423,nan,2862.7184524765025
1028,high,SemiGreedy,1642,1637,305.8671315551398,540.2015018764855,0.8526187576126675,18.18888888888889,389.1797668889474,27.470010159555994,0.3471857108747183,0.6603480558222194,0.0,0.0,70.46285018270402,29.53714981729598,174.7,327.2,519.4,0.6875,94.8447760055996,0.7248685999948066,nan,2726.011307448215
1028,high,Fog-only,1642,1634,695.8240358531998,1602.9179861190344,44.945188794153474,18.155555555555555,126.58215287045125,14.211399934527124,0.42155353301319864,0.9878949424865466,0.0,0.0,100.0,0.0,11.2,22.5,28.125,0.390625,98.37403615335538,0.39708140000584535,nan,4976.309643239174
1029,high,DT-KF-CostAware,1641,1548,431.9603354031027,998.87221782786,17.550274223034734,17.2,234.93474027797006,20.64061289034729,0.42671124901515284,0.9274611429966444,5.362583790371724,0.0,76.1121267519805,18.525289457647776,151.6,255.55999999999986,437.7579999999987,0.6875,97.88605977010812,0.7023472000146285,nan,2836.2040881753505
1029,high,DT-OPT,1641,1574,432.15063411758575,946.5816614874326,15.478366849482024,17.488888888888887,226.30788464624996,20.319536515970128,0.41802686168071684,0.9492024544018577,3.8391224862888484,0.0,79.3418647166362,16.819012797074954,141.5,207.10499999999982,380.5519999999998,0.65625,100.92152696120858,0.6502576999773737,nan,3063.4008641025143
1029,high,SemiGreedy,1641,1637,321.7435433032304,559.4363762638466,2.6203534430225472,18.18888888888889,365.2362512751555,27.351387851843125,0.3617207711050635,0.685118783523179,0.0,0.0,68.25106642291286,31.748933577087143,184.6,347.39,547.236,0.78125,99.63578894520472,0.7841058000049088,nan,2540.473492209252
1029,high,Fog-only,1641,1625,759.8733570903886,1702.499998402267,63.68068251066423,18.055555555555557,101.17334201973532,14.551271604680265,0.4474343858081729,0.9949874299528849,0.0,0.0,100.0,0.0,10.6,18.744999999999983,24.908999999999992,0.34375,99.9358085066342,0.34397079999325797,nan,5791.189252224446
